timestamp,station,station_id,land_cover,geology,landslide_synthetic_label,landslide_probability,predicted_event,risk_level
2024-01-01 00:00:00,Chamoli-Gauge-1,1,sparse_vegetation,fractured_metamorphic,0,0.016011953315373684,0,LOW
2024-01-01 00:00:00,Kolkata-Gauge-1,2,urban,unconsolidated_sediment,0,0.010592099557529254,0,LOW
2024-01-01 00:00:00,Guwahati-Gauge-1,3,cropland,sedimentary,0,0.010592099557529254,0,LOW
2024-01-01 00:00:00,Sonapur-Gauge-1,4,forest,unconsolidated_sediment,0,0.010592099557529254,0,LOW
2024-01-01 01:00:00,Chamoli-Gauge-1,1,sparse_vegetation,fractured_metamorphic,0,0.01405447766230592,0,LOW
2024-01-01 01:00:00,Kolkata-Gauge-1,2,urban,unconsolidated_sediment,0,0.010592099557529254,0,LOW
2024-01-01 01:00:00,Guwahati-Gauge-1,3,cropland,sedimentary,0,0.010592099557529254,0,LOW
2024-01-01 01:00:00,Sonapur-Gauge-1,4,forest,unconsolidated_sediment,0,0.010592099557529254,0,LOW
2024-01-01 02:00:00,Chamoli-Gauge-1,1,sparse_vegetation,fractured_metamorphic,0,0.013677328655180671,0,LOW
2024-01-01 02:00:00,Kolkata-Gauge-1,2,urban,unconsolidated_sediment,0,0.010592099557529254,0,LOW
2024-01-01 02:00:00,Guwahati-Gauge-1,3,cropland,sedimentary,0,0.010592099557529254,0,LOW
2024-01-01 02:00:00,Sonapur-Gauge-1,4,forest,unconsolidated_sediment,0,0.010592099557529254,0,LOW
2024-01-01 03:00:00,Chamoli-Gauge-1,1,sparse_vegetation,fractured_metamorphic,0,0.015494784516234799,0,LOW
2024-01-01 03:00:00,Kolkata-Gauge-1,2,urban,unconsolidated_sediment,0,0.010592099557529254,0,LOW
2024-01-01 03:00:00,Guwahati-Gauge-1,3,cropland,sedimentary,0,0.010592099557529254,0,LOW
2024-01-01 03:00:00,Sonapur-Gauge-1,4,forest,unconsolidated_sediment,0,0.010592099557529254,0,LOW
2024-01-01 04:00:00,Chamoli-Gauge-1,1,sparse_vegetation,fractured_metamorphic,0,0.011512698904051913,0,LOW
2024-01-01 04:00:00,Kolkata-Gauge-1,2,urban,unconsolidated_sediment,0,0.010592099557529254,0,LOW
2024-01-01 04:00:00,Guwahati-Gauge-1,3,cropland,sedimentary,0,0.010592099557529254,0,LOW
2024-01-01 04:00:00,Sonapur-Gauge-1,4,forest,unconsolidated_sediment,0,0.010592099557529254,0,LOW
2024-01-01 05:00:00,Chamoli-Gauge-1,1,sparse_vegetation,fractured_metamorphic,0,0.010934435438849775,0,LOW
2024-01-01 05:00:00,Kolkata-Gauge-1,2,urban,unconsolidated_sediment,0,0.010592099557529254,0,LOW
2024-01-01 05:00:00,Guwahati-Gauge-1,3,cropland,sedimentary,0,0.010592099557529254,0,LOW
2024-01-01 05:00:00,Sonapur-Gauge-1,4,forest,unconsolidated_sediment,0,0.010592099557529254,0,LOW
2024-01-01 06:00:00,Chamoli-Gauge-1,1,sparse_vegetation,fractured_metamorphic,0,0.010934435438849775,0,LOW
2024-01-01 06:00:00,Kolkata-Gauge-1,2,urban,unconsolidated_sediment,0,0.010592099557529254,0,LOW
2024-01-01 06:00:00,Guwahati-Gauge-1,3,cropland,sedimentary,0,0.010592099557529254,0,LOW
2024-01-01 06:00:00,Sonapur-Gauge-1,4,forest,unconsolidated_sediment,0,0.010592099557529254,0,LOW
2024-01-01 07:00:00,Chamoli-Gauge-1,1,sparse_vegetation,fractured_metamorphic,0,0.010934435438849775,0,LOW
2024-01-01 07:00:00,Kolkata-Gauge-1,2,urban,unconsolidated_sediment,0,0.010592099557529254,0,LOW
2024-01-01 07:00:00,Guwahati-Gauge-1,3,cropland,sedimentary,0,0.010592099557529254,0,LOW
2024-01-01 07:00:00,Sonapur-Gauge-1,4,forest,unconsolidated_sediment,0,0.010592099557529254,0,LOW
2024-01-01 08:00:00,Chamoli-Gauge-1,1,sparse_vegetation,fractured_metamorphic,0,0.010934435438849775,0,LOW
2024-01-01 08:00:00,Kolkata-Gauge-1,2,urban,unconsolidated_sediment,0,0.010592099557529254,0,LOW
2024-01-01 08:00:00,Guwahati-Gauge-1,3,cropland,sedimentary,0,0.010592099557529254,0,LOW
2024-01-01 08:00:00,Sonapur-Gauge-1,4,forest,unconsolidated_sediment,0,0.010592099557529254,0,LOW
2024-01-01 09:00:00,Chamoli-Gauge-1,1,sparse_vegetation,fractured_metamorphic,0,0.010934435438849775,0,LOW
2024-01-01 09:00:00,Kolkata-Gauge-1,2,urban,unconsolidated_sediment,0,0.010592099557529254,0,LOW
2024-01-01 09:00:00,Guwahati-Gauge-1,3,cropland,sedimentary,0,0.010592099557529254,0,LOW
2024-01-01 09:00:00,Sonapur-Gauge-1,4,forest,unconsolidated_sediment,0,0.010592099557529254,0,LOW
2024-01-01 10:00:00,Chamoli-Gauge-1,1,sparse_vegetation,fractured_metamorphic,0,0.010934435438849775,0,LOW
2024-01-01 10:00:00,Kolkata-Gauge-1,2,urban,unconsolidated_sediment,0,0.010592099557529254,0,LOW
2024-01-01 10:00:00,Guwahati-Gauge-1,3,cropland,sedimentary,0,0.010788801069061127,0,LOW
2024-01-01 10:00:00,Sonapur-Gauge-1,4,forest,unconsolidated_sediment,0,0.010592099557529254,0,LOW
2024-01-01 11:00:00,Chamoli-Gauge-1,1,sparse_vegetation,fractured_metamorphic,0,0.011109897972711473,0,LOW
2024-01-01 11:00:00,Kolkata-Gauge-1,2,urban,unconsolidated_sediment,0,0.010592099557529254,0,LOW
2024-01-01 11:00:00,Guwahati-Gauge-1,3,cropland,sedimentary,0,0.010788801069061127,0,LOW
2024-01-01 11:00:00,Sonapur-Gauge-1,4,forest,unconsolidated_sediment,0,0.010807404904061332,0,LOW
2024-01-01 12:00:00,Chamoli-Gauge-1,1,sparse_vegetation,fractured_metamorphic,0,0.011611675948719199,0,LOW
2024-01-01 12:00:00,Kolkata-Gauge-1,2,urban,unconsolidated_sediment,0,0.010592099557529254,0,LOW
2024-01-01 12:00:00,Guwahati-Gauge-1,3,cropland,sedimentary,0,0.010592099557529254,0,LOW
2024-01-01 12:00:00,Sonapur-Gauge-1,4,forest,unconsolidated_sediment,0,0.010981068404979913,0,LOW
2024-01-01 13:00:00,Chamoli-Gauge-1,1,sparse_vegetation,fractured_metamorphic,0,0.03185699736584472,0,LOW
2024-01-01 13:00:00,Kolkata-Gauge-1,2,urban,unconsolidated_sediment,0,0.010592099557529254,0,LOW
2024-01-01 13:00:00,Guwahati-Gauge-1,3,cropland,sedimentary,0,0.010592099557529254,0,LOW
2024-01-01 13:00:00,Sonapur-Gauge-1,4,forest,unconsolidated_sediment,0,0.010983737215758987,0,LOW
2024-01-01 14:00:00,Chamoli-Gauge-1,1,sparse_vegetation,fractured_metamorphic,0,0.01114904173250237,0,LOW
2024-01-01 14:00:00,Kolkata-Gauge-1,2,urban,unconsolidated_sediment,0,0.010592099557529254,0,LOW
2024-01-01 14:00:00,Guwahati-Gauge-1,3,cropland,sedimentary,0,0.010592099557529254,0,LOW
2024-01-01 14:00:00,Sonapur-Gauge-1,4,forest,unconsolidated_sediment,0,0.010592099557529254,0,LOW
2024-01-01 15:00:00,Chamoli-Gauge-1,1,sparse_vegetation,fractured_metamorphic,0,0.01079860113513307,0,LOW
2024-01-01 15:00:00,Kolkata-Gauge-1,2,urban,unconsolidated_sediment,0,0.010592099557529254,0,LOW
2024-01-01 15:00:00,Guwahati-Gauge-1,3,cropland,sedimentary,0,0.010592099557529254,0,LOW
2024-01-01 15:00:00,Sonapur-Gauge-1,4,forest,unconsolidated_sediment,0,0.010592099557529254,0,LOW
2024-01-01 16:00:00,Chamoli-Gauge-1,1,sparse_vegetation,fractured_metamorphic,0,0.01079860113513307,0,LOW
2024-01-01 16:00:00,Kolkata-Gauge-1,2,urban,unconsolidated_sediment,0,0.010592099557529254,0,LOW
2024-01-01 16:00:00,Guwahati-Gauge-1,3,cropland,sedimentary,0,0.010592099557529254,0,LOW
2024-01-01 16:00:00,Sonapur-Gauge-1,4,forest,unconsolidated_sediment,0,0.010707583916462819,0,LOW
2024-01-01 17:00:00,Chamoli-Gauge-1,1,sparse_vegetation,fractured_metamorphic,0,0.01079860113513307,0,LOW
2024-01-01 17:00:00,Kolkata-Gauge-1,2,urban,unconsolidated_sediment,0,0.010592099557529254,0,LOW
2024-01-01 17:00:00,Guwahati-Gauge-1,3,cropland,sedimentary,0,0.010592099557529254,0,LOW
2024-01-01 17:00:00,Sonapur-Gauge-1,4,forest,unconsolidated_sediment,0,0.010592099557529254,0,LOW
2024-01-01 18:00:00,Chamoli-Gauge-1,1,sparse_vegetation,fractured_metamorphic,0,0.01079860113513307,0,LOW
2024-01-01 18:00:00,Kolkata-Gauge-1,2,urban,unconsolidated_sediment,0,0.010592099557529254,0,LOW
2024-01-01 18:00:00,Guwahati-Gauge-1,3,cropland,sedimentary,0,0.010592099557529254,0,LOW
2024-01-01 18:00:00,Sonapur-Gauge-1,4,forest,unconsolidated_sediment,0,0.010592099557529254,0,LOW
2024-01-01 19:00:00,Chamoli-Gauge-1,1,sparse_vegetation,fractured_metamorphic,0,0.01079860113513307,0,LOW
2024-01-01 19:00:00,Kolkata-Gauge-1,2,urban,unconsolidated_sediment,0,0.010592099557529254,0,LOW
2024-01-01 19:00:00,Guwahati-Gauge-1,3,cropland,sedimentary,0,0.010592099557529254,0,LOW
2024-01-01 19:00:00,Sonapur-Gauge-1,4,forest,unconsolidated_sediment,0,0.010592099557529254,0,LOW
2024-01-01 20:00:00,Chamoli-Gauge-1,1,sparse_vegetation,fractured_metamorphic,0,0.011000214963518367,0,LOW
2024-01-01 20:00:00,Kolkata-Gauge-1,2,urban,unconsolidated_sediment,0,0.010592099557529254,0,LOW
2024-01-01 20:00:00,Guwahati-Gauge-1,3,cropland,sedimentary,0,0.010592099557529254,0,LOW
2024-01-01 20:00:00,Sonapur-Gauge-1,4,forest,unconsolidated_sediment,0,0.010592099557529254,0,LOW
2024-01-01 21:00:00,Chamoli-Gauge-1,1,sparse_vegetation,fractured_metamorphic,0,0.010785578281126834,0,LOW
2024-01-01 21:00:00,Kolkata-Gauge-1,2,urban,unconsolidated_sediment,0,0.010592099557529254,0,LOW
2024-01-01 21:00:00,Guwahati-Gauge-1,3,cropland,sedimentary,0,0.010592099557529254,0,LOW
2024-01-01 21:00:00,Sonapur-Gauge-1,4,forest,unconsolidated_sediment,0,0.010592099557529254,0,LOW
2024-01-01 22:00:00,Chamoli-Gauge-1,1,sparse_vegetation,fractured_metamorphic,0,0.010774251227510774,0,LOW
2024-01-01 22:00:00,Kolkata-Gauge-1,2,urban,unconsolidated_sediment,0,0.010592099557529254,0,LOW
2024-01-01 22:00:00,Guwahati-Gauge-1,3,cropland,sedimentary,0,0.010592099557529254,0,LOW
2024-01-01 22:00:00,Sonapur-Gauge-1,4,forest,unconsolidated_sediment,0,0.010592099557529254,0,LOW
2024-01-01 23:00:00,Chamoli-Gauge-1,1,sparse_vegetation,fractured_metamorphic,0,0.010592099557529254,0,LOW
2024-01-01 23:00:00,Kolkata-Gauge-1,2,urban,unconsolidated_sediment,0,0.010592099557529254,0,LOW
2024-01-01 23:00:00,Guwahati-Gauge-1,3,cropland,sedimentary,0,0.010592099557529254,0,LOW
2024-01-01 23:00:00,Sonapur-Gauge-1,4,forest,unconsolidated_sediment,0,0.010592099557529254,0,LOW
2024-01-02 00:00:00,Chamoli-Gauge-1,1,sparse_vegetation,fractured_metamorphic,0,0.010592099557529254,0,LOW
2024-01-02 00:00:00,Kolkata-Gauge-1,2,urban,unconsolidated_sediment,0,0.010592099557529254,0,LOW
2024-01-02 00:00:00,Guwahati-Gauge-1,3,cropland,sedimentary,0,0.010592099557529254,0,LOW
2024-01-02 00:00:00,Sonapur-Gauge-1,4,forest,unconsolidated_sediment,0,0.010592099557529254,0,LOW
2024-01-02 01:00:00,Chamoli-Gauge-1,1,sparse_vegetation,fractured_metamorphic,0,0.01071995079309388,0,LOW
2024-01-02 01:00:00,Kolkata-Gauge-1,2,urban,unconsolidated_sediment,0,0.010592099557529254,0,LOW
2024-01-02 01:00:00,Guwahati-Gauge-1,3,cropland,sedimentary,0,0.010592099557529254,0,LOW
2024-01-02 01:00:00,Sonapur-Gauge-1,4,forest,unconsolidated_sediment,0,0.01090779942774381,0,LOW
2024-01-02 02:00:00,Chamoli-Gauge-1,1,sparse_vegetation,fractured_metamorphic,0,0.011687484475637867,0,LOW
2024-01-02 02:00:00,Kolkata-Gauge-1,2,urban,unconsolidated_sediment,0,0.010592099557529254,0,LOW
2024-01-02 02:00:00,Guwahati-Gauge-1,3,cropland,sedimentary,0,0.010592099557529254,0,LOW
2024-01-02 02:00:00,Sonapur-Gauge-1,4,forest,unconsolidated_sediment,0,0.010592099557529254,0,LOW
2024-01-02 03:00:00,Chamoli-Gauge-1,1,sparse_vegetation,fractured_metamorphic,0,0.012618116799610668,0,LOW
2024-01-02 03:00:00,Kolkata-Gauge-1,2,urban,unconsolidated_sediment,0,0.010592099557529254,0,LOW
2024-01-02 03:00:00,Guwahati-Gauge-1,3,cropland,sedimentary,0,0.010592099557529254,0,LOW
2024-01-02 03:00:00,Sonapur-Gauge-1,4,forest,unconsolidated_sediment,0,0.010592099557529254,0,LOW
2024-01-02 04:00:00,Chamoli-Gauge-1,1,sparse_vegetation,fractured_metamorphic,0,0.011285106706443834,0,LOW
2024-01-02 04:00:00,Kolkata-Gauge-1,2,urban,unconsolidated_sediment,0,0.010592099557529254,0,LOW
2024-01-02 04:00:00,Guwahati-Gauge-1,3,cropland,sedimentary,0,0.010592099557529254,0,LOW
2024-01-02 04:00:00,Sonapur-Gauge-1,4,forest,unconsolidated_sediment,0,0.010592099557529254,0,LOW
2024-01-02 05:00:00,Chamoli-Gauge-1,1,sparse_vegetation,fractured_metamorphic,0,0.011049982128169095,0,LOW
2024-01-02 05:00:00,Kolkata-Gauge-1,2,urban,unconsolidated_sediment,0,0.010592099557529254,0,LOW
2024-01-02 05:00:00,Guwahati-Gauge-1,3,cropland,sedimentary,0,0.010592099557529254,0,LOW
2024-01-02 05:00:00,Sonapur-Gauge-1,4,forest,unconsolidated_sediment,0,0.010592099557529254,0,LOW
2024-01-02 06:00:00,Chamoli-Gauge-1,1,sparse_vegetation,fractured_metamorphic,0,0.011049982128169095,0,LOW
2024-01-02 06:00:00,Kolkata-Gauge-1,2,urban,unconsolidated_sediment,0,0.010592099557529254,0,LOW
2024-01-02 06:00:00,Guwahati-Gauge-1,3,cropland,sedimentary,0,0.010592099557529254,0,LOW
2024-01-02 06:00:00,Sonapur-Gauge-1,4,forest,unconsolidated_sediment,0,0.010592099557529254,0,LOW
2024-01-02 07:00:00,Chamoli-Gauge-1,1,sparse_vegetation,fractured_metamorphic,0,0.011049982128169095,0,LOW
2024-01-02 07:00:00,Kolkata-Gauge-1,2,urban,unconsolidated_sediment,0,0.010592099557529254,0,LOW
2024-01-02 07:00:00,Guwahati-Gauge-1,3,cropland,sedimentary,0,0.010592099557529254,0,LOW
2024-01-02 07:00:00,Sonapur-Gauge-1,4,forest,unconsolidated_sediment,0,0.010592099557529254,0,LOW
2024-01-02 08:00:00,Chamoli-Gauge-1,1,sparse_vegetation,fractured_metamorphic,0,0.010843760322965138,0,LOW
2024-01-02 08:00:00,Kolkata-Gauge-1,2,urban,unconsolidated_sediment,0,0.010592099557529254,0,LOW
2024-01-02 08:00:00,Guwahati-Gauge-1,3,cropland,sedimentary,0,0.010592099557529254,0,LOW
2024-01-02 08:00:00,Sonapur-Gauge-1,4,forest,unconsolidated_sediment,0,0.010592099557529254,0,LOW
2024-01-02 09:00:00,Chamoli-Gauge-1,1,sparse_vegetation,fractured_metamorphic,0,0.010843760322965138,0,LOW
2024-01-02 09:00:00,Kolkata-Gauge-1,2,urban,unconsolidated_sediment,0,0.010592099557529254,0,LOW
2024-01-02 09:00:00,Guwahati-Gauge-1,3,cropland,sedimentary,0,0.010592099557529254,0,LOW
2024-01-02 09:00:00,Sonapur-Gauge-1,4,forest,unconsolidated_sediment,0,0.010592099557529254,0,LOW
2024-01-02 10:00:00,Chamoli-Gauge-1,1,sparse_vegetation,fractured_metamorphic,0,0.010592099557529254,0,LOW
2024-01-02 10:00:00,Kolkata-Gauge-1,2,urban,unconsolidated_sediment,0,0.010592099557529254,0,LOW
2024-01-02 10:00:00,Guwahati-Gauge-1,3,cropland,sedimentary,0,0.010592099557529254,0,LOW
2024-01-02 10:00:00,Sonapur-Gauge-1,4,forest,unconsolidated_sediment,0,0.010592099557529254,0,LOW
2024-01-02 11:00:00,Chamoli-Gauge-1,1,sparse_vegetation,fractured_metamorphic,0,0.010592099557529254,0,LOW
2024-01-02 11:00:00,Kolkata-Gauge-1,2,urban,unconsolidated_sediment,0,0.010592099557529254,0,LOW
2024-01-02 11:00:00,Guwahati-Gauge-1,3,cropland,sedimentary,0,0.010592099557529254,0,LOW
2024-01-02 11:00:00,Sonapur-Gauge-1,4,forest,unconsolidated_sediment,0,0.010592099557529254,0,LOW
2024-01-02 12:00:00,Chamoli-Gauge-1,1,sparse_vegetation,fractured_metamorphic,0,0.024344193810282178,0,LOW
2024-01-02 12:00:00,Kolkata-Gauge-1,2,urban,unconsolidated_sediment,0,0.010592099557529254,0,LOW
2024-01-02 12:00:00,Guwahati-Gauge-1,3,cropland,sedimentary,0,0.010592099557529254,0,LOW
2024-01-02 12:00:00,Sonapur-Gauge-1,4,forest,unconsolidated_sediment,0,0.010592099557529254,0,LOW
2024-01-02 13:00:00,Chamoli-Gauge-1,1,sparse_vegetation,fractured_metamorphic,0,0.013481106372756364,0,LOW
2024-01-02 13:00:00,Kolkata-Gauge-1,2,urban,unconsolidated_sediment,0,0.010592099557529254,0,LOW
2024-01-02 13:00:00,Guwahati-Gauge-1,3,cropland,sedimentary,0,0.010592099557529254,0,LOW
2024-01-02 13:00:00,Sonapur-Gauge-1,4,forest,unconsolidated_sediment,0,0.010592099557529254,0,LOW
2024-01-02 14:00:00,Chamoli-Gauge-1,1,sparse_vegetation,fractured_metamorphic,0,0.012205834574231949,0,LOW
2024-01-02 14:00:00,Kolkata-Gauge-1,2,urban,unconsolidated_sediment,0,0.010592099557529254,0,LOW
2024-01-02 14:00:00,Guwahati-Gauge-1,3,cropland,sedimentary,0,0.010592099557529254,0,LOW
2024-01-02 14:00:00,Sonapur-Gauge-1,4,forest,unconsolidated_sediment,0,0.010592099557529254,0,LOW
2024-01-02 15:00:00,Chamoli-Gauge-1,1,sparse_vegetation,fractured_metamorphic,0,0.011196749092998207,0,LOW
2024-01-02 15:00:00,Kolkata-Gauge-1,2,urban,unconsolidated_sediment,0,0.010592099557529254,0,LOW
2024-01-02 15:00:00,Guwahati-Gauge-1,3,cropland,sedimentary,0,0.010592099557529254,0,LOW
2024-01-02 15:00:00,Sonapur-Gauge-1,4,forest,unconsolidated_sediment,0,0.010592099557529254,0,LOW
2024-01-02 16:00:00,Chamoli-Gauge-1,1,sparse_vegetation,fractured_metamorphic,0,0.011196749092998207,0,LOW
2024-01-02 16:00:00,Kolkata-Gauge-1,2,urban,unconsolidated_sediment,0,0.010592099557529254,0,LOW
2024-01-02 16:00:00,Guwahati-Gauge-1,3,cropland,sedimentary,0,0.010592099557529254,0,LOW
2024-01-02 16:00:00,Sonapur-Gauge-1,4,forest,unconsolidated_sediment,0,0.010592099557529254,0,LOW
2024-01-02 17:00:00,Chamoli-Gauge-1,1,sparse_vegetation,fractured_metamorphic,0,0.011143587070034365,0,LOW
2024-01-02 17:00:00,Kolkata-Gauge-1,2,urban,unconsolidated_sediment,0,0.010592099557529254,0,LOW
2024-01-02 17:00:00,Guwahati-Gauge-1,3,cropland,sedimentary,0,0.010592099557529254,0,LOW
2024-01-02 17:00:00,Sonapur-Gauge-1,4,forest,unconsolidated_sediment,0,0.010592099557529254,0,LOW
2024-01-02 18:00:00,Chamoli-Gauge-1,1,sparse_vegetation,fractured_metamorphic,0,0.011921834885526787,0,LOW
2024-01-02 18:00:00,Kolkata-Gauge-1,2,urban,unconsolidated_sediment,0,0.010592099557529254,0,LOW
2024-01-02 18:00:00,Guwahati-Gauge-1,3,cropland,sedimentary,0,0.010592099557529254,0,LOW
2024-01-02 18:00:00,Sonapur-Gauge-1,4,forest,unconsolidated_sediment,0,0.010592099557529254,0,LOW
2024-01-02 19:00:00,Chamoli-Gauge-1,1,sparse_vegetation,fractured_metamorphic,0,0.011921834885526787,0,LOW
2024-01-02 19:00:00,Kolkata-Gauge-1,2,urban,unconsolidated_sediment,0,0.010592099557529254,0,LOW
2024-01-02 19:00:00,Guwahati-Gauge-1,3,cropland,sedimentary,0,0.010592099557529254,0,LOW
2024-01-02 19:00:00,Sonapur-Gauge-1,4,forest,unconsolidated_sediment,0,0.010907726744343812,0,LOW
2024-01-02 20:00:00,Chamoli-Gauge-1,1,sparse_vegetation,fractured_metamorphic,0,0.012070613418575378,0,LOW
2024-01-02 20:00:00,Kolkata-Gauge-1,2,urban,unconsolidated_sediment,0,0.010592099557529254,0,LOW
2024-01-02 20:00:00,Guwahati-Gauge-1,3,cropland,sedimentary,0,0.010995681130212195,0,LOW
2024-01-02 20:00:00,Sonapur-Gauge-1,4,forest,unconsolidated_sediment,0,0.010592099557529254,0,LOW
2024-01-02 21:00:00,Chamoli-Gauge-1,1,sparse_vegetation,fractured_metamorphic,0,0.012070613418575378,0,LOW
2024-01-02 21:00:00,Kolkata-Gauge-1,2,urban,unconsolidated_sediment,0,0.010592099557529254,0,LOW
2024-01-02 21:00:00,Guwahati-Gauge-1,3,cropland,sedimentary,0,0.010995681130212195,0,LOW
2024-01-02 21:00:00,Sonapur-Gauge-1,4,forest,unconsolidated_sediment,0,0.010592099557529254,0,LOW
2024-01-02 22:00:00,Chamoli-Gauge-1,1,sparse_vegetation,fractured_metamorphic,0,0.01145180716480474,0,LOW
2024-01-02 22:00:00,Kolkata-Gauge-1,2,urban,unconsolidated_sediment,0,0.010592099557529254,0,LOW
2024-01-02 22:00:00,Guwahati-Gauge-1,3,cropland,sedimentary,0,0.010995681130212195,0,LOW
2024-01-02 22:00:00,Sonapur-Gauge-1,4,forest,unconsolidated_sediment,0,0.010592099557529254,0,LOW
2024-01-02 23:00:00,Chamoli-Gauge-1,1,sparse_vegetation,fractured_metamorphic,0,0.011310568518276097,0,LOW
2024-01-02 23:00:00,Kolkata-Gauge-1,2,urban,unconsolidated_sediment,0,0.010592099557529254,0,LOW
2024-01-02 23:00:00,Guwahati-Gauge-1,3,cropland,sedimentary,0,0.010995970172729028,0,LOW
2024-01-02 23:00:00,Sonapur-Gauge-1,4,forest,unconsolidated_sediment,0,0.010592099557529254,0,LOW
2024-01-03 00:00:00,Chamoli-Gauge-1,1,sparse_vegetation,fractured_metamorphic,0,0.012309281231843881,0,LOW
2024-01-03 00:00:00,Kolkata-Gauge-1,2,urban,unconsolidated_sediment,0,0.010592099557529254,0,LOW
2024-01-03 00:00:00,Guwahati-Gauge-1,3,cropland,sedimentary,0,0.010592099557529254,0,LOW
2024-01-03 00:00:00,Sonapur-Gauge-1,4,forest,unconsolidated_sediment,0,0.010592099557529254,0,LOW
2024-01-03 01:00:00,Chamoli-Gauge-1,1,sparse_vegetation,fractured_metamorphic,0,0.01152741958056723,0,LOW
2024-01-03 01:00:00,Kolkata-Gauge-1,2,urban,unconsolidated_sediment,0,0.010592099557529254,0,LOW
2024-01-03 01:00:00,Guwahati-Gauge-1,3,cropland,sedimentary,0,0.010592099557529254,0,LOW
2024-01-03 01:00:00,Sonapur-Gauge-1,4,forest,unconsolidated_sediment,0,0.010592099557529254,0,LOW
2024-01-03 02:00:00,Chamoli-Gauge-1,1,sparse_vegetation,fractured_metamorphic,0,0.011191239773288347,0,LOW
2024-01-03 02:00:00,Kolkata-Gauge-1,2,urban,unconsolidated_sediment,0,0.010592099557529254,0,LOW
2024-01-03 02:00:00,Guwahati-Gauge-1,3,cropland,sedimentary,0,0.010592099557529254,0,LOW
2024-01-03 02:00:00,Sonapur-Gauge-1,4,forest,unconsolidated_sediment,0,0.010592099557529254,0,LOW
2024-01-03 03:00:00,Chamoli-Gauge-1,1,sparse_vegetation,fractured_metamorphic,0,0.08554646965666682,0,LOW
2024-01-03 03:00:00,Kolkata-Gauge-1,2,urban,unconsolidated_sediment,0,0.010592099557529254,0,LOW
2024-01-03 03:00:00,Guwahati-Gauge-1,3,cropland,sedimentary,0,0.010592099557529254,0,LOW
2024-01-03 03:00:00,Sonapur-Gauge-1,4,forest,unconsolidated_sediment,0,0.010592099557529254,0,LOW
2024-01-03 04:00:00,Chamoli-Gauge-1,1,sparse_vegetation,fractured_metamorphic,0,0.03391467962955127,0,LOW
2024-01-03 04:00:00,Kolkata-Gauge-1,2,urban,unconsolidated_sediment,0,0.01061297605656985,0,LOW
2024-01-03 04:00:00,Guwahati-Gauge-1,3,cropland,sedimentary,0,0.010592099557529254,0,LOW
2024-01-03 04:00:00,Sonapur-Gauge-1,4,forest,unconsolidated_sediment,0,0.010592099557529254,0,LOW
2024-01-03 05:00:00,Chamoli-Gauge-1,1,sparse_vegetation,fractured_metamorphic,0,0.02829524618274747,0,LOW
2024-01-03 05:00:00,Kolkata-Gauge-1,2,urban,unconsolidated_sediment,0,0.01061297605656985,0,LOW
2024-01-03 05:00:00,Guwahati-Gauge-1,3,cropland,sedimentary,0,0.010592099557529254,0,LOW
2024-01-03 05:00:00,Sonapur-Gauge-1,4,forest,unconsolidated_sediment,0,0.010592099557529254,0,LOW
2024-01-03 06:00:00,Chamoli-Gauge-1,1,sparse_vegetation,fractured_metamorphic,0,0.028025731500588656,0,LOW
2024-01-03 06:00:00,Kolkata-Gauge-1,2,urban,unconsolidated_sediment,0,0.010592099557529254,0,LOW
2024-01-03 06:00:00,Guwahati-Gauge-1,3,cropland,sedimentary,0,0.010592099557529254,0,LOW
2024-01-03 06:00:00,Sonapur-Gauge-1,4,forest,unconsolidated_sediment,0,0.010592099557529254,0,LOW
2024-01-03 07:00:00,Chamoli-Gauge-1,1,sparse_vegetation,fractured_metamorphic,0,0.017967230640682345,0,LOW
2024-01-03 07:00:00,Kolkata-Gauge-1,2,urban,unconsolidated_sediment,0,0.010980836856109342,0,LOW
2024-01-03 07:00:00,Guwahati-Gauge-1,3,cropland,sedimentary,0,0.010592099557529254,0,LOW
2024-01-03 07:00:00,Sonapur-Gauge-1,4,forest,unconsolidated_sediment,0,0.010592099557529254,0,LOW
2024-01-03 08:00:00,Chamoli-Gauge-1,1,sparse_vegetation,fractured_metamorphic,0,0.01990170679263762,0,LOW
2024-01-03 08:00:00,Kolkata-Gauge-1,2,urban,unconsolidated_sediment,0,0.010980836856109342,0,LOW
2024-01-03 08:00:00,Guwahati-Gauge-1,3,cropland,sedimentary,0,0.010592099557529254,0,LOW
2024-01-03 08:00:00,Sonapur-Gauge-1,4,forest,unconsolidated_sediment,0,0.010592099557529254,0,LOW
2024-01-03 09:00:00,Chamoli-Gauge-1,1,sparse_vegetation,fractured_metamorphic,0,0.053806855326773484,0,LOW
2024-01-03 09:00:00,Kolkata-Gauge-1,2,urban,unconsolidated_sediment,0,0.010592099557529254,0,LOW
2024-01-03 09:00:00,Guwahati-Gauge-1,3,cropland,sedimentary,0,0.010592099557529254,0,LOW
2024-01-03 09:00:00,Sonapur-Gauge-1,4,forest,unconsolidated_sediment,0,0.010592099557529254,0,LOW
2024-01-03 10:00:00,Chamoli-Gauge-1,1,sparse_vegetation,fractured_metamorphic,0,0.04758895832948167,0,LOW
2024-01-03 10:00:00,Kolkata-Gauge-1,2,urban,unconsolidated_sediment,0,0.010592099557529254,0,LOW
2024-01-03 10:00:00,Guwahati-Gauge-1,3,cropland,sedimentary,0,0.010592099557529254,0,LOW
2024-01-03 10:00:00,Sonapur-Gauge-1,4,forest,unconsolidated_sediment,0,0.010592099557529254,0,LOW
2024-01-03 11:00:00,Chamoli-Gauge-1,1,sparse_vegetation,fractured_metamorphic,0,0.05298101265166818,0,LOW
2024-01-03 11:00:00,Kolkata-Gauge-1,2,urban,unconsolidated_sediment,0,0.010592099557529254,0,LOW
2024-01-03 11:00:00,Guwahati-Gauge-1,3,cropland,sedimentary,0,0.010592099557529254,0,LOW
2024-01-03 11:00:00,Sonapur-Gauge-1,4,forest,unconsolidated_sediment,0,0.010592099557529254,0,LOW
2024-01-03 12:00:00,Chamoli-Gauge-1,1,sparse_vegetation,fractured_metamorphic,0,0.16632445187785297,0,LOW
2024-01-03 12:00:00,Kolkata-Gauge-1,2,urban,unconsolidated_sediment,0,0.010592099557529254,0,LOW
2024-01-03 12:00:00,Guwahati-Gauge-1,3,cropland,sedimentary,0,0.010592099557529254,0,LOW
2024-01-03 12:00:00,Sonapur-Gauge-1,4,forest,unconsolidated_sediment,0,0.010592099557529254,0,LOW
2024-01-03 13:00:00,Chamoli-Gauge-1,1,sparse_vegetation,fractured_metamorphic,1,0.6674576245980414,1,HIGH
2024-01-03 13:00:00,Kolkata-Gauge-1,2,urban,unconsolidated_sediment,0,0.010592099557529254,0,LOW
2024-01-03 13:00:00,Guwahati-Gauge-1,3,cropland,sedimentary,0,0.010592099557529254,0,LOW
2024-01-03 13:00:00,Sonapur-Gauge-1,4,forest,unconsolidated_sediment,0,0.010592099557529254,0,LOW
2024-01-03 14:00:00,Chamoli-Gauge-1,1,sparse_vegetation,fractured_metamorphic,1,0.7214769715998863,1,HIGH
2024-01-03 14:00:00,Kolkata-Gauge-1,2,urban,unconsolidated_sediment,0,0.010592099557529254,0,LOW
2024-01-03 14:00:00,Guwahati-Gauge-1,3,cropland,sedimentary,0,0.010592099557529254,0,LOW
2024-01-03 14:00:00,Sonapur-Gauge-1,4,forest,unconsolidated_sediment,0,0.010592099557529254,0,LOW
2024-01-03 15:00:00,Chamoli-Gauge-1,1,sparse_vegetation,fractured_metamorphic,1,0.3414602967648065,0,MODERATE
2024-01-03 15:00:00,Kolkata-Gauge-1,2,urban,unconsolidated_sediment,0,0.010788277489209694,0,LOW
2024-01-03 15:00:00,Guwahati-Gauge-1,3,cropland,sedimentary,0,0.010592099557529254,0,LOW
2024-01-03 15:00:00,Sonapur-Gauge-1,4,forest,unconsolidated_sediment,0,0.010592099557529254,0,LOW
2024-01-03 16:00:00,Chamoli-Gauge-1,1,sparse_vegetation,fractured_metamorphic,0,0.11383889816275095,0,LOW
2024-01-03 16:00:00,Kolkata-Gauge-1,2,urban,unconsolidated_sediment,0,0.010592099557529254,0,LOW
2024-01-03 16:00:00,Guwahati-Gauge-1,3,cropland,sedimentary,0,0.010592099557529254,0,LOW
2024-01-03 16:00:00,Sonapur-Gauge-1,4,forest,unconsolidated_sediment,0,0.010592099557529254,0,LOW
2024-01-03 17:00:00,Chamoli-Gauge-1,1,sparse_vegetation,fractured_metamorphic,0,0.04393950301024738,0,LOW
2024-01-03 17:00:00,Kolkata-Gauge-1,2,urban,unconsolidated_sediment,0,0.010774557082936146,0,LOW
2024-01-03 17:00:00,Guwahati-Gauge-1,3,cropland,sedimentary,0,0.010592099557529254,0,LOW
2024-01-03 17:00:00,Sonapur-Gauge-1,4,forest,unconsolidated_sediment,0,0.010592099557529254,0,LOW
2024-01-03 18:00:00,Chamoli-Gauge-1,1,sparse_vegetation,fractured_metamorphic,0,0.034481471816599635,0,LOW
2024-01-03 18:00:00,Kolkata-Gauge-1,2,urban,unconsolidated_sediment,0,0.010733532332613156,0,LOW
2024-01-03 18:00:00,Guwahati-Gauge-1,3,cropland,sedimentary,0,0.010592099557529254,0,LOW
2024-01-03 18:00:00,Sonapur-Gauge-1,4,forest,unconsolidated_sediment,0,0.010592099557529254,0,LOW
2024-01-03 19:00:00,Chamoli-Gauge-1,1,sparse_vegetation,fractured_metamorphic,0,0.025385548889084075,0,LOW
2024-01-03 19:00:00,Kolkata-Gauge-1,2,urban,unconsolidated_sediment,0,0.010592099557529254,0,LOW
2024-01-03 19:00:00,Guwahati-Gauge-1,3,cropland,sedimentary,0,0.010592099557529254,0,LOW
2024-01-03 19:00:00,Sonapur-Gauge-1,4,forest,unconsolidated_sediment,0,0.010592099557529254,0,LOW
2024-01-03 20:00:00,Chamoli-Gauge-1,1,sparse_vegetation,fractured_metamorphic,0,0.022119886121269947,0,LOW
2024-01-03 20:00:00,Kolkata-Gauge-1,2,urban,unconsolidated_sediment,0,0.010592099557529254,0,LOW
2024-01-03 20:00:00,Guwahati-Gauge-1,3,cropland,sedimentary,0,0.010592099557529254,0,LOW
2024-01-03 20:00:00,Sonapur-Gauge-1,4,forest,unconsolidated_sediment,0,0.010592099557529254,0,LOW
2024-01-03 21:00:00,Chamoli-Gauge-1,1,sparse_vegetation,fractured_metamorphic,0,0.027813024468046857,0,LOW
2024-01-03 21:00:00,Kolkata-Gauge-1,2,urban,unconsolidated_sediment,0,0.010592099557529254,0,LOW
2024-01-03 21:00:00,Guwahati-Gauge-1,3,cropland,sedimentary,0,0.010592099557529254,0,LOW
2024-01-03 21:00:00,Sonapur-Gauge-1,4,forest,unconsolidated_sediment,0,0.010592099557529254,0,LOW
2024-01-03 22:00:00,Chamoli-Gauge-1,1,sparse_vegetation,fractured_metamorphic,0,0.07682907057036728,0,LOW
2024-01-03 22:00:00,Kolkata-Gauge-1,2,urban,unconsolidated_sediment,0,0.010592099557529254,0,LOW
2024-01-03 22:00:00,Guwahati-Gauge-1,3,cropland,sedimentary,0,0.010592099557529254,0,LOW
2024-01-03 22:00:00,Sonapur-Gauge-1,4,forest,unconsolidated_sediment,0,0.010592099557529254,0,LOW
2024-01-03 23:00:00,Chamoli-Gauge-1,1,sparse_vegetation,fractured_metamorphic,0,0.04284286829884684,0,LOW
2024-01-03 23:00:00,Kolkata-Gauge-1,2,urban,unconsolidated_sediment,0,0.010592099557529254,0,LOW
2024-01-03 23:00:00,Guwahati-Gauge-1,3,cropland,sedimentary,0,0.010592099557529254,0,LOW
2024-01-03 23:00:00,Sonapur-Gauge-1,4,forest,unconsolidated_sediment,0,0.010592099557529254,0,LOW
2024-01-04 00:00:00,Chamoli-Gauge-1,1,sparse_vegetation,fractured_metamorphic,0,0.0543286785301774,0,LOW
2024-01-04 00:00:00,Kolkata-Gauge-1,2,urban,unconsolidated_sediment,0,0.010592099557529254,0,LOW
2024-01-04 00:00:00,Guwahati-Gauge-1,3,cropland,sedimentary,0,0.010592099557529254,0,LOW
2024-01-04 00:00:00,Sonapur-Gauge-1,4,forest,unconsolidated_sediment,0,0.010592099557529254,0,LOW
2024-01-04 01:00:00,Chamoli-Gauge-1,1,sparse_vegetation,fractured_metamorphic,1,0.4628895083968158,0,MODERATE
2024-01-04 01:00:00,Kolkata-Gauge-1,2,urban,unconsolidated_sediment,0,0.010592099557529254,0,LOW
2024-01-04 01:00:00,Guwahati-Gauge-1,3,cropland,sedimentary,0,0.010592099557529254,0,LOW
2024-01-04 01:00:00,Sonapur-Gauge-1,4,forest,unconsolidated_sediment,0,0.010592099557529254,0,LOW
2024-01-04 02:00:00,Chamoli-Gauge-1,1,sparse_vegetation,fractured_metamorphic,0,0.15621529720232916,0,LOW
2024-01-04 02:00:00,Kolkata-Gauge-1,2,urban,unconsolidated_sediment,0,0.010592099557529254,0,LOW
2024-01-04 02:00:00,Guwahati-Gauge-1,3,cropland,sedimentary,0,0.010592099557529254,0,LOW
2024-01-04 02:00:00,Sonapur-Gauge-1,4,forest,unconsolidated_sediment,0,0.010592099557529254,0,LOW
2024-01-04 03:00:00,Chamoli-Gauge-1,1,sparse_vegetation,fractured_metamorphic,1,0.4610213122254883,0,MODERATE
2024-01-04 03:00:00,Kolkata-Gauge-1,2,urban,unconsolidated_sediment,0,0.010592099557529254,0,LOW
2024-01-04 03:00:00,Guwahati-Gauge-1,3,cropland,sedimentary,0,0.010592099557529254,0,LOW
2024-01-04 03:00:00,Sonapur-Gauge-1,4,forest,unconsolidated_sediment,0,0.010592099557529254,0,LOW
2024-01-04 04:00:00,Chamoli-Gauge-1,1,sparse_vegetation,fractured_metamorphic,0,0.06044435596906456,0,LOW
2024-01-04 04:00:00,Kolkata-Gauge-1,2,urban,unconsolidated_sediment,0,0.010592099557529254,0,LOW
2024-01-04 04:00:00,Guwahati-Gauge-1,3,cropland,sedimentary,0,0.010592099557529254,0,LOW
2024-01-04 04:00:00,Sonapur-Gauge-1,4,forest,unconsolidated_sediment,0,0.010592099557529254,0,LOW
2024-01-04 05:00:00,Chamoli-Gauge-1,1,sparse_vegetation,fractured_metamorphic,0,0.1775790603594184,0,LOW
2024-01-04 05:00:00,Kolkata-Gauge-1,2,urban,unconsolidated_sediment,0,0.010592099557529254,0,LOW
2024-01-04 05:00:00,Guwahati-Gauge-1,3,cropland,sedimentary,0,0.010592099557529254,0,LOW
2024-01-04 05:00:00,Sonapur-Gauge-1,4,forest,unconsolidated_sediment,0,0.010592099557529254,0,LOW
2024-01-04 06:00:00,Chamoli-Gauge-1,1,sparse_vegetation,fractured_metamorphic,1,0.36355434661317443,0,MODERATE
2024-01-04 06:00:00,Kolkata-Gauge-1,2,urban,unconsolidated_sediment,0,0.01078495925965385,0,LOW
2024-01-04 06:00:00,Guwahati-Gauge-1,3,cropland,sedimentary,0,0.010592099557529254,0,LOW
2024-01-04 06:00:00,Sonapur-Gauge-1,4,forest,unconsolidated_sediment,0,0.010592099557529254,0,LOW
2024-01-04 07:00:00,Chamoli-Gauge-1,1,sparse_vegetation,fractured_metamorphic,0,0.15174020144762948,0,LOW
2024-01-04 07:00:00,Kolkata-Gauge-1,2,urban,unconsolidated_sediment,0,0.01078495925965385,0,LOW
2024-01-04 07:00:00,Guwahati-Gauge-1,3,cropland,sedimentary,0,0.010592099557529254,0,LOW
2024-01-04 07:00:00,Sonapur-Gauge-1,4,forest,unconsolidated_sediment,0,0.010592099557529254,0,LOW
2024-01-04 08:00:00,Chamoli-Gauge-1,1,sparse_vegetation,fractured_metamorphic,0,0.17306599157033514,0,LOW
2024-01-04 08:00:00,Kolkata-Gauge-1,2,urban,unconsolidated_sediment,0,0.01078495925965385,0,LOW
2024-01-04 08:00:00,Guwahati-Gauge-1,3,cropland,sedimentary,0,0.010592099557529254,0,LOW
2024-01-04 08:00:00,Sonapur-Gauge-1,4,forest,unconsolidated_sediment,0,0.010592099557529254,0,LOW
2024-01-04 09:00:00,Chamoli-Gauge-1,1,sparse_vegetation,fractured_metamorphic,1,0.3850643599722589,0,MODERATE
2024-01-04 09:00:00,Kolkata-Gauge-1,2,urban,unconsolidated_sediment,0,0.010806211723934787,0,LOW
2024-01-04 09:00:00,Guwahati-Gauge-1,3,cropland,sedimentary,0,0.010592099557529254,0,LOW
2024-01-04 09:00:00,Sonapur-Gauge-1,4,forest,unconsolidated_sediment,0,0.010592099557529254,0,LOW
2024-01-04 10:00:00,Chamoli-Gauge-1,1,sparse_vegetation,fractured_metamorphic,0,0.32850761972287307,0,MODERATE
2024-01-04 10:00:00,Kolkata-Gauge-1,2,urban,unconsolidated_sediment,0,0.010592099557529254,0,LOW
2024-01-04 10:00:00,Guwahati-Gauge-1,3,cropland,sedimentary,0,0.010592099557529254,0,LOW
2024-01-04 10:00:00,Sonapur-Gauge-1,4,forest,unconsolidated_sediment,0,0.010592099557529254,0,LOW
2024-01-04 11:00:00,Chamoli-Gauge-1,1,sparse_vegetation,fractured_metamorphic,0,0.050583932558182144,0,LOW
2024-01-04 11:00:00,Kolkata-Gauge-1,2,urban,unconsolidated_sediment,0,0.010592099557529254,0,LOW
2024-01-04 11:00:00,Guwahati-Gauge-1,3,cropland,sedimentary,0,0.010592099557529254,0,LOW
2024-01-04 11:00:00,Sonapur-Gauge-1,4,forest,unconsolidated_sediment,0,0.010592099557529254,0,LOW
2024-01-04 12:00:00,Chamoli-Gauge-1,1,sparse_vegetation,fractured_metamorphic,0,0.23664073598960603,0,LOW
2024-01-04 12:00:00,Kolkata-Gauge-1,2,urban,unconsolidated_sediment,0,0.010592099557529254,0,LOW
2024-01-04 12:00:00,Guwahati-Gauge-1,3,cropland,sedimentary,0,0.010592099557529254,0,LOW
2024-01-04 12:00:00,Sonapur-Gauge-1,4,forest,unconsolidated_sediment,0,0.010592099557529254,0,LOW
2024-01-04 13:00:00,Chamoli-Gauge-1,1,sparse_vegetation,fractured_metamorphic,0,0.3766174615902874,0,MODERATE
2024-01-04 13:00:00,Kolkata-Gauge-1,2,urban,unconsolidated_sediment,0,0.010592099557529254,0,LOW
2024-01-04 13:00:00,Guwahati-Gauge-1,3,cropland,sedimentary,0,0.010592099557529254,0,LOW
2024-01-04 13:00:00,Sonapur-Gauge-1,4,forest,unconsolidated_sediment,0,0.010592099557529254,0,LOW
2024-01-04 14:00:00,Chamoli-Gauge-1,1,sparse_vegetation,fractured_metamorphic,1,0.5010439833153011,0,MODERATE
2024-01-04 14:00:00,Kolkata-Gauge-1,2,urban,unconsolidated_sediment,0,0.010592099557529254,0,LOW
2024-01-04 14:00:00,Guwahati-Gauge-1,3,cropland,sedimentary,0,0.010592099557529254,0,LOW
2024-01-04 14:00:00,Sonapur-Gauge-1,4,forest,unconsolidated_sediment,0,0.010592099557529254,0,LOW
2024-01-04 15:00:00,Chamoli-Gauge-1,1,sparse_vegetation,fractured_metamorphic,0,0.21326959515926078,0,LOW
2024-01-04 15:00:00,Kolkata-Gauge-1,2,urban,unconsolidated_sediment,0,0.010592099557529254,0,LOW
2024-01-04 15:00:00,Guwahati-Gauge-1,3,cropland,sedimentary,0,0.010592099557529254,0,LOW
2024-01-04 15:00:00,Sonapur-Gauge-1,4,forest,unconsolidated_sediment,0,0.010592099557529254,0,LOW
2024-01-04 16:00:00,Chamoli-Gauge-1,1,sparse_vegetation,fractured_metamorphic,0,0.16474023114759692,0,LOW
2024-01-04 16:00:00,Kolkata-Gauge-1,2,urban,unconsolidated_sediment,0,0.010592099557529254,0,LOW
2024-01-04 16:00:00,Guwahati-Gauge-1,3,cropland,sedimentary,0,0.010776095809508123,0,LOW
2024-01-04 16:00:00,Sonapur-Gauge-1,4,forest,unconsolidated_sediment,0,0.010592099557529254,0,LOW
2024-01-04 17:00:00,Chamoli-Gauge-1,1,sparse_vegetation,fractured_metamorphic,0,0.07439264435095244,0,LOW
2024-01-04 17:00:00,Kolkata-Gauge-1,2,urban,unconsolidated_sediment,0,0.010592099557529254,0,LOW
2024-01-04 17:00:00,Guwahati-Gauge-1,3,cropland,sedimentary,0,0.010592099557529254,0,LOW
2024-01-04 17:00:00,Sonapur-Gauge-1,4,forest,unconsolidated_sediment,0,0.010592099557529254,0,LOW
2024-01-04 18:00:00,Chamoli-Gauge-1,1,sparse_vegetation,fractured_metamorphic,0,0.025028355181634893,0,LOW
2024-01-04 18:00:00,Kolkata-Gauge-1,2,urban,unconsolidated_sediment,0,0.010592099557529254,0,LOW
2024-01-04 18:00:00,Guwahati-Gauge-1,3,cropland,sedimentary,0,0.010592099557529254,0,LOW
2024-01-04 18:00:00,Sonapur-Gauge-1,4,forest,unconsolidated_sediment,0,0.010592099557529254,0,LOW
2024-01-04 19:00:00,Chamoli-Gauge-1,1,sparse_vegetation,fractured_metamorphic,0,0.02362041406543206,0,LOW
2024-01-04 19:00:00,Kolkata-Gauge-1,2,urban,unconsolidated_sediment,0,0.010592099557529254,0,LOW
2024-01-04 19:00:00,Guwahati-Gauge-1,3,cropland,sedimentary,0,0.010592099557529254,0,LOW
2024-01-04 19:00:00,Sonapur-Gauge-1,4,forest,unconsolidated_sediment,0,0.010592099557529254,0,LOW
2024-01-04 20:00:00,Chamoli-Gauge-1,1,sparse_vegetation,fractured_metamorphic,0,0.017468579995444312,0,LOW
2024-01-04 20:00:00,Kolkata-Gauge-1,2,urban,unconsolidated_sediment,0,0.010592099557529254,0,LOW
2024-01-04 20:00:00,Guwahati-Gauge-1,3,cropland,sedimentary,0,0.010592099557529254,0,LOW
2024-01-04 20:00:00,Sonapur-Gauge-1,4,forest,unconsolidated_sediment,0,0.010592099557529254,0,LOW
2024-01-04 21:00:00,Chamoli-Gauge-1,1,sparse_vegetation,fractured_metamorphic,0,0.016469013159080316,0,LOW
2024-01-04 21:00:00,Kolkata-Gauge-1,2,urban,unconsolidated_sediment,0,0.010592099557529254,0,LOW
2024-01-04 21:00:00,Guwahati-Gauge-1,3,cropland,sedimentary,0,0.010592099557529254,0,LOW
2024-01-04 21:00:00,Sonapur-Gauge-1,4,forest,unconsolidated_sediment,0,0.010592099557529254,0,LOW
2024-01-04 22:00:00,Chamoli-Gauge-1,1,sparse_vegetation,fractured_metamorphic,0,0.020337567221245738,0,LOW
2024-01-04 22:00:00,Kolkata-Gauge-1,2,urban,unconsolidated_sediment,0,0.010592099557529254,0,LOW
2024-01-04 22:00:00,Guwahati-Gauge-1,3,cropland,sedimentary,0,0.010778402429425741,0,LOW
2024-01-04 22:00:00,Sonapur-Gauge-1,4,forest,unconsolidated_sediment,0,0.010592099557529254,0,LOW
2024-01-04 23:00:00,Chamoli-Gauge-1,1,sparse_vegetation,fractured_metamorphic,0,0.021346127977071857,0,LOW
2024-01-04 23:00:00,Kolkata-Gauge-1,2,urban,unconsolidated_sediment,0,0.010592099557529254,0,LOW
2024-01-04 23:00:00,Guwahati-Gauge-1,3,cropland,sedimentary,0,0.011026168452914941,0,LOW
2024-01-04 23:00:00,Sonapur-Gauge-1,4,forest,unconsolidated_sediment,0,0.010592099557529254,0,LOW
2024-01-05 00:00:00,Chamoli-Gauge-1,1,sparse_vegetation,fractured_metamorphic,0,0.02156812324642186,0,LOW
2024-01-05 00:00:00,Kolkata-Gauge-1,2,urban,unconsolidated_sediment,0,0.010592099557529254,0,LOW
2024-01-05 00:00:00,Guwahati-Gauge-1,3,cropland,sedimentary,0,0.011026168452914941,0,LOW
2024-01-05 00:00:00,Sonapur-Gauge-1,4,forest,unconsolidated_sediment,0,0.010592099557529254,0,LOW
2024-01-05 01:00:00,Chamoli-Gauge-1,1,sparse_vegetation,fractured_metamorphic,0,0.014658411169910077,0,LOW
2024-01-05 01:00:00,Kolkata-Gauge-1,2,urban,unconsolidated_sediment,0,0.010592099557529254,0,LOW
2024-01-05 01:00:00,Guwahati-Gauge-1,3,cropland,sedimentary,0,0.010592099557529254,0,LOW
2024-01-05 01:00:00,Sonapur-Gauge-1,4,forest,unconsolidated_sediment,0,0.010592099557529254,0,LOW
2024-01-05 02:00:00,Chamoli-Gauge-1,1,sparse_vegetation,fractured_metamorphic,0,0.0139964828444422,0,LOW
2024-01-05 02:00:00,Kolkata-Gauge-1,2,urban,unconsolidated_sediment,0,0.010592099557529254,0,LOW
2024-01-05 02:00:00,Guwahati-Gauge-1,3,cropland,sedimentary,0,0.010592099557529254,0,LOW
2024-01-05 02:00:00,Sonapur-Gauge-1,4,forest,unconsolidated_sediment,0,0.010592099557529254,0,LOW
2024-01-05 03:00:00,Chamoli-Gauge-1,1,sparse_vegetation,fractured_metamorphic,0,0.023647800929514778,0,LOW
2024-01-05 03:00:00,Kolkata-Gauge-1,2,urban,unconsolidated_sediment,0,0.010592099557529254,0,LOW
2024-01-05 03:00:00,Guwahati-Gauge-1,3,cropland,sedimentary,0,0.01078975632417354,0,LOW
2024-01-05 03:00:00,Sonapur-Gauge-1,4,forest,unconsolidated_sediment,0,0.010592099557529254,0,LOW
2024-01-05 04:00:00,Chamoli-Gauge-1,1,sparse_vegetation,fractured_metamorphic,0,0.021725270972844418,0,LOW
2024-01-05 04:00:00,Kolkata-Gauge-1,2,urban,unconsolidated_sediment,0,0.010592099557529254,0,LOW
2024-01-05 04:00:00,Guwahati-Gauge-1,3,cropland,sedimentary,0,0.010592099557529254,0,LOW
2024-01-05 04:00:00,Sonapur-Gauge-1,4,forest,unconsolidated_sediment,0,0.010592099557529254,0,LOW
2024-01-05 05:00:00,Chamoli-Gauge-1,1,sparse_vegetation,fractured_metamorphic,0,0.01992085268969445,0,LOW
2024-01-05 05:00:00,Kolkata-Gauge-1,2,urban,unconsolidated_sediment,0,0.010592099557529254,0,LOW
2024-01-05 05:00:00,Guwahati-Gauge-1,3,cropland,sedimentary,0,0.010592099557529254,0,LOW
2024-01-05 05:00:00,Sonapur-Gauge-1,4,forest,unconsolidated_sediment,0,0.010592099557529254,0,LOW
2024-01-05 06:00:00,Chamoli-Gauge-1,1,sparse_vegetation,fractured_metamorphic,0,0.02372067723356546,0,LOW
2024-01-05 06:00:00,Kolkata-Gauge-1,2,urban,unconsolidated_sediment,0,0.010592099557529254,0,LOW
2024-01-05 06:00:00,Guwahati-Gauge-1,3,cropland,sedimentary,0,0.010592099557529254,0,LOW
2024-01-05 06:00:00,Sonapur-Gauge-1,4,forest,unconsolidated_sediment,0,0.010592099557529254,0,LOW
2024-01-05 07:00:00,Chamoli-Gauge-1,1,sparse_vegetation,fractured_metamorphic,0,0.03909470886316696,0,LOW
2024-01-05 07:00:00,Kolkata-Gauge-1,2,urban,unconsolidated_sediment,0,0.010592099557529254,0,LOW
2024-01-05 07:00:00,Guwahati-Gauge-1,3,cropland,sedimentary,0,0.010592099557529254,0,LOW
2024-01-05 07:00:00,Sonapur-Gauge-1,4,forest,unconsolidated_sediment,0,0.01279534343345354,0,LOW
2024-01-05 08:00:00,Chamoli-Gauge-1,1,sparse_vegetation,fractured_metamorphic,0,0.04129263581286727,0,LOW
2024-01-05 08:00:00,Kolkata-Gauge-1,2,urban,unconsolidated_sediment,0,0.010810920869586517,0,LOW
2024-01-05 08:00:00,Guwahati-Gauge-1,3,cropland,sedimentary,0,0.01075011361055918,0,LOW
2024-01-05 08:00:00,Sonapur-Gauge-1,4,forest,unconsolidated_sediment,0,0.011784972583138863,0,LOW
2024-01-05 09:00:00,Chamoli-Gauge-1,1,sparse_vegetation,fractured_metamorphic,0,0.018624712134796873,0,LOW
2024-01-05 09:00:00,Kolkata-Gauge-1,2,urban,unconsolidated_sediment,0,0.010810920869586517,0,LOW
2024-01-05 09:00:00,Guwahati-Gauge-1,3,cropland,sedimentary,0,0.010592099557529254,0,LOW
2024-01-05 09:00:00,Sonapur-Gauge-1,4,forest,unconsolidated_sediment,0,0.012747622622806126,0,LOW
2024-01-05 10:00:00,Chamoli-Gauge-1,1,sparse_vegetation,fractured_metamorphic,0,0.03457954409529209,0,LOW
2024-01-05 10:00:00,Kolkata-Gauge-1,2,urban,unconsolidated_sediment,0,0.010592099557529254,0,LOW
2024-01-05 10:00:00,Guwahati-Gauge-1,3,cropland,sedimentary,0,0.010592099557529254,0,LOW
2024-01-05 10:00:00,Sonapur-Gauge-1,4,forest,unconsolidated_sediment,0,0.010788705777391588,0,LOW
2024-01-05 11:00:00,Chamoli-Gauge-1,1,sparse_vegetation,fractured_metamorphic,0,0.03192045877952592,0,LOW
2024-01-05 11:00:00,Kolkata-Gauge-1,2,urban,unconsolidated_sediment,0,0.010592099557529254,0,LOW
2024-01-05 11:00:00,Guwahati-Gauge-1,3,cropland,sedimentary,0,0.010592099557529254,0,LOW
2024-01-05 11:00:00,Sonapur-Gauge-1,4,forest,unconsolidated_sediment,0,0.010788705777391588,0,LOW
2024-01-05 12:00:00,Chamoli-Gauge-1,1,sparse_vegetation,fractured_metamorphic,0,0.020642167411996214,0,LOW
2024-01-05 12:00:00,Kolkata-Gauge-1,2,urban,unconsolidated_sediment,0,0.010592099557529254,0,LOW
2024-01-05 12:00:00,Guwahati-Gauge-1,3,cropland,sedimentary,0,0.010592099557529254,0,LOW
2024-01-05 12:00:00,Sonapur-Gauge-1,4,forest,unconsolidated_sediment,0,0.010592099557529254,0,LOW
2024-01-05 13:00:00,Chamoli-Gauge-1,1,sparse_vegetation,fractured_metamorphic,0,0.03321113692019905,0,LOW
2024-01-05 13:00:00,Kolkata-Gauge-1,2,urban,unconsolidated_sediment,0,0.010592099557529254,0,LOW
2024-01-05 13:00:00,Guwahati-Gauge-1,3,cropland,sedimentary,0,0.010592099557529254,0,LOW
2024-01-05 13:00:00,Sonapur-Gauge-1,4,forest,unconsolidated_sediment,0,0.01077615768824366,0,LOW
2024-01-05 14:00:00,Chamoli-Gauge-1,1,sparse_vegetation,fractured_metamorphic,0,0.032644637618535075,0,LOW
2024-01-05 14:00:00,Kolkata-Gauge-1,2,urban,unconsolidated_sediment,0,0.010592099557529254,0,LOW
2024-01-05 14:00:00,Guwahati-Gauge-1,3,cropland,sedimentary,0,0.010762057723931401,0,LOW
2024-01-05 14:00:00,Sonapur-Gauge-1,4,forest,unconsolidated_sediment,0,0.01077615768824366,0,LOW
2024-01-05 15:00:00,Chamoli-Gauge-1,1,sparse_vegetation,fractured_metamorphic,0,0.026343398602022037,0,LOW
2024-01-05 15:00:00,Kolkata-Gauge-1,2,urban,unconsolidated_sediment,0,0.010592099557529254,0,LOW
2024-01-05 15:00:00,Guwahati-Gauge-1,3,cropland,sedimentary,0,0.010592099557529254,0,LOW
2024-01-05 15:00:00,Sonapur-Gauge-1,4,forest,unconsolidated_sediment,0,0.01077615768824366,0,LOW
2024-01-05 16:00:00,Chamoli-Gauge-1,1,sparse_vegetation,fractured_metamorphic,0,0.1444579287181475,0,LOW
2024-01-05 16:00:00,Kolkata-Gauge-1,2,urban,unconsolidated_sediment,0,0.010592099557529254,0,LOW
2024-01-05 16:00:00,Guwahati-Gauge-1,3,cropland,sedimentary,0,0.010592099557529254,0,LOW
2024-01-05 16:00:00,Sonapur-Gauge-1,4,forest,unconsolidated_sediment,0,0.010592099557529254,0,LOW
2024-01-05 17:00:00,Chamoli-Gauge-1,1,sparse_vegetation,fractured_metamorphic,1,0.3210802377383168,0,MODERATE
2024-01-05 17:00:00,Kolkata-Gauge-1,2,urban,unconsolidated_sediment,0,0.010592099557529254,0,LOW
2024-01-05 17:00:00,Guwahati-Gauge-1,3,cropland,sedimentary,0,0.010592099557529254,0,LOW
2024-01-05 17:00:00,Sonapur-Gauge-1,4,forest,unconsolidated_sediment,0,0.010592099557529254,0,LOW
2024-01-05 18:00:00,Chamoli-Gauge-1,1,sparse_vegetation,fractured_metamorphic,0,0.03756986551906893,0,LOW
2024-01-05 18:00:00,Kolkata-Gauge-1,2,urban,unconsolidated_sediment,0,0.010592099557529254,0,LOW
2024-01-05 18:00:00,Guwahati-Gauge-1,3,cropland,sedimentary,0,0.010592099557529254,0,LOW
2024-01-05 18:00:00,Sonapur-Gauge-1,4,forest,unconsolidated_sediment,0,0.010592099557529254,0,LOW
2024-01-05 19:00:00,Chamoli-Gauge-1,1,sparse_vegetation,fractured_metamorphic,0,0.034941853696068406,0,LOW
2024-01-05 19:00:00,Kolkata-Gauge-1,2,urban,unconsolidated_sediment,0,0.010592099557529254,0,LOW
2024-01-05 19:00:00,Guwahati-Gauge-1,3,cropland,sedimentary,0,0.010592099557529254,0,LOW
2024-01-05 19:00:00,Sonapur-Gauge-1,4,forest,unconsolidated_sediment,0,0.011358065005663831,0,LOW
2024-01-05 20:00:00,Chamoli-Gauge-1,1,sparse_vegetation,fractured_metamorphic,0,0.013723877749488161,0,LOW
2024-01-05 20:00:00,Kolkata-Gauge-1,2,urban,unconsolidated_sediment,0,0.010592099557529254,0,LOW
2024-01-05 20:00:00,Guwahati-Gauge-1,3,cropland,sedimentary,0,0.010592099557529254,0,LOW
2024-01-05 20:00:00,Sonapur-Gauge-1,4,forest,unconsolidated_sediment,0,0.010592099557529254,0,LOW
2024-01-05 21:00:00,Chamoli-Gauge-1,1,sparse_vegetation,fractured_metamorphic,0,0.013504448767517958,0,LOW
2024-01-05 21:00:00,Kolkata-Gauge-1,2,urban,unconsolidated_sediment,0,0.010592099557529254,0,LOW
2024-01-05 21:00:00,Guwahati-Gauge-1,3,cropland,sedimentary,0,0.010592099557529254,0,LOW
2024-01-05 21:00:00,Sonapur-Gauge-1,4,forest,unconsolidated_sediment,0,0.011007674862472675,0,LOW
2024-01-05 22:00:00,Chamoli-Gauge-1,1,sparse_vegetation,fractured_metamorphic,0,0.012112425455469103,0,LOW
2024-01-05 22:00:00,Kolkata-Gauge-1,2,urban,unconsolidated_sediment,0,0.010592099557529254,0,LOW
2024-01-05 22:00:00,Guwahati-Gauge-1,3,cropland,sedimentary,0,0.010592099557529254,0,LOW
2024-01-05 22:00:00,Sonapur-Gauge-1,4,forest,unconsolidated_sediment,0,0.010788848730805928,0,LOW
2024-01-05 23:00:00,Chamoli-Gauge-1,1,sparse_vegetation,fractured_metamorphic,0,0.01433048165437036,0,LOW
2024-01-05 23:00:00,Kolkata-Gauge-1,2,urban,unconsolidated_sediment,0,0.010592099557529254,0,LOW
2024-01-05 23:00:00,Guwahati-Gauge-1,3,cropland,sedimentary,0,0.010592099557529254,0,LOW
2024-01-05 23:00:00,Sonapur-Gauge-1,4,forest,unconsolidated_sediment,0,0.010788848730805928,0,LOW
2024-01-06 00:00:00,Chamoli-Gauge-1,1,sparse_vegetation,fractured_metamorphic,0,0.011749820242721226,0,LOW
2024-01-06 00:00:00,Kolkata-Gauge-1,2,urban,unconsolidated_sediment,0,0.010592099557529254,0,LOW
2024-01-06 00:00:00,Guwahati-Gauge-1,3,cropland,sedimentary,0,0.010592099557529254,0,LOW
2024-01-06 00:00:00,Sonapur-Gauge-1,4,forest,unconsolidated_sediment,0,0.010788848730805928,0,LOW
2024-01-06 01:00:00,Chamoli-Gauge-1,1,sparse_vegetation,fractured_metamorphic,0,0.011035552372303118,0,LOW
2024-01-06 01:00:00,Kolkata-Gauge-1,2,urban,unconsolidated_sediment,0,0.010592099557529254,0,LOW
2024-01-06 01:00:00,Guwahati-Gauge-1,3,cropland,sedimentary,0,0.010592099557529254,0,LOW
2024-01-06 01:00:00,Sonapur-Gauge-1,4,forest,unconsolidated_sediment,0,0.010788848730805928,0,LOW
2024-01-06 02:00:00,Chamoli-Gauge-1,1,sparse_vegetation,fractured_metamorphic,0,0.01077733824735184,0,LOW
2024-01-06 02:00:00,Kolkata-Gauge-1,2,urban,unconsolidated_sediment,0,0.010592099557529254,0,LOW
2024-01-06 02:00:00,Guwahati-Gauge-1,3,cropland,sedimentary,0,0.010592099557529254,0,LOW
2024-01-06 02:00:00,Sonapur-Gauge-1,4,forest,unconsolidated_sediment,0,0.010788848730805928,0,LOW
2024-01-06 03:00:00,Chamoli-Gauge-1,1,sparse_vegetation,fractured_metamorphic,0,0.011424860867929428,0,LOW
2024-01-06 03:00:00,Kolkata-Gauge-1,2,urban,unconsolidated_sediment,0,0.010592099557529254,0,LOW
2024-01-06 03:00:00,Guwahati-Gauge-1,3,cropland,sedimentary,0,0.010592099557529254,0,LOW
2024-01-06 03:00:00,Sonapur-Gauge-1,4,forest,unconsolidated_sediment,0,0.010788848730805928,0,LOW
2024-01-06 04:00:00,Chamoli-Gauge-1,1,sparse_vegetation,fractured_metamorphic,0,0.010592099557529254,0,LOW
2024-01-06 04:00:00,Kolkata-Gauge-1,2,urban,unconsolidated_sediment,0,0.01061297605656985,0,LOW
2024-01-06 04:00:00,Guwahati-Gauge-1,3,cropland,sedimentary,0,0.010592099557529254,0,LOW
2024-01-06 04:00:00,Sonapur-Gauge-1,4,forest,unconsolidated_sediment,0,0.010592099557529254,0,LOW
2024-01-06 05:00:00,Chamoli-Gauge-1,1,sparse_vegetation,fractured_metamorphic,0,0.011119415920751665,0,LOW
2024-01-06 05:00:00,Kolkata-Gauge-1,2,urban,unconsolidated_sediment,0,0.01061297605656985,0,LOW
2024-01-06 05:00:00,Guwahati-Gauge-1,3,cropland,sedimentary,0,0.010592099557529254,0,LOW
2024-01-06 05:00:00,Sonapur-Gauge-1,4,forest,unconsolidated_sediment,0,0.010592099557529254,0,LOW
2024-01-06 06:00:00,Chamoli-Gauge-1,1,sparse_vegetation,fractured_metamorphic,0,0.011200739717867622,0,LOW
2024-01-06 06:00:00,Kolkata-Gauge-1,2,urban,unconsolidated_sediment,0,0.01061297605656985,0,LOW
2024-01-06 06:00:00,Guwahati-Gauge-1,3,cropland,sedimentary,0,0.010592099557529254,0,LOW
2024-01-06 06:00:00,Sonapur-Gauge-1,4,forest,unconsolidated_sediment,0,0.011965329395452008,0,LOW
2024-01-06 07:00:00,Chamoli-Gauge-1,1,sparse_vegetation,fractured_metamorphic,0,0.011816462901414403,0,LOW
2024-01-06 07:00:00,Kolkata-Gauge-1,2,urban,unconsolidated_sediment,0,0.01061297605656985,0,LOW
2024-01-06 07:00:00,Guwahati-Gauge-1,3,cropland,sedimentary,0,0.010592099557529254,0,LOW
2024-01-06 07:00:00,Sonapur-Gauge-1,4,forest,unconsolidated_sediment,0,0.011363283212478523,0,LOW
2024-01-06 08:00:00,Chamoli-Gauge-1,1,sparse_vegetation,fractured_metamorphic,0,0.011396617043996072,0,LOW
2024-01-06 08:00:00,Kolkata-Gauge-1,2,urban,unconsolidated_sediment,0,0.010927017200683,0,LOW
2024-01-06 08:00:00,Guwahati-Gauge-1,3,cropland,sedimentary,0,0.010592099557529254,0,LOW
2024-01-06 08:00:00,Sonapur-Gauge-1,4,forest,unconsolidated_sediment,0,0.010992904713832057,0,LOW
2024-01-06 09:00:00,Chamoli-Gauge-1,1,sparse_vegetation,fractured_metamorphic,0,0.012111069723940087,0,LOW
2024-01-06 09:00:00,Kolkata-Gauge-1,2,urban,unconsolidated_sediment,0,0.01113284119432132,0,LOW
2024-01-06 09:00:00,Guwahati-Gauge-1,3,cropland,sedimentary,0,0.010592099557529254,0,LOW
2024-01-06 09:00:00,Sonapur-Gauge-1,4,forest,unconsolidated_sediment,0,0.01080703552348768,0,LOW
2024-01-06 10:00:00,Chamoli-Gauge-1,1,sparse_vegetation,fractured_metamorphic,0,0.01164134818215672,0,LOW
2024-01-06 10:00:00,Kolkata-Gauge-1,2,urban,unconsolidated_sediment,0,0.010592099557529254,0,LOW
2024-01-06 10:00:00,Guwahati-Gauge-1,3,cropland,sedimentary,0,0.010592099557529254,0,LOW
2024-01-06 10:00:00,Sonapur-Gauge-1,4,forest,unconsolidated_sediment,0,0.01080703552348768,0,LOW
2024-01-06 11:00:00,Chamoli-Gauge-1,1,sparse_vegetation,fractured_metamorphic,0,0.011838138863685059,0,LOW
2024-01-06 11:00:00,Kolkata-Gauge-1,2,urban,unconsolidated_sediment,0,0.010592099557529254,0,LOW
2024-01-06 11:00:00,Guwahati-Gauge-1,3,cropland,sedimentary,0,0.010592099557529254,0,LOW
2024-01-06 11:00:00,Sonapur-Gauge-1,4,forest,unconsolidated_sediment,0,0.01106033181051206,0,LOW
2024-01-06 12:00:00,Chamoli-Gauge-1,1,sparse_vegetation,fractured_metamorphic,0,0.013597680695061867,0,LOW
2024-01-06 12:00:00,Kolkata-Gauge-1,2,urban,unconsolidated_sediment,0,0.010592099557529254,0,LOW
2024-01-06 12:00:00,Guwahati-Gauge-1,3,cropland,sedimentary,0,0.010592099557529254,0,LOW
2024-01-06 12:00:00,Sonapur-Gauge-1,4,forest,unconsolidated_sediment,0,0.010929914518356034,0,LOW
2024-01-06 13:00:00,Chamoli-Gauge-1,1,sparse_vegetation,fractured_metamorphic,0,0.012450338319720495,0,LOW
2024-01-06 13:00:00,Kolkata-Gauge-1,2,urban,unconsolidated_sediment,0,0.010592099557529254,0,LOW
2024-01-06 13:00:00,Guwahati-Gauge-1,3,cropland,sedimentary,0,0.010592099557529254,0,LOW
2024-01-06 13:00:00,Sonapur-Gauge-1,4,forest,unconsolidated_sediment,0,0.010592099557529254,0,LOW
2024-01-06 14:00:00,Chamoli-Gauge-1,1,sparse_vegetation,fractured_metamorphic,0,0.01174826868238483,0,LOW
2024-01-06 14:00:00,Kolkata-Gauge-1,2,urban,unconsolidated_sediment,0,0.010592099557529254,0,LOW
2024-01-06 14:00:00,Guwahati-Gauge-1,3,cropland,sedimentary,0,0.010592099557529254,0,LOW
2024-01-06 14:00:00,Sonapur-Gauge-1,4,forest,unconsolidated_sediment,0,0.010592099557529254,0,LOW
2024-01-06 15:00:00,Chamoli-Gauge-1,1,sparse_vegetation,fractured_metamorphic,0,0.7081749912622131,1,HIGH
2024-01-06 15:00:00,Kolkata-Gauge-1,2,urban,unconsolidated_sediment,0,0.010592099557529254,0,LOW
2024-01-06 15:00:00,Guwahati-Gauge-1,3,cropland,sedimentary,0,0.010592099557529254,0,LOW
2024-01-06 15:00:00,Sonapur-Gauge-1,4,forest,unconsolidated_sediment,0,0.010642074571047832,0,LOW
2024-01-06 16:00:00,Chamoli-Gauge-1,1,sparse_vegetation,fractured_metamorphic,0,0.7451478268271922,1,HIGH
2024-01-06 16:00:00,Kolkata-Gauge-1,2,urban,unconsolidated_sediment,0,0.010592099557529254,0,LOW
2024-01-06 16:00:00,Guwahati-Gauge-1,3,cropland,sedimentary,0,0.010592099557529254,0,LOW
2024-01-06 16:00:00,Sonapur-Gauge-1,4,forest,unconsolidated_sediment,0,0.010642074571047832,0,LOW
2024-01-06 17:00:00,Chamoli-Gauge-1,1,sparse_vegetation,fractured_metamorphic,1,0.7886721787829353,1,HIGH
2024-01-06 17:00:00,Kolkata-Gauge-1,2,urban,unconsolidated_sediment,0,0.010951382009657746,0,LOW
2024-01-06 17:00:00,Guwahati-Gauge-1,3,cropland,sedimentary,0,0.010592099557529254,0,LOW
2024-01-06 17:00:00,Sonapur-Gauge-1,4,forest,unconsolidated_sediment,0,0.010592099557529254,0,LOW
2024-01-06 18:00:00,Chamoli-Gauge-1,1,sparse_vegetation,fractured_metamorphic,1,0.7343984098079217,1,HIGH
2024-01-06 18:00:00,Kolkata-Gauge-1,2,urban,unconsolidated_sediment,0,0.010592099557529254,0,LOW
2024-01-06 18:00:00,Guwahati-Gauge-1,3,cropland,sedimentary,0,0.010789612764288723,0,LOW
2024-01-06 18:00:00,Sonapur-Gauge-1,4,forest,unconsolidated_sediment,0,0.010592099557529254,0,LOW
2024-01-06 19:00:00,Chamoli-Gauge-1,1,sparse_vegetation,fractured_metamorphic,0,0.5560182352229933,1,MODERATE
2024-01-06 19:00:00,Kolkata-Gauge-1,2,urban,unconsolidated_sediment,0,0.01135748437306538,0,LOW
2024-01-06 19:00:00,Guwahati-Gauge-1,3,cropland,sedimentary,0,0.011369461189302595,0,LOW
2024-01-06 19:00:00,Sonapur-Gauge-1,4,forest,unconsolidated_sediment,0,0.010592099557529254,0,LOW
2024-01-06 20:00:00,Chamoli-Gauge-1,1,sparse_vegetation,fractured_metamorphic,0,0.5271803089035071,1,MODERATE
2024-01-06 20:00:00,Kolkata-Gauge-1,2,urban,unconsolidated_sediment,0,0.01061297605656985,0,LOW
2024-01-06 20:00:00,Guwahati-Gauge-1,3,cropland,sedimentary,0,0.010592099557529254,0,LOW
2024-01-06 20:00:00,Sonapur-Gauge-1,4,forest,unconsolidated_sediment,0,0.010592099557529254,0,LOW
2024-01-06 21:00:00,Chamoli-Gauge-1,1,sparse_vegetation,fractured_metamorphic,1,0.8453192858050584,1,EXTREME
2024-01-06 21:00:00,Kolkata-Gauge-1,2,urban,unconsolidated_sediment,0,0.01061297605656985,0,LOW
2024-01-06 21:00:00,Guwahati-Gauge-1,3,cropland,sedimentary,0,0.010592099557529254,0,LOW
2024-01-06 21:00:00,Sonapur-Gauge-1,4,forest,unconsolidated_sediment,0,0.010592099557529254,0,LOW
2024-01-06 22:00:00,Chamoli-Gauge-1,1,sparse_vegetation,fractured_metamorphic,1,0.8537662404229577,1,EXTREME
2024-01-06 22:00:00,Kolkata-Gauge-1,2,urban,unconsolidated_sediment,0,0.01061297605656985,0,LOW
2024-01-06 22:00:00,Guwahati-Gauge-1,3,cropland,sedimentary,0,0.010592099557529254,0,LOW
2024-01-06 22:00:00,Sonapur-Gauge-1,4,forest,unconsolidated_sediment,0,0.010592099557529254,0,LOW
2024-01-06 23:00:00,Chamoli-Gauge-1,1,sparse_vegetation,fractured_metamorphic,1,0.8444656566752993,1,EXTREME
2024-01-06 23:00:00,Kolkata-Gauge-1,2,urban,unconsolidated_sediment,0,0.01061297605656985,0,LOW
2024-01-06 23:00:00,Guwahati-Gauge-1,3,cropland,sedimentary,0,0.010592099557529254,0,LOW
2024-01-06 23:00:00,Sonapur-Gauge-1,4,forest,unconsolidated_sediment,0,0.010592099557529254,0,LOW
2024-01-07 00:00:00,Chamoli-Gauge-1,1,sparse_vegetation,fractured_metamorphic,1,0.8493897732372679,1,EXTREME
2024-01-07 00:00:00,Kolkata-Gauge-1,2,urban,unconsolidated_sediment,0,0.01061297605656985,0,LOW
2024-01-07 00:00:00,Guwahati-Gauge-1,3,cropland,sedimentary,0,0.010592099557529254,0,LOW
2024-01-07 00:00:00,Sonapur-Gauge-1,4,forest,unconsolidated_sediment,0,0.010592099557529254,0,LOW
2024-01-07 01:00:00,Chamoli-Gauge-1,1,sparse_vegetation,fractured_metamorphic,0,0.8022741247203773,1,EXTREME
2024-01-07 01:00:00,Kolkata-Gauge-1,2,urban,unconsolidated_sediment,0,0.01061297605656985,0,LOW
2024-01-07 01:00:00,Guwahati-Gauge-1,3,cropland,sedimentary,0,0.011821297809743394,0,LOW
2024-01-07 01:00:00,Sonapur-Gauge-1,4,forest,unconsolidated_sediment,0,0.010592099557529254,0,LOW
2024-01-07 02:00:00,Chamoli-Gauge-1,1,sparse_vegetation,fractured_metamorphic,1,0.8292780375097255,1,EXTREME
2024-01-07 02:00:00,Kolkata-Gauge-1,2,urban,unconsolidated_sediment,0,0.01061297605656985,0,LOW
2024-01-07 02:00:00,Guwahati-Gauge-1,3,cropland,sedimentary,0,0.010592099557529254,0,LOW
2024-01-07 02:00:00,Sonapur-Gauge-1,4,forest,unconsolidated_sediment,0,0.010592099557529254,0,LOW
2024-01-07 03:00:00,Chamoli-Gauge-1,1,sparse_vegetation,fractured_metamorphic,0,0.4923255165657751,0,MODERATE
2024-01-07 03:00:00,Kolkata-Gauge-1,2,urban,unconsolidated_sediment,0,0.01061297605656985,0,LOW
2024-01-07 03:00:00,Guwahati-Gauge-1,3,cropland,sedimentary,0,0.010592099557529254,0,LOW
2024-01-07 03:00:00,Sonapur-Gauge-1,4,forest,unconsolidated_sediment,0,0.010592099557529254,0,LOW
2024-01-07 04:00:00,Chamoli-Gauge-1,1,sparse_vegetation,fractured_metamorphic,1,0.5739514913699219,1,MODERATE
2024-01-07 04:00:00,Kolkata-Gauge-1,2,urban,unconsolidated_sediment,0,0.01061297605656985,0,LOW
2024-01-07 04:00:00,Guwahati-Gauge-1,3,cropland,sedimentary,0,0.010592099557529254,0,LOW
2024-01-07 04:00:00,Sonapur-Gauge-1,4,forest,unconsolidated_sediment,0,0.010592099557529254,0,LOW
2024-01-07 05:00:00,Chamoli-Gauge-1,1,sparse_vegetation,fractured_metamorphic,0,0.4040249673087152,0,MODERATE
2024-01-07 05:00:00,Kolkata-Gauge-1,2,urban,unconsolidated_sediment,0,0.01061297605656985,0,LOW
2024-01-07 05:00:00,Guwahati-Gauge-1,3,cropland,sedimentary,0,0.010592099557529254,0,LOW
2024-01-07 05:00:00,Sonapur-Gauge-1,4,forest,unconsolidated_sediment,0,0.010592099557529254,0,LOW
2024-01-07 06:00:00,Chamoli-Gauge-1,1,sparse_vegetation,fractured_metamorphic,1,0.673223510271469,1,HIGH
2024-01-07 06:00:00,Kolkata-Gauge-1,2,urban,unconsolidated_sediment,0,0.01097688689689498,0,LOW
2024-01-07 06:00:00,Guwahati-Gauge-1,3,cropland,sedimentary,0,0.010592099557529254,0,LOW
2024-01-07 06:00:00,Sonapur-Gauge-1,4,forest,unconsolidated_sediment,0,0.010592099557529254,0,LOW
2024-01-07 07:00:00,Chamoli-Gauge-1,1,sparse_vegetation,fractured_metamorphic,0,0.5409433915901988,1,MODERATE
2024-01-07 07:00:00,Kolkata-Gauge-1,2,urban,unconsolidated_sediment,0,0.011278448903494151,0,LOW
2024-01-07 07:00:00,Guwahati-Gauge-1,3,cropland,sedimentary,0,0.010592099557529254,0,LOW
2024-01-07 07:00:00,Sonapur-Gauge-1,4,forest,unconsolidated_sediment,0,0.010592099557529254,0,LOW
2024-01-07 08:00:00,Chamoli-Gauge-1,1,sparse_vegetation,fractured_metamorphic,0,0.3952959449167049,0,MODERATE
2024-01-07 08:00:00,Kolkata-Gauge-1,2,urban,unconsolidated_sediment,0,0.010933055160169517,0,LOW
2024-01-07 08:00:00,Guwahati-Gauge-1,3,cropland,sedimentary,0,0.010592099557529254,0,LOW
2024-01-07 08:00:00,Sonapur-Gauge-1,4,forest,unconsolidated_sediment,0,0.010592099557529254,0,LOW
2024-01-07 09:00:00,Chamoli-Gauge-1,1,sparse_vegetation,fractured_metamorphic,0,0.4006958655705711,0,MODERATE
2024-01-07 09:00:00,Kolkata-Gauge-1,2,urban,unconsolidated_sediment,0,0.010933055160169517,0,LOW
2024-01-07 09:00:00,Guwahati-Gauge-1,3,cropland,sedimentary,0,0.010592099557529254,0,LOW
2024-01-07 09:00:00,Sonapur-Gauge-1,4,forest,unconsolidated_sediment,0,0.010592099557529254,0,LOW
2024-01-07 10:00:00,Chamoli-Gauge-1,1,sparse_vegetation,fractured_metamorphic,1,0.5535308377500164,1,MODERATE
2024-01-07 10:00:00,Kolkata-Gauge-1,2,urban,unconsolidated_sediment,0,0.010933055160169517,0,LOW
2024-01-07 10:00:00,Guwahati-Gauge-1,3,cropland,sedimentary,0,0.010592099557529254,0,LOW
2024-01-07 10:00:00,Sonapur-Gauge-1,4,forest,unconsolidated_sediment,0,0.010592099557529254,0,LOW
2024-01-07 11:00:00,Chamoli-Gauge-1,1,sparse_vegetation,fractured_metamorphic,0,0.4716124091968385,0,MODERATE
2024-01-07 11:00:00,Kolkata-Gauge-1,2,urban,unconsolidated_sediment,0,0.010933055160169517,0,LOW
2024-01-07 11:00:00,Guwahati-Gauge-1,3,cropland,sedimentary,0,0.010592099557529254,0,LOW
2024-01-07 11:00:00,Sonapur-Gauge-1,4,forest,unconsolidated_sediment,0,0.010592099557529254,0,LOW
2024-01-07 12:00:00,Chamoli-Gauge-1,1,sparse_vegetation,fractured_metamorphic,1,0.5819265738300448,1,MODERATE
2024-01-07 12:00:00,Kolkata-Gauge-1,2,urban,unconsolidated_sediment,0,0.010592099557529254,0,LOW
2024-01-07 12:00:00,Guwahati-Gauge-1,3,cropland,sedimentary,0,0.010592099557529254,0,LOW
2024-01-07 12:00:00,Sonapur-Gauge-1,4,forest,unconsolidated_sediment,0,0.010592099557529254,0,LOW
2024-01-07 13:00:00,Chamoli-Gauge-1,1,sparse_vegetation,fractured_metamorphic,0,0.41946277171295565,0,MODERATE
2024-01-07 13:00:00,Kolkata-Gauge-1,2,urban,unconsolidated_sediment,0,0.010592099557529254,0,LOW
2024-01-07 13:00:00,Guwahati-Gauge-1,3,cropland,sedimentary,0,0.010592099557529254,0,LOW
2024-01-07 13:00:00,Sonapur-Gauge-1,4,forest,unconsolidated_sediment,0,0.010592099557529254,0,LOW
2024-01-07 14:00:00,Chamoli-Gauge-1,1,sparse_vegetation,fractured_metamorphic,0,0.30707077915314485,0,MODERATE
2024-01-07 14:00:00,Kolkata-Gauge-1,2,urban,unconsolidated_sediment,0,0.010592099557529254,0,LOW
2024-01-07 14:00:00,Guwahati-Gauge-1,3,cropland,sedimentary,0,0.010592099557529254,0,LOW
2024-01-07 14:00:00,Sonapur-Gauge-1,4,forest,unconsolidated_sediment,0,0.010592099557529254,0,LOW
2024-01-07 15:00:00,Chamoli-Gauge-1,1,sparse_vegetation,fractured_metamorphic,0,0.16078155239433028,0,LOW
2024-01-07 15:00:00,Kolkata-Gauge-1,2,urban,unconsolidated_sediment,0,0.010592099557529254,0,LOW
2024-01-07 15:00:00,Guwahati-Gauge-1,3,cropland,sedimentary,0,0.010592099557529254,0,LOW
2024-01-07 15:00:00,Sonapur-Gauge-1,4,forest,unconsolidated_sediment,0,0.010592099557529254,0,LOW
2024-01-07 16:00:00,Chamoli-Gauge-1,1,sparse_vegetation,fractured_metamorphic,0,0.16091365691339132,0,LOW
2024-01-07 16:00:00,Kolkata-Gauge-1,2,urban,unconsolidated_sediment,0,0.010592099557529254,0,LOW
2024-01-07 16:00:00,Guwahati-Gauge-1,3,cropland,sedimentary,0,0.010592099557529254,0,LOW
2024-01-07 16:00:00,Sonapur-Gauge-1,4,forest,unconsolidated_sediment,0,0.010592099557529254,0,LOW
2024-01-07 17:00:00,Chamoli-Gauge-1,1,sparse_vegetation,fractured_metamorphic,0,0.03651408021854901,0,LOW
2024-01-07 17:00:00,Kolkata-Gauge-1,2,urban,unconsolidated_sediment,0,0.010592099557529254,0,LOW
2024-01-07 17:00:00,Guwahati-Gauge-1,3,cropland,sedimentary,0,0.010592099557529254,0,LOW
2024-01-07 17:00:00,Sonapur-Gauge-1,4,forest,unconsolidated_sediment,0,0.010592099557529254,0,LOW
2024-01-07 18:00:00,Chamoli-Gauge-1,1,sparse_vegetation,fractured_metamorphic,0,0.19279650699013237,0,LOW
2024-01-07 18:00:00,Kolkata-Gauge-1,2,urban,unconsolidated_sediment,0,0.010592099557529254,0,LOW
2024-01-07 18:00:00,Guwahati-Gauge-1,3,cropland,sedimentary,0,0.010592099557529254,0,LOW
2024-01-07 18:00:00,Sonapur-Gauge-1,4,forest,unconsolidated_sediment,0,0.010592099557529254,0,LOW
2024-01-07 19:00:00,Chamoli-Gauge-1,1,sparse_vegetation,fractured_metamorphic,1,0.392976607078006,0,MODERATE
2024-01-07 19:00:00,Kolkata-Gauge-1,2,urban,unconsolidated_sediment,0,0.010592099557529254,0,LOW
2024-01-07 19:00:00,Guwahati-Gauge-1,3,cropland,sedimentary,0,0.010592099557529254,0,LOW
2024-01-07 19:00:00,Sonapur-Gauge-1,4,forest,unconsolidated_sediment,0,0.010592099557529254,0,LOW
2024-01-07 20:00:00,Chamoli-Gauge-1,1,sparse_vegetation,fractured_metamorphic,0,0.05893262743009201,0,LOW
2024-01-07 20:00:00,Kolkata-Gauge-1,2,urban,unconsolidated_sediment,0,0.010592099557529254,0,LOW
2024-01-07 20:00:00,Guwahati-Gauge-1,3,cropland,sedimentary,0,0.010592099557529254,0,LOW
2024-01-07 20:00:00,Sonapur-Gauge-1,4,forest,unconsolidated_sediment,0,0.010592099557529254,0,LOW
2024-01-07 21:00:00,Chamoli-Gauge-1,1,sparse_vegetation,fractured_metamorphic,0,0.016605341856672184,0,LOW
2024-01-07 21:00:00,Kolkata-Gauge-1,2,urban,unconsolidated_sediment,0,0.010592099557529254,0,LOW
2024-01-07 21:00:00,Guwahati-Gauge-1,3,cropland,sedimentary,0,0.010592099557529254,0,LOW
2024-01-07 21:00:00,Sonapur-Gauge-1,4,forest,unconsolidated_sediment,0,0.010592099557529254,0,LOW
2024-01-07 22:00:00,Chamoli-Gauge-1,1,sparse_vegetation,fractured_metamorphic,0,0.01668035158853626,0,LOW
2024-01-07 22:00:00,Kolkata-Gauge-1,2,urban,unconsolidated_sediment,0,0.010592099557529254,0,LOW
2024-01-07 22:00:00,Guwahati-Gauge-1,3,cropland,sedimentary,0,0.010592099557529254,0,LOW
2024-01-07 22:00:00,Sonapur-Gauge-1,4,forest,unconsolidated_sediment,0,0.010592099557529254,0,LOW
2024-01-07 23:00:00,Chamoli-Gauge-1,1,sparse_vegetation,fractured_metamorphic,0,0.02876816995141223,0,LOW
2024-01-07 23:00:00,Kolkata-Gauge-1,2,urban,unconsolidated_sediment,0,0.010592099557529254,0,LOW
2024-01-07 23:00:00,Guwahati-Gauge-1,3,cropland,sedimentary,0,0.010592099557529254,0,LOW
2024-01-07 23:00:00,Sonapur-Gauge-1,4,forest,unconsolidated_sediment,0,0.010592099557529254,0,LOW
2024-01-08 00:00:00,Chamoli-Gauge-1,1,sparse_vegetation,fractured_metamorphic,0,0.03558994450928114,0,LOW
2024-01-08 00:00:00,Kolkata-Gauge-1,2,urban,unconsolidated_sediment,0,0.010592099557529254,0,LOW
2024-01-08 00:00:00,Guwahati-Gauge-1,3,cropland,sedimentary,0,0.010592099557529254,0,LOW
2024-01-08 00:00:00,Sonapur-Gauge-1,4,forest,unconsolidated_sediment,0,0.010592099557529254,0,LOW
2024-01-08 01:00:00,Chamoli-Gauge-1,1,sparse_vegetation,fractured_metamorphic,1,0.29255495020112837,0,LOW
2024-01-08 01:00:00,Kolkata-Gauge-1,2,urban,unconsolidated_sediment,0,0.010592099557529254,0,LOW
2024-01-08 01:00:00,Guwahati-Gauge-1,3,cropland,sedimentary,0,0.010592099557529254,0,LOW
2024-01-08 01:00:00,Sonapur-Gauge-1,4,forest,unconsolidated_sediment,0,0.010592099557529254,0,LOW
2024-01-08 02:00:00,Chamoli-Gauge-1,1,sparse_vegetation,fractured_metamorphic,0,0.04973841414390001,0,LOW
2024-01-08 02:00:00,Kolkata-Gauge-1,2,urban,unconsolidated_sediment,0,0.010592099557529254,0,LOW
2024-01-08 02:00:00,Guwahati-Gauge-1,3,cropland,sedimentary,0,0.010592099557529254,0,LOW
2024-01-08 02:00:00,Sonapur-Gauge-1,4,forest,unconsolidated_sediment,0,0.010592099557529254,0,LOW
2024-01-08 03:00:00,Chamoli-Gauge-1,1,sparse_vegetation,fractured_metamorphic,0,0.04166136548196471,0,LOW
2024-01-08 03:00:00,Kolkata-Gauge-1,2,urban,unconsolidated_sediment,0,0.010592099557529254,0,LOW
2024-01-08 03:00:00,Guwahati-Gauge-1,3,cropland,sedimentary,0,0.010592099557529254,0,LOW
2024-01-08 03:00:00,Sonapur-Gauge-1,4,forest,unconsolidated_sediment,0,0.010592099557529254,0,LOW
2024-01-08 04:00:00,Chamoli-Gauge-1,1,sparse_vegetation,fractured_metamorphic,0,0.04157562879690403,0,LOW
2024-01-08 04:00:00,Kolkata-Gauge-1,2,urban,unconsolidated_sediment,0,0.010592099557529254,0,LOW
2024-01-08 04:00:00,Guwahati-Gauge-1,3,cropland,sedimentary,0,0.010592099557529254,0,LOW
2024-01-08 04:00:00,Sonapur-Gauge-1,4,forest,unconsolidated_sediment,0,0.010592099557529254,0,LOW
2024-01-08 05:00:00,Chamoli-Gauge-1,1,sparse_vegetation,fractured_metamorphic,0,0.01536954189538589,0,LOW
2024-01-08 05:00:00,Kolkata-Gauge-1,2,urban,unconsolidated_sediment,0,0.010592099557529254,0,LOW
2024-01-08 05:00:00,Guwahati-Gauge-1,3,cropland,sedimentary,0,0.010592099557529254,0,LOW
2024-01-08 05:00:00,Sonapur-Gauge-1,4,forest,unconsolidated_sediment,0,0.010592099557529254,0,LOW
2024-01-08 06:00:00,Chamoli-Gauge-1,1,sparse_vegetation,fractured_metamorphic,0,0.012274388669795886,0,LOW
2024-01-08 06:00:00,Kolkata-Gauge-1,2,urban,unconsolidated_sediment,0,0.010592099557529254,0,LOW
2024-01-08 06:00:00,Guwahati-Gauge-1,3,cropland,sedimentary,0,0.010592099557529254,0,LOW
2024-01-08 06:00:00,Sonapur-Gauge-1,4,forest,unconsolidated_sediment,0,0.010592099557529254,0,LOW
2024-01-08 07:00:00,Chamoli-Gauge-1,1,sparse_vegetation,fractured_metamorphic,0,0.01221216595992117,0,LOW
2024-01-08 07:00:00,Kolkata-Gauge-1,2,urban,unconsolidated_sediment,0,0.010592099557529254,0,LOW
2024-01-08 07:00:00,Guwahati-Gauge-1,3,cropland,sedimentary,0,0.010592099557529254,0,LOW
2024-01-08 07:00:00,Sonapur-Gauge-1,4,forest,unconsolidated_sediment,0,0.010592099557529254,0,LOW
2024-01-08 08:00:00,Chamoli-Gauge-1,1,sparse_vegetation,fractured_metamorphic,0,0.012743992341957132,0,LOW
2024-01-08 08:00:00,Kolkata-Gauge-1,2,urban,unconsolidated_sediment,0,0.010592099557529254,0,LOW
2024-01-08 08:00:00,Guwahati-Gauge-1,3,cropland,sedimentary,0,0.010592099557529254,0,LOW
2024-01-08 08:00:00,Sonapur-Gauge-1,4,forest,unconsolidated_sediment,0,0.010592099557529254,0,LOW
2024-01-08 09:00:00,Chamoli-Gauge-1,1,sparse_vegetation,fractured_metamorphic,0,0.013263285171602246,0,LOW
2024-01-08 09:00:00,Kolkata-Gauge-1,2,urban,unconsolidated_sediment,0,0.010592099557529254,0,LOW
2024-01-08 09:00:00,Guwahati-Gauge-1,3,cropland,sedimentary,0,0.010592099557529254,0,LOW
2024-01-08 09:00:00,Sonapur-Gauge-1,4,forest,unconsolidated_sediment,0,0.010592099557529254,0,LOW
2024-01-08 10:00:00,Chamoli-Gauge-1,1,sparse_vegetation,fractured_metamorphic,0,0.015934623630665227,0,LOW
2024-01-08 10:00:00,Kolkata-Gauge-1,2,urban,unconsolidated_sediment,0,0.010592099557529254,0,LOW
2024-01-08 10:00:00,Guwahati-Gauge-1,3,cropland,sedimentary,0,0.010592099557529254,0,LOW
2024-01-08 10:00:00,Sonapur-Gauge-1,4,forest,unconsolidated_sediment,0,0.010592099557529254,0,LOW
2024-01-08 11:00:00,Chamoli-Gauge-1,1,sparse_vegetation,fractured_metamorphic,0,0.013562378252714318,0,LOW
2024-01-08 11:00:00,Kolkata-Gauge-1,2,urban,unconsolidated_sediment,0,0.010592099557529254,0,LOW
2024-01-08 11:00:00,Guwahati-Gauge-1,3,cropland,sedimentary,0,0.010592099557529254,0,LOW
2024-01-08 11:00:00,Sonapur-Gauge-1,4,forest,unconsolidated_sediment,0,0.010592099557529254,0,LOW
2024-01-08 12:00:00,Chamoli-Gauge-1,1,sparse_vegetation,fractured_metamorphic,0,0.014816939540908795,0,LOW
2024-01-08 12:00:00,Kolkata-Gauge-1,2,urban,unconsolidated_sediment,0,0.010592099557529254,0,LOW
2024-01-08 12:00:00,Guwahati-Gauge-1,3,cropland,sedimentary,0,0.010592099557529254,0,LOW
2024-01-08 12:00:00,Sonapur-Gauge-1,4,forest,unconsolidated_sediment,0,0.010592099557529254,0,LOW
2024-01-08 13:00:00,Chamoli-Gauge-1,1,sparse_vegetation,fractured_metamorphic,0,0.011402017290188622,0,LOW
2024-01-08 13:00:00,Kolkata-Gauge-1,2,urban,unconsolidated_sediment,0,0.010592099557529254,0,LOW
2024-01-08 13:00:00,Guwahati-Gauge-1,3,cropland,sedimentary,0,0.010592099557529254,0,LOW
2024-01-08 13:00:00,Sonapur-Gauge-1,4,forest,unconsolidated_sediment,0,0.010592099557529254,0,LOW
2024-01-08 14:00:00,Chamoli-Gauge-1,1,sparse_vegetation,fractured_metamorphic,0,0.010769768870889509,0,LOW
2024-01-08 14:00:00,Kolkata-Gauge-1,2,urban,unconsolidated_sediment,0,0.010592099557529254,0,LOW
2024-01-08 14:00:00,Guwahati-Gauge-1,3,cropland,sedimentary,0,0.010592099557529254,0,LOW
2024-01-08 14:00:00,Sonapur-Gauge-1,4,forest,unconsolidated_sediment,0,0.010592099557529254,0,LOW
2024-01-08 15:00:00,Chamoli-Gauge-1,1,sparse_vegetation,fractured_metamorphic,0,0.01117728495201474,0,LOW
2024-01-08 15:00:00,Kolkata-Gauge-1,2,urban,unconsolidated_sediment,0,0.010592099557529254,0,LOW
2024-01-08 15:00:00,Guwahati-Gauge-1,3,cropland,sedimentary,0,0.010592099557529254,0,LOW
2024-01-08 15:00:00,Sonapur-Gauge-1,4,forest,unconsolidated_sediment,0,0.010592099557529254,0,LOW
2024-01-08 16:00:00,Chamoli-Gauge-1,1,sparse_vegetation,fractured_metamorphic,0,0.020398059706133696,0,LOW
2024-01-08 16:00:00,Kolkata-Gauge-1,2,urban,unconsolidated_sediment,0,0.010592099557529254,0,LOW
2024-01-08 16:00:00,Guwahati-Gauge-1,3,cropland,sedimentary,0,0.011466496065895655,0,LOW
2024-01-08 16:00:00,Sonapur-Gauge-1,4,forest,unconsolidated_sediment,0,0.010592099557529254,0,LOW
2024-01-08 17:00:00,Chamoli-Gauge-1,1,sparse_vegetation,fractured_metamorphic,0,0.013427879175410868,0,LOW
2024-01-08 17:00:00,Kolkata-Gauge-1,2,urban,unconsolidated_sediment,0,0.010592099557529254,0,LOW
2024-01-08 17:00:00,Guwahati-Gauge-1,3,cropland,sedimentary,0,0.011183067052964029,0,LOW
2024-01-08 17:00:00,Sonapur-Gauge-1,4,forest,unconsolidated_sediment,0,0.010592099557529254,0,LOW
2024-01-08 18:00:00,Chamoli-Gauge-1,1,sparse_vegetation,fractured_metamorphic,0,0.012108155562608842,0,LOW
2024-01-08 18:00:00,Kolkata-Gauge-1,2,urban,unconsolidated_sediment,0,0.010592099557529254,0,LOW
2024-01-08 18:00:00,Guwahati-Gauge-1,3,cropland,sedimentary,0,0.01137462124792358,0,LOW
2024-01-08 18:00:00,Sonapur-Gauge-1,4,forest,unconsolidated_sediment,0,0.010592099557529254,0,LOW
2024-01-08 19:00:00,Chamoli-Gauge-1,1,sparse_vegetation,fractured_metamorphic,0,0.011348577261056753,0,LOW
2024-01-08 19:00:00,Kolkata-Gauge-1,2,urban,unconsolidated_sediment,0,0.010592099557529254,0,LOW
2024-01-08 19:00:00,Guwahati-Gauge-1,3,cropland,sedimentary,0,0.011625729072104412,0,LOW
2024-01-08 19:00:00,Sonapur-Gauge-1,4,forest,unconsolidated_sediment,0,0.010592099557529254,0,LOW
2024-01-08 20:00:00,Chamoli-Gauge-1,1,sparse_vegetation,fractured_metamorphic,0,0.010873849969882636,0,LOW
2024-01-08 20:00:00,Kolkata-Gauge-1,2,urban,unconsolidated_sediment,0,0.010592099557529254,0,LOW
2024-01-08 20:00:00,Guwahati-Gauge-1,3,cropland,sedimentary,0,0.011625729072104412,0,LOW
2024-01-08 20:00:00,Sonapur-Gauge-1,4,forest,unconsolidated_sediment,0,0.010592099557529254,0,LOW
2024-01-08 21:00:00,Chamoli-Gauge-1,1,sparse_vegetation,fractured_metamorphic,0,0.011214071802959878,0,LOW
2024-01-08 21:00:00,Kolkata-Gauge-1,2,urban,unconsolidated_sediment,0,0.010592099557529254,0,LOW
2024-01-08 21:00:00,Guwahati-Gauge-1,3,cropland,sedimentary,0,0.011625729072104412,0,LOW
2024-01-08 21:00:00,Sonapur-Gauge-1,4,forest,unconsolidated_sediment,0,0.010592099557529254,0,LOW
2024-01-08 22:00:00,Chamoli-Gauge-1,1,sparse_vegetation,fractured_metamorphic,0,0.010592099557529254,0,LOW
2024-01-08 22:00:00,Kolkata-Gauge-1,2,urban,unconsolidated_sediment,0,0.010592099557529254,0,LOW
2024-01-08 22:00:00,Guwahati-Gauge-1,3,cropland,sedimentary,0,0.010592099557529254,0,LOW
2024-01-08 22:00:00,Sonapur-Gauge-1,4,forest,unconsolidated_sediment,0,0.010592099557529254,0,LOW
2024-01-08 23:00:00,Chamoli-Gauge-1,1,sparse_vegetation,fractured_metamorphic,0,0.011003285502377754,0,LOW
2024-01-08 23:00:00,Kolkata-Gauge-1,2,urban,unconsolidated_sediment,0,0.010592099557529254,0,LOW
2024-01-08 23:00:00,Guwahati-Gauge-1,3,cropland,sedimentary,0,0.010592099557529254,0,LOW
2024-01-08 23:00:00,Sonapur-Gauge-1,4,forest,unconsolidated_sediment,0,0.010592099557529254,0,LOW
2024-01-09 00:00:00,Chamoli-Gauge-1,1,sparse_vegetation,fractured_metamorphic,0,0.011117009307254533,0,LOW
2024-01-09 00:00:00,Kolkata-Gauge-1,2,urban,unconsolidated_sediment,0,0.010592099557529254,0,LOW
2024-01-09 00:00:00,Guwahati-Gauge-1,3,cropland,sedimentary,0,0.010592099557529254,0,LOW
2024-01-09 00:00:00,Sonapur-Gauge-1,4,forest,unconsolidated_sediment,0,0.010592099557529254,0,LOW
2024-01-09 01:00:00,Chamoli-Gauge-1,1,sparse_vegetation,fractured_metamorphic,0,0.010925737708763773,0,LOW
2024-01-09 01:00:00,Kolkata-Gauge-1,2,urban,unconsolidated_sediment,0,0.010592099557529254,0,LOW
2024-01-09 01:00:00,Guwahati-Gauge-1,3,cropland,sedimentary,0,0.010592099557529254,0,LOW
2024-01-09 01:00:00,Sonapur-Gauge-1,4,forest,unconsolidated_sediment,0,0.010592099557529254,0,LOW
2024-01-09 02:00:00,Chamoli-Gauge-1,1,sparse_vegetation,fractured_metamorphic,0,0.011666714710445026,0,LOW
2024-01-09 02:00:00,Kolkata-Gauge-1,2,urban,unconsolidated_sediment,0,0.010592099557529254,0,LOW
2024-01-09 02:00:00,Guwahati-Gauge-1,3,cropland,sedimentary,0,0.010592099557529254,0,LOW
2024-01-09 02:00:00,Sonapur-Gauge-1,4,forest,unconsolidated_sediment,0,0.010592099557529254,0,LOW
2024-01-09 03:00:00,Chamoli-Gauge-1,1,sparse_vegetation,fractured_metamorphic,0,0.01142973271996084,0,LOW
2024-01-09 03:00:00,Kolkata-Gauge-1,2,urban,unconsolidated_sediment,0,0.010592099557529254,0,LOW
2024-01-09 03:00:00,Guwahati-Gauge-1,3,cropland,sedimentary,0,0.010908906478352753,0,LOW
2024-01-09 03:00:00,Sonapur-Gauge-1,4,forest,unconsolidated_sediment,0,0.010592099557529254,0,LOW
2024-01-09 04:00:00,Chamoli-Gauge-1,1,sparse_vegetation,fractured_metamorphic,0,0.011260137879233665,0,LOW
2024-01-09 04:00:00,Kolkata-Gauge-1,2,urban,unconsolidated_sediment,0,0.010592099557529254,0,LOW
2024-01-09 04:00:00,Guwahati-Gauge-1,3,cropland,sedimentary,0,0.010739790481740492,0,LOW
2024-01-09 04:00:00,Sonapur-Gauge-1,4,forest,unconsolidated_sediment,0,0.010592099557529254,0,LOW
2024-01-09 05:00:00,Chamoli-Gauge-1,1,sparse_vegetation,fractured_metamorphic,0,0.010775727806013472,0,LOW
2024-01-09 05:00:00,Kolkata-Gauge-1,2,urban,unconsolidated_sediment,0,0.010592099557529254,0,LOW
2024-01-09 05:00:00,Guwahati-Gauge-1,3,cropland,sedimentary,0,0.010592099557529254,0,LOW
2024-01-09 05:00:00,Sonapur-Gauge-1,4,forest,unconsolidated_sediment,0,0.010592099557529254,0,LOW
2024-01-09 06:00:00,Chamoli-Gauge-1,1,sparse_vegetation,fractured_metamorphic,0,0.0142854736444871,0,LOW
2024-01-09 06:00:00,Kolkata-Gauge-1,2,urban,unconsolidated_sediment,0,0.010592099557529254,0,LOW
2024-01-09 06:00:00,Guwahati-Gauge-1,3,cropland,sedimentary,0,0.010592099557529254,0,LOW
2024-01-09 06:00:00,Sonapur-Gauge-1,4,forest,unconsolidated_sediment,0,0.010592099557529254,0,LOW
2024-01-09 07:00:00,Chamoli-Gauge-1,1,sparse_vegetation,fractured_metamorphic,0,0.01589001043654182,0,LOW
2024-01-09 07:00:00,Kolkata-Gauge-1,2,urban,unconsolidated_sediment,0,0.010592099557529254,0,LOW
2024-01-09 07:00:00,Guwahati-Gauge-1,3,cropland,sedimentary,0,0.010592099557529254,0,LOW
2024-01-09 07:00:00,Sonapur-Gauge-1,4,forest,unconsolidated_sediment,0,0.010592099557529254,0,LOW
2024-01-09 08:00:00,Chamoli-Gauge-1,1,sparse_vegetation,fractured_metamorphic,0,0.010662446278062452,0,LOW
2024-01-09 08:00:00,Kolkata-Gauge-1,2,urban,unconsolidated_sediment,0,0.010592099557529254,0,LOW
2024-01-09 08:00:00,Guwahati-Gauge-1,3,cropland,sedimentary,0,0.010592099557529254,0,LOW
2024-01-09 08:00:00,Sonapur-Gauge-1,4,forest,unconsolidated_sediment,0,0.010592099557529254,0,LOW
2024-01-09 09:00:00,Chamoli-Gauge-1,1,sparse_vegetation,fractured_metamorphic,0,0.010662446278062452,0,LOW
2024-01-09 09:00:00,Kolkata-Gauge-1,2,urban,unconsolidated_sediment,0,0.010592099557529254,0,LOW
2024-01-09 09:00:00,Guwahati-Gauge-1,3,cropland,sedimentary,0,0.010592099557529254,0,LOW
2024-01-09 09:00:00,Sonapur-Gauge-1,4,forest,unconsolidated_sediment,0,0.010592099557529254,0,LOW
2024-01-09 10:00:00,Chamoli-Gauge-1,1,sparse_vegetation,fractured_metamorphic,0,0.010662446278062452,0,LOW
2024-01-09 10:00:00,Kolkata-Gauge-1,2,urban,unconsolidated_sediment,0,0.010592099557529254,0,LOW
2024-01-09 10:00:00,Guwahati-Gauge-1,3,cropland,sedimentary,0,0.010592099557529254,0,LOW
2024-01-09 10:00:00,Sonapur-Gauge-1,4,forest,unconsolidated_sediment,0,0.010592099557529254,0,LOW
2024-01-09 11:00:00,Chamoli-Gauge-1,1,sparse_vegetation,fractured_metamorphic,0,0.010693507615312533,0,LOW
2024-01-09 11:00:00,Kolkata-Gauge-1,2,urban,unconsolidated_sediment,0,0.010592099557529254,0,LOW
2024-01-09 11:00:00,Guwahati-Gauge-1,3,cropland,sedimentary,0,0.010592099557529254,0,LOW
2024-01-09 11:00:00,Sonapur-Gauge-1,4,forest,unconsolidated_sediment,0,0.010592099557529254,0,LOW
2024-01-09 12:00:00,Chamoli-Gauge-1,1,sparse_vegetation,fractured_metamorphic,0,0.06630892768268741,0,LOW
2024-01-09 12:00:00,Kolkata-Gauge-1,2,urban,unconsolidated_sediment,0,0.010592099557529254,0,LOW
2024-01-09 12:00:00,Guwahati-Gauge-1,3,cropland,sedimentary,0,0.010592099557529254,0,LOW
2024-01-09 12:00:00,Sonapur-Gauge-1,4,forest,unconsolidated_sediment,0,0.010592099557529254,0,LOW
2024-01-09 13:00:00,Chamoli-Gauge-1,1,sparse_vegetation,fractured_metamorphic,0,0.027815952116994905,0,LOW
2024-01-09 13:00:00,Kolkata-Gauge-1,2,urban,unconsolidated_sediment,0,0.010592099557529254,0,LOW
2024-01-09 13:00:00,Guwahati-Gauge-1,3,cropland,sedimentary,0,0.010592099557529254,0,LOW
2024-01-09 13:00:00,Sonapur-Gauge-1,4,forest,unconsolidated_sediment,0,0.010592099557529254,0,LOW
2024-01-09 14:00:00,Chamoli-Gauge-1,1,sparse_vegetation,fractured_metamorphic,0,0.02689027754657455,0,LOW
2024-01-09 14:00:00,Kolkata-Gauge-1,2,urban,unconsolidated_sediment,0,0.010592099557529254,0,LOW
2024-01-09 14:00:00,Guwahati-Gauge-1,3,cropland,sedimentary,0,0.010592099557529254,0,LOW
2024-01-09 14:00:00,Sonapur-Gauge-1,4,forest,unconsolidated_sediment,0,0.010592099557529254,0,LOW
2024-01-09 15:00:00,Chamoli-Gauge-1,1,sparse_vegetation,fractured_metamorphic,0,0.012389622256987516,0,LOW
2024-01-09 15:00:00,Kolkata-Gauge-1,2,urban,unconsolidated_sediment,0,0.010592099557529254,0,LOW
2024-01-09 15:00:00,Guwahati-Gauge-1,3,cropland,sedimentary,0,0.010592099557529254,0,LOW
2024-01-09 15:00:00,Sonapur-Gauge-1,4,forest,unconsolidated_sediment,0,0.010592099557529254,0,LOW
2024-01-09 16:00:00,Chamoli-Gauge-1,1,sparse_vegetation,fractured_metamorphic,0,0.011531094284652281,0,LOW
2024-01-09 16:00:00,Kolkata-Gauge-1,2,urban,unconsolidated_sediment,0,0.010592099557529254,0,LOW
2024-01-09 16:00:00,Guwahati-Gauge-1,3,cropland,sedimentary,0,0.010935723454177626,0,LOW
2024-01-09 16:00:00,Sonapur-Gauge-1,4,forest,unconsolidated_sediment,0,0.010592099557529254,0,LOW
2024-01-09 17:00:00,Chamoli-Gauge-1,1,sparse_vegetation,fractured_metamorphic,0,0.011586328245932897,0,LOW
2024-01-09 17:00:00,Kolkata-Gauge-1,2,urban,unconsolidated_sediment,0,0.010592099557529254,0,LOW
2024-01-09 17:00:00,Guwahati-Gauge-1,3,cropland,sedimentary,0,0.010592099557529254,0,LOW
2024-01-09 17:00:00,Sonapur-Gauge-1,4,forest,unconsolidated_sediment,0,0.010592099557529254,0,LOW
2024-01-09 18:00:00,Chamoli-Gauge-1,1,sparse_vegetation,fractured_metamorphic,0,0.011845191046771347,0,LOW
2024-01-09 18:00:00,Kolkata-Gauge-1,2,urban,unconsolidated_sediment,0,0.010592099557529254,0,LOW
2024-01-09 18:00:00,Guwahati-Gauge-1,3,cropland,sedimentary,0,0.010592099557529254,0,LOW
2024-01-09 18:00:00,Sonapur-Gauge-1,4,forest,unconsolidated_sediment,0,0.010592099557529254,0,LOW
2024-01-09 19:00:00,Chamoli-Gauge-1,1,sparse_vegetation,fractured_metamorphic,0,0.013675531901593773,0,LOW
2024-01-09 19:00:00,Kolkata-Gauge-1,2,urban,unconsolidated_sediment,0,0.010592099557529254,0,LOW
2024-01-09 19:00:00,Guwahati-Gauge-1,3,cropland,sedimentary,0,0.010592099557529254,0,LOW
2024-01-09 19:00:00,Sonapur-Gauge-1,4,forest,unconsolidated_sediment,0,0.010592099557529254,0,LOW
2024-01-09 20:00:00,Chamoli-Gauge-1,1,sparse_vegetation,fractured_metamorphic,0,0.012920192458849549,0,LOW
2024-01-09 20:00:00,Kolkata-Gauge-1,2,urban,unconsolidated_sediment,0,0.010592099557529254,0,LOW
2024-01-09 20:00:00,Guwahati-Gauge-1,3,cropland,sedimentary,0,0.010592099557529254,0,LOW
2024-01-09 20:00:00,Sonapur-Gauge-1,4,forest,unconsolidated_sediment,0,0.010592099557529254,0,LOW
2024-01-09 21:00:00,Chamoli-Gauge-1,1,sparse_vegetation,fractured_metamorphic,0,0.012920192458849549,0,LOW
2024-01-09 21:00:00,Kolkata-Gauge-1,2,urban,unconsolidated_sediment,0,0.010592099557529254,0,LOW
2024-01-09 21:00:00,Guwahati-Gauge-1,3,cropland,sedimentary,0,0.010592099557529254,0,LOW
2024-01-09 21:00:00,Sonapur-Gauge-1,4,forest,unconsolidated_sediment,0,0.010592099557529254,0,LOW
2024-01-09 22:00:00,Chamoli-Gauge-1,1,sparse_vegetation,fractured_metamorphic,0,0.019844080607037635,0,LOW
2024-01-09 22:00:00,Kolkata-Gauge-1,2,urban,unconsolidated_sediment,0,0.010592099557529254,0,LOW
2024-01-09 22:00:00,Guwahati-Gauge-1,3,cropland,sedimentary,0,0.010592099557529254,0,LOW
2024-01-09 22:00:00,Sonapur-Gauge-1,4,forest,unconsolidated_sediment,0,0.010592099557529254,0,LOW
2024-01-09 23:00:00,Chamoli-Gauge-1,1,sparse_vegetation,fractured_metamorphic,0,0.0167403993654634,0,LOW
2024-01-09 23:00:00,Kolkata-Gauge-1,2,urban,unconsolidated_sediment,0,0.010592099557529254,0,LOW
2024-01-09 23:00:00,Guwahati-Gauge-1,3,cropland,sedimentary,0,0.010808086870235396,0,LOW
2024-01-09 23:00:00,Sonapur-Gauge-1,4,forest,unconsolidated_sediment,0,0.010592099557529254,0,LOW
2024-01-10 00:00:00,Chamoli-Gauge-1,1,sparse_vegetation,fractured_metamorphic,0,0.012315990990434065,0,LOW
2024-01-10 00:00:00,Kolkata-Gauge-1,2,urban,unconsolidated_sediment,0,0.010592099557529254,0,LOW
2024-01-10 00:00:00,Guwahati-Gauge-1,3,cropland,sedimentary,0,0.010592099557529254,0,LOW
2024-01-10 00:00:00,Sonapur-Gauge-1,4,forest,unconsolidated_sediment,0,0.010592099557529254,0,LOW
2024-01-10 01:00:00,Chamoli-Gauge-1,1,sparse_vegetation,fractured_metamorphic,0,0.011446003317804218,0,LOW
2024-01-10 01:00:00,Kolkata-Gauge-1,2,urban,unconsolidated_sediment,0,0.010592099557529254,0,LOW
2024-01-10 01:00:00,Guwahati-Gauge-1,3,cropland,sedimentary,0,0.011004644407177805,0,LOW
2024-01-10 01:00:00,Sonapur-Gauge-1,4,forest,unconsolidated_sediment,0,0.010592099557529254,0,LOW
2024-01-10 02:00:00,Chamoli-Gauge-1,1,sparse_vegetation,fractured_metamorphic,0,0.011056073456790305,0,LOW
2024-01-10 02:00:00,Kolkata-Gauge-1,2,urban,unconsolidated_sediment,0,0.010592099557529254,0,LOW
2024-01-10 02:00:00,Guwahati-Gauge-1,3,cropland,sedimentary,0,0.010817963848190188,0,LOW
2024-01-10 02:00:00,Sonapur-Gauge-1,4,forest,unconsolidated_sediment,0,0.010592099557529254,0,LOW
2024-01-10 03:00:00,Chamoli-Gauge-1,1,sparse_vegetation,fractured_metamorphic,0,0.023950398542251568,0,LOW
2024-01-10 03:00:00,Kolkata-Gauge-1,2,urban,unconsolidated_sediment,0,0.010592099557529254,0,LOW
2024-01-10 03:00:00,Guwahati-Gauge-1,3,cropland,sedimentary,0,0.010817963848190188,0,LOW
2024-01-10 03:00:00,Sonapur-Gauge-1,4,forest,unconsolidated_sediment,0,0.010592099557529254,0,LOW
2024-01-10 04:00:00,Chamoli-Gauge-1,1,sparse_vegetation,fractured_metamorphic,0,0.025418705486711542,0,LOW
2024-01-10 04:00:00,Kolkata-Gauge-1,2,urban,unconsolidated_sediment,0,0.010592099557529254,0,LOW
2024-01-10 04:00:00,Guwahati-Gauge-1,3,cropland,sedimentary,0,0.010817963848190188,0,LOW
2024-01-10 04:00:00,Sonapur-Gauge-1,4,forest,unconsolidated_sediment,0,0.010592099557529254,0,LOW
2024-01-10 05:00:00,Chamoli-Gauge-1,1,sparse_vegetation,fractured_metamorphic,0,0.015443609940941226,0,LOW
2024-01-10 05:00:00,Kolkata-Gauge-1,2,urban,unconsolidated_sediment,0,0.010592099557529254,0,LOW
2024-01-10 05:00:00,Guwahati-Gauge-1,3,cropland,sedimentary,0,0.010592099557529254,0,LOW
2024-01-10 05:00:00,Sonapur-Gauge-1,4,forest,unconsolidated_sediment,0,0.010592099557529254,0,LOW
2024-01-10 06:00:00,Chamoli-Gauge-1,1,sparse_vegetation,fractured_metamorphic,0,0.019944831870142204,0,LOW
2024-01-10 06:00:00,Kolkata-Gauge-1,2,urban,unconsolidated_sediment,0,0.010592099557529254,0,LOW
2024-01-10 06:00:00,Guwahati-Gauge-1,3,cropland,sedimentary,0,0.010592099557529254,0,LOW
2024-01-10 06:00:00,Sonapur-Gauge-1,4,forest,unconsolidated_sediment,0,0.010592099557529254,0,LOW
2024-01-10 07:00:00,Chamoli-Gauge-1,1,sparse_vegetation,fractured_metamorphic,0,0.016797440258648422,0,LOW
2024-01-10 07:00:00,Kolkata-Gauge-1,2,urban,unconsolidated_sediment,0,0.010592099557529254,0,LOW
2024-01-10 07:00:00,Guwahati-Gauge-1,3,cropland,sedimentary,0,0.010592099557529254,0,LOW
2024-01-10 07:00:00,Sonapur-Gauge-1,4,forest,unconsolidated_sediment,0,0.010592099557529254,0,LOW
2024-01-10 08:00:00,Chamoli-Gauge-1,1,sparse_vegetation,fractured_metamorphic,0,0.013373279667253933,0,LOW
2024-01-10 08:00:00,Kolkata-Gauge-1,2,urban,unconsolidated_sediment,0,0.010592099557529254,0,LOW
2024-01-10 08:00:00,Guwahati-Gauge-1,3,cropland,sedimentary,0,0.010878709472813816,0,LOW
2024-01-10 08:00:00,Sonapur-Gauge-1,4,forest,unconsolidated_sediment,0,0.010592099557529254,0,LOW
2024-01-10 09:00:00,Chamoli-Gauge-1,1,sparse_vegetation,fractured_metamorphic,0,0.013162257817381522,0,LOW
2024-01-10 09:00:00,Kolkata-Gauge-1,2,urban,unconsolidated_sediment,0,0.010592099557529254,0,LOW
2024-01-10 09:00:00,Guwahati-Gauge-1,3,cropland,sedimentary,0,0.010592099557529254,0,LOW
2024-01-10 09:00:00,Sonapur-Gauge-1,4,forest,unconsolidated_sediment,0,0.010592099557529254,0,LOW
2024-01-10 10:00:00,Chamoli-Gauge-1,1,sparse_vegetation,fractured_metamorphic,1,0.8946742614983781,1,EXTREME
2024-01-10 10:00:00,Kolkata-Gauge-1,2,urban,unconsolidated_sediment,0,0.010592099557529254,0,LOW
2024-01-10 10:00:00,Guwahati-Gauge-1,3,cropland,sedimentary,0,0.010592099557529254,0,LOW
2024-01-10 10:00:00,Sonapur-Gauge-1,4,forest,unconsolidated_sediment,0,0.010592099557529254,0,LOW
2024-01-10 11:00:00,Chamoli-Gauge-1,1,sparse_vegetation,fractured_metamorphic,1,0.8966797464489897,1,EXTREME
2024-01-10 11:00:00,Kolkata-Gauge-1,2,urban,unconsolidated_sediment,0,0.010592099557529254,0,LOW
2024-01-10 11:00:00,Guwahati-Gauge-1,3,cropland,sedimentary,0,0.010592099557529254,0,LOW
2024-01-10 11:00:00,Sonapur-Gauge-1,4,forest,unconsolidated_sediment,0,0.010592099557529254,0,LOW
2024-01-10 12:00:00,Chamoli-Gauge-1,1,sparse_vegetation,fractured_metamorphic,1,0.8964819807182789,1,EXTREME
2024-01-10 12:00:00,Kolkata-Gauge-1,2,urban,unconsolidated_sediment,0,0.010592099557529254,0,LOW
2024-01-10 12:00:00,Guwahati-Gauge-1,3,cropland,sedimentary,0,0.010592099557529254,0,LOW
2024-01-10 12:00:00,Sonapur-Gauge-1,4,forest,unconsolidated_sediment,0,0.010592099557529254,0,LOW
2024-01-10 13:00:00,Chamoli-Gauge-1,1,sparse_vegetation,fractured_metamorphic,1,0.895415590622382,1,EXTREME
2024-01-10 13:00:00,Kolkata-Gauge-1,2,urban,unconsolidated_sediment,0,0.010592099557529254,0,LOW
2024-01-10 13:00:00,Guwahati-Gauge-1,3,cropland,sedimentary,0,0.010592099557529254,0,LOW
2024-01-10 13:00:00,Sonapur-Gauge-1,4,forest,unconsolidated_sediment,0,0.010592099557529254,0,LOW
2024-01-10 14:00:00,Chamoli-Gauge-1,1,sparse_vegetation,fractured_metamorphic,1,0.8902168135497331,1,EXTREME
2024-01-10 14:00:00,Kolkata-Gauge-1,2,urban,unconsolidated_sediment,0,0.010592099557529254,0,LOW
2024-01-10 14:00:00,Guwahati-Gauge-1,3,cropland,sedimentary,0,0.010592099557529254,0,LOW
2024-01-10 14:00:00,Sonapur-Gauge-1,4,forest,unconsolidated_sediment,0,0.010592099557529254,0,LOW
2024-01-10 15:00:00,Chamoli-Gauge-1,1,sparse_vegetation,fractured_metamorphic,1,0.8898332810033162,1,EXTREME
2024-01-10 15:00:00,Kolkata-Gauge-1,2,urban,unconsolidated_sediment,0,0.010592099557529254,0,LOW
2024-01-10 15:00:00,Guwahati-Gauge-1,3,cropland,sedimentary,0,0.010592099557529254,0,LOW
2024-01-10 15:00:00,Sonapur-Gauge-1,4,forest,unconsolidated_sediment,0,0.010592099557529254,0,LOW
2024-01-10 16:00:00,Chamoli-Gauge-1,1,sparse_vegetation,fractured_metamorphic,1,0.8761790895721361,1,EXTREME
2024-01-10 16:00:00,Kolkata-Gauge-1,2,urban,unconsolidated_sediment,0,0.010592099557529254,0,LOW
2024-01-10 16:00:00,Guwahati-Gauge-1,3,cropland,sedimentary,0,0.010592099557529254,0,LOW
2024-01-10 16:00:00,Sonapur-Gauge-1,4,forest,unconsolidated_sediment,0,0.010592099557529254,0,LOW
2024-01-10 17:00:00,Chamoli-Gauge-1,1,sparse_vegetation,fractured_metamorphic,1,0.8905530424998463,1,EXTREME
2024-01-10 17:00:00,Kolkata-Gauge-1,2,urban,unconsolidated_sediment,0,0.010592099557529254,0,LOW
2024-01-10 17:00:00,Guwahati-Gauge-1,3,cropland,sedimentary,0,0.010592099557529254,0,LOW
2024-01-10 17:00:00,Sonapur-Gauge-1,4,forest,unconsolidated_sediment,0,0.010592099557529254,0,LOW
2024-01-10 18:00:00,Chamoli-Gauge-1,1,sparse_vegetation,fractured_metamorphic,1,0.8961889889016997,1,EXTREME
2024-01-10 18:00:00,Kolkata-Gauge-1,2,urban,unconsolidated_sediment,0,0.010592099557529254,0,LOW
2024-01-10 18:00:00,Guwahati-Gauge-1,3,cropland,sedimentary,0,0.010592099557529254,0,LOW
2024-01-10 18:00:00,Sonapur-Gauge-1,4,forest,unconsolidated_sediment,0,0.010592099557529254,0,LOW
2024-01-10 19:00:00,Chamoli-Gauge-1,1,sparse_vegetation,fractured_metamorphic,1,0.8960955421711282,1,EXTREME
2024-01-10 19:00:00,Kolkata-Gauge-1,2,urban,unconsolidated_sediment,0,0.010592099557529254,0,LOW
2024-01-10 19:00:00,Guwahati-Gauge-1,3,cropland,sedimentary,0,0.010592099557529254,0,LOW
2024-01-10 19:00:00,Sonapur-Gauge-1,4,forest,unconsolidated_sediment,0,0.010592099557529254,0,LOW
2024-01-10 20:00:00,Chamoli-Gauge-1,1,sparse_vegetation,fractured_metamorphic,1,0.894165240757065,1,EXTREME
2024-01-10 20:00:00,Kolkata-Gauge-1,2,urban,unconsolidated_sediment,0,0.010592099557529254,0,LOW
2024-01-10 20:00:00,Guwahati-Gauge-1,3,cropland,sedimentary,0,0.010592099557529254,0,LOW
2024-01-10 20:00:00,Sonapur-Gauge-1,4,forest,unconsolidated_sediment,0,0.010592099557529254,0,LOW
2024-01-10 21:00:00,Chamoli-Gauge-1,1,sparse_vegetation,fractured_metamorphic,1,0.8897018347399198,1,EXTREME
2024-01-10 21:00:00,Kolkata-Gauge-1,2,urban,unconsolidated_sediment,0,0.010592099557529254,0,LOW
2024-01-10 21:00:00,Guwahati-Gauge-1,3,cropland,sedimentary,0,0.010592099557529254,0,LOW
2024-01-10 21:00:00,Sonapur-Gauge-1,4,forest,unconsolidated_sediment,0,0.010592099557529254,0,LOW
2024-01-10 22:00:00,Chamoli-Gauge-1,1,sparse_vegetation,fractured_metamorphic,1,0.8938984809086609,1,EXTREME
2024-01-10 22:00:00,Kolkata-Gauge-1,2,urban,unconsolidated_sediment,0,0.010592099557529254,0,LOW
2024-01-10 22:00:00,Guwahati-Gauge-1,3,cropland,sedimentary,0,0.010592099557529254,0,LOW
2024-01-10 22:00:00,Sonapur-Gauge-1,4,forest,unconsolidated_sediment,0,0.010592099557529254,0,LOW
2024-01-10 23:00:00,Chamoli-Gauge-1,1,sparse_vegetation,fractured_metamorphic,1,0.8948497543294861,1,EXTREME
2024-01-10 23:00:00,Kolkata-Gauge-1,2,urban,unconsolidated_sediment,0,0.010592099557529254,0,LOW
2024-01-10 23:00:00,Guwahati-Gauge-1,3,cropland,sedimentary,0,0.010592099557529254,0,LOW
2024-01-10 23:00:00,Sonapur-Gauge-1,4,forest,unconsolidated_sediment,0,0.010592099557529254,0,LOW
2024-01-11 00:00:00,Chamoli-Gauge-1,1,sparse_vegetation,fractured_metamorphic,1,0.8948497543294861,1,EXTREME
2024-01-11 00:00:00,Kolkata-Gauge-1,2,urban,unconsolidated_sediment,0,0.010592099557529254,0,LOW
2024-01-11 00:00:00,Guwahati-Gauge-1,3,cropland,sedimentary,0,0.010592099557529254,0,LOW
2024-01-11 00:00:00,Sonapur-Gauge-1,4,forest,unconsolidated_sediment,0,0.010592099557529254,0,LOW
2024-01-11 01:00:00,Chamoli-Gauge-1,1,sparse_vegetation,fractured_metamorphic,1,0.8893120932383931,1,EXTREME
2024-01-11 01:00:00,Kolkata-Gauge-1,2,urban,unconsolidated_sediment,0,0.010592099557529254,0,LOW
2024-01-11 01:00:00,Guwahati-Gauge-1,3,cropland,sedimentary,0,0.010592099557529254,0,LOW
2024-01-11 01:00:00,Sonapur-Gauge-1,4,forest,unconsolidated_sediment,0,0.010592099557529254,0,LOW
2024-01-11 02:00:00,Chamoli-Gauge-1,1,sparse_vegetation,fractured_metamorphic,1,0.8956792647529747,1,EXTREME
2024-01-11 02:00:00,Kolkata-Gauge-1,2,urban,unconsolidated_sediment,0,0.011393513059074397,0,LOW
2024-01-11 02:00:00,Guwahati-Gauge-1,3,cropland,sedimentary,0,0.010592099557529254,0,LOW
2024-01-11 02:00:00,Sonapur-Gauge-1,4,forest,unconsolidated_sediment,0,0.010592099557529254,0,LOW
2024-01-11 03:00:00,Chamoli-Gauge-1,1,sparse_vegetation,fractured_metamorphic,1,0.8956792647529747,1,EXTREME
2024-01-11 03:00:00,Kolkata-Gauge-1,2,urban,unconsolidated_sediment,0,0.01156244059266672,0,LOW
2024-01-11 03:00:00,Guwahati-Gauge-1,3,cropland,sedimentary,0,0.010592099557529254,0,LOW
2024-01-11 03:00:00,Sonapur-Gauge-1,4,forest,unconsolidated_sediment,0,0.010592099557529254,0,LOW
2024-01-11 04:00:00,Chamoli-Gauge-1,1,sparse_vegetation,fractured_metamorphic,1,0.8947479521901991,1,EXTREME
2024-01-11 04:00:00,Kolkata-Gauge-1,2,urban,unconsolidated_sediment,0,0.011798350395821715,0,LOW
2024-01-11 04:00:00,Guwahati-Gauge-1,3,cropland,sedimentary,0,0.010592099557529254,0,LOW
2024-01-11 04:00:00,Sonapur-Gauge-1,4,forest,unconsolidated_sediment,0,0.010592099557529254,0,LOW
2024-01-11 05:00:00,Chamoli-Gauge-1,1,sparse_vegetation,fractured_metamorphic,1,0.8964676716812705,1,EXTREME
2024-01-11 05:00:00,Kolkata-Gauge-1,2,urban,unconsolidated_sediment,0,0.010592099557529254,0,LOW
2024-01-11 05:00:00,Guwahati-Gauge-1,3,cropland,sedimentary,0,0.010592099557529254,0,LOW
2024-01-11 05:00:00,Sonapur-Gauge-1,4,forest,unconsolidated_sediment,0,0.010592099557529254,0,LOW
2024-01-11 06:00:00,Chamoli-Gauge-1,1,sparse_vegetation,fractured_metamorphic,1,0.8963272695251213,1,EXTREME
2024-01-11 06:00:00,Kolkata-Gauge-1,2,urban,unconsolidated_sediment,0,0.010592099557529254,0,LOW
2024-01-11 06:00:00,Guwahati-Gauge-1,3,cropland,sedimentary,0,0.010592099557529254,0,LOW
2024-01-11 06:00:00,Sonapur-Gauge-1,4,forest,unconsolidated_sediment,0,0.010592099557529254,0,LOW
2024-01-11 07:00:00,Chamoli-Gauge-1,1,sparse_vegetation,fractured_metamorphic,1,0.8954797325810222,1,EXTREME
2024-01-11 07:00:00,Kolkata-Gauge-1,2,urban,unconsolidated_sediment,0,0.010592099557529254,0,LOW
2024-01-11 07:00:00,Guwahati-Gauge-1,3,cropland,sedimentary,0,0.010592099557529254,0,LOW
2024-01-11 07:00:00,Sonapur-Gauge-1,4,forest,unconsolidated_sediment,0,0.010592099557529254,0,LOW
2024-01-11 08:00:00,Chamoli-Gauge-1,1,sparse_vegetation,fractured_metamorphic,1,0.8959488280199663,1,EXTREME
2024-01-11 08:00:00,Kolkata-Gauge-1,2,urban,unconsolidated_sediment,0,0.010592099557529254,0,LOW
2024-01-11 08:00:00,Guwahati-Gauge-1,3,cropland,sedimentary,0,0.010592099557529254,0,LOW
2024-01-11 08:00:00,Sonapur-Gauge-1,4,forest,unconsolidated_sediment,0,0.010592099557529254,0,LOW
2024-01-11 09:00:00,Chamoli-Gauge-1,1,sparse_vegetation,fractured_metamorphic,1,0.8963014450655421,1,EXTREME
2024-01-11 09:00:00,Kolkata-Gauge-1,2,urban,unconsolidated_sediment,0,0.010592099557529254,0,LOW
2024-01-11 09:00:00,Guwahati-Gauge-1,3,cropland,sedimentary,0,0.010592099557529254,0,LOW
2024-01-11 09:00:00,Sonapur-Gauge-1,4,forest,unconsolidated_sediment,0,0.010592099557529254,0,LOW
2024-01-11 10:00:00,Chamoli-Gauge-1,1,sparse_vegetation,fractured_metamorphic,1,0.8939851645162576,1,EXTREME
2024-01-11 10:00:00,Kolkata-Gauge-1,2,urban,unconsolidated_sediment,0,0.010592099557529254,0,LOW
2024-01-11 10:00:00,Guwahati-Gauge-1,3,cropland,sedimentary,0,0.010592099557529254,0,LOW
2024-01-11 10:00:00,Sonapur-Gauge-1,4,forest,unconsolidated_sediment,0,0.010592099557529254,0,LOW
2024-01-11 11:00:00,Chamoli-Gauge-1,1,sparse_vegetation,fractured_metamorphic,1,0.8501235576079185,1,EXTREME
2024-01-11 11:00:00,Kolkata-Gauge-1,2,urban,unconsolidated_sediment,0,0.010592099557529254,0,LOW
2024-01-11 11:00:00,Guwahati-Gauge-1,3,cropland,sedimentary,0,0.010592099557529254,0,LOW
2024-01-11 11:00:00,Sonapur-Gauge-1,4,forest,unconsolidated_sediment,0,0.010592099557529254,0,LOW
2024-01-11 12:00:00,Chamoli-Gauge-1,1,sparse_vegetation,fractured_metamorphic,1,0.8795184228553996,1,EXTREME
2024-01-11 12:00:00,Kolkata-Gauge-1,2,urban,unconsolidated_sediment,0,0.010592099557529254,0,LOW
2024-01-11 12:00:00,Guwahati-Gauge-1,3,cropland,sedimentary,0,0.010592099557529254,0,LOW
2024-01-11 12:00:00,Sonapur-Gauge-1,4,forest,unconsolidated_sediment,0,0.010592099557529254,0,LOW
2024-01-11 13:00:00,Chamoli-Gauge-1,1,sparse_vegetation,fractured_metamorphic,1,0.8714646782857265,1,EXTREME
2024-01-11 13:00:00,Kolkata-Gauge-1,2,urban,unconsolidated_sediment,0,0.010592099557529254,0,LOW
2024-01-11 13:00:00,Guwahati-Gauge-1,3,cropland,sedimentary,0,0.010592099557529254,0,LOW
2024-01-11 13:00:00,Sonapur-Gauge-1,4,forest,unconsolidated_sediment,0,0.010592099557529254,0,LOW
2024-01-11 14:00:00,Chamoli-Gauge-1,1,sparse_vegetation,fractured_metamorphic,1,0.8841541167610559,1,EXTREME
2024-01-11 14:00:00,Kolkata-Gauge-1,2,urban,unconsolidated_sediment,0,0.01074919801466963,0,LOW
2024-01-11 14:00:00,Guwahati-Gauge-1,3,cropland,sedimentary,0,0.010592099557529254,0,LOW
2024-01-11 14:00:00,Sonapur-Gauge-1,4,forest,unconsolidated_sediment,0,0.010592099557529254,0,LOW
2024-01-11 15:00:00,Chamoli-Gauge-1,1,sparse_vegetation,fractured_metamorphic,1,0.8754391238852058,1,EXTREME
2024-01-11 15:00:00,Kolkata-Gauge-1,2,urban,unconsolidated_sediment,0,0.01074919801466963,0,LOW
2024-01-11 15:00:00,Guwahati-Gauge-1,3,cropland,sedimentary,0,0.010592099557529254,0,LOW
2024-01-11 15:00:00,Sonapur-Gauge-1,4,forest,unconsolidated_sediment,0,0.010592099557529254,0,LOW
2024-01-11 16:00:00,Chamoli-Gauge-1,1,sparse_vegetation,fractured_metamorphic,0,0.8257375997034773,1,EXTREME
2024-01-11 16:00:00,Kolkata-Gauge-1,2,urban,unconsolidated_sediment,0,0.011596047913407766,0,LOW
2024-01-11 16:00:00,Guwahati-Gauge-1,3,cropland,sedimentary,0,0.010592099557529254,0,LOW
2024-01-11 16:00:00,Sonapur-Gauge-1,4,forest,unconsolidated_sediment,0,0.010592099557529254,0,LOW
2024-01-11 17:00:00,Chamoli-Gauge-1,1,sparse_vegetation,fractured_metamorphic,1,0.8713958335443645,1,EXTREME
2024-01-11 17:00:00,Kolkata-Gauge-1,2,urban,unconsolidated_sediment,0,0.011033868164813268,0,LOW
2024-01-11 17:00:00,Guwahati-Gauge-1,3,cropland,sedimentary,0,0.010592099557529254,0,LOW
2024-01-11 17:00:00,Sonapur-Gauge-1,4,forest,unconsolidated_sediment,0,0.010792120162626534,0,LOW
2024-01-11 18:00:00,Chamoli-Gauge-1,1,sparse_vegetation,fractured_metamorphic,1,0.8785463205480916,1,EXTREME
2024-01-11 18:00:00,Kolkata-Gauge-1,2,urban,unconsolidated_sediment,0,0.011033868164813268,0,LOW
2024-01-11 18:00:00,Guwahati-Gauge-1,3,cropland,sedimentary,0,0.010592099557529254,0,LOW
2024-01-11 18:00:00,Sonapur-Gauge-1,4,forest,unconsolidated_sediment,0,0.010777151226833332,0,LOW
2024-01-11 19:00:00,Chamoli-Gauge-1,1,sparse_vegetation,fractured_metamorphic,1,0.8661517218792362,1,EXTREME
2024-01-11 19:00:00,Kolkata-Gauge-1,2,urban,unconsolidated_sediment,0,0.010592099557529254,0,LOW
2024-01-11 19:00:00,Guwahati-Gauge-1,3,cropland,sedimentary,0,0.011413259720404646,0,LOW
2024-01-11 19:00:00,Sonapur-Gauge-1,4,forest,unconsolidated_sediment,0,0.010777151226833332,0,LOW
2024-01-11 20:00:00,Chamoli-Gauge-1,1,sparse_vegetation,fractured_metamorphic,0,0.8433882279338382,1,EXTREME
2024-01-11 20:00:00,Kolkata-Gauge-1,2,urban,unconsolidated_sediment,0,0.010592099557529254,0,LOW
2024-01-11 20:00:00,Guwahati-Gauge-1,3,cropland,sedimentary,0,0.010592099557529254,0,LOW
2024-01-11 20:00:00,Sonapur-Gauge-1,4,forest,unconsolidated_sediment,0,0.011726374005176836,0,LOW
2024-01-11 21:00:00,Chamoli-Gauge-1,1,sparse_vegetation,fractured_metamorphic,1,0.8687723496975758,1,EXTREME
2024-01-11 21:00:00,Kolkata-Gauge-1,2,urban,unconsolidated_sediment,0,0.010592099557529254,0,LOW
2024-01-11 21:00:00,Guwahati-Gauge-1,3,cropland,sedimentary,0,0.010592099557529254,0,LOW
2024-01-11 21:00:00,Sonapur-Gauge-1,4,forest,unconsolidated_sediment,0,0.011512116056986656,0,LOW
2024-01-11 22:00:00,Chamoli-Gauge-1,1,sparse_vegetation,fractured_metamorphic,0,0.41642569489115894,0,MODERATE
2024-01-11 22:00:00,Kolkata-Gauge-1,2,urban,unconsolidated_sediment,0,0.010592099557529254,0,LOW
2024-01-11 22:00:00,Guwahati-Gauge-1,3,cropland,sedimentary,0,0.010592099557529254,0,LOW
2024-01-11 22:00:00,Sonapur-Gauge-1,4,forest,unconsolidated_sediment,0,0.011512116056986656,0,LOW
2024-01-11 23:00:00,Chamoli-Gauge-1,1,sparse_vegetation,fractured_metamorphic,1,0.830089941304451,1,EXTREME
2024-01-11 23:00:00,Kolkata-Gauge-1,2,urban,unconsolidated_sediment,0,0.010592099557529254,0,LOW
2024-01-11 23:00:00,Guwahati-Gauge-1,3,cropland,sedimentary,0,0.010592099557529254,0,LOW
2024-01-11 23:00:00,Sonapur-Gauge-1,4,forest,unconsolidated_sediment,0,0.010592099557529254,0,LOW
2024-01-12 00:00:00,Chamoli-Gauge-1,1,sparse_vegetation,fractured_metamorphic,1,0.8502589061539608,1,EXTREME
2024-01-12 00:00:00,Kolkata-Gauge-1,2,urban,unconsolidated_sediment,0,0.010592099557529254,0,LOW
2024-01-12 00:00:00,Guwahati-Gauge-1,3,cropland,sedimentary,0,0.010592099557529254,0,LOW
2024-01-12 00:00:00,Sonapur-Gauge-1,4,forest,unconsolidated_sediment,0,0.010592099557529254,0,LOW
2024-01-12 01:00:00,Chamoli-Gauge-1,1,sparse_vegetation,fractured_metamorphic,1,0.7789191620057034,1,HIGH
2024-01-12 01:00:00,Kolkata-Gauge-1,2,urban,unconsolidated_sediment,0,0.010592099557529254,0,LOW
2024-01-12 01:00:00,Guwahati-Gauge-1,3,cropland,sedimentary,0,0.010592099557529254,0,LOW
2024-01-12 01:00:00,Sonapur-Gauge-1,4,forest,unconsolidated_sediment,0,0.010592099557529254,0,LOW
2024-01-12 02:00:00,Chamoli-Gauge-1,1,sparse_vegetation,fractured_metamorphic,0,0.4795724385790891,0,MODERATE
2024-01-12 02:00:00,Kolkata-Gauge-1,2,urban,unconsolidated_sediment,0,0.010592099557529254,0,LOW
2024-01-12 02:00:00,Guwahati-Gauge-1,3,cropland,sedimentary,0,0.010592099557529254,0,LOW
2024-01-12 02:00:00,Sonapur-Gauge-1,4,forest,unconsolidated_sediment,0,0.010592099557529254,0,LOW
2024-01-12 03:00:00,Chamoli-Gauge-1,1,sparse_vegetation,fractured_metamorphic,1,0.6090271082137384,1,HIGH
2024-01-12 03:00:00,Kolkata-Gauge-1,2,urban,unconsolidated_sediment,0,0.010592099557529254,0,LOW
2024-01-12 03:00:00,Guwahati-Gauge-1,3,cropland,sedimentary,0,0.010592099557529254,0,LOW
2024-01-12 03:00:00,Sonapur-Gauge-1,4,forest,unconsolidated_sediment,0,0.010592099557529254,0,LOW
2024-01-12 04:00:00,Chamoli-Gauge-1,1,sparse_vegetation,fractured_metamorphic,0,0.5164256510259063,1,MODERATE
2024-01-12 04:00:00,Kolkata-Gauge-1,2,urban,unconsolidated_sediment,0,0.01061297605656985,0,LOW
2024-01-12 04:00:00,Guwahati-Gauge-1,3,cropland,sedimentary,0,0.010592099557529254,0,LOW
2024-01-12 04:00:00,Sonapur-Gauge-1,4,forest,unconsolidated_sediment,0,0.011373012021315125,0,LOW
2024-01-12 05:00:00,Chamoli-Gauge-1,1,sparse_vegetation,fractured_metamorphic,1,0.886610787336137,1,EXTREME
2024-01-12 05:00:00,Kolkata-Gauge-1,2,urban,unconsolidated_sediment,0,0.01061297605656985,0,LOW
2024-01-12 05:00:00,Guwahati-Gauge-1,3,cropland,sedimentary,0,0.010592099557529254,0,LOW
2024-01-12 05:00:00,Sonapur-Gauge-1,4,forest,unconsolidated_sediment,0,0.010592099557529254,0,LOW
2024-01-12 06:00:00,Chamoli-Gauge-1,1,sparse_vegetation,fractured_metamorphic,1,0.8893703050687396,1,EXTREME
2024-01-12 06:00:00,Kolkata-Gauge-1,2,urban,unconsolidated_sediment,0,0.01061297605656985,0,LOW
2024-01-12 06:00:00,Guwahati-Gauge-1,3,cropland,sedimentary,0,0.010592099557529254,0,LOW
2024-01-12 06:00:00,Sonapur-Gauge-1,4,forest,unconsolidated_sediment,0,0.010592099557529254,0,LOW
2024-01-12 07:00:00,Chamoli-Gauge-1,1,sparse_vegetation,fractured_metamorphic,1,0.8907026813058349,1,EXTREME
2024-01-12 07:00:00,Kolkata-Gauge-1,2,urban,unconsolidated_sediment,0,0.01061297605656985,0,LOW
2024-01-12 07:00:00,Guwahati-Gauge-1,3,cropland,sedimentary,0,0.010592099557529254,0,LOW
2024-01-12 07:00:00,Sonapur-Gauge-1,4,forest,unconsolidated_sediment,0,0.010592099557529254,0,LOW
2024-01-12 08:00:00,Chamoli-Gauge-1,1,sparse_vegetation,fractured_metamorphic,1,0.8930520207774936,1,EXTREME
2024-01-12 08:00:00,Kolkata-Gauge-1,2,urban,unconsolidated_sediment,0,0.01061297605656985,0,LOW
2024-01-12 08:00:00,Guwahati-Gauge-1,3,cropland,sedimentary,0,0.010592099557529254,0,LOW
2024-01-12 08:00:00,Sonapur-Gauge-1,4,forest,unconsolidated_sediment,0,0.010592099557529254,0,LOW
2024-01-12 09:00:00,Chamoli-Gauge-1,1,sparse_vegetation,fractured_metamorphic,1,0.8931969697011101,1,EXTREME
2024-01-12 09:00:00,Kolkata-Gauge-1,2,urban,unconsolidated_sediment,0,0.01061297605656985,0,LOW
2024-01-12 09:00:00,Guwahati-Gauge-1,3,cropland,sedimentary,0,0.010592099557529254,0,LOW
2024-01-12 09:00:00,Sonapur-Gauge-1,4,forest,unconsolidated_sediment,0,0.010592099557529254,0,LOW
2024-01-12 10:00:00,Chamoli-Gauge-1,1,sparse_vegetation,fractured_metamorphic,1,0.8933200431701183,1,EXTREME
2024-01-12 10:00:00,Kolkata-Gauge-1,2,urban,unconsolidated_sediment,0,0.01061297605656985,0,LOW
2024-01-12 10:00:00,Guwahati-Gauge-1,3,cropland,sedimentary,0,0.010592099557529254,0,LOW
2024-01-12 10:00:00,Sonapur-Gauge-1,4,forest,unconsolidated_sediment,0,0.010592099557529254,0,LOW
2024-01-12 11:00:00,Chamoli-Gauge-1,1,sparse_vegetation,fractured_metamorphic,1,0.8886251531409032,1,EXTREME
2024-01-12 11:00:00,Kolkata-Gauge-1,2,urban,unconsolidated_sediment,0,0.01061297605656985,0,LOW
2024-01-12 11:00:00,Guwahati-Gauge-1,3,cropland,sedimentary,0,0.010592099557529254,0,LOW
2024-01-12 11:00:00,Sonapur-Gauge-1,4,forest,unconsolidated_sediment,0,0.010592099557529254,0,LOW
2024-01-12 12:00:00,Chamoli-Gauge-1,1,sparse_vegetation,fractured_metamorphic,1,0.8870802993586006,1,EXTREME
2024-01-12 12:00:00,Kolkata-Gauge-1,2,urban,unconsolidated_sediment,0,0.01061297605656985,0,LOW
2024-01-12 12:00:00,Guwahati-Gauge-1,3,cropland,sedimentary,0,0.010592099557529254,0,LOW
2024-01-12 12:00:00,Sonapur-Gauge-1,4,forest,unconsolidated_sediment,0,0.010592099557529254,0,LOW
2024-01-12 13:00:00,Chamoli-Gauge-1,1,sparse_vegetation,fractured_metamorphic,1,0.8828467631318233,1,EXTREME
2024-01-12 13:00:00,Kolkata-Gauge-1,2,urban,unconsolidated_sediment,0,0.01061297605656985,0,LOW
2024-01-12 13:00:00,Guwahati-Gauge-1,3,cropland,sedimentary,0,0.010592099557529254,0,LOW
2024-01-12 13:00:00,Sonapur-Gauge-1,4,forest,unconsolidated_sediment,0,0.010592099557529254,0,LOW
2024-01-12 14:00:00,Chamoli-Gauge-1,1,sparse_vegetation,fractured_metamorphic,0,0.8472874820458254,1,EXTREME
2024-01-12 14:00:00,Kolkata-Gauge-1,2,urban,unconsolidated_sediment,0,0.010592099557529254,0,LOW
2024-01-12 14:00:00,Guwahati-Gauge-1,3,cropland,sedimentary,0,0.010592099557529254,0,LOW
2024-01-12 14:00:00,Sonapur-Gauge-1,4,forest,unconsolidated_sediment,0,0.010592099557529254,0,LOW
2024-01-12 15:00:00,Chamoli-Gauge-1,1,sparse_vegetation,fractured_metamorphic,1,0.8710038145581737,1,EXTREME
2024-01-12 15:00:00,Kolkata-Gauge-1,2,urban,unconsolidated_sediment,0,0.010592099557529254,0,LOW
2024-01-12 15:00:00,Guwahati-Gauge-1,3,cropland,sedimentary,0,0.010592099557529254,0,LOW
2024-01-12 15:00:00,Sonapur-Gauge-1,4,forest,unconsolidated_sediment,0,0.010592099557529254,0,LOW
2024-01-12 16:00:00,Chamoli-Gauge-1,1,sparse_vegetation,fractured_metamorphic,1,0.8722890997380218,1,EXTREME
2024-01-12 16:00:00,Kolkata-Gauge-1,2,urban,unconsolidated_sediment,0,0.010592099557529254,0,LOW
2024-01-12 16:00:00,Guwahati-Gauge-1,3,cropland,sedimentary,0,0.010592099557529254,0,LOW
2024-01-12 16:00:00,Sonapur-Gauge-1,4,forest,unconsolidated_sediment,0,0.010592099557529254,0,LOW
2024-01-12 17:00:00,Chamoli-Gauge-1,1,sparse_vegetation,fractured_metamorphic,1,0.8548170817879993,1,EXTREME
2024-01-12 17:00:00,Kolkata-Gauge-1,2,urban,unconsolidated_sediment,0,0.010592099557529254,0,LOW
2024-01-12 17:00:00,Guwahati-Gauge-1,3,cropland,sedimentary,0,0.010592099557529254,0,LOW
2024-01-12 17:00:00,Sonapur-Gauge-1,4,forest,unconsolidated_sediment,0,0.010592099557529254,0,LOW
2024-01-12 18:00:00,Chamoli-Gauge-1,1,sparse_vegetation,fractured_metamorphic,1,0.8898100172616611,1,EXTREME
2024-01-12 18:00:00,Kolkata-Gauge-1,2,urban,unconsolidated_sediment,0,0.010592099557529254,0,LOW
2024-01-12 18:00:00,Guwahati-Gauge-1,3,cropland,sedimentary,0,0.010592099557529254,0,LOW
2024-01-12 18:00:00,Sonapur-Gauge-1,4,forest,unconsolidated_sediment,0,0.010592099557529254,0,LOW
2024-01-12 19:00:00,Chamoli-Gauge-1,1,sparse_vegetation,fractured_metamorphic,1,0.8907645748727788,1,EXTREME
2024-01-12 19:00:00,Kolkata-Gauge-1,2,urban,unconsolidated_sediment,0,0.010592099557529254,0,LOW
2024-01-12 19:00:00,Guwahati-Gauge-1,3,cropland,sedimentary,0,0.01135647885559401,0,LOW
2024-01-12 19:00:00,Sonapur-Gauge-1,4,forest,unconsolidated_sediment,0,0.010592099557529254,0,LOW
2024-01-12 20:00:00,Chamoli-Gauge-1,1,sparse_vegetation,fractured_metamorphic,1,0.8846612951069691,1,EXTREME
2024-01-12 20:00:00,Kolkata-Gauge-1,2,urban,unconsolidated_sediment,0,0.010592099557529254,0,LOW
2024-01-12 20:00:00,Guwahati-Gauge-1,3,cropland,sedimentary,0,0.01135647885559401,0,LOW
2024-01-12 20:00:00,Sonapur-Gauge-1,4,forest,unconsolidated_sediment,0,0.010592099557529254,0,LOW
2024-01-12 21:00:00,Chamoli-Gauge-1,1,sparse_vegetation,fractured_metamorphic,1,0.886243156035786,1,EXTREME
2024-01-12 21:00:00,Kolkata-Gauge-1,2,urban,unconsolidated_sediment,0,0.010592099557529254,0,LOW
2024-01-12 21:00:00,Guwahati-Gauge-1,3,cropland,sedimentary,0,0.01135647885559401,0,LOW
2024-01-12 21:00:00,Sonapur-Gauge-1,4,forest,unconsolidated_sediment,0,0.010592099557529254,0,LOW
2024-01-12 22:00:00,Chamoli-Gauge-1,1,sparse_vegetation,fractured_metamorphic,1,0.8864627516173849,1,EXTREME
2024-01-12 22:00:00,Kolkata-Gauge-1,2,urban,unconsolidated_sediment,0,0.010592099557529254,0,LOW
2024-01-12 22:00:00,Guwahati-Gauge-1,3,cropland,sedimentary,0,0.010592099557529254,0,LOW
2024-01-12 22:00:00,Sonapur-Gauge-1,4,forest,unconsolidated_sediment,0,0.010592099557529254,0,LOW
2024-01-12 23:00:00,Chamoli-Gauge-1,1,sparse_vegetation,fractured_metamorphic,1,0.8809174314817977,1,EXTREME
2024-01-12 23:00:00,Kolkata-Gauge-1,2,urban,unconsolidated_sediment,0,0.010592099557529254,0,LOW
2024-01-12 23:00:00,Guwahati-Gauge-1,3,cropland,sedimentary,0,0.010592099557529254,0,LOW
2024-01-12 23:00:00,Sonapur-Gauge-1,4,forest,unconsolidated_sediment,0,0.010802648860468169,0,LOW
2024-01-13 00:00:00,Chamoli-Gauge-1,1,sparse_vegetation,fractured_metamorphic,1,0.8529268198845311,1,EXTREME
2024-01-13 00:00:00,Kolkata-Gauge-1,2,urban,unconsolidated_sediment,0,0.010980836856109342,0,LOW
2024-01-13 00:00:00,Guwahati-Gauge-1,3,cropland,sedimentary,0,0.010592099557529254,0,LOW
2024-01-13 00:00:00,Sonapur-Gauge-1,4,forest,unconsolidated_sediment,0,0.010802648860468169,0,LOW
2024-01-13 01:00:00,Chamoli-Gauge-1,1,sparse_vegetation,fractured_metamorphic,1,0.834977922015152,1,EXTREME
2024-01-13 01:00:00,Kolkata-Gauge-1,2,urban,unconsolidated_sediment,0,0.01123095257216203,0,LOW
2024-01-13 01:00:00,Guwahati-Gauge-1,3,cropland,sedimentary,0,0.010592099557529254,0,LOW
2024-01-13 01:00:00,Sonapur-Gauge-1,4,forest,unconsolidated_sediment,0,0.010802648860468169,0,LOW
2024-01-13 02:00:00,Chamoli-Gauge-1,1,sparse_vegetation,fractured_metamorphic,0,0.6035224386604705,1,HIGH
2024-01-13 02:00:00,Kolkata-Gauge-1,2,urban,unconsolidated_sediment,0,0.01123095257216203,0,LOW
2024-01-13 02:00:00,Guwahati-Gauge-1,3,cropland,sedimentary,0,0.010592099557529254,0,LOW
2024-01-13 02:00:00,Sonapur-Gauge-1,4,forest,unconsolidated_sediment,0,0.010592099557529254,0,LOW
2024-01-13 03:00:00,Chamoli-Gauge-1,1,sparse_vegetation,fractured_metamorphic,0,0.44980397763320684,0,MODERATE
2024-01-13 03:00:00,Kolkata-Gauge-1,2,urban,unconsolidated_sediment,0,0.011343780259840905,0,LOW
2024-01-13 03:00:00,Guwahati-Gauge-1,3,cropland,sedimentary,0,0.010592099557529254,0,LOW
2024-01-13 03:00:00,Sonapur-Gauge-1,4,forest,unconsolidated_sediment,0,0.010592099557529254,0,LOW
2024-01-13 04:00:00,Chamoli-Gauge-1,1,sparse_vegetation,fractured_metamorphic,0,0.4114034361602088,0,MODERATE
2024-01-13 04:00:00,Kolkata-Gauge-1,2,urban,unconsolidated_sediment,0,0.01106768160066154,0,LOW
2024-01-13 04:00:00,Guwahati-Gauge-1,3,cropland,sedimentary,0,0.010592099557529254,0,LOW
2024-01-13 04:00:00,Sonapur-Gauge-1,4,forest,unconsolidated_sediment,0,0.010592099557529254,0,LOW
2024-01-13 05:00:00,Chamoli-Gauge-1,1,sparse_vegetation,fractured_metamorphic,0,0.15317606194984443,0,LOW
2024-01-13 05:00:00,Kolkata-Gauge-1,2,urban,unconsolidated_sediment,0,0.01106768160066154,0,LOW
2024-01-13 05:00:00,Guwahati-Gauge-1,3,cropland,sedimentary,0,0.011686511735103851,0,LOW
2024-01-13 05:00:00,Sonapur-Gauge-1,4,forest,unconsolidated_sediment,0,0.010592099557529254,0,LOW
2024-01-13 06:00:00,Chamoli-Gauge-1,1,sparse_vegetation,fractured_metamorphic,0,0.13657912274967518,0,LOW
2024-01-13 06:00:00,Kolkata-Gauge-1,2,urban,unconsolidated_sediment,0,0.010592099557529254,0,LOW
2024-01-13 06:00:00,Guwahati-Gauge-1,3,cropland,sedimentary,0,0.011686511735103851,0,LOW
2024-01-13 06:00:00,Sonapur-Gauge-1,4,forest,unconsolidated_sediment,0,0.010592099557529254,0,LOW
2024-01-13 07:00:00,Chamoli-Gauge-1,1,sparse_vegetation,fractured_metamorphic,0,0.19164498688970957,0,LOW
2024-01-13 07:00:00,Kolkata-Gauge-1,2,urban,unconsolidated_sediment,0,0.010592099557529254,0,LOW
2024-01-13 07:00:00,Guwahati-Gauge-1,3,cropland,sedimentary,0,0.011923857701931441,0,LOW
2024-01-13 07:00:00,Sonapur-Gauge-1,4,forest,unconsolidated_sediment,0,0.010592099557529254,0,LOW
2024-01-13 08:00:00,Chamoli-Gauge-1,1,sparse_vegetation,fractured_metamorphic,0,0.22502178104700604,0,LOW
2024-01-13 08:00:00,Kolkata-Gauge-1,2,urban,unconsolidated_sediment,0,0.010592099557529254,0,LOW
2024-01-13 08:00:00,Guwahati-Gauge-1,3,cropland,sedimentary,0,0.01115583199779923,0,LOW
2024-01-13 08:00:00,Sonapur-Gauge-1,4,forest,unconsolidated_sediment,0,0.010592099557529254,0,LOW
2024-01-13 09:00:00,Chamoli-Gauge-1,1,sparse_vegetation,fractured_metamorphic,1,0.3653399261031467,0,MODERATE
2024-01-13 09:00:00,Kolkata-Gauge-1,2,urban,unconsolidated_sediment,0,0.010592099557529254,0,LOW
2024-01-13 09:00:00,Guwahati-Gauge-1,3,cropland,sedimentary,0,0.0107495785695255,0,LOW
2024-01-13 09:00:00,Sonapur-Gauge-1,4,forest,unconsolidated_sediment,0,0.010592099557529254,0,LOW
2024-01-13 10:00:00,Chamoli-Gauge-1,1,sparse_vegetation,fractured_metamorphic,0,0.11882976699153315,0,LOW
2024-01-13 10:00:00,Kolkata-Gauge-1,2,urban,unconsolidated_sediment,0,0.010592099557529254,0,LOW
2024-01-13 10:00:00,Guwahati-Gauge-1,3,cropland,sedimentary,0,0.0107495785695255,0,LOW
2024-01-13 10:00:00,Sonapur-Gauge-1,4,forest,unconsolidated_sediment,0,0.010592099557529254,0,LOW
2024-01-13 11:00:00,Chamoli-Gauge-1,1,sparse_vegetation,fractured_metamorphic,0,0.10859101933139385,0,LOW
2024-01-13 11:00:00,Kolkata-Gauge-1,2,urban,unconsolidated_sediment,0,0.010592099557529254,0,LOW
2024-01-13 11:00:00,Guwahati-Gauge-1,3,cropland,sedimentary,0,0.010592099557529254,0,LOW
2024-01-13 11:00:00,Sonapur-Gauge-1,4,forest,unconsolidated_sediment,0,0.010592099557529254,0,LOW
2024-01-13 12:00:00,Chamoli-Gauge-1,1,sparse_vegetation,fractured_metamorphic,0,0.1112439155163393,0,LOW
2024-01-13 12:00:00,Kolkata-Gauge-1,2,urban,unconsolidated_sediment,0,0.010592099557529254,0,LOW
2024-01-13 12:00:00,Guwahati-Gauge-1,3,cropland,sedimentary,0,0.010592099557529254,0,LOW
2024-01-13 12:00:00,Sonapur-Gauge-1,4,forest,unconsolidated_sediment,0,0.010592099557529254,0,LOW
2024-01-13 13:00:00,Chamoli-Gauge-1,1,sparse_vegetation,fractured_metamorphic,0,0.14109152412609183,0,LOW
2024-01-13 13:00:00,Kolkata-Gauge-1,2,urban,unconsolidated_sediment,0,0.010744571549076922,0,LOW
2024-01-13 13:00:00,Guwahati-Gauge-1,3,cropland,sedimentary,0,0.010592099557529254,0,LOW
2024-01-13 13:00:00,Sonapur-Gauge-1,4,forest,unconsolidated_sediment,0,0.010592099557529254,0,LOW
2024-01-13 14:00:00,Chamoli-Gauge-1,1,sparse_vegetation,fractured_metamorphic,1,0.3425596632696823,0,MODERATE
2024-01-13 14:00:00,Kolkata-Gauge-1,2,urban,unconsolidated_sediment,0,0.010592099557529254,0,LOW
2024-01-13 14:00:00,Guwahati-Gauge-1,3,cropland,sedimentary,0,0.010592099557529254,0,LOW
2024-01-13 14:00:00,Sonapur-Gauge-1,4,forest,unconsolidated_sediment,0,0.010592099557529254,0,LOW
2024-01-13 15:00:00,Chamoli-Gauge-1,1,sparse_vegetation,fractured_metamorphic,0,0.160103395623276,0,LOW
2024-01-13 15:00:00,Kolkata-Gauge-1,2,urban,unconsolidated_sediment,0,0.010592099557529254,0,LOW
2024-01-13 15:00:00,Guwahati-Gauge-1,3,cropland,sedimentary,0,0.010592099557529254,0,LOW
2024-01-13 15:00:00,Sonapur-Gauge-1,4,forest,unconsolidated_sediment,0,0.010592099557529254,0,LOW
2024-01-13 16:00:00,Chamoli-Gauge-1,1,sparse_vegetation,fractured_metamorphic,0,0.10970143345214155,0,LOW
2024-01-13 16:00:00,Kolkata-Gauge-1,2,urban,unconsolidated_sediment,0,0.010592099557529254,0,LOW
2024-01-13 16:00:00,Guwahati-Gauge-1,3,cropland,sedimentary,0,0.010592099557529254,0,LOW
2024-01-13 16:00:00,Sonapur-Gauge-1,4,forest,unconsolidated_sediment,0,0.010592099557529254,0,LOW
2024-01-13 17:00:00,Chamoli-Gauge-1,1,sparse_vegetation,fractured_metamorphic,0,0.06745566037393595,0,LOW
2024-01-13 17:00:00,Kolkata-Gauge-1,2,urban,unconsolidated_sediment,0,0.010592099557529254,0,LOW
2024-01-13 17:00:00,Guwahati-Gauge-1,3,cropland,sedimentary,0,0.010592099557529254,0,LOW
2024-01-13 17:00:00,Sonapur-Gauge-1,4,forest,unconsolidated_sediment,0,0.010592099557529254,0,LOW
2024-01-13 18:00:00,Chamoli-Gauge-1,1,sparse_vegetation,fractured_metamorphic,0,0.08279687019217874,0,LOW
2024-01-13 18:00:00,Kolkata-Gauge-1,2,urban,unconsolidated_sediment,0,0.010592099557529254,0,LOW
2024-01-13 18:00:00,Guwahati-Gauge-1,3,cropland,sedimentary,0,0.010592099557529254,0,LOW
2024-01-13 18:00:00,Sonapur-Gauge-1,4,forest,unconsolidated_sediment,0,0.010592099557529254,0,LOW
2024-01-13 19:00:00,Chamoli-Gauge-1,1,sparse_vegetation,fractured_metamorphic,0,0.07673205181638211,0,LOW
2024-01-13 19:00:00,Kolkata-Gauge-1,2,urban,unconsolidated_sediment,0,0.010592099557529254,0,LOW
2024-01-13 19:00:00,Guwahati-Gauge-1,3,cropland,sedimentary,0,0.010592099557529254,0,LOW
2024-01-13 19:00:00,Sonapur-Gauge-1,4,forest,unconsolidated_sediment,0,0.010592099557529254,0,LOW
2024-01-13 20:00:00,Chamoli-Gauge-1,1,sparse_vegetation,fractured_metamorphic,0,0.13374472406583623,0,LOW
2024-01-13 20:00:00,Kolkata-Gauge-1,2,urban,unconsolidated_sediment,0,0.010592099557529254,0,LOW
2024-01-13 20:00:00,Guwahati-Gauge-1,3,cropland,sedimentary,0,0.010592099557529254,0,LOW
2024-01-13 20:00:00,Sonapur-Gauge-1,4,forest,unconsolidated_sediment,0,0.010592099557529254,0,LOW
2024-01-13 21:00:00,Chamoli-Gauge-1,1,sparse_vegetation,fractured_metamorphic,0,0.16522358205679183,0,LOW
2024-01-13 21:00:00,Kolkata-Gauge-1,2,urban,unconsolidated_sediment,0,0.010775416821954967,0,LOW
2024-01-13 21:00:00,Guwahati-Gauge-1,3,cropland,sedimentary,0,0.010592099557529254,0,LOW
2024-01-13 21:00:00,Sonapur-Gauge-1,4,forest,unconsolidated_sediment,0,0.010592099557529254,0,LOW
2024-01-13 22:00:00,Chamoli-Gauge-1,1,sparse_vegetation,fractured_metamorphic,1,0.2998208993008437,0,LOW
2024-01-13 22:00:00,Kolkata-Gauge-1,2,urban,unconsolidated_sediment,0,0.010775416821954967,0,LOW
2024-01-13 22:00:00,Guwahati-Gauge-1,3,cropland,sedimentary,0,0.010592099557529254,0,LOW
2024-01-13 22:00:00,Sonapur-Gauge-1,4,forest,unconsolidated_sediment,0,0.010592099557529254,0,LOW
2024-01-13 23:00:00,Chamoli-Gauge-1,1,sparse_vegetation,fractured_metamorphic,0,0.07437805593770523,0,LOW
2024-01-13 23:00:00,Kolkata-Gauge-1,2,urban,unconsolidated_sediment,0,0.010775416821954967,0,LOW
2024-01-13 23:00:00,Guwahati-Gauge-1,3,cropland,sedimentary,0,0.010592099557529254,0,LOW
2024-01-13 23:00:00,Sonapur-Gauge-1,4,forest,unconsolidated_sediment,0,0.010592099557529254,0,LOW
2024-01-14 00:00:00,Chamoli-Gauge-1,1,sparse_vegetation,fractured_metamorphic,0,0.04142679391674457,0,LOW
2024-01-14 00:00:00,Kolkata-Gauge-1,2,urban,unconsolidated_sediment,0,0.010592099557529254,0,LOW
2024-01-14 00:00:00,Guwahati-Gauge-1,3,cropland,sedimentary,0,0.011772138046882909,0,LOW
2024-01-14 00:00:00,Sonapur-Gauge-1,4,forest,unconsolidated_sediment,0,0.010592099557529254,0,LOW
2024-01-14 01:00:00,Chamoli-Gauge-1,1,sparse_vegetation,fractured_metamorphic,0,0.2496622949593434,0,LOW
2024-01-14 01:00:00,Kolkata-Gauge-1,2,urban,unconsolidated_sediment,0,0.010592099557529254,0,LOW
2024-01-14 01:00:00,Guwahati-Gauge-1,3,cropland,sedimentary,0,0.010773155313012702,0,LOW
2024-01-14 01:00:00,Sonapur-Gauge-1,4,forest,unconsolidated_sediment,0,0.010592099557529254,0,LOW
2024-01-14 02:00:00,Chamoli-Gauge-1,1,sparse_vegetation,fractured_metamorphic,1,0.6905730449890389,1,HIGH
2024-01-14 02:00:00,Kolkata-Gauge-1,2,urban,unconsolidated_sediment,0,0.010592099557529254,0,LOW
2024-01-14 02:00:00,Guwahati-Gauge-1,3,cropland,sedimentary,0,0.010773155313012702,0,LOW
2024-01-14 02:00:00,Sonapur-Gauge-1,4,forest,unconsolidated_sediment,0,0.010592099557529254,0,LOW
2024-01-14 03:00:00,Chamoli-Gauge-1,1,sparse_vegetation,fractured_metamorphic,1,0.6904962745002178,1,HIGH
2024-01-14 03:00:00,Kolkata-Gauge-1,2,urban,unconsolidated_sediment,0,0.010592099557529254,0,LOW
2024-01-14 03:00:00,Guwahati-Gauge-1,3,cropland,sedimentary,0,0.010592099557529254,0,LOW
2024-01-14 03:00:00,Sonapur-Gauge-1,4,forest,unconsolidated_sediment,0,0.010592099557529254,0,LOW
2024-01-14 04:00:00,Chamoli-Gauge-1,1,sparse_vegetation,fractured_metamorphic,0,0.10583308470221318,0,LOW
2024-01-14 04:00:00,Kolkata-Gauge-1,2,urban,unconsolidated_sediment,0,0.010592099557529254,0,LOW
2024-01-14 04:00:00,Guwahati-Gauge-1,3,cropland,sedimentary,0,0.010592099557529254,0,LOW
2024-01-14 04:00:00,Sonapur-Gauge-1,4,forest,unconsolidated_sediment,0,0.010592099557529254,0,LOW
2024-01-14 05:00:00,Chamoli-Gauge-1,1,sparse_vegetation,fractured_metamorphic,0,0.08978628533454198,0,LOW
2024-01-14 05:00:00,Kolkata-Gauge-1,2,urban,unconsolidated_sediment,0,0.010592099557529254,0,LOW
2024-01-14 05:00:00,Guwahati-Gauge-1,3,cropland,sedimentary,0,0.010592099557529254,0,LOW
2024-01-14 05:00:00,Sonapur-Gauge-1,4,forest,unconsolidated_sediment,0,0.010592099557529254,0,LOW
2024-01-14 06:00:00,Chamoli-Gauge-1,1,sparse_vegetation,fractured_metamorphic,0,0.10562592983834815,0,LOW
2024-01-14 06:00:00,Kolkata-Gauge-1,2,urban,unconsolidated_sediment,0,0.010592099557529254,0,LOW
2024-01-14 06:00:00,Guwahati-Gauge-1,3,cropland,sedimentary,0,0.010592099557529254,0,LOW
2024-01-14 06:00:00,Sonapur-Gauge-1,4,forest,unconsolidated_sediment,0,0.010592099557529254,0,LOW
2024-01-14 07:00:00,Chamoli-Gauge-1,1,sparse_vegetation,fractured_metamorphic,0,0.3757703234790399,0,MODERATE
2024-01-14 07:00:00,Kolkata-Gauge-1,2,urban,unconsolidated_sediment,0,0.010592099557529254,0,LOW
2024-01-14 07:00:00,Guwahati-Gauge-1,3,cropland,sedimentary,0,0.010592099557529254,0,LOW
2024-01-14 07:00:00,Sonapur-Gauge-1,4,forest,unconsolidated_sediment,0,0.010592099557529254,0,LOW
2024-01-14 08:00:00,Chamoli-Gauge-1,1,sparse_vegetation,fractured_metamorphic,1,0.548367953269018,1,MODERATE
2024-01-14 08:00:00,Kolkata-Gauge-1,2,urban,unconsolidated_sediment,0,0.010592099557529254,0,LOW
2024-01-14 08:00:00,Guwahati-Gauge-1,3,cropland,sedimentary,0,0.010592099557529254,0,LOW
2024-01-14 08:00:00,Sonapur-Gauge-1,4,forest,unconsolidated_sediment,0,0.010592099557529254,0,LOW
2024-01-14 09:00:00,Chamoli-Gauge-1,1,sparse_vegetation,fractured_metamorphic,0,0.32603423378427426,0,MODERATE
2024-01-14 09:00:00,Kolkata-Gauge-1,2,urban,unconsolidated_sediment,0,0.0108146128460468,0,LOW
2024-01-14 09:00:00,Guwahati-Gauge-1,3,cropland,sedimentary,0,0.010592099557529254,0,LOW
2024-01-14 09:00:00,Sonapur-Gauge-1,4,forest,unconsolidated_sediment,0,0.010592099557529254,0,LOW
2024-01-14 10:00:00,Chamoli-Gauge-1,1,sparse_vegetation,fractured_metamorphic,1,0.5321059761207129,1,MODERATE
2024-01-14 10:00:00,Kolkata-Gauge-1,2,urban,unconsolidated_sediment,0,0.0108146128460468,0,LOW
2024-01-14 10:00:00,Guwahati-Gauge-1,3,cropland,sedimentary,0,0.010592099557529254,0,LOW
2024-01-14 10:00:00,Sonapur-Gauge-1,4,forest,unconsolidated_sediment,0,0.010592099557529254,0,LOW
2024-01-14 11:00:00,Chamoli-Gauge-1,1,sparse_vegetation,fractured_metamorphic,0,0.13079464954554185,0,LOW
2024-01-14 11:00:00,Kolkata-Gauge-1,2,urban,unconsolidated_sediment,0,0.010592099557529254,0,LOW
2024-01-14 11:00:00,Guwahati-Gauge-1,3,cropland,sedimentary,0,0.010592099557529254,0,LOW
2024-01-14 11:00:00,Sonapur-Gauge-1,4,forest,unconsolidated_sediment,0,0.010592099557529254,0,LOW
2024-01-14 12:00:00,Chamoli-Gauge-1,1,sparse_vegetation,fractured_metamorphic,0,0.12232113562857405,0,LOW
2024-01-14 12:00:00,Kolkata-Gauge-1,2,urban,unconsolidated_sediment,0,0.010592099557529254,0,LOW
2024-01-14 12:00:00,Guwahati-Gauge-1,3,cropland,sedimentary,0,0.010592099557529254,0,LOW
2024-01-14 12:00:00,Sonapur-Gauge-1,4,forest,unconsolidated_sediment,0,0.010592099557529254,0,LOW
2024-01-14 13:00:00,Chamoli-Gauge-1,1,sparse_vegetation,fractured_metamorphic,0,0.013245508731529675,0,LOW
2024-01-14 13:00:00,Kolkata-Gauge-1,2,urban,unconsolidated_sediment,0,0.010592099557529254,0,LOW
2024-01-14 13:00:00,Guwahati-Gauge-1,3,cropland,sedimentary,0,0.010592099557529254,0,LOW
2024-01-14 13:00:00,Sonapur-Gauge-1,4,forest,unconsolidated_sediment,0,0.010592099557529254,0,LOW
2024-01-14 14:00:00,Chamoli-Gauge-1,1,sparse_vegetation,fractured_metamorphic,0,0.012012052263825115,0,LOW
2024-01-14 14:00:00,Kolkata-Gauge-1,2,urban,unconsolidated_sediment,0,0.010592099557529254,0,LOW
2024-01-14 14:00:00,Guwahati-Gauge-1,3,cropland,sedimentary,0,0.010592099557529254,0,LOW
2024-01-14 14:00:00,Sonapur-Gauge-1,4,forest,unconsolidated_sediment,0,0.010592099557529254,0,LOW
2024-01-14 15:00:00,Chamoli-Gauge-1,1,sparse_vegetation,fractured_metamorphic,0,0.012291062836146276,0,LOW
2024-01-14 15:00:00,Kolkata-Gauge-1,2,urban,unconsolidated_sediment,0,0.010592099557529254,0,LOW
2024-01-14 15:00:00,Guwahati-Gauge-1,3,cropland,sedimentary,0,0.010592099557529254,0,LOW
2024-01-14 15:00:00,Sonapur-Gauge-1,4,forest,unconsolidated_sediment,0,0.010592099557529254,0,LOW
2024-01-14 16:00:00,Chamoli-Gauge-1,1,sparse_vegetation,fractured_metamorphic,0,0.012519856097237226,0,LOW
2024-01-14 16:00:00,Kolkata-Gauge-1,2,urban,unconsolidated_sediment,0,0.010592099557529254,0,LOW
2024-01-14 16:00:00,Guwahati-Gauge-1,3,cropland,sedimentary,0,0.010592099557529254,0,LOW
2024-01-14 16:00:00,Sonapur-Gauge-1,4,forest,unconsolidated_sediment,0,0.010592099557529254,0,LOW
2024-01-14 17:00:00,Chamoli-Gauge-1,1,sparse_vegetation,fractured_metamorphic,0,0.012645484255143094,0,LOW
2024-01-14 17:00:00,Kolkata-Gauge-1,2,urban,unconsolidated_sediment,0,0.010592099557529254,0,LOW
2024-01-14 17:00:00,Guwahati-Gauge-1,3,cropland,sedimentary,0,0.010592099557529254,0,LOW
2024-01-14 17:00:00,Sonapur-Gauge-1,4,forest,unconsolidated_sediment,0,0.010592099557529254,0,LOW
2024-01-14 18:00:00,Chamoli-Gauge-1,1,sparse_vegetation,fractured_metamorphic,0,0.012722679207087561,0,LOW
2024-01-14 18:00:00,Kolkata-Gauge-1,2,urban,unconsolidated_sediment,0,0.010592099557529254,0,LOW
2024-01-14 18:00:00,Guwahati-Gauge-1,3,cropland,sedimentary,0,0.010592099557529254,0,LOW
2024-01-14 18:00:00,Sonapur-Gauge-1,4,forest,unconsolidated_sediment,0,0.010592099557529254,0,LOW
2024-01-14 19:00:00,Chamoli-Gauge-1,1,sparse_vegetation,fractured_metamorphic,0,0.012629372007362338,0,LOW
2024-01-14 19:00:00,Kolkata-Gauge-1,2,urban,unconsolidated_sediment,0,0.010592099557529254,0,LOW
2024-01-14 19:00:00,Guwahati-Gauge-1,3,cropland,sedimentary,0,0.010592099557529254,0,LOW
2024-01-14 19:00:00,Sonapur-Gauge-1,4,forest,unconsolidated_sediment,0,0.010592099557529254,0,LOW
2024-01-14 20:00:00,Chamoli-Gauge-1,1,sparse_vegetation,fractured_metamorphic,0,0.012629372007362338,0,LOW
2024-01-14 20:00:00,Kolkata-Gauge-1,2,urban,unconsolidated_sediment,0,0.010592099557529254,0,LOW
2024-01-14 20:00:00,Guwahati-Gauge-1,3,cropland,sedimentary,0,0.010592099557529254,0,LOW
2024-01-14 20:00:00,Sonapur-Gauge-1,4,forest,unconsolidated_sediment,0,0.010592099557529254,0,LOW
2024-01-14 21:00:00,Chamoli-Gauge-1,1,sparse_vegetation,fractured_metamorphic,0,0.013031779283172939,0,LOW
2024-01-14 21:00:00,Kolkata-Gauge-1,2,urban,unconsolidated_sediment,0,0.010592099557529254,0,LOW
2024-01-14 21:00:00,Guwahati-Gauge-1,3,cropland,sedimentary,0,0.010592099557529254,0,LOW
2024-01-14 21:00:00,Sonapur-Gauge-1,4,forest,unconsolidated_sediment,0,0.010592099557529254,0,LOW
2024-01-14 22:00:00,Chamoli-Gauge-1,1,sparse_vegetation,fractured_metamorphic,0,0.013582310203817631,0,LOW
2024-01-14 22:00:00,Kolkata-Gauge-1,2,urban,unconsolidated_sediment,0,0.010592099557529254,0,LOW
2024-01-14 22:00:00,Guwahati-Gauge-1,3,cropland,sedimentary,0,0.010592099557529254,0,LOW
2024-01-14 22:00:00,Sonapur-Gauge-1,4,forest,unconsolidated_sediment,0,0.010592099557529254,0,LOW
2024-01-14 23:00:00,Chamoli-Gauge-1,1,sparse_vegetation,fractured_metamorphic,0,0.015273726243851284,0,LOW
2024-01-14 23:00:00,Kolkata-Gauge-1,2,urban,unconsolidated_sediment,0,0.010592099557529254,0,LOW
2024-01-14 23:00:00,Guwahati-Gauge-1,3,cropland,sedimentary,0,0.010592099557529254,0,LOW
2024-01-14 23:00:00,Sonapur-Gauge-1,4,forest,unconsolidated_sediment,0,0.010592099557529254,0,LOW
2024-01-15 00:00:00,Chamoli-Gauge-1,1,sparse_vegetation,fractured_metamorphic,0,0.016223263060561918,0,LOW
2024-01-15 00:00:00,Kolkata-Gauge-1,2,urban,unconsolidated_sediment,0,0.010592099557529254,0,LOW
2024-01-15 00:00:00,Guwahati-Gauge-1,3,cropland,sedimentary,0,0.010592099557529254,0,LOW
2024-01-15 00:00:00,Sonapur-Gauge-1,4,forest,unconsolidated_sediment,0,0.010592099557529254,0,LOW
2024-01-15 01:00:00,Chamoli-Gauge-1,1,sparse_vegetation,fractured_metamorphic,0,0.06761212868754737,0,LOW
2024-01-15 01:00:00,Kolkata-Gauge-1,2,urban,unconsolidated_sediment,0,0.010592099557529254,0,LOW
2024-01-15 01:00:00,Guwahati-Gauge-1,3,cropland,sedimentary,0,0.010592099557529254,0,LOW
2024-01-15 01:00:00,Sonapur-Gauge-1,4,forest,unconsolidated_sediment,0,0.010592099557529254,0,LOW
2024-01-15 02:00:00,Chamoli-Gauge-1,1,sparse_vegetation,fractured_metamorphic,0,0.024816114712568064,0,LOW
2024-01-15 02:00:00,Kolkata-Gauge-1,2,urban,unconsolidated_sediment,0,0.010592099557529254,0,LOW
2024-01-15 02:00:00,Guwahati-Gauge-1,3,cropland,sedimentary,0,0.010592099557529254,0,LOW
2024-01-15 02:00:00,Sonapur-Gauge-1,4,forest,unconsolidated_sediment,0,0.010592099557529254,0,LOW
2024-01-15 03:00:00,Chamoli-Gauge-1,1,sparse_vegetation,fractured_metamorphic,0,0.013975265062783614,0,LOW
2024-01-15 03:00:00,Kolkata-Gauge-1,2,urban,unconsolidated_sediment,0,0.015962959602287004,0,LOW
2024-01-15 03:00:00,Guwahati-Gauge-1,3,cropland,sedimentary,0,0.010592099557529254,0,LOW
2024-01-15 03:00:00,Sonapur-Gauge-1,4,forest,unconsolidated_sediment,0,0.010592099557529254,0,LOW
2024-01-15 04:00:00,Chamoli-Gauge-1,1,sparse_vegetation,fractured_metamorphic,0,0.015442141827996499,0,LOW
2024-01-15 04:00:00,Kolkata-Gauge-1,2,urban,unconsolidated_sediment,0,0.01264533514350374,0,LOW
2024-01-15 04:00:00,Guwahati-Gauge-1,3,cropland,sedimentary,0,0.010592099557529254,0,LOW
2024-01-15 04:00:00,Sonapur-Gauge-1,4,forest,unconsolidated_sediment,0,0.010592099557529254,0,LOW
2024-01-15 05:00:00,Chamoli-Gauge-1,1,sparse_vegetation,fractured_metamorphic,0,0.017921875283970833,0,LOW
2024-01-15 05:00:00,Kolkata-Gauge-1,2,urban,unconsolidated_sediment,0,0.011880093895126278,0,LOW
2024-01-15 05:00:00,Guwahati-Gauge-1,3,cropland,sedimentary,0,0.010592099557529254,0,LOW
2024-01-15 05:00:00,Sonapur-Gauge-1,4,forest,unconsolidated_sediment,0,0.010592099557529254,0,LOW
2024-01-15 06:00:00,Chamoli-Gauge-1,1,sparse_vegetation,fractured_metamorphic,0,0.012940300143157479,0,LOW
2024-01-15 06:00:00,Kolkata-Gauge-1,2,urban,unconsolidated_sediment,0,0.012595333892807597,0,LOW
2024-01-15 06:00:00,Guwahati-Gauge-1,3,cropland,sedimentary,0,0.010592099557529254,0,LOW
2024-01-15 06:00:00,Sonapur-Gauge-1,4,forest,unconsolidated_sediment,0,0.010592099557529254,0,LOW
2024-01-15 07:00:00,Chamoli-Gauge-1,1,sparse_vegetation,fractured_metamorphic,0,0.011946066999018122,0,LOW
2024-01-15 07:00:00,Kolkata-Gauge-1,2,urban,unconsolidated_sediment,0,0.012563870348050512,0,LOW
2024-01-15 07:00:00,Guwahati-Gauge-1,3,cropland,sedimentary,0,0.010592099557529254,0,LOW
2024-01-15 07:00:00,Sonapur-Gauge-1,4,forest,unconsolidated_sediment,0,0.010791534828648811,0,LOW
2024-01-15 08:00:00,Chamoli-Gauge-1,1,sparse_vegetation,fractured_metamorphic,0,0.014381216964177513,0,LOW
2024-01-15 08:00:00,Kolkata-Gauge-1,2,urban,unconsolidated_sediment,0,0.016653552887141647,0,LOW
2024-01-15 08:00:00,Guwahati-Gauge-1,3,cropland,sedimentary,0,0.010592099557529254,0,LOW
2024-01-15 08:00:00,Sonapur-Gauge-1,4,forest,unconsolidated_sediment,0,0.010592099557529254,0,LOW
2024-01-15 09:00:00,Chamoli-Gauge-1,1,sparse_vegetation,fractured_metamorphic,0,0.011512698904051913,0,LOW
2024-01-15 09:00:00,Kolkata-Gauge-1,2,urban,unconsolidated_sediment,0,0.012030469338774078,0,LOW
2024-01-15 09:00:00,Guwahati-Gauge-1,3,cropland,sedimentary,0,0.010592099557529254,0,LOW
2024-01-15 09:00:00,Sonapur-Gauge-1,4,forest,unconsolidated_sediment,0,0.010592099557529254,0,LOW
2024-01-15 10:00:00,Chamoli-Gauge-1,1,sparse_vegetation,fractured_metamorphic,0,0.010934435438849775,0,LOW
2024-01-15 10:00:00,Kolkata-Gauge-1,2,urban,unconsolidated_sediment,0,0.011949977486557075,0,LOW
2024-01-15 10:00:00,Guwahati-Gauge-1,3,cropland,sedimentary,0,0.010592099557529254,0,LOW
2024-01-15 10:00:00,Sonapur-Gauge-1,4,forest,unconsolidated_sediment,0,0.010592099557529254,0,LOW
2024-01-15 11:00:00,Chamoli-Gauge-1,1,sparse_vegetation,fractured_metamorphic,0,0.010934435438849775,0,LOW
2024-01-15 11:00:00,Kolkata-Gauge-1,2,urban,unconsolidated_sediment,0,0.011268674116435682,0,LOW
2024-01-15 11:00:00,Guwahati-Gauge-1,3,cropland,sedimentary,0,0.010592099557529254,0,LOW
2024-01-15 11:00:00,Sonapur-Gauge-1,4,forest,unconsolidated_sediment,0,0.010592099557529254,0,LOW
2024-01-15 12:00:00,Chamoli-Gauge-1,1,sparse_vegetation,fractured_metamorphic,0,0.010934435438849775,0,LOW
2024-01-15 12:00:00,Kolkata-Gauge-1,2,urban,unconsolidated_sediment,0,0.011043382054251564,0,LOW
2024-01-15 12:00:00,Guwahati-Gauge-1,3,cropland,sedimentary,0,0.010592099557529254,0,LOW
2024-01-15 12:00:00,Sonapur-Gauge-1,4,forest,unconsolidated_sediment,0,0.010592099557529254,0,LOW
2024-01-15 13:00:00,Chamoli-Gauge-1,1,sparse_vegetation,fractured_metamorphic,0,0.010934435438849775,0,LOW
2024-01-15 13:00:00,Kolkata-Gauge-1,2,urban,unconsolidated_sediment,0,0.011043382054251564,0,LOW
2024-01-15 13:00:00,Guwahati-Gauge-1,3,cropland,sedimentary,0,0.010592099557529254,0,LOW
2024-01-15 13:00:00,Sonapur-Gauge-1,4,forest,unconsolidated_sediment,0,0.010592099557529254,0,LOW
2024-01-15 14:00:00,Chamoli-Gauge-1,1,sparse_vegetation,fractured_metamorphic,0,0.010934435438849775,0,LOW
2024-01-15 14:00:00,Kolkata-Gauge-1,2,urban,unconsolidated_sediment,0,0.011043382054251564,0,LOW
2024-01-15 14:00:00,Guwahati-Gauge-1,3,cropland,sedimentary,0,0.010592099557529254,0,LOW
2024-01-15 14:00:00,Sonapur-Gauge-1,4,forest,unconsolidated_sediment,0,0.010592099557529254,0,LOW
2024-01-15 15:00:00,Chamoli-Gauge-1,1,sparse_vegetation,fractured_metamorphic,0,0.010934435438849775,0,LOW
2024-01-15 15:00:00,Kolkata-Gauge-1,2,urban,unconsolidated_sediment,0,0.010592099557529254,0,LOW
2024-01-15 15:00:00,Guwahati-Gauge-1,3,cropland,sedimentary,0,0.010592099557529254,0,LOW
2024-01-15 15:00:00,Sonapur-Gauge-1,4,forest,unconsolidated_sediment,0,0.010592099557529254,0,LOW
2024-01-15 16:00:00,Chamoli-Gauge-1,1,sparse_vegetation,fractured_metamorphic,0,0.011109897972711473,0,LOW
2024-01-15 16:00:00,Kolkata-Gauge-1,2,urban,unconsolidated_sediment,0,0.010592099557529254,0,LOW
2024-01-15 16:00:00,Guwahati-Gauge-1,3,cropland,sedimentary,0,0.010592099557529254,0,LOW
2024-01-15 16:00:00,Sonapur-Gauge-1,4,forest,unconsolidated_sediment,0,0.010592099557529254,0,LOW
2024-01-15 17:00:00,Chamoli-Gauge-1,1,sparse_vegetation,fractured_metamorphic,0,0.11130179088828238,0,LOW
2024-01-15 17:00:00,Kolkata-Gauge-1,2,urban,unconsolidated_sediment,0,0.010592099557529254,0,LOW
2024-01-15 17:00:00,Guwahati-Gauge-1,3,cropland,sedimentary,0,0.010592099557529254,0,LOW
2024-01-15 17:00:00,Sonapur-Gauge-1,4,forest,unconsolidated_sediment,0,0.010592099557529254,0,LOW
2024-01-15 18:00:00,Chamoli-Gauge-1,1,sparse_vegetation,fractured_metamorphic,1,0.26418844144775466,0,LOW
2024-01-15 18:00:00,Kolkata-Gauge-1,2,urban,unconsolidated_sediment,0,0.010592099557529254,0,LOW
2024-01-15 18:00:00,Guwahati-Gauge-1,3,cropland,sedimentary,0,0.010592099557529254,0,LOW
2024-01-15 18:00:00,Sonapur-Gauge-1,4,forest,unconsolidated_sediment,0,0.010592099557529254,0,LOW
2024-01-15 19:00:00,Chamoli-Gauge-1,1,sparse_vegetation,fractured_metamorphic,0,0.054431847063025965,0,LOW
2024-01-15 19:00:00,Kolkata-Gauge-1,2,urban,unconsolidated_sediment,0,0.010592099557529254,0,LOW
2024-01-15 19:00:00,Guwahati-Gauge-1,3,cropland,sedimentary,0,0.010592099557529254,0,LOW
2024-01-15 19:00:00,Sonapur-Gauge-1,4,forest,unconsolidated_sediment,0,0.010592099557529254,0,LOW
2024-01-15 20:00:00,Chamoli-Gauge-1,1,sparse_vegetation,fractured_metamorphic,0,0.013263619556214882,0,LOW
2024-01-15 20:00:00,Kolkata-Gauge-1,2,urban,unconsolidated_sediment,0,0.010592099557529254,0,LOW
2024-01-15 20:00:00,Guwahati-Gauge-1,3,cropland,sedimentary,0,0.010592099557529254,0,LOW
2024-01-15 20:00:00,Sonapur-Gauge-1,4,forest,unconsolidated_sediment,0,0.010592099557529254,0,LOW
2024-01-15 21:00:00,Chamoli-Gauge-1,1,sparse_vegetation,fractured_metamorphic,0,0.013263619556214882,0,LOW
2024-01-15 21:00:00,Kolkata-Gauge-1,2,urban,unconsolidated_sediment,0,0.010592099557529254,0,LOW
2024-01-15 21:00:00,Guwahati-Gauge-1,3,cropland,sedimentary,0,0.010592099557529254,0,LOW
2024-01-15 21:00:00,Sonapur-Gauge-1,4,forest,unconsolidated_sediment,0,0.010592099557529254,0,LOW
2024-01-15 22:00:00,Chamoli-Gauge-1,1,sparse_vegetation,fractured_metamorphic,0,0.013068587808684492,0,LOW
2024-01-15 22:00:00,Kolkata-Gauge-1,2,urban,unconsolidated_sediment,0,0.011602483244734752,0,LOW
2024-01-15 22:00:00,Guwahati-Gauge-1,3,cropland,sedimentary,0,0.010592099557529254,0,LOW
2024-01-15 22:00:00,Sonapur-Gauge-1,4,forest,unconsolidated_sediment,0,0.010592099557529254,0,LOW
2024-01-15 23:00:00,Chamoli-Gauge-1,1,sparse_vegetation,fractured_metamorphic,0,0.011049973737294567,0,LOW
2024-01-15 23:00:00,Kolkata-Gauge-1,2,urban,unconsolidated_sediment,0,0.011009690002649578,0,LOW
2024-01-15 23:00:00,Guwahati-Gauge-1,3,cropland,sedimentary,0,0.010592099557529254,0,LOW
2024-01-15 23:00:00,Sonapur-Gauge-1,4,forest,unconsolidated_sediment,0,0.013016243013378937,0,LOW
2024-01-16 00:00:00,Chamoli-Gauge-1,1,sparse_vegetation,fractured_metamorphic,0,0.011049973737294567,0,LOW
2024-01-16 00:00:00,Kolkata-Gauge-1,2,urban,unconsolidated_sediment,0,0.011009690002649578,0,LOW
2024-01-16 00:00:00,Guwahati-Gauge-1,3,cropland,sedimentary,0,0.010592099557529254,0,LOW
2024-01-16 00:00:00,Sonapur-Gauge-1,4,forest,unconsolidated_sediment,0,0.013082678862800165,0,LOW
2024-01-16 01:00:00,Chamoli-Gauge-1,1,sparse_vegetation,fractured_metamorphic,0,0.011419980347983295,0,LOW
2024-01-16 01:00:00,Kolkata-Gauge-1,2,urban,unconsolidated_sediment,0,0.010775663371052086,0,LOW
2024-01-16 01:00:00,Guwahati-Gauge-1,3,cropland,sedimentary,0,0.010592099557529254,0,LOW
2024-01-16 01:00:00,Sonapur-Gauge-1,4,forest,unconsolidated_sediment,0,0.013060001773533142,0,LOW
2024-01-16 02:00:00,Chamoli-Gauge-1,1,sparse_vegetation,fractured_metamorphic,0,0.011059902258277774,0,LOW
2024-01-16 02:00:00,Kolkata-Gauge-1,2,urban,unconsolidated_sediment,0,0.010775663371052086,0,LOW
2024-01-16 02:00:00,Guwahati-Gauge-1,3,cropland,sedimentary,0,0.010592099557529254,0,LOW
2024-01-16 02:00:00,Sonapur-Gauge-1,4,forest,unconsolidated_sediment,0,0.010773034041228893,0,LOW
2024-01-16 03:00:00,Chamoli-Gauge-1,1,sparse_vegetation,fractured_metamorphic,0,0.03884304867882463,0,LOW
2024-01-16 03:00:00,Kolkata-Gauge-1,2,urban,unconsolidated_sediment,0,0.010592099557529254,0,LOW
2024-01-16 03:00:00,Guwahati-Gauge-1,3,cropland,sedimentary,0,0.010592099557529254,0,LOW
2024-01-16 03:00:00,Sonapur-Gauge-1,4,forest,unconsolidated_sediment,0,0.010773034041228893,0,LOW
2024-01-16 04:00:00,Chamoli-Gauge-1,1,sparse_vegetation,fractured_metamorphic,1,0.29904986666864786,0,LOW
2024-01-16 04:00:00,Kolkata-Gauge-1,2,urban,unconsolidated_sediment,0,0.010592099557529254,0,LOW
2024-01-16 04:00:00,Guwahati-Gauge-1,3,cropland,sedimentary,0,0.010592099557529254,0,LOW
2024-01-16 04:00:00,Sonapur-Gauge-1,4,forest,unconsolidated_sediment,0,0.011549701503012781,0,LOW
2024-01-16 05:00:00,Chamoli-Gauge-1,1,sparse_vegetation,fractured_metamorphic,0,0.02800319475729532,0,LOW
2024-01-16 05:00:00,Kolkata-Gauge-1,2,urban,unconsolidated_sediment,0,0.010592099557529254,0,LOW
2024-01-16 05:00:00,Guwahati-Gauge-1,3,cropland,sedimentary,0,0.010592099557529254,0,LOW
2024-01-16 05:00:00,Sonapur-Gauge-1,4,forest,unconsolidated_sediment,0,0.010592099557529254,0,LOW
2024-01-16 06:00:00,Chamoli-Gauge-1,1,sparse_vegetation,fractured_metamorphic,0,0.013331622420336137,0,LOW
2024-01-16 06:00:00,Kolkata-Gauge-1,2,urban,unconsolidated_sediment,0,0.010592099557529254,0,LOW
2024-01-16 06:00:00,Guwahati-Gauge-1,3,cropland,sedimentary,0,0.010592099557529254,0,LOW
2024-01-16 06:00:00,Sonapur-Gauge-1,4,forest,unconsolidated_sediment,0,0.010592099557529254,0,LOW
2024-01-16 07:00:00,Chamoli-Gauge-1,1,sparse_vegetation,fractured_metamorphic,0,0.014704477316913595,0,LOW
2024-01-16 07:00:00,Kolkata-Gauge-1,2,urban,unconsolidated_sediment,0,0.010592099557529254,0,LOW
2024-01-16 07:00:00,Guwahati-Gauge-1,3,cropland,sedimentary,0,0.010592099557529254,0,LOW
2024-01-16 07:00:00,Sonapur-Gauge-1,4,forest,unconsolidated_sediment,0,0.010592099557529254,0,LOW
2024-01-16 08:00:00,Chamoli-Gauge-1,1,sparse_vegetation,fractured_metamorphic,0,0.015450233678670645,0,LOW
2024-01-16 08:00:00,Kolkata-Gauge-1,2,urban,unconsolidated_sediment,0,0.010592099557529254,0,LOW
2024-01-16 08:00:00,Guwahati-Gauge-1,3,cropland,sedimentary,0,0.010592099557529254,0,LOW
2024-01-16 08:00:00,Sonapur-Gauge-1,4,forest,unconsolidated_sediment,0,0.010592099557529254,0,LOW
2024-01-16 09:00:00,Chamoli-Gauge-1,1,sparse_vegetation,fractured_metamorphic,0,0.02589583092436471,0,LOW
2024-01-16 09:00:00,Kolkata-Gauge-1,2,urban,unconsolidated_sediment,0,0.010592099557529254,0,LOW
2024-01-16 09:00:00,Guwahati-Gauge-1,3,cropland,sedimentary,0,0.010592099557529254,0,LOW
2024-01-16 09:00:00,Sonapur-Gauge-1,4,forest,unconsolidated_sediment,0,0.010592099557529254,0,LOW
2024-01-16 10:00:00,Chamoli-Gauge-1,1,sparse_vegetation,fractured_metamorphic,0,0.011348724409344577,0,LOW
2024-01-16 10:00:00,Kolkata-Gauge-1,2,urban,unconsolidated_sediment,0,0.010999301027263016,0,LOW
2024-01-16 10:00:00,Guwahati-Gauge-1,3,cropland,sedimentary,0,0.010592099557529254,0,LOW
2024-01-16 10:00:00,Sonapur-Gauge-1,4,forest,unconsolidated_sediment,0,0.010592099557529254,0,LOW
2024-01-16 11:00:00,Chamoli-Gauge-1,1,sparse_vegetation,fractured_metamorphic,0,0.011399833141046712,0,LOW
2024-01-16 11:00:00,Kolkata-Gauge-1,2,urban,unconsolidated_sediment,0,0.010999301027263016,0,LOW
2024-01-16 11:00:00,Guwahati-Gauge-1,3,cropland,sedimentary,0,0.010592099557529254,0,LOW
2024-01-16 11:00:00,Sonapur-Gauge-1,4,forest,unconsolidated_sediment,0,0.010592099557529254,0,LOW
2024-01-16 12:00:00,Chamoli-Gauge-1,1,sparse_vegetation,fractured_metamorphic,0,0.011208742698692823,0,LOW
2024-01-16 12:00:00,Kolkata-Gauge-1,2,urban,unconsolidated_sediment,0,0.010999301027263016,0,LOW
2024-01-16 12:00:00,Guwahati-Gauge-1,3,cropland,sedimentary,0,0.010592099557529254,0,LOW
2024-01-16 12:00:00,Sonapur-Gauge-1,4,forest,unconsolidated_sediment,0,0.010592099557529254,0,LOW
2024-01-16 13:00:00,Chamoli-Gauge-1,1,sparse_vegetation,fractured_metamorphic,0,0.011208742698692823,0,LOW
2024-01-16 13:00:00,Kolkata-Gauge-1,2,urban,unconsolidated_sediment,0,0.010592099557529254,0,LOW
2024-01-16 13:00:00,Guwahati-Gauge-1,3,cropland,sedimentary,0,0.010592099557529254,0,LOW
2024-01-16 13:00:00,Sonapur-Gauge-1,4,forest,unconsolidated_sediment,0,0.010592099557529254,0,LOW
2024-01-16 14:00:00,Chamoli-Gauge-1,1,sparse_vegetation,fractured_metamorphic,0,0.011404114303682336,0,LOW
2024-01-16 14:00:00,Kolkata-Gauge-1,2,urban,unconsolidated_sediment,0,0.010592099557529254,0,LOW
2024-01-16 14:00:00,Guwahati-Gauge-1,3,cropland,sedimentary,0,0.010592099557529254,0,LOW
2024-01-16 14:00:00,Sonapur-Gauge-1,4,forest,unconsolidated_sediment,0,0.010592099557529254,0,LOW
2024-01-16 15:00:00,Chamoli-Gauge-1,1,sparse_vegetation,fractured_metamorphic,0,0.011655256889997823,0,LOW
2024-01-16 15:00:00,Kolkata-Gauge-1,2,urban,unconsolidated_sediment,0,0.01080703552348768,0,LOW
2024-01-16 15:00:00,Guwahati-Gauge-1,3,cropland,sedimentary,0,0.010592099557529254,0,LOW
2024-01-16 15:00:00,Sonapur-Gauge-1,4,forest,unconsolidated_sediment,0,0.010592099557529254,0,LOW
2024-01-16 16:00:00,Chamoli-Gauge-1,1,sparse_vegetation,fractured_metamorphic,0,0.011705540095090436,0,LOW
2024-01-16 16:00:00,Kolkata-Gauge-1,2,urban,unconsolidated_sediment,0,0.011169865246216682,0,LOW
2024-01-16 16:00:00,Guwahati-Gauge-1,3,cropland,sedimentary,0,0.010592099557529254,0,LOW
2024-01-16 16:00:00,Sonapur-Gauge-1,4,forest,unconsolidated_sediment,0,0.010592099557529254,0,LOW
2024-01-16 17:00:00,Chamoli-Gauge-1,1,sparse_vegetation,fractured_metamorphic,0,0.010680610133130352,0,LOW
2024-01-16 17:00:00,Kolkata-Gauge-1,2,urban,unconsolidated_sediment,0,0.01185374411607601,0,LOW
2024-01-16 17:00:00,Guwahati-Gauge-1,3,cropland,sedimentary,0,0.010592099557529254,0,LOW
2024-01-16 17:00:00,Sonapur-Gauge-1,4,forest,unconsolidated_sediment,0,0.010592099557529254,0,LOW
2024-01-16 18:00:00,Chamoli-Gauge-1,1,sparse_vegetation,fractured_metamorphic,0,0.010680610133130352,0,LOW
2024-01-16 18:00:00,Kolkata-Gauge-1,2,urban,unconsolidated_sediment,0,0.010592099557529254,0,LOW
2024-01-16 18:00:00,Guwahati-Gauge-1,3,cropland,sedimentary,0,0.010592099557529254,0,LOW
2024-01-16 18:00:00,Sonapur-Gauge-1,4,forest,unconsolidated_sediment,0,0.010592099557529254,0,LOW
2024-01-16 19:00:00,Chamoli-Gauge-1,1,sparse_vegetation,fractured_metamorphic,0,0.010680610133130352,0,LOW
2024-01-16 19:00:00,Kolkata-Gauge-1,2,urban,unconsolidated_sediment,0,0.01097744953557075,0,LOW
2024-01-16 19:00:00,Guwahati-Gauge-1,3,cropland,sedimentary,0,0.010592099557529254,0,LOW
2024-01-16 19:00:00,Sonapur-Gauge-1,4,forest,unconsolidated_sediment,0,0.010592099557529254,0,LOW
2024-01-16 20:00:00,Chamoli-Gauge-1,1,sparse_vegetation,fractured_metamorphic,0,0.010680610133130352,0,LOW
2024-01-16 20:00:00,Kolkata-Gauge-1,2,urban,unconsolidated_sediment,0,0.010592099557529254,0,LOW
2024-01-16 20:00:00,Guwahati-Gauge-1,3,cropland,sedimentary,0,0.010592099557529254,0,LOW
2024-01-16 20:00:00,Sonapur-Gauge-1,4,forest,unconsolidated_sediment,0,0.010592099557529254,0,LOW
2024-01-16 21:00:00,Chamoli-Gauge-1,1,sparse_vegetation,fractured_metamorphic,0,0.010680610133130352,0,LOW
2024-01-16 21:00:00,Kolkata-Gauge-1,2,urban,unconsolidated_sediment,0,0.010592099557529254,0,LOW
2024-01-16 21:00:00,Guwahati-Gauge-1,3,cropland,sedimentary,0,0.010592099557529254,0,LOW
2024-01-16 21:00:00,Sonapur-Gauge-1,4,forest,unconsolidated_sediment,0,0.010592099557529254,0,LOW
2024-01-16 22:00:00,Chamoli-Gauge-1,1,sparse_vegetation,fractured_metamorphic,0,0.010680610133130352,0,LOW
2024-01-16 22:00:00,Kolkata-Gauge-1,2,urban,unconsolidated_sediment,0,0.010791293629272355,0,LOW
2024-01-16 22:00:00,Guwahati-Gauge-1,3,cropland,sedimentary,0,0.010592099557529254,0,LOW
2024-01-16 22:00:00,Sonapur-Gauge-1,4,forest,unconsolidated_sediment,0,0.010592099557529254,0,LOW
2024-01-16 23:00:00,Chamoli-Gauge-1,1,sparse_vegetation,fractured_metamorphic,0,0.010680610133130352,0,LOW
2024-01-16 23:00:00,Kolkata-Gauge-1,2,urban,unconsolidated_sediment,0,0.010791293629272355,0,LOW
2024-01-16 23:00:00,Guwahati-Gauge-1,3,cropland,sedimentary,0,0.010960890829177361,0,LOW
2024-01-16 23:00:00,Sonapur-Gauge-1,4,forest,unconsolidated_sediment,0,0.010592099557529254,0,LOW
2024-01-17 00:00:00,Chamoli-Gauge-1,1,sparse_vegetation,fractured_metamorphic,0,0.010680610133130352,0,LOW
2024-01-17 00:00:00,Kolkata-Gauge-1,2,urban,unconsolidated_sediment,0,0.010592099557529254,0,LOW
2024-01-17 00:00:00,Guwahati-Gauge-1,3,cropland,sedimentary,0,0.010592099557529254,0,LOW
2024-01-17 00:00:00,Sonapur-Gauge-1,4,forest,unconsolidated_sediment,0,0.010592099557529254,0,LOW
2024-01-17 01:00:00,Chamoli-Gauge-1,1,sparse_vegetation,fractured_metamorphic,0,0.010680610133130352,0,LOW
2024-01-17 01:00:00,Kolkata-Gauge-1,2,urban,unconsolidated_sediment,0,0.010592099557529254,0,LOW
2024-01-17 01:00:00,Guwahati-Gauge-1,3,cropland,sedimentary,0,0.010592099557529254,0,LOW
2024-01-17 01:00:00,Sonapur-Gauge-1,4,forest,unconsolidated_sediment,0,0.010592099557529254,0,LOW
2024-01-17 02:00:00,Chamoli-Gauge-1,1,sparse_vegetation,fractured_metamorphic,0,0.011040240657990162,0,LOW
2024-01-17 02:00:00,Kolkata-Gauge-1,2,urban,unconsolidated_sediment,0,0.010592099557529254,0,LOW
2024-01-17 02:00:00,Guwahati-Gauge-1,3,cropland,sedimentary,0,0.010592099557529254,0,LOW
2024-01-17 02:00:00,Sonapur-Gauge-1,4,forest,unconsolidated_sediment,0,0.010592099557529254,0,LOW
2024-01-17 03:00:00,Chamoli-Gauge-1,1,sparse_vegetation,fractured_metamorphic,0,0.01093749685860561,0,LOW
2024-01-17 03:00:00,Kolkata-Gauge-1,2,urban,unconsolidated_sediment,0,0.010592099557529254,0,LOW
2024-01-17 03:00:00,Guwahati-Gauge-1,3,cropland,sedimentary,0,0.010592099557529254,0,LOW
2024-01-17 03:00:00,Sonapur-Gauge-1,4,forest,unconsolidated_sediment,0,0.010592099557529254,0,LOW
2024-01-17 04:00:00,Chamoli-Gauge-1,1,sparse_vegetation,fractured_metamorphic,0,0.010799795060456623,0,LOW
2024-01-17 04:00:00,Kolkata-Gauge-1,2,urban,unconsolidated_sediment,0,0.010592099557529254,0,LOW
2024-01-17 04:00:00,Guwahati-Gauge-1,3,cropland,sedimentary,0,0.010592099557529254,0,LOW
2024-01-17 04:00:00,Sonapur-Gauge-1,4,forest,unconsolidated_sediment,0,0.010592099557529254,0,LOW
2024-01-17 05:00:00,Chamoli-Gauge-1,1,sparse_vegetation,fractured_metamorphic,0,0.010761282117613501,0,LOW
2024-01-17 05:00:00,Kolkata-Gauge-1,2,urban,unconsolidated_sediment,0,0.010773763158977967,0,LOW
2024-01-17 05:00:00,Guwahati-Gauge-1,3,cropland,sedimentary,0,0.010592099557529254,0,LOW
2024-01-17 05:00:00,Sonapur-Gauge-1,4,forest,unconsolidated_sediment,0,0.010592099557529254,0,LOW
2024-01-17 06:00:00,Chamoli-Gauge-1,1,sparse_vegetation,fractured_metamorphic,0,0.010761282117613501,0,LOW
2024-01-17 06:00:00,Kolkata-Gauge-1,2,urban,unconsolidated_sediment,0,0.010592099557529254,0,LOW
2024-01-17 06:00:00,Guwahati-Gauge-1,3,cropland,sedimentary,0,0.010592099557529254,0,LOW
2024-01-17 06:00:00,Sonapur-Gauge-1,4,forest,unconsolidated_sediment,0,0.010592099557529254,0,LOW
2024-01-17 07:00:00,Chamoli-Gauge-1,1,sparse_vegetation,fractured_metamorphic,0,0.010592099557529254,0,LOW
2024-01-17 07:00:00,Kolkata-Gauge-1,2,urban,unconsolidated_sediment,0,0.010592099557529254,0,LOW
2024-01-17 07:00:00,Guwahati-Gauge-1,3,cropland,sedimentary,0,0.010592099557529254,0,LOW
2024-01-17 07:00:00,Sonapur-Gauge-1,4,forest,unconsolidated_sediment,0,0.010592099557529254,0,LOW
2024-01-17 08:00:00,Chamoli-Gauge-1,1,sparse_vegetation,fractured_metamorphic,0,0.010592099557529254,0,LOW
2024-01-17 08:00:00,Kolkata-Gauge-1,2,urban,unconsolidated_sediment,0,0.010592099557529254,0,LOW
2024-01-17 08:00:00,Guwahati-Gauge-1,3,cropland,sedimentary,0,0.010592099557529254,0,LOW
2024-01-17 08:00:00,Sonapur-Gauge-1,4,forest,unconsolidated_sediment,0,0.010592099557529254,0,LOW
2024-01-17 09:00:00,Chamoli-Gauge-1,1,sparse_vegetation,fractured_metamorphic,0,0.010592099557529254,0,LOW
2024-01-17 09:00:00,Kolkata-Gauge-1,2,urban,unconsolidated_sediment,0,0.010592099557529254,0,LOW
2024-01-17 09:00:00,Guwahati-Gauge-1,3,cropland,sedimentary,0,0.010592099557529254,0,LOW
2024-01-17 09:00:00,Sonapur-Gauge-1,4,forest,unconsolidated_sediment,0,0.010592099557529254,0,LOW
2024-01-17 10:00:00,Chamoli-Gauge-1,1,sparse_vegetation,fractured_metamorphic,0,0.02764232843675494,0,LOW
2024-01-17 10:00:00,Kolkata-Gauge-1,2,urban,unconsolidated_sediment,0,0.010592099557529254,0,LOW
2024-01-17 10:00:00,Guwahati-Gauge-1,3,cropland,sedimentary,0,0.010592099557529254,0,LOW
2024-01-17 10:00:00,Sonapur-Gauge-1,4,forest,unconsolidated_sediment,0,0.010592099557529254,0,LOW
2024-01-17 11:00:00,Chamoli-Gauge-1,1,sparse_vegetation,fractured_metamorphic,0,0.012775782178436106,0,LOW
2024-01-17 11:00:00,Kolkata-Gauge-1,2,urban,unconsolidated_sediment,0,0.010592099557529254,0,LOW
2024-01-17 11:00:00,Guwahati-Gauge-1,3,cropland,sedimentary,0,0.010592099557529254,0,LOW
2024-01-17 11:00:00,Sonapur-Gauge-1,4,forest,unconsolidated_sediment,0,0.010592099557529254,0,LOW
2024-01-17 12:00:00,Chamoli-Gauge-1,1,sparse_vegetation,fractured_metamorphic,0,0.012757127967250355,0,LOW
2024-01-17 12:00:00,Kolkata-Gauge-1,2,urban,unconsolidated_sediment,0,0.010592099557529254,0,LOW
2024-01-17 12:00:00,Guwahati-Gauge-1,3,cropland,sedimentary,0,0.010592099557529254,0,LOW
2024-01-17 12:00:00,Sonapur-Gauge-1,4,forest,unconsolidated_sediment,0,0.010592099557529254,0,LOW
2024-01-17 13:00:00,Chamoli-Gauge-1,1,sparse_vegetation,fractured_metamorphic,0,0.022989240667900906,0,LOW
2024-01-17 13:00:00,Kolkata-Gauge-1,2,urban,unconsolidated_sediment,0,0.010592099557529254,0,LOW
2024-01-17 13:00:00,Guwahati-Gauge-1,3,cropland,sedimentary,0,0.010592099557529254,0,LOW
2024-01-17 13:00:00,Sonapur-Gauge-1,4,forest,unconsolidated_sediment,0,0.010592099557529254,0,LOW
2024-01-17 14:00:00,Chamoli-Gauge-1,1,sparse_vegetation,fractured_metamorphic,0,0.027983130647735437,0,LOW
2024-01-17 14:00:00,Kolkata-Gauge-1,2,urban,unconsolidated_sediment,0,0.010592099557529254,0,LOW
2024-01-17 14:00:00,Guwahati-Gauge-1,3,cropland,sedimentary,0,0.010592099557529254,0,LOW
2024-01-17 14:00:00,Sonapur-Gauge-1,4,forest,unconsolidated_sediment,0,0.010592099557529254,0,LOW
2024-01-17 15:00:00,Chamoli-Gauge-1,1,sparse_vegetation,fractured_metamorphic,0,0.0411749777220305,0,LOW
2024-01-17 15:00:00,Kolkata-Gauge-1,2,urban,unconsolidated_sediment,0,0.010592099557529254,0,LOW
2024-01-17 15:00:00,Guwahati-Gauge-1,3,cropland,sedimentary,0,0.010592099557529254,0,LOW
2024-01-17 15:00:00,Sonapur-Gauge-1,4,forest,unconsolidated_sediment,0,0.010592099557529254,0,LOW
2024-01-17 16:00:00,Chamoli-Gauge-1,1,sparse_vegetation,fractured_metamorphic,0,0.08988699499633436,0,LOW
2024-01-17 16:00:00,Kolkata-Gauge-1,2,urban,unconsolidated_sediment,0,0.010592099557529254,0,LOW
2024-01-17 16:00:00,Guwahati-Gauge-1,3,cropland,sedimentary,0,0.010592099557529254,0,LOW
2024-01-17 16:00:00,Sonapur-Gauge-1,4,forest,unconsolidated_sediment,0,0.010592099557529254,0,LOW
2024-01-17 17:00:00,Chamoli-Gauge-1,1,sparse_vegetation,fractured_metamorphic,0,0.030197324455862345,0,LOW
2024-01-17 17:00:00,Kolkata-Gauge-1,2,urban,unconsolidated_sediment,0,0.010592099557529254,0,LOW
2024-01-17 17:00:00,Guwahati-Gauge-1,3,cropland,sedimentary,0,0.010592099557529254,0,LOW
2024-01-17 17:00:00,Sonapur-Gauge-1,4,forest,unconsolidated_sediment,0,0.010592099557529254,0,LOW
2024-01-17 18:00:00,Chamoli-Gauge-1,1,sparse_vegetation,fractured_metamorphic,0,0.032712579327665796,0,LOW
2024-01-17 18:00:00,Kolkata-Gauge-1,2,urban,unconsolidated_sediment,0,0.010592099557529254,0,LOW
2024-01-17 18:00:00,Guwahati-Gauge-1,3,cropland,sedimentary,0,0.010592099557529254,0,LOW
2024-01-17 18:00:00,Sonapur-Gauge-1,4,forest,unconsolidated_sediment,0,0.010592099557529254,0,LOW
2024-01-17 19:00:00,Chamoli-Gauge-1,1,sparse_vegetation,fractured_metamorphic,0,0.03393125074093095,0,LOW
2024-01-17 19:00:00,Kolkata-Gauge-1,2,urban,unconsolidated_sediment,0,0.010592099557529254,0,LOW
2024-01-17 19:00:00,Guwahati-Gauge-1,3,cropland,sedimentary,0,0.010592099557529254,0,LOW
2024-01-17 19:00:00,Sonapur-Gauge-1,4,forest,unconsolidated_sediment,0,0.010592099557529254,0,LOW
2024-01-17 20:00:00,Chamoli-Gauge-1,1,sparse_vegetation,fractured_metamorphic,1,0.2823920321627849,0,LOW
2024-01-17 20:00:00,Kolkata-Gauge-1,2,urban,unconsolidated_sediment,0,0.010592099557529254,0,LOW
2024-01-17 20:00:00,Guwahati-Gauge-1,3,cropland,sedimentary,0,0.010592099557529254,0,LOW
2024-01-17 20:00:00,Sonapur-Gauge-1,4,forest,unconsolidated_sediment,0,0.010592099557529254,0,LOW
2024-01-17 21:00:00,Chamoli-Gauge-1,1,sparse_vegetation,fractured_metamorphic,0,0.11318197025122252,0,LOW
2024-01-17 21:00:00,Kolkata-Gauge-1,2,urban,unconsolidated_sediment,0,0.010592099557529254,0,LOW
2024-01-17 21:00:00,Guwahati-Gauge-1,3,cropland,sedimentary,0,0.010592099557529254,0,LOW
2024-01-17 21:00:00,Sonapur-Gauge-1,4,forest,unconsolidated_sediment,0,0.010592099557529254,0,LOW
2024-01-17 22:00:00,Chamoli-Gauge-1,1,sparse_vegetation,fractured_metamorphic,0,0.022044268539162505,0,LOW
2024-01-17 22:00:00,Kolkata-Gauge-1,2,urban,unconsolidated_sediment,0,0.010592099557529254,0,LOW
2024-01-17 22:00:00,Guwahati-Gauge-1,3,cropland,sedimentary,0,0.010592099557529254,0,LOW
2024-01-17 22:00:00,Sonapur-Gauge-1,4,forest,unconsolidated_sediment,0,0.010592099557529254,0,LOW
2024-01-17 23:00:00,Chamoli-Gauge-1,1,sparse_vegetation,fractured_metamorphic,0,0.01740069139085233,0,LOW
2024-01-17 23:00:00,Kolkata-Gauge-1,2,urban,unconsolidated_sediment,0,0.010592099557529254,0,LOW
2024-01-17 23:00:00,Guwahati-Gauge-1,3,cropland,sedimentary,0,0.010592099557529254,0,LOW
2024-01-17 23:00:00,Sonapur-Gauge-1,4,forest,unconsolidated_sediment,0,0.010592099557529254,0,LOW
2024-01-18 00:00:00,Chamoli-Gauge-1,1,sparse_vegetation,fractured_metamorphic,0,0.012926603097569964,0,LOW
2024-01-18 00:00:00,Kolkata-Gauge-1,2,urban,unconsolidated_sediment,0,0.010592099557529254,0,LOW
2024-01-18 00:00:00,Guwahati-Gauge-1,3,cropland,sedimentary,0,0.010592099557529254,0,LOW
2024-01-18 00:00:00,Sonapur-Gauge-1,4,forest,unconsolidated_sediment,0,0.010592099557529254,0,LOW
2024-01-18 01:00:00,Chamoli-Gauge-1,1,sparse_vegetation,fractured_metamorphic,0,0.012276932784063114,0,LOW
2024-01-18 01:00:00,Kolkata-Gauge-1,2,urban,unconsolidated_sediment,0,0.010592099557529254,0,LOW
2024-01-18 01:00:00,Guwahati-Gauge-1,3,cropland,sedimentary,0,0.010592099557529254,0,LOW
2024-01-18 01:00:00,Sonapur-Gauge-1,4,forest,unconsolidated_sediment,0,0.010592099557529254,0,LOW
2024-01-18 02:00:00,Chamoli-Gauge-1,1,sparse_vegetation,fractured_metamorphic,0,0.012468573819882395,0,LOW
2024-01-18 02:00:00,Kolkata-Gauge-1,2,urban,unconsolidated_sediment,0,0.010592099557529254,0,LOW
2024-01-18 02:00:00,Guwahati-Gauge-1,3,cropland,sedimentary,0,0.010592099557529254,0,LOW
2024-01-18 02:00:00,Sonapur-Gauge-1,4,forest,unconsolidated_sediment,0,0.010592099557529254,0,LOW
2024-01-18 03:00:00,Chamoli-Gauge-1,1,sparse_vegetation,fractured_metamorphic,0,0.012240434994678041,0,LOW
2024-01-18 03:00:00,Kolkata-Gauge-1,2,urban,unconsolidated_sediment,0,0.010592099557529254,0,LOW
2024-01-18 03:00:00,Guwahati-Gauge-1,3,cropland,sedimentary,0,0.010592099557529254,0,LOW
2024-01-18 03:00:00,Sonapur-Gauge-1,4,forest,unconsolidated_sediment,0,0.010592099557529254,0,LOW
2024-01-18 04:00:00,Chamoli-Gauge-1,1,sparse_vegetation,fractured_metamorphic,0,0.012956344397970289,0,LOW
2024-01-18 04:00:00,Kolkata-Gauge-1,2,urban,unconsolidated_sediment,0,0.010592099557529254,0,LOW
2024-01-18 04:00:00,Guwahati-Gauge-1,3,cropland,sedimentary,0,0.010592099557529254,0,LOW
2024-01-18 04:00:00,Sonapur-Gauge-1,4,forest,unconsolidated_sediment,0,0.010592099557529254,0,LOW
2024-01-18 05:00:00,Chamoli-Gauge-1,1,sparse_vegetation,fractured_metamorphic,0,0.023581386723255687,0,LOW
2024-01-18 05:00:00,Kolkata-Gauge-1,2,urban,unconsolidated_sediment,0,0.010592099557529254,0,LOW
2024-01-18 05:00:00,Guwahati-Gauge-1,3,cropland,sedimentary,0,0.010592099557529254,0,LOW
2024-01-18 05:00:00,Sonapur-Gauge-1,4,forest,unconsolidated_sediment,0,0.010592099557529254,0,LOW
2024-01-18 06:00:00,Chamoli-Gauge-1,1,sparse_vegetation,fractured_metamorphic,1,0.8678958982233221,1,EXTREME
2024-01-18 06:00:00,Kolkata-Gauge-1,2,urban,unconsolidated_sediment,0,0.010592099557529254,0,LOW
2024-01-18 06:00:00,Guwahati-Gauge-1,3,cropland,sedimentary,0,0.010592099557529254,0,LOW
2024-01-18 06:00:00,Sonapur-Gauge-1,4,forest,unconsolidated_sediment,0,0.010592099557529254,0,LOW
2024-01-18 07:00:00,Chamoli-Gauge-1,1,sparse_vegetation,fractured_metamorphic,1,0.8870974265076124,1,EXTREME
2024-01-18 07:00:00,Kolkata-Gauge-1,2,urban,unconsolidated_sediment,0,0.010592099557529254,0,LOW
2024-01-18 07:00:00,Guwahati-Gauge-1,3,cropland,sedimentary,0,0.010592099557529254,0,LOW
2024-01-18 07:00:00,Sonapur-Gauge-1,4,forest,unconsolidated_sediment,0,0.010592099557529254,0,LOW
2024-01-18 08:00:00,Chamoli-Gauge-1,1,sparse_vegetation,fractured_metamorphic,1,0.8743933215730155,1,EXTREME
2024-01-18 08:00:00,Kolkata-Gauge-1,2,urban,unconsolidated_sediment,0,0.010592099557529254,0,LOW
2024-01-18 08:00:00,Guwahati-Gauge-1,3,cropland,sedimentary,0,0.010592099557529254,0,LOW
2024-01-18 08:00:00,Sonapur-Gauge-1,4,forest,unconsolidated_sediment,0,0.010592099557529254,0,LOW
2024-01-18 09:00:00,Chamoli-Gauge-1,1,sparse_vegetation,fractured_metamorphic,1,0.8619091017905476,1,EXTREME
2024-01-18 09:00:00,Kolkata-Gauge-1,2,urban,unconsolidated_sediment,0,0.010592099557529254,0,LOW
2024-01-18 09:00:00,Guwahati-Gauge-1,3,cropland,sedimentary,0,0.010592099557529254,0,LOW
2024-01-18 09:00:00,Sonapur-Gauge-1,4,forest,unconsolidated_sediment,0,0.010592099557529254,0,LOW
2024-01-18 10:00:00,Chamoli-Gauge-1,1,sparse_vegetation,fractured_metamorphic,1,0.8536869582565526,1,EXTREME
2024-01-18 10:00:00,Kolkata-Gauge-1,2,urban,unconsolidated_sediment,0,0.010592099557529254,0,LOW
2024-01-18 10:00:00,Guwahati-Gauge-1,3,cropland,sedimentary,0,0.010592099557529254,0,LOW
2024-01-18 10:00:00,Sonapur-Gauge-1,4,forest,unconsolidated_sediment,0,0.010592099557529254,0,LOW
2024-01-18 11:00:00,Chamoli-Gauge-1,1,sparse_vegetation,fractured_metamorphic,1,0.7693712375572932,1,HIGH
2024-01-18 11:00:00,Kolkata-Gauge-1,2,urban,unconsolidated_sediment,0,0.010592099557529254,0,LOW
2024-01-18 11:00:00,Guwahati-Gauge-1,3,cropland,sedimentary,0,0.010592099557529254,0,LOW
2024-01-18 11:00:00,Sonapur-Gauge-1,4,forest,unconsolidated_sediment,0,0.010592099557529254,0,LOW
2024-01-18 12:00:00,Chamoli-Gauge-1,1,sparse_vegetation,fractured_metamorphic,0,0.40285562759896776,0,MODERATE
2024-01-18 12:00:00,Kolkata-Gauge-1,2,urban,unconsolidated_sediment,0,0.010592099557529254,0,LOW
2024-01-18 12:00:00,Guwahati-Gauge-1,3,cropland,sedimentary,0,0.010592099557529254,0,LOW
2024-01-18 12:00:00,Sonapur-Gauge-1,4,forest,unconsolidated_sediment,0,0.010592099557529254,0,LOW
2024-01-18 13:00:00,Chamoli-Gauge-1,1,sparse_vegetation,fractured_metamorphic,0,0.34734404549906456,0,MODERATE
2024-01-18 13:00:00,Kolkata-Gauge-1,2,urban,unconsolidated_sediment,0,0.010592099557529254,0,LOW
2024-01-18 13:00:00,Guwahati-Gauge-1,3,cropland,sedimentary,0,0.010592099557529254,0,LOW
2024-01-18 13:00:00,Sonapur-Gauge-1,4,forest,unconsolidated_sediment,0,0.010592099557529254,0,LOW
2024-01-18 14:00:00,Chamoli-Gauge-1,1,sparse_vegetation,fractured_metamorphic,1,0.8954645770646963,1,EXTREME
2024-01-18 14:00:00,Kolkata-Gauge-1,2,urban,unconsolidated_sediment,0,0.010592099557529254,0,LOW
2024-01-18 14:00:00,Guwahati-Gauge-1,3,cropland,sedimentary,0,0.010592099557529254,0,LOW
2024-01-18 14:00:00,Sonapur-Gauge-1,4,forest,unconsolidated_sediment,0,0.010592099557529254,0,LOW
2024-01-18 15:00:00,Chamoli-Gauge-1,1,sparse_vegetation,fractured_metamorphic,1,0.896591940849236,1,EXTREME
2024-01-18 15:00:00,Kolkata-Gauge-1,2,urban,unconsolidated_sediment,0,0.010592099557529254,0,LOW
2024-01-18 15:00:00,Guwahati-Gauge-1,3,cropland,sedimentary,0,0.010592099557529254,0,LOW
2024-01-18 15:00:00,Sonapur-Gauge-1,4,forest,unconsolidated_sediment,0,0.010935723454177626,0,LOW
2024-01-18 16:00:00,Chamoli-Gauge-1,1,sparse_vegetation,fractured_metamorphic,1,0.896591940849236,1,EXTREME
2024-01-18 16:00:00,Kolkata-Gauge-1,2,urban,unconsolidated_sediment,0,0.010592099557529254,0,LOW
2024-01-18 16:00:00,Guwahati-Gauge-1,3,cropland,sedimentary,0,0.010592099557529254,0,LOW
2024-01-18 16:00:00,Sonapur-Gauge-1,4,forest,unconsolidated_sediment,0,0.010592099557529254,0,LOW
2024-01-18 17:00:00,Chamoli-Gauge-1,1,sparse_vegetation,fractured_metamorphic,1,0.895221820321417,1,EXTREME
2024-01-18 17:00:00,Kolkata-Gauge-1,2,urban,unconsolidated_sediment,0,0.010592099557529254,0,LOW
2024-01-18 17:00:00,Guwahati-Gauge-1,3,cropland,sedimentary,0,0.010592099557529254,0,LOW
2024-01-18 17:00:00,Sonapur-Gauge-1,4,forest,unconsolidated_sediment,0,0.010592099557529254,0,LOW
2024-01-18 18:00:00,Chamoli-Gauge-1,1,sparse_vegetation,fractured_metamorphic,1,0.8930002179447993,1,EXTREME
2024-01-18 18:00:00,Kolkata-Gauge-1,2,urban,unconsolidated_sediment,0,0.010592099557529254,0,LOW
2024-01-18 18:00:00,Guwahati-Gauge-1,3,cropland,sedimentary,0,0.010592099557529254,0,LOW
2024-01-18 18:00:00,Sonapur-Gauge-1,4,forest,unconsolidated_sediment,0,0.010592099557529254,0,LOW
2024-01-18 19:00:00,Chamoli-Gauge-1,1,sparse_vegetation,fractured_metamorphic,1,0.8882122108769301,1,EXTREME
2024-01-18 19:00:00,Kolkata-Gauge-1,2,urban,unconsolidated_sediment,0,0.010592099557529254,0,LOW
2024-01-18 19:00:00,Guwahati-Gauge-1,3,cropland,sedimentary,0,0.010592099557529254,0,LOW
2024-01-18 19:00:00,Sonapur-Gauge-1,4,forest,unconsolidated_sediment,0,0.010592099557529254,0,LOW
2024-01-18 20:00:00,Chamoli-Gauge-1,1,sparse_vegetation,fractured_metamorphic,1,0.8935455313667433,1,EXTREME
2024-01-18 20:00:00,Kolkata-Gauge-1,2,urban,unconsolidated_sediment,0,0.010592099557529254,0,LOW
2024-01-18 20:00:00,Guwahati-Gauge-1,3,cropland,sedimentary,0,0.010592099557529254,0,LOW
2024-01-18 20:00:00,Sonapur-Gauge-1,4,forest,unconsolidated_sediment,0,0.010592099557529254,0,LOW
2024-01-18 21:00:00,Chamoli-Gauge-1,1,sparse_vegetation,fractured_metamorphic,1,0.8956289111207131,1,EXTREME
2024-01-18 21:00:00,Kolkata-Gauge-1,2,urban,unconsolidated_sediment,0,0.010592099557529254,0,LOW
2024-01-18 21:00:00,Guwahati-Gauge-1,3,cropland,sedimentary,0,0.010592099557529254,0,LOW
2024-01-18 21:00:00,Sonapur-Gauge-1,4,forest,unconsolidated_sediment,0,0.010592099557529254,0,LOW
2024-01-18 22:00:00,Chamoli-Gauge-1,1,sparse_vegetation,fractured_metamorphic,1,0.8959315813836891,1,EXTREME
2024-01-18 22:00:00,Kolkata-Gauge-1,2,urban,unconsolidated_sediment,0,0.010592099557529254,0,LOW
2024-01-18 22:00:00,Guwahati-Gauge-1,3,cropland,sedimentary,0,0.010592099557529254,0,LOW
2024-01-18 22:00:00,Sonapur-Gauge-1,4,forest,unconsolidated_sediment,0,0.010592099557529254,0,LOW
2024-01-18 23:00:00,Chamoli-Gauge-1,1,sparse_vegetation,fractured_metamorphic,1,0.8902242616798939,1,EXTREME
2024-01-18 23:00:00,Kolkata-Gauge-1,2,urban,unconsolidated_sediment,0,0.010592099557529254,0,LOW
2024-01-18 23:00:00,Guwahati-Gauge-1,3,cropland,sedimentary,0,0.010592099557529254,0,LOW
2024-01-18 23:00:00,Sonapur-Gauge-1,4,forest,unconsolidated_sediment,0,0.010592099557529254,0,LOW
2024-01-19 00:00:00,Chamoli-Gauge-1,1,sparse_vegetation,fractured_metamorphic,1,0.8824849874108034,1,EXTREME
2024-01-19 00:00:00,Kolkata-Gauge-1,2,urban,unconsolidated_sediment,0,0.010759884299034163,0,LOW
2024-01-19 00:00:00,Guwahati-Gauge-1,3,cropland,sedimentary,0,0.010592099557529254,0,LOW
2024-01-19 00:00:00,Sonapur-Gauge-1,4,forest,unconsolidated_sediment,0,0.010592099557529254,0,LOW
2024-01-19 01:00:00,Chamoli-Gauge-1,1,sparse_vegetation,fractured_metamorphic,1,0.8850015066987218,1,EXTREME
2024-01-19 01:00:00,Kolkata-Gauge-1,2,urban,unconsolidated_sediment,0,0.010759884299034163,0,LOW
2024-01-19 01:00:00,Guwahati-Gauge-1,3,cropland,sedimentary,0,0.010592099557529254,0,LOW
2024-01-19 01:00:00,Sonapur-Gauge-1,4,forest,unconsolidated_sediment,0,0.010592099557529254,0,LOW
2024-01-19 02:00:00,Chamoli-Gauge-1,1,sparse_vegetation,fractured_metamorphic,0,0.8735456808490195,1,EXTREME
2024-01-19 02:00:00,Kolkata-Gauge-1,2,urban,unconsolidated_sediment,0,0.010759884299034163,0,LOW
2024-01-19 02:00:00,Guwahati-Gauge-1,3,cropland,sedimentary,0,0.010592099557529254,0,LOW
2024-01-19 02:00:00,Sonapur-Gauge-1,4,forest,unconsolidated_sediment,0,0.010592099557529254,0,LOW
2024-01-19 03:00:00,Chamoli-Gauge-1,1,sparse_vegetation,fractured_metamorphic,1,0.8829782015054098,1,EXTREME
2024-01-19 03:00:00,Kolkata-Gauge-1,2,urban,unconsolidated_sediment,0,0.010592099557529254,0,LOW
2024-01-19 03:00:00,Guwahati-Gauge-1,3,cropland,sedimentary,0,0.010592099557529254,0,LOW
2024-01-19 03:00:00,Sonapur-Gauge-1,4,forest,unconsolidated_sediment,0,0.010592099557529254,0,LOW
2024-01-19 04:00:00,Chamoli-Gauge-1,1,sparse_vegetation,fractured_metamorphic,1,0.8825306753281719,1,EXTREME
2024-01-19 04:00:00,Kolkata-Gauge-1,2,urban,unconsolidated_sediment,0,0.010592099557529254,0,LOW
2024-01-19 04:00:00,Guwahati-Gauge-1,3,cropland,sedimentary,0,0.010592099557529254,0,LOW
2024-01-19 04:00:00,Sonapur-Gauge-1,4,forest,unconsolidated_sediment,0,0.011166951022377032,0,LOW
2024-01-19 05:00:00,Chamoli-Gauge-1,1,sparse_vegetation,fractured_metamorphic,1,0.8711684212173745,1,EXTREME
2024-01-19 05:00:00,Kolkata-Gauge-1,2,urban,unconsolidated_sediment,0,0.011625711031672885,0,LOW
2024-01-19 05:00:00,Guwahati-Gauge-1,3,cropland,sedimentary,0,0.010592099557529254,0,LOW
2024-01-19 05:00:00,Sonapur-Gauge-1,4,forest,unconsolidated_sediment,0,0.011166951022377032,0,LOW
2024-01-19 06:00:00,Chamoli-Gauge-1,1,sparse_vegetation,fractured_metamorphic,0,0.6712504909385809,1,HIGH
2024-01-19 06:00:00,Kolkata-Gauge-1,2,urban,unconsolidated_sediment,0,0.011191159547813384,0,LOW
2024-01-19 06:00:00,Guwahati-Gauge-1,3,cropland,sedimentary,0,0.010592099557529254,0,LOW
2024-01-19 06:00:00,Sonapur-Gauge-1,4,forest,unconsolidated_sediment,0,0.010592099557529254,0,LOW
2024-01-19 07:00:00,Chamoli-Gauge-1,1,sparse_vegetation,fractured_metamorphic,1,0.63640588960886,1,HIGH
2024-01-19 07:00:00,Kolkata-Gauge-1,2,urban,unconsolidated_sediment,0,0.011408607164219155,0,LOW
2024-01-19 07:00:00,Guwahati-Gauge-1,3,cropland,sedimentary,0,0.010592099557529254,0,LOW
2024-01-19 07:00:00,Sonapur-Gauge-1,4,forest,unconsolidated_sediment,0,0.010592099557529254,0,LOW
2024-01-19 08:00:00,Chamoli-Gauge-1,1,sparse_vegetation,fractured_metamorphic,0,0.3624963371639744,0,MODERATE
2024-01-19 08:00:00,Kolkata-Gauge-1,2,urban,unconsolidated_sediment,0,0.011320132776816509,0,LOW
2024-01-19 08:00:00,Guwahati-Gauge-1,3,cropland,sedimentary,0,0.010592099557529254,0,LOW
2024-01-19 08:00:00,Sonapur-Gauge-1,4,forest,unconsolidated_sediment,0,0.010592099557529254,0,LOW
2024-01-19 09:00:00,Chamoli-Gauge-1,1,sparse_vegetation,fractured_metamorphic,0,0.20506741168005713,0,LOW
2024-01-19 09:00:00,Kolkata-Gauge-1,2,urban,unconsolidated_sediment,0,0.011181048173209399,0,LOW
2024-01-19 09:00:00,Guwahati-Gauge-1,3,cropland,sedimentary,0,0.010592099557529254,0,LOW
2024-01-19 09:00:00,Sonapur-Gauge-1,4,forest,unconsolidated_sediment,0,0.010592099557529254,0,LOW
2024-01-19 10:00:00,Chamoli-Gauge-1,1,sparse_vegetation,fractured_metamorphic,0,0.21567473930896153,0,LOW
2024-01-19 10:00:00,Kolkata-Gauge-1,2,urban,unconsolidated_sediment,0,0.010592099557529254,0,LOW
2024-01-19 10:00:00,Guwahati-Gauge-1,3,cropland,sedimentary,0,0.010592099557529254,0,LOW
2024-01-19 10:00:00,Sonapur-Gauge-1,4,forest,unconsolidated_sediment,0,0.010592099557529254,0,LOW
2024-01-19 11:00:00,Chamoli-Gauge-1,1,sparse_vegetation,fractured_metamorphic,0,0.17430861756293467,0,LOW
2024-01-19 11:00:00,Kolkata-Gauge-1,2,urban,unconsolidated_sediment,0,0.010788801069061127,0,LOW
2024-01-19 11:00:00,Guwahati-Gauge-1,3,cropland,sedimentary,0,0.010592099557529254,0,LOW
2024-01-19 11:00:00,Sonapur-Gauge-1,4,forest,unconsolidated_sediment,0,0.010592099557529254,0,LOW
2024-01-19 12:00:00,Chamoli-Gauge-1,1,sparse_vegetation,fractured_metamorphic,0,0.350196220445484,0,MODERATE
2024-01-19 12:00:00,Kolkata-Gauge-1,2,urban,unconsolidated_sediment,0,0.010788801069061127,0,LOW
2024-01-19 12:00:00,Guwahati-Gauge-1,3,cropland,sedimentary,0,0.010977684258786313,0,LOW
2024-01-19 12:00:00,Sonapur-Gauge-1,4,forest,unconsolidated_sediment,0,0.010592099557529254,0,LOW
2024-01-19 13:00:00,Chamoli-Gauge-1,1,sparse_vegetation,fractured_metamorphic,1,0.8376133698381679,1,EXTREME
2024-01-19 13:00:00,Kolkata-Gauge-1,2,urban,unconsolidated_sediment,0,0.010592099557529254,0,LOW
2024-01-19 13:00:00,Guwahati-Gauge-1,3,cropland,sedimentary,0,0.010592099557529254,0,LOW
2024-01-19 13:00:00,Sonapur-Gauge-1,4,forest,unconsolidated_sediment,0,0.010592099557529254,0,LOW
2024-01-19 14:00:00,Chamoli-Gauge-1,1,sparse_vegetation,fractured_metamorphic,1,0.7643980317317388,1,HIGH
2024-01-19 14:00:00,Kolkata-Gauge-1,2,urban,unconsolidated_sediment,0,0.011169620443763077,0,LOW
2024-01-19 14:00:00,Guwahati-Gauge-1,3,cropland,sedimentary,0,0.010592099557529254,0,LOW
2024-01-19 14:00:00,Sonapur-Gauge-1,4,forest,unconsolidated_sediment,0,0.010592099557529254,0,LOW
2024-01-19 15:00:00,Chamoli-Gauge-1,1,sparse_vegetation,fractured_metamorphic,1,0.8153335910294596,1,EXTREME
2024-01-19 15:00:00,Kolkata-Gauge-1,2,urban,unconsolidated_sediment,0,0.010592099557529254,0,LOW
2024-01-19 15:00:00,Guwahati-Gauge-1,3,cropland,sedimentary,0,0.010592099557529254,0,LOW
2024-01-19 15:00:00,Sonapur-Gauge-1,4,forest,unconsolidated_sediment,0,0.01082705380398781,0,LOW
2024-01-19 16:00:00,Chamoli-Gauge-1,1,sparse_vegetation,fractured_metamorphic,1,0.7988360686130748,1,HIGH
2024-01-19 16:00:00,Kolkata-Gauge-1,2,urban,unconsolidated_sediment,0,0.010801110567103221,0,LOW
2024-01-19 16:00:00,Guwahati-Gauge-1,3,cropland,sedimentary,0,0.010592099557529254,0,LOW
2024-01-19 16:00:00,Sonapur-Gauge-1,4,forest,unconsolidated_sediment,0,0.010642074571047832,0,LOW
2024-01-19 17:00:00,Chamoli-Gauge-1,1,sparse_vegetation,fractured_metamorphic,0,0.7511077648710934,1,HIGH
2024-01-19 17:00:00,Kolkata-Gauge-1,2,urban,unconsolidated_sediment,0,0.010733532332613156,0,LOW
2024-01-19 17:00:00,Guwahati-Gauge-1,3,cropland,sedimentary,0,0.010592099557529254,0,LOW
2024-01-19 17:00:00,Sonapur-Gauge-1,4,forest,unconsolidated_sediment,0,0.010642074571047832,0,LOW
2024-01-19 18:00:00,Chamoli-Gauge-1,1,sparse_vegetation,fractured_metamorphic,1,0.8464110211138359,1,EXTREME
2024-01-19 18:00:00,Kolkata-Gauge-1,2,urban,unconsolidated_sediment,0,0.010790475567197567,0,LOW
2024-01-19 18:00:00,Guwahati-Gauge-1,3,cropland,sedimentary,0,0.010592099557529254,0,LOW
2024-01-19 18:00:00,Sonapur-Gauge-1,4,forest,unconsolidated_sediment,0,0.010592099557529254,0,LOW
2024-01-19 19:00:00,Chamoli-Gauge-1,1,sparse_vegetation,fractured_metamorphic,1,0.8447421711456524,1,EXTREME
2024-01-19 19:00:00,Kolkata-Gauge-1,2,urban,unconsolidated_sediment,0,0.010790475567197567,0,LOW
2024-01-19 19:00:00,Guwahati-Gauge-1,3,cropland,sedimentary,0,0.010592099557529254,0,LOW
2024-01-19 19:00:00,Sonapur-Gauge-1,4,forest,unconsolidated_sediment,0,0.010592099557529254,0,LOW
2024-01-19 20:00:00,Chamoli-Gauge-1,1,sparse_vegetation,fractured_metamorphic,1,0.8289296238017029,1,EXTREME
2024-01-19 20:00:00,Kolkata-Gauge-1,2,urban,unconsolidated_sediment,0,0.011184882061628054,0,LOW
2024-01-19 20:00:00,Guwahati-Gauge-1,3,cropland,sedimentary,0,0.010592099557529254,0,LOW
2024-01-19 20:00:00,Sonapur-Gauge-1,4,forest,unconsolidated_sediment,0,0.010592099557529254,0,LOW
2024-01-19 21:00:00,Chamoli-Gauge-1,1,sparse_vegetation,fractured_metamorphic,1,0.7254805642219615,1,HIGH
2024-01-19 21:00:00,Kolkata-Gauge-1,2,urban,unconsolidated_sediment,0,0.010592099557529254,0,LOW
2024-01-19 21:00:00,Guwahati-Gauge-1,3,cropland,sedimentary,0,0.010592099557529254,0,LOW
2024-01-19 21:00:00,Sonapur-Gauge-1,4,forest,unconsolidated_sediment,0,0.010592099557529254,0,LOW
2024-01-19 22:00:00,Chamoli-Gauge-1,1,sparse_vegetation,fractured_metamorphic,1,0.7642784708775077,1,HIGH
2024-01-19 22:00:00,Kolkata-Gauge-1,2,urban,unconsolidated_sediment,0,0.010592099557529254,0,LOW
2024-01-19 22:00:00,Guwahati-Gauge-1,3,cropland,sedimentary,0,0.010789804198821744,0,LOW
2024-01-19 22:00:00,Sonapur-Gauge-1,4,forest,unconsolidated_sediment,0,0.010592099557529254,0,LOW
2024-01-19 23:00:00,Chamoli-Gauge-1,1,sparse_vegetation,fractured_metamorphic,0,0.3250473871335623,0,MODERATE
2024-01-19 23:00:00,Kolkata-Gauge-1,2,urban,unconsolidated_sediment,0,0.010592099557529254,0,LOW
2024-01-19 23:00:00,Guwahati-Gauge-1,3,cropland,sedimentary,0,0.010592099557529254,0,LOW
2024-01-19 23:00:00,Sonapur-Gauge-1,4,forest,unconsolidated_sediment,0,0.010891802437726137,0,LOW
2024-01-20 00:00:00,Chamoli-Gauge-1,1,sparse_vegetation,fractured_metamorphic,0,0.23286096271149348,0,LOW
2024-01-20 00:00:00,Kolkata-Gauge-1,2,urban,unconsolidated_sediment,0,0.010592099557529254,0,LOW
2024-01-20 00:00:00,Guwahati-Gauge-1,3,cropland,sedimentary,0,0.010592099557529254,0,LOW
2024-01-20 00:00:00,Sonapur-Gauge-1,4,forest,unconsolidated_sediment,0,0.010592099557529254,0,LOW
2024-01-20 01:00:00,Chamoli-Gauge-1,1,sparse_vegetation,fractured_metamorphic,0,0.3197665275453595,0,MODERATE
2024-01-20 01:00:00,Kolkata-Gauge-1,2,urban,unconsolidated_sediment,0,0.01078709228368474,0,LOW
2024-01-20 01:00:00,Guwahati-Gauge-1,3,cropland,sedimentary,0,0.010808996224677101,0,LOW
2024-01-20 01:00:00,Sonapur-Gauge-1,4,forest,unconsolidated_sediment,0,0.010592099557529254,0,LOW
2024-01-20 02:00:00,Chamoli-Gauge-1,1,sparse_vegetation,fractured_metamorphic,0,0.22258705519641364,0,LOW
2024-01-20 02:00:00,Kolkata-Gauge-1,2,urban,unconsolidated_sediment,0,0.010592099557529254,0,LOW
2024-01-20 02:00:00,Guwahati-Gauge-1,3,cropland,sedimentary,0,0.010808996224677101,0,LOW
2024-01-20 02:00:00,Sonapur-Gauge-1,4,forest,unconsolidated_sediment,0,0.010592099557529254,0,LOW
2024-01-20 03:00:00,Chamoli-Gauge-1,1,sparse_vegetation,fractured_metamorphic,1,0.6077427775635997,1,HIGH
2024-01-20 03:00:00,Kolkata-Gauge-1,2,urban,unconsolidated_sediment,0,0.010592099557529254,0,LOW
2024-01-20 03:00:00,Guwahati-Gauge-1,3,cropland,sedimentary,0,0.010987710364833942,0,LOW
2024-01-20 03:00:00,Sonapur-Gauge-1,4,forest,unconsolidated_sediment,0,0.010592099557529254,0,LOW
2024-01-20 04:00:00,Chamoli-Gauge-1,1,sparse_vegetation,fractured_metamorphic,0,0.14622606190985468,0,LOW
2024-01-20 04:00:00,Kolkata-Gauge-1,2,urban,unconsolidated_sediment,0,0.010592099557529254,0,LOW
2024-01-20 04:00:00,Guwahati-Gauge-1,3,cropland,sedimentary,0,0.010592099557529254,0,LOW
2024-01-20 04:00:00,Sonapur-Gauge-1,4,forest,unconsolidated_sediment,0,0.010592099557529254,0,LOW
2024-01-20 05:00:00,Chamoli-Gauge-1,1,sparse_vegetation,fractured_metamorphic,0,0.09299567606736651,0,LOW
2024-01-20 05:00:00,Kolkata-Gauge-1,2,urban,unconsolidated_sediment,0,0.010592099557529254,0,LOW
2024-01-20 05:00:00,Guwahati-Gauge-1,3,cropland,sedimentary,0,0.010592099557529254,0,LOW
2024-01-20 05:00:00,Sonapur-Gauge-1,4,forest,unconsolidated_sediment,0,0.010592099557529254,0,LOW
2024-01-20 06:00:00,Chamoli-Gauge-1,1,sparse_vegetation,fractured_metamorphic,0,0.0938825011796301,0,LOW
2024-01-20 06:00:00,Kolkata-Gauge-1,2,urban,unconsolidated_sediment,0,0.01061297605656985,0,LOW
2024-01-20 06:00:00,Guwahati-Gauge-1,3,cropland,sedimentary,0,0.010781952189229454,0,LOW
2024-01-20 06:00:00,Sonapur-Gauge-1,4,forest,unconsolidated_sediment,0,0.010592099557529254,0,LOW
2024-01-20 07:00:00,Chamoli-Gauge-1,1,sparse_vegetation,fractured_metamorphic,0,0.20484256827819852,0,LOW
2024-01-20 07:00:00,Kolkata-Gauge-1,2,urban,unconsolidated_sediment,0,0.01061297605656985,0,LOW
2024-01-20 07:00:00,Guwahati-Gauge-1,3,cropland,sedimentary,0,0.010781952189229454,0,LOW
2024-01-20 07:00:00,Sonapur-Gauge-1,4,forest,unconsolidated_sediment,0,0.010592099557529254,0,LOW
2024-01-20 08:00:00,Chamoli-Gauge-1,1,sparse_vegetation,fractured_metamorphic,0,0.19432208984247865,0,LOW
2024-01-20 08:00:00,Kolkata-Gauge-1,2,urban,unconsolidated_sediment,0,0.01061297605656985,0,LOW
2024-01-20 08:00:00,Guwahati-Gauge-1,3,cropland,sedimentary,0,0.010781952189229454,0,LOW
2024-01-20 08:00:00,Sonapur-Gauge-1,4,forest,unconsolidated_sediment,0,0.010592099557529254,0,LOW
2024-01-20 09:00:00,Chamoli-Gauge-1,1,sparse_vegetation,fractured_metamorphic,1,0.4275133202743453,0,MODERATE
2024-01-20 09:00:00,Kolkata-Gauge-1,2,urban,unconsolidated_sediment,0,0.01061297605656985,0,LOW
2024-01-20 09:00:00,Guwahati-Gauge-1,3,cropland,sedimentary,0,0.010946252677797082,0,LOW
2024-01-20 09:00:00,Sonapur-Gauge-1,4,forest,unconsolidated_sediment,0,0.010592099557529254,0,LOW
2024-01-20 10:00:00,Chamoli-Gauge-1,1,sparse_vegetation,fractured_metamorphic,0,0.05624420557453374,0,LOW
2024-01-20 10:00:00,Kolkata-Gauge-1,2,urban,unconsolidated_sediment,0,0.011020105821243279,0,LOW
2024-01-20 10:00:00,Guwahati-Gauge-1,3,cropland,sedimentary,0,0.010592099557529254,0,LOW
2024-01-20 10:00:00,Sonapur-Gauge-1,4,forest,unconsolidated_sediment,0,0.010592099557529254,0,LOW
2024-01-20 11:00:00,Chamoli-Gauge-1,1,sparse_vegetation,fractured_metamorphic,0,0.06794435831511268,0,LOW
2024-01-20 11:00:00,Kolkata-Gauge-1,2,urban,unconsolidated_sediment,0,0.010592099557529254,0,LOW
2024-01-20 11:00:00,Guwahati-Gauge-1,3,cropland,sedimentary,0,0.010592099557529254,0,LOW
2024-01-20 11:00:00,Sonapur-Gauge-1,4,forest,unconsolidated_sediment,0,0.010592099557529254,0,LOW
2024-01-20 12:00:00,Chamoli-Gauge-1,1,sparse_vegetation,fractured_metamorphic,0,0.06959361915550608,0,LOW
2024-01-20 12:00:00,Kolkata-Gauge-1,2,urban,unconsolidated_sediment,0,0.010592099557529254,0,LOW
2024-01-20 12:00:00,Guwahati-Gauge-1,3,cropland,sedimentary,0,0.010776467464744515,0,LOW
2024-01-20 12:00:00,Sonapur-Gauge-1,4,forest,unconsolidated_sediment,0,0.010592099557529254,0,LOW
2024-01-20 13:00:00,Chamoli-Gauge-1,1,sparse_vegetation,fractured_metamorphic,1,0.5923516446946188,1,MODERATE
2024-01-20 13:00:00,Kolkata-Gauge-1,2,urban,unconsolidated_sediment,0,0.010592099557529254,0,LOW
2024-01-20 13:00:00,Guwahati-Gauge-1,3,cropland,sedimentary,0,0.010592099557529254,0,LOW
2024-01-20 13:00:00,Sonapur-Gauge-1,4,forest,unconsolidated_sediment,0,0.010592099557529254,0,LOW
2024-01-20 14:00:00,Chamoli-Gauge-1,1,sparse_vegetation,fractured_metamorphic,1,0.6276327850373061,1,HIGH
2024-01-20 14:00:00,Kolkata-Gauge-1,2,urban,unconsolidated_sediment,0,0.010592099557529254,0,LOW
2024-01-20 14:00:00,Guwahati-Gauge-1,3,cropland,sedimentary,0,0.010592099557529254,0,LOW
2024-01-20 14:00:00,Sonapur-Gauge-1,4,forest,unconsolidated_sediment,0,0.010592099557529254,0,LOW
2024-01-20 15:00:00,Chamoli-Gauge-1,1,sparse_vegetation,fractured_metamorphic,0,0.05567031303461626,0,LOW
2024-01-20 15:00:00,Kolkata-Gauge-1,2,urban,unconsolidated_sediment,0,0.010592099557529254,0,LOW
2024-01-20 15:00:00,Guwahati-Gauge-1,3,cropland,sedimentary,0,0.010592099557529254,0,LOW
2024-01-20 15:00:00,Sonapur-Gauge-1,4,forest,unconsolidated_sediment,0,0.010592099557529254,0,LOW
2024-01-20 16:00:00,Chamoli-Gauge-1,1,sparse_vegetation,fractured_metamorphic,0,0.04486902359793938,0,LOW
2024-01-20 16:00:00,Kolkata-Gauge-1,2,urban,unconsolidated_sediment,0,0.010592099557529254,0,LOW
2024-01-20 16:00:00,Guwahati-Gauge-1,3,cropland,sedimentary,0,0.010592099557529254,0,LOW
2024-01-20 16:00:00,Sonapur-Gauge-1,4,forest,unconsolidated_sediment,0,0.010592099557529254,0,LOW
2024-01-20 17:00:00,Chamoli-Gauge-1,1,sparse_vegetation,fractured_metamorphic,0,0.050883928718096154,0,LOW
2024-01-20 17:00:00,Kolkata-Gauge-1,2,urban,unconsolidated_sediment,0,0.010592099557529254,0,LOW
2024-01-20 17:00:00,Guwahati-Gauge-1,3,cropland,sedimentary,0,0.010592099557529254,0,LOW
2024-01-20 17:00:00,Sonapur-Gauge-1,4,forest,unconsolidated_sediment,0,0.010592099557529254,0,LOW
2024-01-20 18:00:00,Chamoli-Gauge-1,1,sparse_vegetation,fractured_metamorphic,0,0.03890462409032707,0,LOW
2024-01-20 18:00:00,Kolkata-Gauge-1,2,urban,unconsolidated_sediment,0,0.010592099557529254,0,LOW
2024-01-20 18:00:00,Guwahati-Gauge-1,3,cropland,sedimentary,0,0.010592099557529254,0,LOW
2024-01-20 18:00:00,Sonapur-Gauge-1,4,forest,unconsolidated_sediment,0,0.010592099557529254,0,LOW
2024-01-20 19:00:00,Chamoli-Gauge-1,1,sparse_vegetation,fractured_metamorphic,0,0.03009584573428057,0,LOW
2024-01-20 19:00:00,Kolkata-Gauge-1,2,urban,unconsolidated_sediment,0,0.010792744889258181,0,LOW
2024-01-20 19:00:00,Guwahati-Gauge-1,3,cropland,sedimentary,0,0.010592099557529254,0,LOW
2024-01-20 19:00:00,Sonapur-Gauge-1,4,forest,unconsolidated_sediment,0,0.010592099557529254,0,LOW
2024-01-20 20:00:00,Chamoli-Gauge-1,1,sparse_vegetation,fractured_metamorphic,0,0.052185543054751586,0,LOW
2024-01-20 20:00:00,Kolkata-Gauge-1,2,urban,unconsolidated_sediment,0,0.010592099557529254,0,LOW
2024-01-20 20:00:00,Guwahati-Gauge-1,3,cropland,sedimentary,0,0.010592099557529254,0,LOW
2024-01-20 20:00:00,Sonapur-Gauge-1,4,forest,unconsolidated_sediment,0,0.010592099557529254,0,LOW
2024-01-20 21:00:00,Chamoli-Gauge-1,1,sparse_vegetation,fractured_metamorphic,0,0.07751572784216865,0,LOW
2024-01-20 21:00:00,Kolkata-Gauge-1,2,urban,unconsolidated_sediment,0,0.010592099557529254,0,LOW
2024-01-20 21:00:00,Guwahati-Gauge-1,3,cropland,sedimentary,0,0.010592099557529254,0,LOW
2024-01-20 21:00:00,Sonapur-Gauge-1,4,forest,unconsolidated_sediment,0,0.010592099557529254,0,LOW
2024-01-20 22:00:00,Chamoli-Gauge-1,1,sparse_vegetation,fractured_metamorphic,0,0.06509774411775059,0,LOW
2024-01-20 22:00:00,Kolkata-Gauge-1,2,urban,unconsolidated_sediment,0,0.010592099557529254,0,LOW
2024-01-20 22:00:00,Guwahati-Gauge-1,3,cropland,sedimentary,0,0.010592099557529254,0,LOW
2024-01-20 22:00:00,Sonapur-Gauge-1,4,forest,unconsolidated_sediment,0,0.010592099557529254,0,LOW
2024-01-20 23:00:00,Chamoli-Gauge-1,1,sparse_vegetation,fractured_metamorphic,0,0.10009530433067257,0,LOW
2024-01-20 23:00:00,Kolkata-Gauge-1,2,urban,unconsolidated_sediment,0,0.010964703753429646,0,LOW
2024-01-20 23:00:00,Guwahati-Gauge-1,3,cropland,sedimentary,0,0.010592099557529254,0,LOW
2024-01-20 23:00:00,Sonapur-Gauge-1,4,forest,unconsolidated_sediment,0,0.010592099557529254,0,LOW
2024-01-21 00:00:00,Chamoli-Gauge-1,1,sparse_vegetation,fractured_metamorphic,0,0.0658683222847936,0,LOW
2024-01-21 00:00:00,Kolkata-Gauge-1,2,urban,unconsolidated_sediment,0,0.011508371980189142,0,LOW
2024-01-21 00:00:00,Guwahati-Gauge-1,3,cropland,sedimentary,0,0.010592099557529254,0,LOW
2024-01-21 00:00:00,Sonapur-Gauge-1,4,forest,unconsolidated_sediment,0,0.010592099557529254,0,LOW
2024-01-21 01:00:00,Chamoli-Gauge-1,1,sparse_vegetation,fractured_metamorphic,0,0.06364786613423322,0,LOW
2024-01-21 01:00:00,Kolkata-Gauge-1,2,urban,unconsolidated_sediment,0,0.010947723434554133,0,LOW
2024-01-21 01:00:00,Guwahati-Gauge-1,3,cropland,sedimentary,0,0.010592099557529254,0,LOW
2024-01-21 01:00:00,Sonapur-Gauge-1,4,forest,unconsolidated_sediment,0,0.010592099557529254,0,LOW
2024-01-21 02:00:00,Chamoli-Gauge-1,1,sparse_vegetation,fractured_metamorphic,0,0.08376944196090126,0,LOW
2024-01-21 02:00:00,Kolkata-Gauge-1,2,urban,unconsolidated_sediment,0,0.010592099557529254,0,LOW
2024-01-21 02:00:00,Guwahati-Gauge-1,3,cropland,sedimentary,0,0.010592099557529254,0,LOW
2024-01-21 02:00:00,Sonapur-Gauge-1,4,forest,unconsolidated_sediment,0,0.010592099557529254,0,LOW
2024-01-21 03:00:00,Chamoli-Gauge-1,1,sparse_vegetation,fractured_metamorphic,0,0.04935610301680441,0,LOW
2024-01-21 03:00:00,Kolkata-Gauge-1,2,urban,unconsolidated_sediment,0,0.010592099557529254,0,LOW
2024-01-21 03:00:00,Guwahati-Gauge-1,3,cropland,sedimentary,0,0.010592099557529254,0,LOW
2024-01-21 03:00:00,Sonapur-Gauge-1,4,forest,unconsolidated_sediment,0,0.010592099557529254,0,LOW
2024-01-21 04:00:00,Chamoli-Gauge-1,1,sparse_vegetation,fractured_metamorphic,0,0.018633903690127174,0,LOW
2024-01-21 04:00:00,Kolkata-Gauge-1,2,urban,unconsolidated_sediment,0,0.010592099557529254,0,LOW
2024-01-21 04:00:00,Guwahati-Gauge-1,3,cropland,sedimentary,0,0.01120366431620506,0,LOW
2024-01-21 04:00:00,Sonapur-Gauge-1,4,forest,unconsolidated_sediment,0,0.010592099557529254,0,LOW
2024-01-21 05:00:00,Chamoli-Gauge-1,1,sparse_vegetation,fractured_metamorphic,0,0.015393689929645788,0,LOW
2024-01-21 05:00:00,Kolkata-Gauge-1,2,urban,unconsolidated_sediment,0,0.010592099557529254,0,LOW
2024-01-21 05:00:00,Guwahati-Gauge-1,3,cropland,sedimentary,0,0.010592099557529254,0,LOW
2024-01-21 05:00:00,Sonapur-Gauge-1,4,forest,unconsolidated_sediment,0,0.010592099557529254,0,LOW
2024-01-21 06:00:00,Chamoli-Gauge-1,1,sparse_vegetation,fractured_metamorphic,0,0.012096296684052297,0,LOW
2024-01-21 06:00:00,Kolkata-Gauge-1,2,urban,unconsolidated_sediment,0,0.010592099557529254,0,LOW
2024-01-21 06:00:00,Guwahati-Gauge-1,3,cropland,sedimentary,0,0.010592099557529254,0,LOW
2024-01-21 06:00:00,Sonapur-Gauge-1,4,forest,unconsolidated_sediment,0,0.010592099557529254,0,LOW
2024-01-21 07:00:00,Chamoli-Gauge-1,1,sparse_vegetation,fractured_metamorphic,0,0.01253352258968791,0,LOW
2024-01-21 07:00:00,Kolkata-Gauge-1,2,urban,unconsolidated_sediment,0,0.010592099557529254,0,LOW
2024-01-21 07:00:00,Guwahati-Gauge-1,3,cropland,sedimentary,0,0.010592099557529254,0,LOW
2024-01-21 07:00:00,Sonapur-Gauge-1,4,forest,unconsolidated_sediment,0,0.010592099557529254,0,LOW
2024-01-21 08:00:00,Chamoli-Gauge-1,1,sparse_vegetation,fractured_metamorphic,0,0.012519216949404477,0,LOW
2024-01-21 08:00:00,Kolkata-Gauge-1,2,urban,unconsolidated_sediment,0,0.010592099557529254,0,LOW
2024-01-21 08:00:00,Guwahati-Gauge-1,3,cropland,sedimentary,0,0.010592099557529254,0,LOW
2024-01-21 08:00:00,Sonapur-Gauge-1,4,forest,unconsolidated_sediment,0,0.010592099557529254,0,LOW
2024-01-21 09:00:00,Chamoli-Gauge-1,1,sparse_vegetation,fractured_metamorphic,0,0.011893425062816085,0,LOW
2024-01-21 09:00:00,Kolkata-Gauge-1,2,urban,unconsolidated_sediment,0,0.010592099557529254,0,LOW
2024-01-21 09:00:00,Guwahati-Gauge-1,3,cropland,sedimentary,0,0.010592099557529254,0,LOW
2024-01-21 09:00:00,Sonapur-Gauge-1,4,forest,unconsolidated_sediment,0,0.010592099557529254,0,LOW
2024-01-21 10:00:00,Chamoli-Gauge-1,1,sparse_vegetation,fractured_metamorphic,0,0.01139561826226607,0,LOW
2024-01-21 10:00:00,Kolkata-Gauge-1,2,urban,unconsolidated_sediment,0,0.01074919801466963,0,LOW
2024-01-21 10:00:00,Guwahati-Gauge-1,3,cropland,sedimentary,0,0.010592099557529254,0,LOW
2024-01-21 10:00:00,Sonapur-Gauge-1,4,forest,unconsolidated_sediment,0,0.010592099557529254,0,LOW
2024-01-21 11:00:00,Chamoli-Gauge-1,1,sparse_vegetation,fractured_metamorphic,0,0.011593010425289535,0,LOW
2024-01-21 11:00:00,Kolkata-Gauge-1,2,urban,unconsolidated_sediment,0,0.01074919801466963,0,LOW
2024-01-21 11:00:00,Guwahati-Gauge-1,3,cropland,sedimentary,0,0.010592099557529254,0,LOW
2024-01-21 11:00:00,Sonapur-Gauge-1,4,forest,unconsolidated_sediment,0,0.010592099557529254,0,LOW
2024-01-21 12:00:00,Chamoli-Gauge-1,1,sparse_vegetation,fractured_metamorphic,0,0.011965164951339643,0,LOW
2024-01-21 12:00:00,Kolkata-Gauge-1,2,urban,unconsolidated_sediment,0,0.010592099557529254,0,LOW
2024-01-21 12:00:00,Guwahati-Gauge-1,3,cropland,sedimentary,0,0.010592099557529254,0,LOW
2024-01-21 12:00:00,Sonapur-Gauge-1,4,forest,unconsolidated_sediment,0,0.010592099557529254,0,LOW
2024-01-21 13:00:00,Chamoli-Gauge-1,1,sparse_vegetation,fractured_metamorphic,0,0.011586029536186872,0,LOW
2024-01-21 13:00:00,Kolkata-Gauge-1,2,urban,unconsolidated_sediment,0,0.010790523602460769,0,LOW
2024-01-21 13:00:00,Guwahati-Gauge-1,3,cropland,sedimentary,0,0.010592099557529254,0,LOW
2024-01-21 13:00:00,Sonapur-Gauge-1,4,forest,unconsolidated_sediment,0,0.010592099557529254,0,LOW
2024-01-21 14:00:00,Chamoli-Gauge-1,1,sparse_vegetation,fractured_metamorphic,0,0.011942318229865034,0,LOW
2024-01-21 14:00:00,Kolkata-Gauge-1,2,urban,unconsolidated_sediment,0,0.010790523602460769,0,LOW
2024-01-21 14:00:00,Guwahati-Gauge-1,3,cropland,sedimentary,0,0.010592099557529254,0,LOW
2024-01-21 14:00:00,Sonapur-Gauge-1,4,forest,unconsolidated_sediment,0,0.010592099557529254,0,LOW
2024-01-21 15:00:00,Chamoli-Gauge-1,1,sparse_vegetation,fractured_metamorphic,0,0.020662087470597702,0,LOW
2024-01-21 15:00:00,Kolkata-Gauge-1,2,urban,unconsolidated_sediment,0,0.010592099557529254,0,LOW
2024-01-21 15:00:00,Guwahati-Gauge-1,3,cropland,sedimentary,0,0.010592099557529254,0,LOW
2024-01-21 15:00:00,Sonapur-Gauge-1,4,forest,unconsolidated_sediment,0,0.010592099557529254,0,LOW
2024-01-21 16:00:00,Chamoli-Gauge-1,1,sparse_vegetation,fractured_metamorphic,0,0.05992163220312009,0,LOW
2024-01-21 16:00:00,Kolkata-Gauge-1,2,urban,unconsolidated_sediment,0,0.010592099557529254,0,LOW
2024-01-21 16:00:00,Guwahati-Gauge-1,3,cropland,sedimentary,0,0.010592099557529254,0,LOW
2024-01-21 16:00:00,Sonapur-Gauge-1,4,forest,unconsolidated_sediment,0,0.010592099557529254,0,LOW
2024-01-21 17:00:00,Chamoli-Gauge-1,1,sparse_vegetation,fractured_metamorphic,0,0.027673594107993565,0,LOW
2024-01-21 17:00:00,Kolkata-Gauge-1,2,urban,unconsolidated_sediment,0,0.010592099557529254,0,LOW
2024-01-21 17:00:00,Guwahati-Gauge-1,3,cropland,sedimentary,0,0.010592099557529254,0,LOW
2024-01-21 17:00:00,Sonapur-Gauge-1,4,forest,unconsolidated_sediment,0,0.010592099557529254,0,LOW
2024-01-21 18:00:00,Chamoli-Gauge-1,1,sparse_vegetation,fractured_metamorphic,0,0.01676535789541624,0,LOW
2024-01-21 18:00:00,Kolkata-Gauge-1,2,urban,unconsolidated_sediment,0,0.011023723356422798,0,LOW
2024-01-21 18:00:00,Guwahati-Gauge-1,3,cropland,sedimentary,0,0.010592099557529254,0,LOW
2024-01-21 18:00:00,Sonapur-Gauge-1,4,forest,unconsolidated_sediment,0,0.010592099557529254,0,LOW
2024-01-21 19:00:00,Chamoli-Gauge-1,1,sparse_vegetation,fractured_metamorphic,0,0.0181400486002889,0,LOW
2024-01-21 19:00:00,Kolkata-Gauge-1,2,urban,unconsolidated_sediment,0,0.010592099557529254,0,LOW
2024-01-21 19:00:00,Guwahati-Gauge-1,3,cropland,sedimentary,0,0.010592099557529254,0,LOW
2024-01-21 19:00:00,Sonapur-Gauge-1,4,forest,unconsolidated_sediment,0,0.010592099557529254,0,LOW
2024-01-21 20:00:00,Chamoli-Gauge-1,1,sparse_vegetation,fractured_metamorphic,0,0.021410176427056882,0,LOW
2024-01-21 20:00:00,Kolkata-Gauge-1,2,urban,unconsolidated_sediment,0,0.010592099557529254,0,LOW
2024-01-21 20:00:00,Guwahati-Gauge-1,3,cropland,sedimentary,0,0.010592099557529254,0,LOW
2024-01-21 20:00:00,Sonapur-Gauge-1,4,forest,unconsolidated_sediment,0,0.010592099557529254,0,LOW
2024-01-21 21:00:00,Chamoli-Gauge-1,1,sparse_vegetation,fractured_metamorphic,0,0.014012565607223837,0,LOW
2024-01-21 21:00:00,Kolkata-Gauge-1,2,urban,unconsolidated_sediment,0,0.010592099557529254,0,LOW
2024-01-21 21:00:00,Guwahati-Gauge-1,3,cropland,sedimentary,0,0.010592099557529254,0,LOW
2024-01-21 21:00:00,Sonapur-Gauge-1,4,forest,unconsolidated_sediment,0,0.010592099557529254,0,LOW
2024-01-21 22:00:00,Chamoli-Gauge-1,1,sparse_vegetation,fractured_metamorphic,0,0.01215062398128677,0,LOW
2024-01-21 22:00:00,Kolkata-Gauge-1,2,urban,unconsolidated_sediment,0,0.010592099557529254,0,LOW
2024-01-21 22:00:00,Guwahati-Gauge-1,3,cropland,sedimentary,0,0.010592099557529254,0,LOW
2024-01-21 22:00:00,Sonapur-Gauge-1,4,forest,unconsolidated_sediment,0,0.010592099557529254,0,LOW
2024-01-21 23:00:00,Chamoli-Gauge-1,1,sparse_vegetation,fractured_metamorphic,0,0.012915611888562465,0,LOW
2024-01-21 23:00:00,Kolkata-Gauge-1,2,urban,unconsolidated_sediment,0,0.010592099557529254,0,LOW
2024-01-21 23:00:00,Guwahati-Gauge-1,3,cropland,sedimentary,0,0.010592099557529254,0,LOW
2024-01-21 23:00:00,Sonapur-Gauge-1,4,forest,unconsolidated_sediment,0,0.010592099557529254,0,LOW
2024-01-22 00:00:00,Chamoli-Gauge-1,1,sparse_vegetation,fractured_metamorphic,0,0.011832201924884746,0,LOW
2024-01-22 00:00:00,Kolkata-Gauge-1,2,urban,unconsolidated_sediment,0,0.010792744889258181,0,LOW
2024-01-22 00:00:00,Guwahati-Gauge-1,3,cropland,sedimentary,0,0.010592099557529254,0,LOW
2024-01-22 00:00:00,Sonapur-Gauge-1,4,forest,unconsolidated_sediment,0,0.010592099557529254,0,LOW
2024-01-22 01:00:00,Chamoli-Gauge-1,1,sparse_vegetation,fractured_metamorphic,0,0.01084665270240028,0,LOW
2024-01-22 01:00:00,Kolkata-Gauge-1,2,urban,unconsolidated_sediment,0,0.03429632728700822,0,LOW
2024-01-22 01:00:00,Guwahati-Gauge-1,3,cropland,sedimentary,0,0.010592099557529254,0,LOW
2024-01-22 01:00:00,Sonapur-Gauge-1,4,forest,unconsolidated_sediment,0,0.010592099557529254,0,LOW
2024-01-22 02:00:00,Chamoli-Gauge-1,1,sparse_vegetation,fractured_metamorphic,0,0.011843495849862317,0,LOW
2024-01-22 02:00:00,Kolkata-Gauge-1,2,urban,unconsolidated_sediment,0,0.02150545945292506,0,LOW
2024-01-22 02:00:00,Guwahati-Gauge-1,3,cropland,sedimentary,0,0.010592099557529254,0,LOW
2024-01-22 02:00:00,Sonapur-Gauge-1,4,forest,unconsolidated_sediment,0,0.010592099557529254,0,LOW
2024-01-22 03:00:00,Chamoli-Gauge-1,1,sparse_vegetation,fractured_metamorphic,0,0.010791245421794089,0,LOW
2024-01-22 03:00:00,Kolkata-Gauge-1,2,urban,unconsolidated_sediment,0,0.02064955164714218,0,LOW
2024-01-22 03:00:00,Guwahati-Gauge-1,3,cropland,sedimentary,0,0.010592099557529254,0,LOW
2024-01-22 03:00:00,Sonapur-Gauge-1,4,forest,unconsolidated_sediment,0,0.010592099557529254,0,LOW
2024-01-22 04:00:00,Chamoli-Gauge-1,1,sparse_vegetation,fractured_metamorphic,0,0.0128704310467404,0,LOW
2024-01-22 04:00:00,Kolkata-Gauge-1,2,urban,unconsolidated_sediment,0,0.016624901731819058,0,LOW
2024-01-22 04:00:00,Guwahati-Gauge-1,3,cropland,sedimentary,0,0.010592099557529254,0,LOW
2024-01-22 04:00:00,Sonapur-Gauge-1,4,forest,unconsolidated_sediment,0,0.010592099557529254,0,LOW
2024-01-22 05:00:00,Chamoli-Gauge-1,1,sparse_vegetation,fractured_metamorphic,0,0.032805944045414016,0,LOW
2024-01-22 05:00:00,Kolkata-Gauge-1,2,urban,unconsolidated_sediment,0,0.016447797164132825,0,LOW
2024-01-22 05:00:00,Guwahati-Gauge-1,3,cropland,sedimentary,0,0.010592099557529254,0,LOW
2024-01-22 05:00:00,Sonapur-Gauge-1,4,forest,unconsolidated_sediment,0,0.010592099557529254,0,LOW
2024-01-22 06:00:00,Chamoli-Gauge-1,1,sparse_vegetation,fractured_metamorphic,0,0.03396301422358192,0,LOW
2024-01-22 06:00:00,Kolkata-Gauge-1,2,urban,unconsolidated_sediment,0,0.020369603062702624,0,LOW
2024-01-22 06:00:00,Guwahati-Gauge-1,3,cropland,sedimentary,0,0.010592099557529254,0,LOW
2024-01-22 06:00:00,Sonapur-Gauge-1,4,forest,unconsolidated_sediment,0,0.010592099557529254,0,LOW
2024-01-22 07:00:00,Chamoli-Gauge-1,1,sparse_vegetation,fractured_metamorphic,0,0.01468291017269612,0,LOW
2024-01-22 07:00:00,Kolkata-Gauge-1,2,urban,unconsolidated_sediment,0,0.024123753670036566,0,LOW
2024-01-22 07:00:00,Guwahati-Gauge-1,3,cropland,sedimentary,0,0.010592099557529254,0,LOW
2024-01-22 07:00:00,Sonapur-Gauge-1,4,forest,unconsolidated_sediment,0,0.010592099557529254,0,LOW
2024-01-22 08:00:00,Chamoli-Gauge-1,1,sparse_vegetation,fractured_metamorphic,0,0.01564279783303495,0,LOW
2024-01-22 08:00:00,Kolkata-Gauge-1,2,urban,unconsolidated_sediment,0,0.023582001318864607,0,LOW
2024-01-22 08:00:00,Guwahati-Gauge-1,3,cropland,sedimentary,0,0.010592099557529254,0,LOW
2024-01-22 08:00:00,Sonapur-Gauge-1,4,forest,unconsolidated_sediment,0,0.010592099557529254,0,LOW
2024-01-22 09:00:00,Chamoli-Gauge-1,1,sparse_vegetation,fractured_metamorphic,0,0.012238368826890935,0,LOW
2024-01-22 09:00:00,Kolkata-Gauge-1,2,urban,unconsolidated_sediment,1,0.438692874678731,0,MODERATE
2024-01-22 09:00:00,Guwahati-Gauge-1,3,cropland,sedimentary,0,0.010592099557529254,0,LOW
2024-01-22 09:00:00,Sonapur-Gauge-1,4,forest,unconsolidated_sediment,0,0.010592099557529254,0,LOW
2024-01-22 10:00:00,Chamoli-Gauge-1,1,sparse_vegetation,fractured_metamorphic,0,0.012620120073214183,0,LOW
2024-01-22 10:00:00,Kolkata-Gauge-1,2,urban,unconsolidated_sediment,0,0.026334165551179026,0,LOW
2024-01-22 10:00:00,Guwahati-Gauge-1,3,cropland,sedimentary,0,0.010592099557529254,0,LOW
2024-01-22 10:00:00,Sonapur-Gauge-1,4,forest,unconsolidated_sediment,0,0.010592099557529254,0,LOW
2024-01-22 11:00:00,Chamoli-Gauge-1,1,sparse_vegetation,fractured_metamorphic,0,0.011015508073493099,0,LOW
2024-01-22 11:00:00,Kolkata-Gauge-1,2,urban,unconsolidated_sediment,1,0.6019773940186224,1,HIGH
2024-01-22 11:00:00,Guwahati-Gauge-1,3,cropland,sedimentary,0,0.010592099557529254,0,LOW
2024-01-22 11:00:00,Sonapur-Gauge-1,4,forest,unconsolidated_sediment,0,0.010592099557529254,0,LOW
2024-01-22 12:00:00,Chamoli-Gauge-1,1,sparse_vegetation,fractured_metamorphic,0,0.011230800584636044,0,LOW
2024-01-22 12:00:00,Kolkata-Gauge-1,2,urban,unconsolidated_sediment,0,0.2317266445615464,0,LOW
2024-01-22 12:00:00,Guwahati-Gauge-1,3,cropland,sedimentary,0,0.010592099557529254,0,LOW
2024-01-22 12:00:00,Sonapur-Gauge-1,4,forest,unconsolidated_sediment,0,0.010592099557529254,0,LOW
2024-01-22 13:00:00,Chamoli-Gauge-1,1,sparse_vegetation,fractured_metamorphic,0,0.010856285194826294,0,LOW
2024-01-22 13:00:00,Kolkata-Gauge-1,2,urban,unconsolidated_sediment,0,0.21517999616386088,0,LOW
2024-01-22 13:00:00,Guwahati-Gauge-1,3,cropland,sedimentary,0,0.010592099557529254,0,LOW
2024-01-22 13:00:00,Sonapur-Gauge-1,4,forest,unconsolidated_sediment,0,0.010592099557529254,0,LOW
2024-01-22 14:00:00,Chamoli-Gauge-1,1,sparse_vegetation,fractured_metamorphic,0,0.0318230485682285,0,LOW
2024-01-22 14:00:00,Kolkata-Gauge-1,2,urban,unconsolidated_sediment,0,0.16004932134503633,0,LOW
2024-01-22 14:00:00,Guwahati-Gauge-1,3,cropland,sedimentary,0,0.010592099557529254,0,LOW
2024-01-22 14:00:00,Sonapur-Gauge-1,4,forest,unconsolidated_sediment,0,0.010592099557529254,0,LOW
2024-01-22 15:00:00,Chamoli-Gauge-1,1,sparse_vegetation,fractured_metamorphic,0,0.03061830027475179,0,LOW
2024-01-22 15:00:00,Kolkata-Gauge-1,2,urban,unconsolidated_sediment,0,0.23046297699457827,0,LOW
2024-01-22 15:00:00,Guwahati-Gauge-1,3,cropland,sedimentary,0,0.010592099557529254,0,LOW
2024-01-22 15:00:00,Sonapur-Gauge-1,4,forest,unconsolidated_sediment,0,0.010592099557529254,0,LOW
2024-01-22 16:00:00,Chamoli-Gauge-1,1,sparse_vegetation,fractured_metamorphic,0,0.023488263722196895,0,LOW
2024-01-22 16:00:00,Kolkata-Gauge-1,2,urban,unconsolidated_sediment,0,0.23046297699457827,0,LOW
2024-01-22 16:00:00,Guwahati-Gauge-1,3,cropland,sedimentary,0,0.010592099557529254,0,LOW
2024-01-22 16:00:00,Sonapur-Gauge-1,4,forest,unconsolidated_sediment,0,0.010592099557529254,0,LOW
2024-01-22 17:00:00,Chamoli-Gauge-1,1,sparse_vegetation,fractured_metamorphic,1,0.3139515282249131,0,MODERATE
2024-01-22 17:00:00,Kolkata-Gauge-1,2,urban,unconsolidated_sediment,1,0.7817797667277424,1,HIGH
2024-01-22 17:00:00,Guwahati-Gauge-1,3,cropland,sedimentary,0,0.010592099557529254,0,LOW
2024-01-22 17:00:00,Sonapur-Gauge-1,4,forest,unconsolidated_sediment,0,0.010592099557529254,0,LOW
2024-01-22 18:00:00,Chamoli-Gauge-1,1,sparse_vegetation,fractured_metamorphic,0,0.0834690424381831,0,LOW
2024-01-22 18:00:00,Kolkata-Gauge-1,2,urban,unconsolidated_sediment,0,0.5226434492331138,1,MODERATE
2024-01-22 18:00:00,Guwahati-Gauge-1,3,cropland,sedimentary,0,0.010592099557529254,0,LOW
2024-01-22 18:00:00,Sonapur-Gauge-1,4,forest,unconsolidated_sediment,0,0.010592099557529254,0,LOW
2024-01-22 19:00:00,Chamoli-Gauge-1,1,sparse_vegetation,fractured_metamorphic,0,0.07677453842840318,0,LOW
2024-01-22 19:00:00,Kolkata-Gauge-1,2,urban,unconsolidated_sediment,1,0.5827884972857504,1,MODERATE
2024-01-22 19:00:00,Guwahati-Gauge-1,3,cropland,sedimentary,0,0.010592099557529254,0,LOW
2024-01-22 19:00:00,Sonapur-Gauge-1,4,forest,unconsolidated_sediment,0,0.010592099557529254,0,LOW
2024-01-22 20:00:00,Chamoli-Gauge-1,1,sparse_vegetation,fractured_metamorphic,0,0.03346262574571574,0,LOW
2024-01-22 20:00:00,Kolkata-Gauge-1,2,urban,unconsolidated_sediment,0,0.11524467867028276,0,LOW
2024-01-22 20:00:00,Guwahati-Gauge-1,3,cropland,sedimentary,0,0.010592099557529254,0,LOW
2024-01-22 20:00:00,Sonapur-Gauge-1,4,forest,unconsolidated_sediment,0,0.010592099557529254,0,LOW
2024-01-22 21:00:00,Chamoli-Gauge-1,1,sparse_vegetation,fractured_metamorphic,0,0.028520865406282528,0,LOW
2024-01-22 21:00:00,Kolkata-Gauge-1,2,urban,unconsolidated_sediment,0,0.07320312464735547,0,LOW
2024-01-22 21:00:00,Guwahati-Gauge-1,3,cropland,sedimentary,0,0.010592099557529254,0,LOW
2024-01-22 21:00:00,Sonapur-Gauge-1,4,forest,unconsolidated_sediment,0,0.010592099557529254,0,LOW
2024-01-22 22:00:00,Chamoli-Gauge-1,1,sparse_vegetation,fractured_metamorphic,0,0.02781857742513035,0,LOW
2024-01-22 22:00:00,Kolkata-Gauge-1,2,urban,unconsolidated_sediment,0,0.04358891060874266,0,LOW
2024-01-22 22:00:00,Guwahati-Gauge-1,3,cropland,sedimentary,0,0.010592099557529254,0,LOW
2024-01-22 22:00:00,Sonapur-Gauge-1,4,forest,unconsolidated_sediment,0,0.010592099557529254,0,LOW
2024-01-22 23:00:00,Chamoli-Gauge-1,1,sparse_vegetation,fractured_metamorphic,0,0.037410845751883096,0,LOW
2024-01-22 23:00:00,Kolkata-Gauge-1,2,urban,unconsolidated_sediment,0,0.029107904170571096,0,LOW
2024-01-22 23:00:00,Guwahati-Gauge-1,3,cropland,sedimentary,0,0.010592099557529254,0,LOW
2024-01-22 23:00:00,Sonapur-Gauge-1,4,forest,unconsolidated_sediment,0,0.010592099557529254,0,LOW
2024-01-23 00:00:00,Chamoli-Gauge-1,1,sparse_vegetation,fractured_metamorphic,0,0.042782835451803225,0,LOW
2024-01-23 00:00:00,Kolkata-Gauge-1,2,urban,unconsolidated_sediment,0,0.05004368496617288,0,LOW
2024-01-23 00:00:00,Guwahati-Gauge-1,3,cropland,sedimentary,0,0.010592099557529254,0,LOW
2024-01-23 00:00:00,Sonapur-Gauge-1,4,forest,unconsolidated_sediment,0,0.010592099557529254,0,LOW
2024-01-23 01:00:00,Chamoli-Gauge-1,1,sparse_vegetation,fractured_metamorphic,0,0.04945484494367436,0,LOW
2024-01-23 01:00:00,Kolkata-Gauge-1,2,urban,unconsolidated_sediment,0,0.012474961963972452,0,LOW
2024-01-23 01:00:00,Guwahati-Gauge-1,3,cropland,sedimentary,0,0.010592099557529254,0,LOW
2024-01-23 01:00:00,Sonapur-Gauge-1,4,forest,unconsolidated_sediment,0,0.010592099557529254,0,LOW
2024-01-23 02:00:00,Chamoli-Gauge-1,1,sparse_vegetation,fractured_metamorphic,0,0.024969297597743745,0,LOW
2024-01-23 02:00:00,Kolkata-Gauge-1,2,urban,unconsolidated_sediment,0,0.011811681330493599,0,LOW
2024-01-23 02:00:00,Guwahati-Gauge-1,3,cropland,sedimentary,0,0.010592099557529254,0,LOW
2024-01-23 02:00:00,Sonapur-Gauge-1,4,forest,unconsolidated_sediment,0,0.010592099557529254,0,LOW
2024-01-23 03:00:00,Chamoli-Gauge-1,1,sparse_vegetation,fractured_metamorphic,0,0.025821906782090412,0,LOW
2024-01-23 03:00:00,Kolkata-Gauge-1,2,urban,unconsolidated_sediment,0,0.011596549282078579,0,LOW
2024-01-23 03:00:00,Guwahati-Gauge-1,3,cropland,sedimentary,0,0.010592099557529254,0,LOW
2024-01-23 03:00:00,Sonapur-Gauge-1,4,forest,unconsolidated_sediment,0,0.010592099557529254,0,LOW
2024-01-23 04:00:00,Chamoli-Gauge-1,1,sparse_vegetation,fractured_metamorphic,0,0.026031029180288004,0,LOW
2024-01-23 04:00:00,Kolkata-Gauge-1,2,urban,unconsolidated_sediment,1,0.35872311146223584,0,MODERATE
2024-01-23 04:00:00,Guwahati-Gauge-1,3,cropland,sedimentary,0,0.010592099557529254,0,LOW
2024-01-23 04:00:00,Sonapur-Gauge-1,4,forest,unconsolidated_sediment,0,0.010592099557529254,0,LOW
2024-01-23 05:00:00,Chamoli-Gauge-1,1,sparse_vegetation,fractured_metamorphic,0,0.040664998071294575,0,LOW
2024-01-23 05:00:00,Kolkata-Gauge-1,2,urban,unconsolidated_sediment,0,0.11292952321903185,0,LOW
2024-01-23 05:00:00,Guwahati-Gauge-1,3,cropland,sedimentary,0,0.010592099557529254,0,LOW
2024-01-23 05:00:00,Sonapur-Gauge-1,4,forest,unconsolidated_sediment,0,0.010592099557529254,0,LOW
2024-01-23 06:00:00,Chamoli-Gauge-1,1,sparse_vegetation,fractured_metamorphic,1,0.8888260269880915,1,EXTREME
2024-01-23 06:00:00,Kolkata-Gauge-1,2,urban,unconsolidated_sediment,0,0.09381548313568275,0,LOW
2024-01-23 06:00:00,Guwahati-Gauge-1,3,cropland,sedimentary,0,0.010592099557529254,0,LOW
2024-01-23 06:00:00,Sonapur-Gauge-1,4,forest,unconsolidated_sediment,0,0.010592099557529254,0,LOW
2024-01-23 07:00:00,Chamoli-Gauge-1,1,sparse_vegetation,fractured_metamorphic,1,0.8924356690042445,1,EXTREME
2024-01-23 07:00:00,Kolkata-Gauge-1,2,urban,unconsolidated_sediment,0,0.03564219986283973,0,LOW
2024-01-23 07:00:00,Guwahati-Gauge-1,3,cropland,sedimentary,0,0.010592099557529254,0,LOW
2024-01-23 07:00:00,Sonapur-Gauge-1,4,forest,unconsolidated_sediment,0,0.010592099557529254,0,LOW
2024-01-23 08:00:00,Chamoli-Gauge-1,1,sparse_vegetation,fractured_metamorphic,1,0.8918140642385477,1,EXTREME
2024-01-23 08:00:00,Kolkata-Gauge-1,2,urban,unconsolidated_sediment,0,0.01645915295656728,0,LOW
2024-01-23 08:00:00,Guwahati-Gauge-1,3,cropland,sedimentary,0,0.010592099557529254,0,LOW
2024-01-23 08:00:00,Sonapur-Gauge-1,4,forest,unconsolidated_sediment,0,0.010592099557529254,0,LOW
2024-01-23 09:00:00,Chamoli-Gauge-1,1,sparse_vegetation,fractured_metamorphic,1,0.843886530821744,1,EXTREME
2024-01-23 09:00:00,Kolkata-Gauge-1,2,urban,unconsolidated_sediment,0,0.027072123146925725,0,LOW
2024-01-23 09:00:00,Guwahati-Gauge-1,3,cropland,sedimentary,0,0.010592099557529254,0,LOW
2024-01-23 09:00:00,Sonapur-Gauge-1,4,forest,unconsolidated_sediment,0,0.010592099557529254,0,LOW
2024-01-23 10:00:00,Chamoli-Gauge-1,1,sparse_vegetation,fractured_metamorphic,0,0.7517387332264791,1,HIGH
2024-01-23 10:00:00,Kolkata-Gauge-1,2,urban,unconsolidated_sediment,0,0.032483770458025356,0,LOW
2024-01-23 10:00:00,Guwahati-Gauge-1,3,cropland,sedimentary,0,0.010592099557529254,0,LOW
2024-01-23 10:00:00,Sonapur-Gauge-1,4,forest,unconsolidated_sediment,0,0.010995034002532732,0,LOW
2024-01-23 11:00:00,Chamoli-Gauge-1,1,sparse_vegetation,fractured_metamorphic,1,0.7709076692032262,1,HIGH
2024-01-23 11:00:00,Kolkata-Gauge-1,2,urban,unconsolidated_sediment,0,0.015095267036778857,0,LOW
2024-01-23 11:00:00,Guwahati-Gauge-1,3,cropland,sedimentary,0,0.010592099557529254,0,LOW
2024-01-23 11:00:00,Sonapur-Gauge-1,4,forest,unconsolidated_sediment,0,0.010791293629272355,0,LOW
2024-01-23 12:00:00,Chamoli-Gauge-1,1,sparse_vegetation,fractured_metamorphic,0,0.4293124347416511,0,MODERATE
2024-01-23 12:00:00,Kolkata-Gauge-1,2,urban,unconsolidated_sediment,0,0.012992766506269475,0,LOW
2024-01-23 12:00:00,Guwahati-Gauge-1,3,cropland,sedimentary,0,0.010592099557529254,0,LOW
2024-01-23 12:00:00,Sonapur-Gauge-1,4,forest,unconsolidated_sediment,0,0.010791293629272355,0,LOW
2024-01-23 13:00:00,Chamoli-Gauge-1,1,sparse_vegetation,fractured_metamorphic,1,0.6515900070899352,1,HIGH
2024-01-23 13:00:00,Kolkata-Gauge-1,2,urban,unconsolidated_sediment,0,0.0136408494591272,0,LOW
2024-01-23 13:00:00,Guwahati-Gauge-1,3,cropland,sedimentary,0,0.010592099557529254,0,LOW
2024-01-23 13:00:00,Sonapur-Gauge-1,4,forest,unconsolidated_sediment,0,0.010592099557529254,0,LOW
2024-01-23 14:00:00,Chamoli-Gauge-1,1,sparse_vegetation,fractured_metamorphic,0,0.4142141802333727,0,MODERATE
2024-01-23 14:00:00,Kolkata-Gauge-1,2,urban,unconsolidated_sediment,0,0.013218533114776214,0,LOW
2024-01-23 14:00:00,Guwahati-Gauge-1,3,cropland,sedimentary,0,0.010592099557529254,0,LOW
2024-01-23 14:00:00,Sonapur-Gauge-1,4,forest,unconsolidated_sediment,0,0.010592099557529254,0,LOW
2024-01-23 15:00:00,Chamoli-Gauge-1,1,sparse_vegetation,fractured_metamorphic,0,0.42776641624404504,0,MODERATE
2024-01-23 15:00:00,Kolkata-Gauge-1,2,urban,unconsolidated_sediment,0,0.01255004416481118,0,LOW
2024-01-23 15:00:00,Guwahati-Gauge-1,3,cropland,sedimentary,0,0.010592099557529254,0,LOW
2024-01-23 15:00:00,Sonapur-Gauge-1,4,forest,unconsolidated_sediment,0,0.024796568623343805,0,LOW
2024-01-23 16:00:00,Chamoli-Gauge-1,1,sparse_vegetation,fractured_metamorphic,1,0.7583340089898191,1,HIGH
2024-01-23 16:00:00,Kolkata-Gauge-1,2,urban,unconsolidated_sediment,0,0.013027949970553962,0,LOW
2024-01-23 16:00:00,Guwahati-Gauge-1,3,cropland,sedimentary,0,0.010592099557529254,0,LOW
2024-01-23 16:00:00,Sonapur-Gauge-1,4,forest,unconsolidated_sediment,0,0.032878086911344286,0,LOW
2024-01-23 17:00:00,Chamoli-Gauge-1,1,sparse_vegetation,fractured_metamorphic,1,0.7989760882529717,1,HIGH
2024-01-23 17:00:00,Kolkata-Gauge-1,2,urban,unconsolidated_sediment,0,0.013114946546897458,0,LOW
2024-01-23 17:00:00,Guwahati-Gauge-1,3,cropland,sedimentary,0,0.010592099557529254,0,LOW
2024-01-23 17:00:00,Sonapur-Gauge-1,4,forest,unconsolidated_sediment,0,0.023553487241901774,0,LOW
2024-01-23 18:00:00,Chamoli-Gauge-1,1,sparse_vegetation,fractured_metamorphic,0,0.3673845206849319,0,MODERATE
2024-01-23 18:00:00,Kolkata-Gauge-1,2,urban,unconsolidated_sediment,0,0.01180130749163323,0,LOW
2024-01-23 18:00:00,Guwahati-Gauge-1,3,cropland,sedimentary,0,0.010592099557529254,0,LOW
2024-01-23 18:00:00,Sonapur-Gauge-1,4,forest,unconsolidated_sediment,0,0.022357050005074642,0,LOW
2024-01-23 19:00:00,Chamoli-Gauge-1,1,sparse_vegetation,fractured_metamorphic,1,0.6576548177655966,1,HIGH
2024-01-23 19:00:00,Kolkata-Gauge-1,2,urban,unconsolidated_sediment,0,0.011100548065766283,0,LOW
2024-01-23 19:00:00,Guwahati-Gauge-1,3,cropland,sedimentary,0,0.010592099557529254,0,LOW
2024-01-23 19:00:00,Sonapur-Gauge-1,4,forest,unconsolidated_sediment,0,0.022616785086193514,0,LOW
2024-01-23 20:00:00,Chamoli-Gauge-1,1,sparse_vegetation,fractured_metamorphic,0,0.4103851028431706,0,MODERATE
2024-01-23 20:00:00,Kolkata-Gauge-1,2,urban,unconsolidated_sediment,0,0.011377608334559542,0,LOW
2024-01-23 20:00:00,Guwahati-Gauge-1,3,cropland,sedimentary,0,0.010592099557529254,0,LOW
2024-01-23 20:00:00,Sonapur-Gauge-1,4,forest,unconsolidated_sediment,0,0.017573219602556128,0,LOW
2024-01-23 21:00:00,Chamoli-Gauge-1,1,sparse_vegetation,fractured_metamorphic,0,0.10247811771941218,0,LOW
2024-01-23 21:00:00,Kolkata-Gauge-1,2,urban,unconsolidated_sediment,0,0.013524512751974586,0,LOW
2024-01-23 21:00:00,Guwahati-Gauge-1,3,cropland,sedimentary,0,0.010592099557529254,0,LOW
2024-01-23 21:00:00,Sonapur-Gauge-1,4,forest,unconsolidated_sediment,0,0.014862447090403862,0,LOW
2024-01-23 22:00:00,Chamoli-Gauge-1,1,sparse_vegetation,fractured_metamorphic,0,0.48628281121393774,0,MODERATE
2024-01-23 22:00:00,Kolkata-Gauge-1,2,urban,unconsolidated_sediment,0,0.013682793927836733,0,LOW
2024-01-23 22:00:00,Guwahati-Gauge-1,3,cropland,sedimentary,0,0.010592099557529254,0,LOW
2024-01-23 22:00:00,Sonapur-Gauge-1,4,forest,unconsolidated_sediment,0,0.01125264337587484,0,LOW
2024-01-23 23:00:00,Chamoli-Gauge-1,1,sparse_vegetation,fractured_metamorphic,1,0.6009911204499494,1,HIGH
2024-01-23 23:00:00,Kolkata-Gauge-1,2,urban,unconsolidated_sediment,0,0.012297530470659209,0,LOW
2024-01-23 23:00:00,Guwahati-Gauge-1,3,cropland,sedimentary,0,0.010592099557529254,0,LOW
2024-01-23 23:00:00,Sonapur-Gauge-1,4,forest,unconsolidated_sediment,0,0.012683944163538798,0,LOW
2024-01-24 00:00:00,Chamoli-Gauge-1,1,sparse_vegetation,fractured_metamorphic,1,0.7746717604768949,1,HIGH
2024-01-24 00:00:00,Kolkata-Gauge-1,2,urban,unconsolidated_sediment,0,0.010759953813958853,0,LOW
2024-01-24 00:00:00,Guwahati-Gauge-1,3,cropland,sedimentary,0,0.010592099557529254,0,LOW
2024-01-24 00:00:00,Sonapur-Gauge-1,4,forest,unconsolidated_sediment,0,0.012450183520238302,0,LOW
2024-01-24 01:00:00,Chamoli-Gauge-1,1,sparse_vegetation,fractured_metamorphic,1,0.7920799484255817,1,HIGH
2024-01-24 01:00:00,Kolkata-Gauge-1,2,urban,unconsolidated_sediment,0,0.010932719328148367,0,LOW
2024-01-24 01:00:00,Guwahati-Gauge-1,3,cropland,sedimentary,0,0.010592099557529254,0,LOW
2024-01-24 01:00:00,Sonapur-Gauge-1,4,forest,unconsolidated_sediment,0,0.012015088068898566,0,LOW
2024-01-24 02:00:00,Chamoli-Gauge-1,1,sparse_vegetation,fractured_metamorphic,0,0.5070224395851646,0,MODERATE
2024-01-24 02:00:00,Kolkata-Gauge-1,2,urban,unconsolidated_sediment,0,0.011623327725239422,0,LOW
2024-01-24 02:00:00,Guwahati-Gauge-1,3,cropland,sedimentary,0,0.010592099557529254,0,LOW
2024-01-24 02:00:00,Sonapur-Gauge-1,4,forest,unconsolidated_sediment,0,0.011889033265312939,0,LOW
2024-01-24 03:00:00,Chamoli-Gauge-1,1,sparse_vegetation,fractured_metamorphic,0,0.525409893968714,1,MODERATE
2024-01-24 03:00:00,Kolkata-Gauge-1,2,urban,unconsolidated_sediment,0,0.06003717449763473,0,LOW
2024-01-24 03:00:00,Guwahati-Gauge-1,3,cropland,sedimentary,0,0.010592099557529254,0,LOW
2024-01-24 03:00:00,Sonapur-Gauge-1,4,forest,unconsolidated_sediment,0,0.012638519127788485,0,LOW
2024-01-24 04:00:00,Chamoli-Gauge-1,1,sparse_vegetation,fractured_metamorphic,0,0.34792965860061703,0,MODERATE
2024-01-24 04:00:00,Kolkata-Gauge-1,2,urban,unconsolidated_sediment,0,0.038129490421438664,0,LOW
2024-01-24 04:00:00,Guwahati-Gauge-1,3,cropland,sedimentary,0,0.010592099557529254,0,LOW
2024-01-24 04:00:00,Sonapur-Gauge-1,4,forest,unconsolidated_sediment,0,0.011387274336189156,0,LOW
2024-01-24 05:00:00,Chamoli-Gauge-1,1,sparse_vegetation,fractured_metamorphic,1,0.5231761475176974,1,MODERATE
2024-01-24 05:00:00,Kolkata-Gauge-1,2,urban,unconsolidated_sediment,0,0.055320487873202755,0,LOW
2024-01-24 05:00:00,Guwahati-Gauge-1,3,cropland,sedimentary,0,0.010592099557529254,0,LOW
2024-01-24 05:00:00,Sonapur-Gauge-1,4,forest,unconsolidated_sediment,0,0.010772248178801564,0,LOW
2024-01-24 06:00:00,Chamoli-Gauge-1,1,sparse_vegetation,fractured_metamorphic,0,0.110298832899685,0,LOW
2024-01-24 06:00:00,Kolkata-Gauge-1,2,urban,unconsolidated_sediment,1,0.4089097432287158,0,MODERATE
2024-01-24 06:00:00,Guwahati-Gauge-1,3,cropland,sedimentary,0,0.010592099557529254,0,LOW
2024-01-24 06:00:00,Sonapur-Gauge-1,4,forest,unconsolidated_sediment,0,0.010592099557529254,0,LOW
2024-01-24 07:00:00,Chamoli-Gauge-1,1,sparse_vegetation,fractured_metamorphic,0,0.1952555049518359,0,LOW
2024-01-24 07:00:00,Kolkata-Gauge-1,2,urban,unconsolidated_sediment,0,0.04345224680823356,0,LOW
2024-01-24 07:00:00,Guwahati-Gauge-1,3,cropland,sedimentary,0,0.010592099557529254,0,LOW
2024-01-24 07:00:00,Sonapur-Gauge-1,4,forest,unconsolidated_sediment,0,0.01079110086408812,0,LOW
2024-01-24 08:00:00,Chamoli-Gauge-1,1,sparse_vegetation,fractured_metamorphic,1,0.42400501017944703,0,MODERATE
2024-01-24 08:00:00,Kolkata-Gauge-1,2,urban,unconsolidated_sediment,0,0.0360297560553178,0,LOW
2024-01-24 08:00:00,Guwahati-Gauge-1,3,cropland,sedimentary,0,0.010592099557529254,0,LOW
2024-01-24 08:00:00,Sonapur-Gauge-1,4,forest,unconsolidated_sediment,0,0.010592099557529254,0,LOW
2024-01-24 09:00:00,Chamoli-Gauge-1,1,sparse_vegetation,fractured_metamorphic,0,0.027503032921671895,0,LOW
2024-01-24 09:00:00,Kolkata-Gauge-1,2,urban,unconsolidated_sediment,0,0.18162550466021532,0,LOW
2024-01-24 09:00:00,Guwahati-Gauge-1,3,cropland,sedimentary,0,0.010592099557529254,0,LOW
2024-01-24 09:00:00,Sonapur-Gauge-1,4,forest,unconsolidated_sediment,0,0.010808257368429287,0,LOW
2024-01-24 10:00:00,Chamoli-Gauge-1,1,sparse_vegetation,fractured_metamorphic,0,0.02329417406477017,0,LOW
2024-01-24 10:00:00,Kolkata-Gauge-1,2,urban,unconsolidated_sediment,1,0.37874403639092474,0,MODERATE
2024-01-24 10:00:00,Guwahati-Gauge-1,3,cropland,sedimentary,0,0.010592099557529254,0,LOW
2024-01-24 10:00:00,Sonapur-Gauge-1,4,forest,unconsolidated_sediment,0,0.010592099557529254,0,LOW
2024-01-24 11:00:00,Chamoli-Gauge-1,1,sparse_vegetation,fractured_metamorphic,0,0.01278848241482018,0,LOW
2024-01-24 11:00:00,Kolkata-Gauge-1,2,urban,unconsolidated_sediment,0,0.0659964804108608,0,LOW
2024-01-24 11:00:00,Guwahati-Gauge-1,3,cropland,sedimentary,0,0.010592099557529254,0,LOW
2024-01-24 11:00:00,Sonapur-Gauge-1,4,forest,unconsolidated_sediment,0,0.010592099557529254,0,LOW
2024-01-24 12:00:00,Chamoli-Gauge-1,1,sparse_vegetation,fractured_metamorphic,0,0.011590182852454738,0,LOW
2024-01-24 12:00:00,Kolkata-Gauge-1,2,urban,unconsolidated_sediment,0,0.025813834640644844,0,LOW
2024-01-24 12:00:00,Guwahati-Gauge-1,3,cropland,sedimentary,0,0.010592099557529254,0,LOW
2024-01-24 12:00:00,Sonapur-Gauge-1,4,forest,unconsolidated_sediment,0,0.010592099557529254,0,LOW
2024-01-24 13:00:00,Chamoli-Gauge-1,1,sparse_vegetation,fractured_metamorphic,0,0.011590182852454738,0,LOW
2024-01-24 13:00:00,Kolkata-Gauge-1,2,urban,unconsolidated_sediment,0,0.018423892408517852,0,LOW
2024-01-24 13:00:00,Guwahati-Gauge-1,3,cropland,sedimentary,0,0.010592099557529254,0,LOW
2024-01-24 13:00:00,Sonapur-Gauge-1,4,forest,unconsolidated_sediment,0,0.010592099557529254,0,LOW
2024-01-24 14:00:00,Chamoli-Gauge-1,1,sparse_vegetation,fractured_metamorphic,0,0.01180608545661194,0,LOW
2024-01-24 14:00:00,Kolkata-Gauge-1,2,urban,unconsolidated_sediment,0,0.023659935834217244,0,LOW
2024-01-24 14:00:00,Guwahati-Gauge-1,3,cropland,sedimentary,0,0.010592099557529254,0,LOW
2024-01-24 14:00:00,Sonapur-Gauge-1,4,forest,unconsolidated_sediment,0,0.010592099557529254,0,LOW
2024-01-24 15:00:00,Chamoli-Gauge-1,1,sparse_vegetation,fractured_metamorphic,0,0.014875547913949808,0,LOW
2024-01-24 15:00:00,Kolkata-Gauge-1,2,urban,unconsolidated_sediment,0,0.07460259381610061,0,LOW
2024-01-24 15:00:00,Guwahati-Gauge-1,3,cropland,sedimentary,0,0.010592099557529254,0,LOW
2024-01-24 15:00:00,Sonapur-Gauge-1,4,forest,unconsolidated_sediment,0,0.010592099557529254,0,LOW
2024-01-24 16:00:00,Chamoli-Gauge-1,1,sparse_vegetation,fractured_metamorphic,0,0.012663844157297698,0,LOW
2024-01-24 16:00:00,Kolkata-Gauge-1,2,urban,unconsolidated_sediment,0,0.13031419276436895,0,LOW
2024-01-24 16:00:00,Guwahati-Gauge-1,3,cropland,sedimentary,0,0.010592099557529254,0,LOW
2024-01-24 16:00:00,Sonapur-Gauge-1,4,forest,unconsolidated_sediment,0,0.011548709184447744,0,LOW
2024-01-24 17:00:00,Chamoli-Gauge-1,1,sparse_vegetation,fractured_metamorphic,0,0.012127805225417336,0,LOW
2024-01-24 17:00:00,Kolkata-Gauge-1,2,urban,unconsolidated_sediment,1,0.24903403170431745,0,LOW
2024-01-24 17:00:00,Guwahati-Gauge-1,3,cropland,sedimentary,0,0.010592099557529254,0,LOW
2024-01-24 17:00:00,Sonapur-Gauge-1,4,forest,unconsolidated_sediment,0,0.01176463129909885,0,LOW
2024-01-24 18:00:00,Chamoli-Gauge-1,1,sparse_vegetation,fractured_metamorphic,0,0.014784545110031275,0,LOW
2024-01-24 18:00:00,Kolkata-Gauge-1,2,urban,unconsolidated_sediment,0,0.02376979444639576,0,LOW
2024-01-24 18:00:00,Guwahati-Gauge-1,3,cropland,sedimentary,0,0.010592099557529254,0,LOW
2024-01-24 18:00:00,Sonapur-Gauge-1,4,forest,unconsolidated_sediment,0,0.01116707575397519,0,LOW
2024-01-24 19:00:00,Chamoli-Gauge-1,1,sparse_vegetation,fractured_metamorphic,0,0.013700137283722966,0,LOW
2024-01-24 19:00:00,Kolkata-Gauge-1,2,urban,unconsolidated_sediment,0,0.01214241290310651,0,LOW
2024-01-24 19:00:00,Guwahati-Gauge-1,3,cropland,sedimentary,0,0.010592099557529254,0,LOW
2024-01-24 19:00:00,Sonapur-Gauge-1,4,forest,unconsolidated_sediment,0,0.010592099557529254,0,LOW
2024-01-24 20:00:00,Chamoli-Gauge-1,1,sparse_vegetation,fractured_metamorphic,0,0.013700137283722966,0,LOW
2024-01-24 20:00:00,Kolkata-Gauge-1,2,urban,unconsolidated_sediment,0,0.012535956323369773,0,LOW
2024-01-24 20:00:00,Guwahati-Gauge-1,3,cropland,sedimentary,0,0.010592099557529254,0,LOW
2024-01-24 20:00:00,Sonapur-Gauge-1,4,forest,unconsolidated_sediment,0,0.010592099557529254,0,LOW
2024-01-24 21:00:00,Chamoli-Gauge-1,1,sparse_vegetation,fractured_metamorphic,0,0.09359597083641817,0,LOW
2024-01-24 21:00:00,Kolkata-Gauge-1,2,urban,unconsolidated_sediment,0,0.011720366433202825,0,LOW
2024-01-24 21:00:00,Guwahati-Gauge-1,3,cropland,sedimentary,0,0.010592099557529254,0,LOW
2024-01-24 21:00:00,Sonapur-Gauge-1,4,forest,unconsolidated_sediment,0,0.010592099557529254,0,LOW
2024-01-24 22:00:00,Chamoli-Gauge-1,1,sparse_vegetation,fractured_metamorphic,1,0.32150938839584803,0,MODERATE
2024-01-24 22:00:00,Kolkata-Gauge-1,2,urban,unconsolidated_sediment,0,0.013601406514237377,0,LOW
2024-01-24 22:00:00,Guwahati-Gauge-1,3,cropland,sedimentary,0,0.010592099557529254,0,LOW
2024-01-24 22:00:00,Sonapur-Gauge-1,4,forest,unconsolidated_sediment,0,0.010592099557529254,0,LOW
2024-01-24 23:00:00,Chamoli-Gauge-1,1,sparse_vegetation,fractured_metamorphic,0,0.10151508540667846,0,LOW
2024-01-24 23:00:00,Kolkata-Gauge-1,2,urban,unconsolidated_sediment,0,0.013254427318886017,0,LOW
2024-01-24 23:00:00,Guwahati-Gauge-1,3,cropland,sedimentary,0,0.010592099557529254,0,LOW
2024-01-24 23:00:00,Sonapur-Gauge-1,4,forest,unconsolidated_sediment,0,0.010592099557529254,0,LOW
2024-01-25 00:00:00,Chamoli-Gauge-1,1,sparse_vegetation,fractured_metamorphic,0,0.044533170539957,0,LOW
2024-01-25 00:00:00,Kolkata-Gauge-1,2,urban,unconsolidated_sediment,0,0.011207020335198143,0,LOW
2024-01-25 00:00:00,Guwahati-Gauge-1,3,cropland,sedimentary,0,0.010592099557529254,0,LOW
2024-01-25 00:00:00,Sonapur-Gauge-1,4,forest,unconsolidated_sediment,0,0.010592099557529254,0,LOW
2024-01-25 01:00:00,Chamoli-Gauge-1,1,sparse_vegetation,fractured_metamorphic,0,0.014404295503958137,0,LOW
2024-01-25 01:00:00,Kolkata-Gauge-1,2,urban,unconsolidated_sediment,0,0.010867042721678256,0,LOW
2024-01-25 01:00:00,Guwahati-Gauge-1,3,cropland,sedimentary,0,0.010592099557529254,0,LOW
2024-01-25 01:00:00,Sonapur-Gauge-1,4,forest,unconsolidated_sediment,0,0.010642074571047832,0,LOW
2024-01-25 02:00:00,Chamoli-Gauge-1,1,sparse_vegetation,fractured_metamorphic,0,0.02207399100144515,0,LOW
2024-01-25 02:00:00,Kolkata-Gauge-1,2,urban,unconsolidated_sediment,0,0.010867042721678256,0,LOW
2024-01-25 02:00:00,Guwahati-Gauge-1,3,cropland,sedimentary,0,0.010592099557529254,0,LOW
2024-01-25 02:00:00,Sonapur-Gauge-1,4,forest,unconsolidated_sediment,0,0.010592099557529254,0,LOW
2024-01-25 03:00:00,Chamoli-Gauge-1,1,sparse_vegetation,fractured_metamorphic,0,0.016362115116589068,0,LOW
2024-01-25 03:00:00,Kolkata-Gauge-1,2,urban,unconsolidated_sediment,0,0.022735436533416527,0,LOW
2024-01-25 03:00:00,Guwahati-Gauge-1,3,cropland,sedimentary,0,0.010592099557529254,0,LOW
2024-01-25 03:00:00,Sonapur-Gauge-1,4,forest,unconsolidated_sediment,0,0.010773155313012702,0,LOW
2024-01-25 04:00:00,Chamoli-Gauge-1,1,sparse_vegetation,fractured_metamorphic,0,0.020207549342902892,0,LOW
2024-01-25 04:00:00,Kolkata-Gauge-1,2,urban,unconsolidated_sediment,0,0.06497573500321663,0,LOW
2024-01-25 04:00:00,Guwahati-Gauge-1,3,cropland,sedimentary,0,0.010592099557529254,0,LOW
2024-01-25 04:00:00,Sonapur-Gauge-1,4,forest,unconsolidated_sediment,0,0.010773155313012702,0,LOW
2024-01-25 05:00:00,Chamoli-Gauge-1,1,sparse_vegetation,fractured_metamorphic,0,0.019305860873672052,0,LOW
2024-01-25 05:00:00,Kolkata-Gauge-1,2,urban,unconsolidated_sediment,0,0.01179413573220257,0,LOW
2024-01-25 05:00:00,Guwahati-Gauge-1,3,cropland,sedimentary,0,0.010592099557529254,0,LOW
2024-01-25 05:00:00,Sonapur-Gauge-1,4,forest,unconsolidated_sediment,0,0.010843656200344125,0,LOW
2024-01-25 06:00:00,Chamoli-Gauge-1,1,sparse_vegetation,fractured_metamorphic,0,0.018552055213323326,0,LOW
2024-01-25 06:00:00,Kolkata-Gauge-1,2,urban,unconsolidated_sediment,0,0.010592099557529254,0,LOW
2024-01-25 06:00:00,Guwahati-Gauge-1,3,cropland,sedimentary,0,0.010592099557529254,0,LOW
2024-01-25 06:00:00,Sonapur-Gauge-1,4,forest,unconsolidated_sediment,0,0.010843656200344125,0,LOW
2024-01-25 07:00:00,Chamoli-Gauge-1,1,sparse_vegetation,fractured_metamorphic,0,0.14351637770124867,0,LOW
2024-01-25 07:00:00,Kolkata-Gauge-1,2,urban,unconsolidated_sediment,0,0.010592099557529254,0,LOW
2024-01-25 07:00:00,Guwahati-Gauge-1,3,cropland,sedimentary,0,0.010592099557529254,0,LOW
2024-01-25 07:00:00,Sonapur-Gauge-1,4,forest,unconsolidated_sediment,0,0.010843656200344125,0,LOW
2024-01-25 08:00:00,Chamoli-Gauge-1,1,sparse_vegetation,fractured_metamorphic,1,0.3756998315033793,0,MODERATE
2024-01-25 08:00:00,Kolkata-Gauge-1,2,urban,unconsolidated_sediment,0,0.010592099557529254,0,LOW
2024-01-25 08:00:00,Guwahati-Gauge-1,3,cropland,sedimentary,0,0.010592099557529254,0,LOW
2024-01-25 08:00:00,Sonapur-Gauge-1,4,forest,unconsolidated_sediment,0,0.010774312348498028,0,LOW
2024-01-25 09:00:00,Chamoli-Gauge-1,1,sparse_vegetation,fractured_metamorphic,0,0.020103902217772748,0,LOW
2024-01-25 09:00:00,Kolkata-Gauge-1,2,urban,unconsolidated_sediment,0,0.010592099557529254,0,LOW
2024-01-25 09:00:00,Guwahati-Gauge-1,3,cropland,sedimentary,0,0.010592099557529254,0,LOW
2024-01-25 09:00:00,Sonapur-Gauge-1,4,forest,unconsolidated_sediment,0,0.010592099557529254,0,LOW
2024-01-25 10:00:00,Chamoli-Gauge-1,1,sparse_vegetation,fractured_metamorphic,0,0.01259301053140651,0,LOW
2024-01-25 10:00:00,Kolkata-Gauge-1,2,urban,unconsolidated_sediment,0,0.011389295428683093,0,LOW
2024-01-25 10:00:00,Guwahati-Gauge-1,3,cropland,sedimentary,0,0.010592099557529254,0,LOW
2024-01-25 10:00:00,Sonapur-Gauge-1,4,forest,unconsolidated_sediment,0,0.010592099557529254,0,LOW
2024-01-25 11:00:00,Chamoli-Gauge-1,1,sparse_vegetation,fractured_metamorphic,0,0.012610511768764522,0,LOW
2024-01-25 11:00:00,Kolkata-Gauge-1,2,urban,unconsolidated_sediment,0,0.010592099557529254,0,LOW
2024-01-25 11:00:00,Guwahati-Gauge-1,3,cropland,sedimentary,0,0.01140985214029092,0,LOW
2024-01-25 11:00:00,Sonapur-Gauge-1,4,forest,unconsolidated_sediment,0,0.010592099557529254,0,LOW
2024-01-25 12:00:00,Chamoli-Gauge-1,1,sparse_vegetation,fractured_metamorphic,0,0.01859404961072643,0,LOW
2024-01-25 12:00:00,Kolkata-Gauge-1,2,urban,unconsolidated_sediment,0,0.010592099557529254,0,LOW
2024-01-25 12:00:00,Guwahati-Gauge-1,3,cropland,sedimentary,0,0.010808285785053563,0,LOW
2024-01-25 12:00:00,Sonapur-Gauge-1,4,forest,unconsolidated_sediment,0,0.010592099557529254,0,LOW
2024-01-25 13:00:00,Chamoli-Gauge-1,1,sparse_vegetation,fractured_metamorphic,0,0.07900260266942834,0,LOW
2024-01-25 13:00:00,Kolkata-Gauge-1,2,urban,unconsolidated_sediment,0,0.010592099557529254,0,LOW
2024-01-25 13:00:00,Guwahati-Gauge-1,3,cropland,sedimentary,0,0.010808285785053563,0,LOW
2024-01-25 13:00:00,Sonapur-Gauge-1,4,forest,unconsolidated_sediment,0,0.010592099557529254,0,LOW
2024-01-25 14:00:00,Chamoli-Gauge-1,1,sparse_vegetation,fractured_metamorphic,0,0.08270000773802344,0,LOW
2024-01-25 14:00:00,Kolkata-Gauge-1,2,urban,unconsolidated_sediment,0,0.010592099557529254,0,LOW
2024-01-25 14:00:00,Guwahati-Gauge-1,3,cropland,sedimentary,0,0.015025790842033631,0,LOW
2024-01-25 14:00:00,Sonapur-Gauge-1,4,forest,unconsolidated_sediment,0,0.010592099557529254,0,LOW
2024-01-25 15:00:00,Chamoli-Gauge-1,1,sparse_vegetation,fractured_metamorphic,1,0.3852126143692714,0,MODERATE
2024-01-25 15:00:00,Kolkata-Gauge-1,2,urban,unconsolidated_sediment,0,0.010592099557529254,0,LOW
2024-01-25 15:00:00,Guwahati-Gauge-1,3,cropland,sedimentary,0,0.012186815791297946,0,LOW
2024-01-25 15:00:00,Sonapur-Gauge-1,4,forest,unconsolidated_sediment,0,0.010592099557529254,0,LOW
2024-01-25 16:00:00,Chamoli-Gauge-1,1,sparse_vegetation,fractured_metamorphic,0,0.052623311494995155,0,LOW
2024-01-25 16:00:00,Kolkata-Gauge-1,2,urban,unconsolidated_sediment,0,0.010592099557529254,0,LOW
2024-01-25 16:00:00,Guwahati-Gauge-1,3,cropland,sedimentary,0,0.011327397583969435,0,LOW
2024-01-25 16:00:00,Sonapur-Gauge-1,4,forest,unconsolidated_sediment,0,0.010592099557529254,0,LOW
2024-01-25 17:00:00,Chamoli-Gauge-1,1,sparse_vegetation,fractured_metamorphic,0,0.02768724139179333,0,LOW
2024-01-25 17:00:00,Kolkata-Gauge-1,2,urban,unconsolidated_sediment,0,0.010592099557529254,0,LOW
2024-01-25 17:00:00,Guwahati-Gauge-1,3,cropland,sedimentary,0,0.010753538431640028,0,LOW
2024-01-25 17:00:00,Sonapur-Gauge-1,4,forest,unconsolidated_sediment,0,0.010592099557529254,0,LOW
2024-01-25 18:00:00,Chamoli-Gauge-1,1,sparse_vegetation,fractured_metamorphic,1,0.8930572830645093,1,EXTREME
2024-01-25 18:00:00,Kolkata-Gauge-1,2,urban,unconsolidated_sediment,0,0.010592099557529254,0,LOW
2024-01-25 18:00:00,Guwahati-Gauge-1,3,cropland,sedimentary,0,0.010753538431640028,0,LOW
2024-01-25 18:00:00,Sonapur-Gauge-1,4,forest,unconsolidated_sediment,0,0.010592099557529254,0,LOW
2024-01-25 19:00:00,Chamoli-Gauge-1,1,sparse_vegetation,fractured_metamorphic,1,0.8962012041125791,1,EXTREME
2024-01-25 19:00:00,Kolkata-Gauge-1,2,urban,unconsolidated_sediment,0,0.010592099557529254,0,LOW
2024-01-25 19:00:00,Guwahati-Gauge-1,3,cropland,sedimentary,0,0.010592099557529254,0,LOW
2024-01-25 19:00:00,Sonapur-Gauge-1,4,forest,unconsolidated_sediment,0,0.010592099557529254,0,LOW
2024-01-25 20:00:00,Chamoli-Gauge-1,1,sparse_vegetation,fractured_metamorphic,1,0.8960472592873134,1,EXTREME
2024-01-25 20:00:00,Kolkata-Gauge-1,2,urban,unconsolidated_sediment,0,0.010592099557529254,0,LOW
2024-01-25 20:00:00,Guwahati-Gauge-1,3,cropland,sedimentary,0,0.010592099557529254,0,LOW
2024-01-25 20:00:00,Sonapur-Gauge-1,4,forest,unconsolidated_sediment,0,0.010592099557529254,0,LOW
2024-01-25 21:00:00,Chamoli-Gauge-1,1,sparse_vegetation,fractured_metamorphic,1,0.8698180412051322,1,EXTREME
2024-01-25 21:00:00,Kolkata-Gauge-1,2,urban,unconsolidated_sediment,0,0.010592099557529254,0,LOW
2024-01-25 21:00:00,Guwahati-Gauge-1,3,cropland,sedimentary,0,0.010592099557529254,0,LOW
2024-01-25 21:00:00,Sonapur-Gauge-1,4,forest,unconsolidated_sediment,0,0.010592099557529254,0,LOW
2024-01-25 22:00:00,Chamoli-Gauge-1,1,sparse_vegetation,fractured_metamorphic,0,0.8261721543790611,1,EXTREME
2024-01-25 22:00:00,Kolkata-Gauge-1,2,urban,unconsolidated_sediment,0,0.010592099557529254,0,LOW
2024-01-25 22:00:00,Guwahati-Gauge-1,3,cropland,sedimentary,0,0.010592099557529254,0,LOW
2024-01-25 22:00:00,Sonapur-Gauge-1,4,forest,unconsolidated_sediment,0,0.010592099557529254,0,LOW
2024-01-25 23:00:00,Chamoli-Gauge-1,1,sparse_vegetation,fractured_metamorphic,1,0.8495854987629544,1,EXTREME
2024-01-25 23:00:00,Kolkata-Gauge-1,2,urban,unconsolidated_sediment,0,0.010592099557529254,0,LOW
2024-01-25 23:00:00,Guwahati-Gauge-1,3,cropland,sedimentary,0,0.010592099557529254,0,LOW
2024-01-25 23:00:00,Sonapur-Gauge-1,4,forest,unconsolidated_sediment,0,0.010592099557529254,0,LOW
2024-01-26 00:00:00,Chamoli-Gauge-1,1,sparse_vegetation,fractured_metamorphic,1,0.7939274918199409,1,HIGH
2024-01-26 00:00:00,Kolkata-Gauge-1,2,urban,unconsolidated_sediment,0,0.010592099557529254,0,LOW
2024-01-26 00:00:00,Guwahati-Gauge-1,3,cropland,sedimentary,0,0.010592099557529254,0,LOW
2024-01-26 00:00:00,Sonapur-Gauge-1,4,forest,unconsolidated_sediment,0,0.010592099557529254,0,LOW
2024-01-26 01:00:00,Chamoli-Gauge-1,1,sparse_vegetation,fractured_metamorphic,0,0.37499373304238737,0,MODERATE
2024-01-26 01:00:00,Kolkata-Gauge-1,2,urban,unconsolidated_sediment,0,0.010915775016180044,0,LOW
2024-01-26 01:00:00,Guwahati-Gauge-1,3,cropland,sedimentary,0,0.010592099557529254,0,LOW
2024-01-26 01:00:00,Sonapur-Gauge-1,4,forest,unconsolidated_sediment,0,0.010592099557529254,0,LOW
2024-01-26 02:00:00,Chamoli-Gauge-1,1,sparse_vegetation,fractured_metamorphic,0,0.19280282939653132,0,LOW
2024-01-26 02:00:00,Kolkata-Gauge-1,2,urban,unconsolidated_sediment,0,0.010592099557529254,0,LOW
2024-01-26 02:00:00,Guwahati-Gauge-1,3,cropland,sedimentary,0,0.01188230157243378,0,LOW
2024-01-26 02:00:00,Sonapur-Gauge-1,4,forest,unconsolidated_sediment,0,0.010592099557529254,0,LOW
2024-01-26 03:00:00,Chamoli-Gauge-1,1,sparse_vegetation,fractured_metamorphic,0,0.14644236098416247,0,LOW
2024-01-26 03:00:00,Kolkata-Gauge-1,2,urban,unconsolidated_sediment,0,0.010592099557529254,0,LOW
2024-01-26 03:00:00,Guwahati-Gauge-1,3,cropland,sedimentary,0,0.011417109894654243,0,LOW
2024-01-26 03:00:00,Sonapur-Gauge-1,4,forest,unconsolidated_sediment,0,0.010592099557529254,0,LOW
2024-01-26 04:00:00,Chamoli-Gauge-1,1,sparse_vegetation,fractured_metamorphic,0,0.14253613551947478,0,LOW
2024-01-26 04:00:00,Kolkata-Gauge-1,2,urban,unconsolidated_sediment,0,0.010592099557529254,0,LOW
2024-01-26 04:00:00,Guwahati-Gauge-1,3,cropland,sedimentary,0,0.011417109894654243,0,LOW
2024-01-26 04:00:00,Sonapur-Gauge-1,4,forest,unconsolidated_sediment,0,0.010592099557529254,0,LOW
2024-01-26 05:00:00,Chamoli-Gauge-1,1,sparse_vegetation,fractured_metamorphic,0,0.15082974214891284,0,LOW
2024-01-26 05:00:00,Kolkata-Gauge-1,2,urban,unconsolidated_sediment,0,0.010592099557529254,0,LOW
2024-01-26 05:00:00,Guwahati-Gauge-1,3,cropland,sedimentary,0,0.010592099557529254,0,LOW
2024-01-26 05:00:00,Sonapur-Gauge-1,4,forest,unconsolidated_sediment,0,0.010592099557529254,0,LOW
2024-01-26 06:00:00,Chamoli-Gauge-1,1,sparse_vegetation,fractured_metamorphic,1,0.8185253266435704,1,EXTREME
2024-01-26 06:00:00,Kolkata-Gauge-1,2,urban,unconsolidated_sediment,0,0.010592099557529254,0,LOW
2024-01-26 06:00:00,Guwahati-Gauge-1,3,cropland,sedimentary,0,0.010592099557529254,0,LOW
2024-01-26 06:00:00,Sonapur-Gauge-1,4,forest,unconsolidated_sediment,0,0.010592099557529254,0,LOW
2024-01-26 07:00:00,Chamoli-Gauge-1,1,sparse_vegetation,fractured_metamorphic,1,0.8180971517871927,1,EXTREME
2024-01-26 07:00:00,Kolkata-Gauge-1,2,urban,unconsolidated_sediment,0,0.010592099557529254,0,LOW
2024-01-26 07:00:00,Guwahati-Gauge-1,3,cropland,sedimentary,0,0.010592099557529254,0,LOW
2024-01-26 07:00:00,Sonapur-Gauge-1,4,forest,unconsolidated_sediment,0,0.010592099557529254,0,LOW
2024-01-26 08:00:00,Chamoli-Gauge-1,1,sparse_vegetation,fractured_metamorphic,0,0.49611654787236176,0,MODERATE
2024-01-26 08:00:00,Kolkata-Gauge-1,2,urban,unconsolidated_sediment,0,0.010592099557529254,0,LOW
2024-01-26 08:00:00,Guwahati-Gauge-1,3,cropland,sedimentary,0,0.010592099557529254,0,LOW
2024-01-26 08:00:00,Sonapur-Gauge-1,4,forest,unconsolidated_sediment,0,0.010592099557529254,0,LOW
2024-01-26 09:00:00,Chamoli-Gauge-1,1,sparse_vegetation,fractured_metamorphic,0,0.4837601214944513,0,MODERATE
2024-01-26 09:00:00,Kolkata-Gauge-1,2,urban,unconsolidated_sediment,0,0.010592099557529254,0,LOW
2024-01-26 09:00:00,Guwahati-Gauge-1,3,cropland,sedimentary,0,0.010592099557529254,0,LOW
2024-01-26 09:00:00,Sonapur-Gauge-1,4,forest,unconsolidated_sediment,0,0.010592099557529254,0,LOW
2024-01-26 10:00:00,Chamoli-Gauge-1,1,sparse_vegetation,fractured_metamorphic,1,0.7292761772945793,1,HIGH
2024-01-26 10:00:00,Kolkata-Gauge-1,2,urban,unconsolidated_sediment,0,0.010592099557529254,0,LOW
2024-01-26 10:00:00,Guwahati-Gauge-1,3,cropland,sedimentary,0,0.010592099557529254,0,LOW
2024-01-26 10:00:00,Sonapur-Gauge-1,4,forest,unconsolidated_sediment,0,0.010807944790439243,0,LOW
2024-01-26 11:00:00,Chamoli-Gauge-1,1,sparse_vegetation,fractured_metamorphic,1,0.7288502300639809,1,HIGH
2024-01-26 11:00:00,Kolkata-Gauge-1,2,urban,unconsolidated_sediment,0,0.010592099557529254,0,LOW
2024-01-26 11:00:00,Guwahati-Gauge-1,3,cropland,sedimentary,0,0.010592099557529254,0,LOW
2024-01-26 11:00:00,Sonapur-Gauge-1,4,forest,unconsolidated_sediment,0,0.010807944790439243,0,LOW
2024-01-26 12:00:00,Chamoli-Gauge-1,1,sparse_vegetation,fractured_metamorphic,1,0.856266707467681,1,EXTREME
2024-01-26 12:00:00,Kolkata-Gauge-1,2,urban,unconsolidated_sediment,0,0.010592099557529254,0,LOW
2024-01-26 12:00:00,Guwahati-Gauge-1,3,cropland,sedimentary,0,0.010592099557529254,0,LOW
2024-01-26 12:00:00,Sonapur-Gauge-1,4,forest,unconsolidated_sediment,0,0.011240889793341435,0,LOW
2024-01-26 13:00:00,Chamoli-Gauge-1,1,sparse_vegetation,fractured_metamorphic,1,0.8175669696930231,1,EXTREME
2024-01-26 13:00:00,Kolkata-Gauge-1,2,urban,unconsolidated_sediment,0,0.010592099557529254,0,LOW
2024-01-26 13:00:00,Guwahati-Gauge-1,3,cropland,sedimentary,0,0.010592099557529254,0,LOW
2024-01-26 13:00:00,Sonapur-Gauge-1,4,forest,unconsolidated_sediment,0,0.010811814438086821,0,LOW
2024-01-26 14:00:00,Chamoli-Gauge-1,1,sparse_vegetation,fractured_metamorphic,1,0.807121349937001,1,EXTREME
2024-01-26 14:00:00,Kolkata-Gauge-1,2,urban,unconsolidated_sediment,0,0.010592099557529254,0,LOW
2024-01-26 14:00:00,Guwahati-Gauge-1,3,cropland,sedimentary,0,0.010592099557529254,0,LOW
2024-01-26 14:00:00,Sonapur-Gauge-1,4,forest,unconsolidated_sediment,0,0.010811814438086821,0,LOW
2024-01-26 15:00:00,Chamoli-Gauge-1,1,sparse_vegetation,fractured_metamorphic,0,0.6176028315339516,1,HIGH
2024-01-26 15:00:00,Kolkata-Gauge-1,2,urban,unconsolidated_sediment,0,0.010592099557529254,0,LOW
2024-01-26 15:00:00,Guwahati-Gauge-1,3,cropland,sedimentary,0,0.010592099557529254,0,LOW
2024-01-26 15:00:00,Sonapur-Gauge-1,4,forest,unconsolidated_sediment,0,0.010811814438086821,0,LOW
2024-01-26 16:00:00,Chamoli-Gauge-1,1,sparse_vegetation,fractured_metamorphic,0,0.6022752495885001,1,HIGH
2024-01-26 16:00:00,Kolkata-Gauge-1,2,urban,unconsolidated_sediment,0,0.010592099557529254,0,LOW
2024-01-26 16:00:00,Guwahati-Gauge-1,3,cropland,sedimentary,0,0.010592099557529254,0,LOW
2024-01-26 16:00:00,Sonapur-Gauge-1,4,forest,unconsolidated_sediment,0,0.010592099557529254,0,LOW
2024-01-26 17:00:00,Chamoli-Gauge-1,1,sparse_vegetation,fractured_metamorphic,1,0.7774254507437582,1,HIGH
2024-01-26 17:00:00,Kolkata-Gauge-1,2,urban,unconsolidated_sediment,0,0.010592099557529254,0,LOW
2024-01-26 17:00:00,Guwahati-Gauge-1,3,cropland,sedimentary,0,0.010592099557529254,0,LOW
2024-01-26 17:00:00,Sonapur-Gauge-1,4,forest,unconsolidated_sediment,0,0.010592099557529254,0,LOW
2024-01-26 18:00:00,Chamoli-Gauge-1,1,sparse_vegetation,fractured_metamorphic,0,0.3744717929225094,0,MODERATE
2024-01-26 18:00:00,Kolkata-Gauge-1,2,urban,unconsolidated_sediment,0,0.010592099557529254,0,LOW
2024-01-26 18:00:00,Guwahati-Gauge-1,3,cropland,sedimentary,0,0.011981323938267835,0,LOW
2024-01-26 18:00:00,Sonapur-Gauge-1,4,forest,unconsolidated_sediment,0,0.01077615768824366,0,LOW
2024-01-26 19:00:00,Chamoli-Gauge-1,1,sparse_vegetation,fractured_metamorphic,0,0.2980552160838308,0,LOW
2024-01-26 19:00:00,Kolkata-Gauge-1,2,urban,unconsolidated_sediment,0,0.010592099557529254,0,LOW
2024-01-26 19:00:00,Guwahati-Gauge-1,3,cropland,sedimentary,0,0.010592099557529254,0,LOW
2024-01-26 19:00:00,Sonapur-Gauge-1,4,forest,unconsolidated_sediment,0,0.010592099557529254,0,LOW
2024-01-26 20:00:00,Chamoli-Gauge-1,1,sparse_vegetation,fractured_metamorphic,1,0.5766082988050566,1,MODERATE
2024-01-26 20:00:00,Kolkata-Gauge-1,2,urban,unconsolidated_sediment,0,0.010807944790439243,0,LOW
2024-01-26 20:00:00,Guwahati-Gauge-1,3,cropland,sedimentary,0,0.010592099557529254,0,LOW
2024-01-26 20:00:00,Sonapur-Gauge-1,4,forest,unconsolidated_sediment,0,0.010592099557529254,0,LOW
2024-01-26 21:00:00,Chamoli-Gauge-1,1,sparse_vegetation,fractured_metamorphic,0,0.29632063383832674,0,LOW
2024-01-26 21:00:00,Kolkata-Gauge-1,2,urban,unconsolidated_sediment,0,0.010592099557529254,0,LOW
2024-01-26 21:00:00,Guwahati-Gauge-1,3,cropland,sedimentary,0,0.010592099557529254,0,LOW
2024-01-26 21:00:00,Sonapur-Gauge-1,4,forest,unconsolidated_sediment,0,0.010592099557529254,0,LOW
2024-01-26 22:00:00,Chamoli-Gauge-1,1,sparse_vegetation,fractured_metamorphic,1,0.48474797500625416,0,MODERATE
2024-01-26 22:00:00,Kolkata-Gauge-1,2,urban,unconsolidated_sediment,0,0.010592099557529254,0,LOW
2024-01-26 22:00:00,Guwahati-Gauge-1,3,cropland,sedimentary,0,0.010592099557529254,0,LOW
2024-01-26 22:00:00,Sonapur-Gauge-1,4,forest,unconsolidated_sediment,0,0.010806751393081912,0,LOW
2024-01-26 23:00:00,Chamoli-Gauge-1,1,sparse_vegetation,fractured_metamorphic,0,0.061039449074493435,0,LOW
2024-01-26 23:00:00,Kolkata-Gauge-1,2,urban,unconsolidated_sediment,0,0.010592099557529254,0,LOW
2024-01-26 23:00:00,Guwahati-Gauge-1,3,cropland,sedimentary,0,0.010592099557529254,0,LOW
2024-01-26 23:00:00,Sonapur-Gauge-1,4,forest,unconsolidated_sediment,0,0.010592099557529254,0,LOW
2024-01-27 00:00:00,Chamoli-Gauge-1,1,sparse_vegetation,fractured_metamorphic,0,0.03362267089597912,0,LOW
2024-01-27 00:00:00,Kolkata-Gauge-1,2,urban,unconsolidated_sediment,0,0.010592099557529254,0,LOW
2024-01-27 00:00:00,Guwahati-Gauge-1,3,cropland,sedimentary,0,0.010592099557529254,0,LOW
2024-01-27 00:00:00,Sonapur-Gauge-1,4,forest,unconsolidated_sediment,0,0.010592099557529254,0,LOW
2024-01-27 01:00:00,Chamoli-Gauge-1,1,sparse_vegetation,fractured_metamorphic,0,0.02514264143277387,0,LOW
2024-01-27 01:00:00,Kolkata-Gauge-1,2,urban,unconsolidated_sediment,0,0.010592099557529254,0,LOW
2024-01-27 01:00:00,Guwahati-Gauge-1,3,cropland,sedimentary,0,0.010592099557529254,0,LOW
2024-01-27 01:00:00,Sonapur-Gauge-1,4,forest,unconsolidated_sediment,0,0.010592099557529254,0,LOW
2024-01-27 02:00:00,Chamoli-Gauge-1,1,sparse_vegetation,fractured_metamorphic,0,0.02583752472265067,0,LOW
2024-01-27 02:00:00,Kolkata-Gauge-1,2,urban,unconsolidated_sediment,0,0.010592099557529254,0,LOW
2024-01-27 02:00:00,Guwahati-Gauge-1,3,cropland,sedimentary,0,0.010592099557529254,0,LOW
2024-01-27 02:00:00,Sonapur-Gauge-1,4,forest,unconsolidated_sediment,0,0.011789287040740113,0,LOW
2024-01-27 03:00:00,Chamoli-Gauge-1,1,sparse_vegetation,fractured_metamorphic,0,0.013021238037367166,0,LOW
2024-01-27 03:00:00,Kolkata-Gauge-1,2,urban,unconsolidated_sediment,0,0.010592099557529254,0,LOW
2024-01-27 03:00:00,Guwahati-Gauge-1,3,cropland,sedimentary,0,0.010592099557529254,0,LOW
2024-01-27 03:00:00,Sonapur-Gauge-1,4,forest,unconsolidated_sediment,0,0.011707820316036895,0,LOW
2024-01-27 04:00:00,Chamoli-Gauge-1,1,sparse_vegetation,fractured_metamorphic,0,0.03433897150538039,0,LOW
2024-01-27 04:00:00,Kolkata-Gauge-1,2,urban,unconsolidated_sediment,0,0.010592099557529254,0,LOW
2024-01-27 04:00:00,Guwahati-Gauge-1,3,cropland,sedimentary,0,0.010592099557529254,0,LOW
2024-01-27 04:00:00,Sonapur-Gauge-1,4,forest,unconsolidated_sediment,0,0.011707820316036895,0,LOW
2024-01-27 05:00:00,Chamoli-Gauge-1,1,sparse_vegetation,fractured_metamorphic,0,0.029409276200990566,0,LOW
2024-01-27 05:00:00,Kolkata-Gauge-1,2,urban,unconsolidated_sediment,0,0.010592099557529254,0,LOW
2024-01-27 05:00:00,Guwahati-Gauge-1,3,cropland,sedimentary,0,0.010592099557529254,0,LOW
2024-01-27 05:00:00,Sonapur-Gauge-1,4,forest,unconsolidated_sediment,0,0.012166180207824121,0,LOW
2024-01-27 06:00:00,Chamoli-Gauge-1,1,sparse_vegetation,fractured_metamorphic,0,0.025352394018203363,0,LOW
2024-01-27 06:00:00,Kolkata-Gauge-1,2,urban,unconsolidated_sediment,0,0.010592099557529254,0,LOW
2024-01-27 06:00:00,Guwahati-Gauge-1,3,cropland,sedimentary,0,0.010592099557529254,0,LOW
2024-01-27 06:00:00,Sonapur-Gauge-1,4,forest,unconsolidated_sediment,0,0.012166180207824121,0,LOW
2024-01-27 07:00:00,Chamoli-Gauge-1,1,sparse_vegetation,fractured_metamorphic,1,0.37886140497258336,0,MODERATE
2024-01-27 07:00:00,Kolkata-Gauge-1,2,urban,unconsolidated_sediment,0,0.010592099557529254,0,LOW
2024-01-27 07:00:00,Guwahati-Gauge-1,3,cropland,sedimentary,0,0.010592099557529254,0,LOW
2024-01-27 07:00:00,Sonapur-Gauge-1,4,forest,unconsolidated_sediment,0,0.012166180207824121,0,LOW
2024-01-27 08:00:00,Chamoli-Gauge-1,1,sparse_vegetation,fractured_metamorphic,0,0.08321737579048705,0,LOW
2024-01-27 08:00:00,Kolkata-Gauge-1,2,urban,unconsolidated_sediment,0,0.010592099557529254,0,LOW
2024-01-27 08:00:00,Guwahati-Gauge-1,3,cropland,sedimentary,0,0.010592099557529254,0,LOW
2024-01-27 08:00:00,Sonapur-Gauge-1,4,forest,unconsolidated_sediment,0,0.014003942112961928,0,LOW
2024-01-27 09:00:00,Chamoli-Gauge-1,1,sparse_vegetation,fractured_metamorphic,0,0.04701363724807584,0,LOW
2024-01-27 09:00:00,Kolkata-Gauge-1,2,urban,unconsolidated_sediment,0,0.010592099557529254,0,LOW
2024-01-27 09:00:00,Guwahati-Gauge-1,3,cropland,sedimentary,0,0.010592099557529254,0,LOW
2024-01-27 09:00:00,Sonapur-Gauge-1,4,forest,unconsolidated_sediment,0,0.010896531284864782,0,LOW
2024-01-27 10:00:00,Chamoli-Gauge-1,1,sparse_vegetation,fractured_metamorphic,0,0.017388744165424647,0,LOW
2024-01-27 10:00:00,Kolkata-Gauge-1,2,urban,unconsolidated_sediment,0,0.010592099557529254,0,LOW
2024-01-27 10:00:00,Guwahati-Gauge-1,3,cropland,sedimentary,0,0.010592099557529254,0,LOW
2024-01-27 10:00:00,Sonapur-Gauge-1,4,forest,unconsolidated_sediment,0,0.010747190168690324,0,LOW
2024-01-27 11:00:00,Chamoli-Gauge-1,1,sparse_vegetation,fractured_metamorphic,0,0.016607017009079864,0,LOW
2024-01-27 11:00:00,Kolkata-Gauge-1,2,urban,unconsolidated_sediment,0,0.010592099557529254,0,LOW
2024-01-27 11:00:00,Guwahati-Gauge-1,3,cropland,sedimentary,0,0.010592099557529254,0,LOW
2024-01-27 11:00:00,Sonapur-Gauge-1,4,forest,unconsolidated_sediment,0,0.010747190168690324,0,LOW
2024-01-27 12:00:00,Chamoli-Gauge-1,1,sparse_vegetation,fractured_metamorphic,0,0.016338468198440436,0,LOW
2024-01-27 12:00:00,Kolkata-Gauge-1,2,urban,unconsolidated_sediment,0,0.010592099557529254,0,LOW
2024-01-27 12:00:00,Guwahati-Gauge-1,3,cropland,sedimentary,0,0.010592099557529254,0,LOW
2024-01-27 12:00:00,Sonapur-Gauge-1,4,forest,unconsolidated_sediment,0,0.010592099557529254,0,LOW
2024-01-27 13:00:00,Chamoli-Gauge-1,1,sparse_vegetation,fractured_metamorphic,0,0.016674598828218708,0,LOW
2024-01-27 13:00:00,Kolkata-Gauge-1,2,urban,unconsolidated_sediment,0,0.010592099557529254,0,LOW
2024-01-27 13:00:00,Guwahati-Gauge-1,3,cropland,sedimentary,0,0.010592099557529254,0,LOW
2024-01-27 13:00:00,Sonapur-Gauge-1,4,forest,unconsolidated_sediment,0,0.010592099557529254,0,LOW
2024-01-27 14:00:00,Chamoli-Gauge-1,1,sparse_vegetation,fractured_metamorphic,0,0.01927544747311849,0,LOW
2024-01-27 14:00:00,Kolkata-Gauge-1,2,urban,unconsolidated_sediment,0,0.010592099557529254,0,LOW
2024-01-27 14:00:00,Guwahati-Gauge-1,3,cropland,sedimentary,0,0.010592099557529254,0,LOW
2024-01-27 14:00:00,Sonapur-Gauge-1,4,forest,unconsolidated_sediment,0,0.010592099557529254,0,LOW
2024-01-27 15:00:00,Chamoli-Gauge-1,1,sparse_vegetation,fractured_metamorphic,0,0.017453606378099194,0,LOW
2024-01-27 15:00:00,Kolkata-Gauge-1,2,urban,unconsolidated_sediment,0,0.010592099557529254,0,LOW
2024-01-27 15:00:00,Guwahati-Gauge-1,3,cropland,sedimentary,0,0.010592099557529254,0,LOW
2024-01-27 15:00:00,Sonapur-Gauge-1,4,forest,unconsolidated_sediment,0,0.010592099557529254,0,LOW
2024-01-27 16:00:00,Chamoli-Gauge-1,1,sparse_vegetation,fractured_metamorphic,0,0.011559916622443414,0,LOW
2024-01-27 16:00:00,Kolkata-Gauge-1,2,urban,unconsolidated_sediment,0,0.010592099557529254,0,LOW
2024-01-27 16:00:00,Guwahati-Gauge-1,3,cropland,sedimentary,0,0.010592099557529254,0,LOW
2024-01-27 16:00:00,Sonapur-Gauge-1,4,forest,unconsolidated_sediment,0,0.010592099557529254,0,LOW
2024-01-27 17:00:00,Chamoli-Gauge-1,1,sparse_vegetation,fractured_metamorphic,0,0.014247076406237652,0,LOW
2024-01-27 17:00:00,Kolkata-Gauge-1,2,urban,unconsolidated_sediment,0,0.010592099557529254,0,LOW
2024-01-27 17:00:00,Guwahati-Gauge-1,3,cropland,sedimentary,0,0.010592099557529254,0,LOW
2024-01-27 17:00:00,Sonapur-Gauge-1,4,forest,unconsolidated_sediment,0,0.010592099557529254,0,LOW
2024-01-27 18:00:00,Chamoli-Gauge-1,1,sparse_vegetation,fractured_metamorphic,0,0.015177267880645863,0,LOW
2024-01-27 18:00:00,Kolkata-Gauge-1,2,urban,unconsolidated_sediment,0,0.010592099557529254,0,LOW
2024-01-27 18:00:00,Guwahati-Gauge-1,3,cropland,sedimentary,0,0.010592099557529254,0,LOW
2024-01-27 18:00:00,Sonapur-Gauge-1,4,forest,unconsolidated_sediment,0,0.010592099557529254,0,LOW
2024-01-27 19:00:00,Chamoli-Gauge-1,1,sparse_vegetation,fractured_metamorphic,0,0.01969734312651328,0,LOW
2024-01-27 19:00:00,Kolkata-Gauge-1,2,urban,unconsolidated_sediment,0,0.010592099557529254,0,LOW
2024-01-27 19:00:00,Guwahati-Gauge-1,3,cropland,sedimentary,0,0.010592099557529254,0,LOW
2024-01-27 19:00:00,Sonapur-Gauge-1,4,forest,unconsolidated_sediment,0,0.010592099557529254,0,LOW
2024-01-27 20:00:00,Chamoli-Gauge-1,1,sparse_vegetation,fractured_metamorphic,0,0.01280055417645665,0,LOW
2024-01-27 20:00:00,Kolkata-Gauge-1,2,urban,unconsolidated_sediment,0,0.010592099557529254,0,LOW
2024-01-27 20:00:00,Guwahati-Gauge-1,3,cropland,sedimentary,0,0.010592099557529254,0,LOW
2024-01-27 20:00:00,Sonapur-Gauge-1,4,forest,unconsolidated_sediment,0,0.010592099557529254,0,LOW
2024-01-27 21:00:00,Chamoli-Gauge-1,1,sparse_vegetation,fractured_metamorphic,0,0.01186752384988531,0,LOW
2024-01-27 21:00:00,Kolkata-Gauge-1,2,urban,unconsolidated_sediment,0,0.010592099557529254,0,LOW
2024-01-27 21:00:00,Guwahati-Gauge-1,3,cropland,sedimentary,0,0.010592099557529254,0,LOW
2024-01-27 21:00:00,Sonapur-Gauge-1,4,forest,unconsolidated_sediment,0,0.010592099557529254,0,LOW
2024-01-27 22:00:00,Chamoli-Gauge-1,1,sparse_vegetation,fractured_metamorphic,1,0.8939171518766964,1,EXTREME
2024-01-27 22:00:00,Kolkata-Gauge-1,2,urban,unconsolidated_sediment,0,0.010592099557529254,0,LOW
2024-01-27 22:00:00,Guwahati-Gauge-1,3,cropland,sedimentary,0,0.010592099557529254,0,LOW
2024-01-27 22:00:00,Sonapur-Gauge-1,4,forest,unconsolidated_sediment,0,0.010592099557529254,0,LOW
2024-01-27 23:00:00,Chamoli-Gauge-1,1,sparse_vegetation,fractured_metamorphic,1,0.8963078322878586,1,EXTREME
2024-01-27 23:00:00,Kolkata-Gauge-1,2,urban,unconsolidated_sediment,0,0.010592099557529254,0,LOW
2024-01-27 23:00:00,Guwahati-Gauge-1,3,cropland,sedimentary,0,0.010592099557529254,0,LOW
2024-01-27 23:00:00,Sonapur-Gauge-1,4,forest,unconsolidated_sediment,0,0.010592099557529254,0,LOW
2024-01-28 00:00:00,Chamoli-Gauge-1,1,sparse_vegetation,fractured_metamorphic,1,0.8963078322878586,1,EXTREME
2024-01-28 00:00:00,Kolkata-Gauge-1,2,urban,unconsolidated_sediment,0,0.010592099557529254,0,LOW
2024-01-28 00:00:00,Guwahati-Gauge-1,3,cropland,sedimentary,0,0.010592099557529254,0,LOW
2024-01-28 00:00:00,Sonapur-Gauge-1,4,forest,unconsolidated_sediment,0,0.010592099557529254,0,LOW
2024-01-28 01:00:00,Chamoli-Gauge-1,1,sparse_vegetation,fractured_metamorphic,1,0.8965267134912808,1,EXTREME
2024-01-28 01:00:00,Kolkata-Gauge-1,2,urban,unconsolidated_sediment,0,0.010592099557529254,0,LOW
2024-01-28 01:00:00,Guwahati-Gauge-1,3,cropland,sedimentary,0,0.010592099557529254,0,LOW
2024-01-28 01:00:00,Sonapur-Gauge-1,4,forest,unconsolidated_sediment,0,0.010592099557529254,0,LOW
2024-01-28 02:00:00,Chamoli-Gauge-1,1,sparse_vegetation,fractured_metamorphic,1,0.8964302148863434,1,EXTREME
2024-01-28 02:00:00,Kolkata-Gauge-1,2,urban,unconsolidated_sediment,0,0.010592099557529254,0,LOW
2024-01-28 02:00:00,Guwahati-Gauge-1,3,cropland,sedimentary,0,0.010592099557529254,0,LOW
2024-01-28 02:00:00,Sonapur-Gauge-1,4,forest,unconsolidated_sediment,0,0.010592099557529254,0,LOW
2024-01-28 03:00:00,Chamoli-Gauge-1,1,sparse_vegetation,fractured_metamorphic,1,0.8965522570112318,1,EXTREME
2024-01-28 03:00:00,Kolkata-Gauge-1,2,urban,unconsolidated_sediment,0,0.010592099557529254,0,LOW
2024-01-28 03:00:00,Guwahati-Gauge-1,3,cropland,sedimentary,0,0.010592099557529254,0,LOW
2024-01-28 03:00:00,Sonapur-Gauge-1,4,forest,unconsolidated_sediment,0,0.010592099557529254,0,LOW
2024-01-28 04:00:00,Chamoli-Gauge-1,1,sparse_vegetation,fractured_metamorphic,1,0.8957946798891291,1,EXTREME
2024-01-28 04:00:00,Kolkata-Gauge-1,2,urban,unconsolidated_sediment,0,0.010592099557529254,0,LOW
2024-01-28 04:00:00,Guwahati-Gauge-1,3,cropland,sedimentary,0,0.010592099557529254,0,LOW
2024-01-28 04:00:00,Sonapur-Gauge-1,4,forest,unconsolidated_sediment,0,0.010592099557529254,0,LOW
2024-01-28 05:00:00,Chamoli-Gauge-1,1,sparse_vegetation,fractured_metamorphic,1,0.893759679020948,1,EXTREME
2024-01-28 05:00:00,Kolkata-Gauge-1,2,urban,unconsolidated_sediment,0,0.010592099557529254,0,LOW
2024-01-28 05:00:00,Guwahati-Gauge-1,3,cropland,sedimentary,0,0.010592099557529254,0,LOW
2024-01-28 05:00:00,Sonapur-Gauge-1,4,forest,unconsolidated_sediment,0,0.010592099557529254,0,LOW
2024-01-28 06:00:00,Chamoli-Gauge-1,1,sparse_vegetation,fractured_metamorphic,1,0.8958610659559256,1,EXTREME
2024-01-28 06:00:00,Kolkata-Gauge-1,2,urban,unconsolidated_sediment,0,0.010592099557529254,0,LOW
2024-01-28 06:00:00,Guwahati-Gauge-1,3,cropland,sedimentary,0,0.010592099557529254,0,LOW
2024-01-28 06:00:00,Sonapur-Gauge-1,4,forest,unconsolidated_sediment,0,0.010592099557529254,0,LOW
2024-01-28 07:00:00,Chamoli-Gauge-1,1,sparse_vegetation,fractured_metamorphic,1,0.8958400519350126,1,EXTREME
2024-01-28 07:00:00,Kolkata-Gauge-1,2,urban,unconsolidated_sediment,0,0.010592099557529254,0,LOW
2024-01-28 07:00:00,Guwahati-Gauge-1,3,cropland,sedimentary,0,0.010592099557529254,0,LOW
2024-01-28 07:00:00,Sonapur-Gauge-1,4,forest,unconsolidated_sediment,0,0.010592099557529254,0,LOW
2024-01-28 08:00:00,Chamoli-Gauge-1,1,sparse_vegetation,fractured_metamorphic,1,0.8932353391673952,1,EXTREME
2024-01-28 08:00:00,Kolkata-Gauge-1,2,urban,unconsolidated_sediment,0,0.010592099557529254,0,LOW
2024-01-28 08:00:00,Guwahati-Gauge-1,3,cropland,sedimentary,0,0.010592099557529254,0,LOW
2024-01-28 08:00:00,Sonapur-Gauge-1,4,forest,unconsolidated_sediment,0,0.010592099557529254,0,LOW
2024-01-28 09:00:00,Chamoli-Gauge-1,1,sparse_vegetation,fractured_metamorphic,1,0.8954408446345373,1,EXTREME
2024-01-28 09:00:00,Kolkata-Gauge-1,2,urban,unconsolidated_sediment,0,0.010592099557529254,0,LOW
2024-01-28 09:00:00,Guwahati-Gauge-1,3,cropland,sedimentary,0,0.010592099557529254,0,LOW
2024-01-28 09:00:00,Sonapur-Gauge-1,4,forest,unconsolidated_sediment,0,0.010592099557529254,0,LOW
2024-01-28 10:00:00,Chamoli-Gauge-1,1,sparse_vegetation,fractured_metamorphic,1,0.8940210664440158,1,EXTREME
2024-01-28 10:00:00,Kolkata-Gauge-1,2,urban,unconsolidated_sediment,0,0.010592099557529254,0,LOW
2024-01-28 10:00:00,Guwahati-Gauge-1,3,cropland,sedimentary,0,0.010592099557529254,0,LOW
2024-01-28 10:00:00,Sonapur-Gauge-1,4,forest,unconsolidated_sediment,0,0.010592099557529254,0,LOW
2024-01-28 11:00:00,Chamoli-Gauge-1,1,sparse_vegetation,fractured_metamorphic,1,0.8932283328457348,1,EXTREME
2024-01-28 11:00:00,Kolkata-Gauge-1,2,urban,unconsolidated_sediment,0,0.010592099557529254,0,LOW
2024-01-28 11:00:00,Guwahati-Gauge-1,3,cropland,sedimentary,0,0.010592099557529254,0,LOW
2024-01-28 11:00:00,Sonapur-Gauge-1,4,forest,unconsolidated_sediment,0,0.010592099557529254,0,LOW
2024-01-28 12:00:00,Chamoli-Gauge-1,1,sparse_vegetation,fractured_metamorphic,1,0.8832311027561283,1,EXTREME
2024-01-28 12:00:00,Kolkata-Gauge-1,2,urban,unconsolidated_sediment,0,0.010592099557529254,0,LOW
2024-01-28 12:00:00,Guwahati-Gauge-1,3,cropland,sedimentary,0,0.010592099557529254,0,LOW
2024-01-28 12:00:00,Sonapur-Gauge-1,4,forest,unconsolidated_sediment,0,0.010592099557529254,0,LOW
2024-01-28 13:00:00,Chamoli-Gauge-1,1,sparse_vegetation,fractured_metamorphic,1,0.8886740910059474,1,EXTREME
2024-01-28 13:00:00,Kolkata-Gauge-1,2,urban,unconsolidated_sediment,0,0.010592099557529254,0,LOW
2024-01-28 13:00:00,Guwahati-Gauge-1,3,cropland,sedimentary,0,0.010592099557529254,0,LOW
2024-01-28 13:00:00,Sonapur-Gauge-1,4,forest,unconsolidated_sediment,0,0.010592099557529254,0,LOW
2024-01-28 14:00:00,Chamoli-Gauge-1,1,sparse_vegetation,fractured_metamorphic,1,0.8929270047349623,1,EXTREME
2024-01-28 14:00:00,Kolkata-Gauge-1,2,urban,unconsolidated_sediment,0,0.010592099557529254,0,LOW
2024-01-28 14:00:00,Guwahati-Gauge-1,3,cropland,sedimentary,0,0.010592099557529254,0,LOW
2024-01-28 14:00:00,Sonapur-Gauge-1,4,forest,unconsolidated_sediment,0,0.010592099557529254,0,LOW
2024-01-28 15:00:00,Chamoli-Gauge-1,1,sparse_vegetation,fractured_metamorphic,1,0.8930786138814022,1,EXTREME
2024-01-28 15:00:00,Kolkata-Gauge-1,2,urban,unconsolidated_sediment,0,0.010592099557529254,0,LOW
2024-01-28 15:00:00,Guwahati-Gauge-1,3,cropland,sedimentary,0,0.010592099557529254,0,LOW
2024-01-28 15:00:00,Sonapur-Gauge-1,4,forest,unconsolidated_sediment,0,0.010592099557529254,0,LOW
2024-01-28 16:00:00,Chamoli-Gauge-1,1,sparse_vegetation,fractured_metamorphic,1,0.892167998970868,1,EXTREME
2024-01-28 16:00:00,Kolkata-Gauge-1,2,urban,unconsolidated_sediment,0,0.010592099557529254,0,LOW
2024-01-28 16:00:00,Guwahati-Gauge-1,3,cropland,sedimentary,0,0.010592099557529254,0,LOW
2024-01-28 16:00:00,Sonapur-Gauge-1,4,forest,unconsolidated_sediment,0,0.010592099557529254,0,LOW
2024-01-28 17:00:00,Chamoli-Gauge-1,1,sparse_vegetation,fractured_metamorphic,1,0.883647045834529,1,EXTREME
2024-01-28 17:00:00,Kolkata-Gauge-1,2,urban,unconsolidated_sediment,0,0.010592099557529254,0,LOW
2024-01-28 17:00:00,Guwahati-Gauge-1,3,cropland,sedimentary,0,0.010592099557529254,0,LOW
2024-01-28 17:00:00,Sonapur-Gauge-1,4,forest,unconsolidated_sediment,0,0.010592099557529254,0,LOW
2024-01-28 18:00:00,Chamoli-Gauge-1,1,sparse_vegetation,fractured_metamorphic,1,0.8756760621015425,1,EXTREME
2024-01-28 18:00:00,Kolkata-Gauge-1,2,urban,unconsolidated_sediment,0,0.010592099557529254,0,LOW
2024-01-28 18:00:00,Guwahati-Gauge-1,3,cropland,sedimentary,0,0.010592099557529254,0,LOW
2024-01-28 18:00:00,Sonapur-Gauge-1,4,forest,unconsolidated_sediment,0,0.010592099557529254,0,LOW
2024-01-28 19:00:00,Chamoli-Gauge-1,1,sparse_vegetation,fractured_metamorphic,1,0.862676195728018,1,EXTREME
2024-01-28 19:00:00,Kolkata-Gauge-1,2,urban,unconsolidated_sediment,0,0.010592099557529254,0,LOW
2024-01-28 19:00:00,Guwahati-Gauge-1,3,cropland,sedimentary,0,0.010592099557529254,0,LOW
2024-01-28 19:00:00,Sonapur-Gauge-1,4,forest,unconsolidated_sediment,0,0.010592099557529254,0,LOW
2024-01-28 20:00:00,Chamoli-Gauge-1,1,sparse_vegetation,fractured_metamorphic,1,0.8644086665158445,1,EXTREME
2024-01-28 20:00:00,Kolkata-Gauge-1,2,urban,unconsolidated_sediment,0,0.01100789034536209,0,LOW
2024-01-28 20:00:00,Guwahati-Gauge-1,3,cropland,sedimentary,0,0.010592099557529254,0,LOW
2024-01-28 20:00:00,Sonapur-Gauge-1,4,forest,unconsolidated_sediment,0,0.012826010611137343,0,LOW
2024-01-28 21:00:00,Chamoli-Gauge-1,1,sparse_vegetation,fractured_metamorphic,1,0.881736981786201,1,EXTREME
2024-01-28 21:00:00,Kolkata-Gauge-1,2,urban,unconsolidated_sediment,0,0.01100789034536209,0,LOW
2024-01-28 21:00:00,Guwahati-Gauge-1,3,cropland,sedimentary,0,0.010592099557529254,0,LOW
2024-01-28 21:00:00,Sonapur-Gauge-1,4,forest,unconsolidated_sediment,0,0.013107844319788396,0,LOW
2024-01-28 22:00:00,Chamoli-Gauge-1,1,sparse_vegetation,fractured_metamorphic,1,0.8312224454957441,1,EXTREME
2024-01-28 22:00:00,Kolkata-Gauge-1,2,urban,unconsolidated_sediment,0,0.01100789034536209,0,LOW
2024-01-28 22:00:00,Guwahati-Gauge-1,3,cropland,sedimentary,0,0.010592099557529254,0,LOW
2024-01-28 22:00:00,Sonapur-Gauge-1,4,forest,unconsolidated_sediment,0,0.014103937695141351,0,LOW
2024-01-28 23:00:00,Chamoli-Gauge-1,1,sparse_vegetation,fractured_metamorphic,0,0.7468885831835853,1,HIGH
2024-01-28 23:00:00,Kolkata-Gauge-1,2,urban,unconsolidated_sediment,0,0.010592099557529254,0,LOW
2024-01-28 23:00:00,Guwahati-Gauge-1,3,cropland,sedimentary,0,0.010592099557529254,0,LOW
2024-01-28 23:00:00,Sonapur-Gauge-1,4,forest,unconsolidated_sediment,0,0.03557174389649216,0,LOW
2024-01-29 00:00:00,Chamoli-Gauge-1,1,sparse_vegetation,fractured_metamorphic,1,0.8000240647474027,1,EXTREME
2024-01-29 00:00:00,Kolkata-Gauge-1,2,urban,unconsolidated_sediment,0,0.010592099557529254,0,LOW
2024-01-29 00:00:00,Guwahati-Gauge-1,3,cropland,sedimentary,0,0.010592099557529254,0,LOW
2024-01-29 00:00:00,Sonapur-Gauge-1,4,forest,unconsolidated_sediment,0,0.012833080321674302,0,LOW
2024-01-29 01:00:00,Chamoli-Gauge-1,1,sparse_vegetation,fractured_metamorphic,0,0.5103255795732512,0,MODERATE
2024-01-29 01:00:00,Kolkata-Gauge-1,2,urban,unconsolidated_sediment,0,0.010592099557529254,0,LOW
2024-01-29 01:00:00,Guwahati-Gauge-1,3,cropland,sedimentary,0,0.010592099557529254,0,LOW
2024-01-29 01:00:00,Sonapur-Gauge-1,4,forest,unconsolidated_sediment,0,0.01212373048758121,0,LOW
2024-01-29 02:00:00,Chamoli-Gauge-1,1,sparse_vegetation,fractured_metamorphic,1,0.8284757004317592,1,EXTREME
2024-01-29 02:00:00,Kolkata-Gauge-1,2,urban,unconsolidated_sediment,0,0.010592099557529254,0,LOW
2024-01-29 02:00:00,Guwahati-Gauge-1,3,cropland,sedimentary,0,0.010592099557529254,0,LOW
2024-01-29 02:00:00,Sonapur-Gauge-1,4,forest,unconsolidated_sediment,0,0.011332987910354152,0,LOW
2024-01-29 03:00:00,Chamoli-Gauge-1,1,sparse_vegetation,fractured_metamorphic,1,0.7837564529193128,1,HIGH
2024-01-29 03:00:00,Kolkata-Gauge-1,2,urban,unconsolidated_sediment,0,0.010592099557529254,0,LOW
2024-01-29 03:00:00,Guwahati-Gauge-1,3,cropland,sedimentary,0,0.010592099557529254,0,LOW
2024-01-29 03:00:00,Sonapur-Gauge-1,4,forest,unconsolidated_sediment,0,0.011388260479523127,0,LOW
2024-01-29 04:00:00,Chamoli-Gauge-1,1,sparse_vegetation,fractured_metamorphic,1,0.758415891868011,1,HIGH
2024-01-29 04:00:00,Kolkata-Gauge-1,2,urban,unconsolidated_sediment,0,0.010592099557529254,0,LOW
2024-01-29 04:00:00,Guwahati-Gauge-1,3,cropland,sedimentary,0,0.010592099557529254,0,LOW
2024-01-29 04:00:00,Sonapur-Gauge-1,4,forest,unconsolidated_sediment,0,0.011008394248877828,0,LOW
2024-01-29 05:00:00,Chamoli-Gauge-1,1,sparse_vegetation,fractured_metamorphic,1,0.6807111876324355,1,HIGH
2024-01-29 05:00:00,Kolkata-Gauge-1,2,urban,unconsolidated_sediment,0,0.010592099557529254,0,LOW
2024-01-29 05:00:00,Guwahati-Gauge-1,3,cropland,sedimentary,0,0.010592099557529254,0,LOW
2024-01-29 05:00:00,Sonapur-Gauge-1,4,forest,unconsolidated_sediment,0,0.010592099557529254,0,LOW
2024-01-29 06:00:00,Chamoli-Gauge-1,1,sparse_vegetation,fractured_metamorphic,0,0.5912848822925507,1,MODERATE
2024-01-29 06:00:00,Kolkata-Gauge-1,2,urban,unconsolidated_sediment,0,0.010592099557529254,0,LOW
2024-01-29 06:00:00,Guwahati-Gauge-1,3,cropland,sedimentary,0,0.010592099557529254,0,LOW
2024-01-29 06:00:00,Sonapur-Gauge-1,4,forest,unconsolidated_sediment,0,0.010592099557529254,0,LOW
2024-01-29 07:00:00,Chamoli-Gauge-1,1,sparse_vegetation,fractured_metamorphic,0,0.3706013908089758,0,MODERATE
2024-01-29 07:00:00,Kolkata-Gauge-1,2,urban,unconsolidated_sediment,0,0.010592099557529254,0,LOW
2024-01-29 07:00:00,Guwahati-Gauge-1,3,cropland,sedimentary,0,0.010592099557529254,0,LOW
2024-01-29 07:00:00,Sonapur-Gauge-1,4,forest,unconsolidated_sediment,0,0.011001809984842998,0,LOW
2024-01-29 08:00:00,Chamoli-Gauge-1,1,sparse_vegetation,fractured_metamorphic,0,0.08857025325575428,0,LOW
2024-01-29 08:00:00,Kolkata-Gauge-1,2,urban,unconsolidated_sediment,0,0.010592099557529254,0,LOW
2024-01-29 08:00:00,Guwahati-Gauge-1,3,cropland,sedimentary,0,0.010592099557529254,0,LOW
2024-01-29 08:00:00,Sonapur-Gauge-1,4,forest,unconsolidated_sediment,0,0.010973156415339016,0,LOW
2024-01-29 09:00:00,Chamoli-Gauge-1,1,sparse_vegetation,fractured_metamorphic,0,0.07152295898196535,0,LOW
2024-01-29 09:00:00,Kolkata-Gauge-1,2,urban,unconsolidated_sediment,0,0.010592099557529254,0,LOW
2024-01-29 09:00:00,Guwahati-Gauge-1,3,cropland,sedimentary,0,0.010592099557529254,0,LOW
2024-01-29 09:00:00,Sonapur-Gauge-1,4,forest,unconsolidated_sediment,0,0.010592099557529254,0,LOW
2024-01-29 10:00:00,Chamoli-Gauge-1,1,sparse_vegetation,fractured_metamorphic,1,0.8795919991425375,1,EXTREME
2024-01-29 10:00:00,Kolkata-Gauge-1,2,urban,unconsolidated_sediment,0,0.010592099557529254,0,LOW
2024-01-29 10:00:00,Guwahati-Gauge-1,3,cropland,sedimentary,0,0.010592099557529254,0,LOW
2024-01-29 10:00:00,Sonapur-Gauge-1,4,forest,unconsolidated_sediment,0,0.010592099557529254,0,LOW
2024-01-29 11:00:00,Chamoli-Gauge-1,1,sparse_vegetation,fractured_metamorphic,1,0.8821395210988863,1,EXTREME
2024-01-29 11:00:00,Kolkata-Gauge-1,2,urban,unconsolidated_sediment,0,0.010592099557529254,0,LOW
2024-01-29 11:00:00,Guwahati-Gauge-1,3,cropland,sedimentary,0,0.010775416821954967,0,LOW
2024-01-29 11:00:00,Sonapur-Gauge-1,4,forest,unconsolidated_sediment,0,0.010592099557529254,0,LOW
2024-01-29 12:00:00,Chamoli-Gauge-1,1,sparse_vegetation,fractured_metamorphic,0,0.8368565546787404,1,EXTREME
2024-01-29 12:00:00,Kolkata-Gauge-1,2,urban,unconsolidated_sediment,0,0.010592099557529254,0,LOW
2024-01-29 12:00:00,Guwahati-Gauge-1,3,cropland,sedimentary,0,0.010592099557529254,0,LOW
2024-01-29 12:00:00,Sonapur-Gauge-1,4,forest,unconsolidated_sediment,0,0.01114974206962177,0,LOW
2024-01-29 13:00:00,Chamoli-Gauge-1,1,sparse_vegetation,fractured_metamorphic,1,0.8863746570822169,1,EXTREME
2024-01-29 13:00:00,Kolkata-Gauge-1,2,urban,unconsolidated_sediment,0,0.010592099557529254,0,LOW
2024-01-29 13:00:00,Guwahati-Gauge-1,3,cropland,sedimentary,0,0.010592099557529254,0,LOW
2024-01-29 13:00:00,Sonapur-Gauge-1,4,forest,unconsolidated_sediment,0,0.010592099557529254,0,LOW
2024-01-29 14:00:00,Chamoli-Gauge-1,1,sparse_vegetation,fractured_metamorphic,1,0.888294410701353,1,EXTREME
2024-01-29 14:00:00,Kolkata-Gauge-1,2,urban,unconsolidated_sediment,0,0.010592099557529254,0,LOW
2024-01-29 14:00:00,Guwahati-Gauge-1,3,cropland,sedimentary,0,0.010592099557529254,0,LOW
2024-01-29 14:00:00,Sonapur-Gauge-1,4,forest,unconsolidated_sediment,0,0.010592099557529254,0,LOW
2024-01-29 15:00:00,Chamoli-Gauge-1,1,sparse_vegetation,fractured_metamorphic,1,0.8441232714607578,1,EXTREME
2024-01-29 15:00:00,Kolkata-Gauge-1,2,urban,unconsolidated_sediment,0,0.010592099557529254,0,LOW
2024-01-29 15:00:00,Guwahati-Gauge-1,3,cropland,sedimentary,0,0.010592099557529254,0,LOW
2024-01-29 15:00:00,Sonapur-Gauge-1,4,forest,unconsolidated_sediment,0,0.010592099557529254,0,LOW
2024-01-29 16:00:00,Chamoli-Gauge-1,1,sparse_vegetation,fractured_metamorphic,0,0.829173356063367,1,EXTREME
2024-01-29 16:00:00,Kolkata-Gauge-1,2,urban,unconsolidated_sediment,0,0.010592099557529254,0,LOW
2024-01-29 16:00:00,Guwahati-Gauge-1,3,cropland,sedimentary,0,0.010592099557529254,0,LOW
2024-01-29 16:00:00,Sonapur-Gauge-1,4,forest,unconsolidated_sediment,0,0.010592099557529254,0,LOW
2024-01-29 17:00:00,Chamoli-Gauge-1,1,sparse_vegetation,fractured_metamorphic,1,0.8759031217101644,1,EXTREME
2024-01-29 17:00:00,Kolkata-Gauge-1,2,urban,unconsolidated_sediment,0,0.010592099557529254,0,LOW
2024-01-29 17:00:00,Guwahati-Gauge-1,3,cropland,sedimentary,0,0.010592099557529254,0,LOW
2024-01-29 17:00:00,Sonapur-Gauge-1,4,forest,unconsolidated_sediment,0,0.010592099557529254,0,LOW
2024-01-29 18:00:00,Chamoli-Gauge-1,1,sparse_vegetation,fractured_metamorphic,1,0.8881120944338359,1,EXTREME
2024-01-29 18:00:00,Kolkata-Gauge-1,2,urban,unconsolidated_sediment,0,0.010592099557529254,0,LOW
2024-01-29 18:00:00,Guwahati-Gauge-1,3,cropland,sedimentary,0,0.010592099557529254,0,LOW
2024-01-29 18:00:00,Sonapur-Gauge-1,4,forest,unconsolidated_sediment,0,0.010592099557529254,0,LOW
2024-01-29 19:00:00,Chamoli-Gauge-1,1,sparse_vegetation,fractured_metamorphic,1,0.8678890824448093,1,EXTREME
2024-01-29 19:00:00,Kolkata-Gauge-1,2,urban,unconsolidated_sediment,0,0.010592099557529254,0,LOW
2024-01-29 19:00:00,Guwahati-Gauge-1,3,cropland,sedimentary,0,0.010592099557529254,0,LOW
2024-01-29 19:00:00,Sonapur-Gauge-1,4,forest,unconsolidated_sediment,0,0.010592099557529254,0,LOW
2024-01-29 20:00:00,Chamoli-Gauge-1,1,sparse_vegetation,fractured_metamorphic,1,0.8734509349059285,1,EXTREME
2024-01-29 20:00:00,Kolkata-Gauge-1,2,urban,unconsolidated_sediment,0,0.010592099557529254,0,LOW
2024-01-29 20:00:00,Guwahati-Gauge-1,3,cropland,sedimentary,0,0.010592099557529254,0,LOW
2024-01-29 20:00:00,Sonapur-Gauge-1,4,forest,unconsolidated_sediment,0,0.01276275720342863,0,LOW
2024-01-29 21:00:00,Chamoli-Gauge-1,1,sparse_vegetation,fractured_metamorphic,1,0.8915579789714226,1,EXTREME
2024-01-29 21:00:00,Kolkata-Gauge-1,2,urban,unconsolidated_sediment,0,0.010592099557529254,0,LOW
2024-01-29 21:00:00,Guwahati-Gauge-1,3,cropland,sedimentary,0,0.010592099557529254,0,LOW
2024-01-29 21:00:00,Sonapur-Gauge-1,4,forest,unconsolidated_sediment,0,0.010592099557529254,0,LOW
2024-01-29 22:00:00,Chamoli-Gauge-1,1,sparse_vegetation,fractured_metamorphic,1,0.884831225844166,1,EXTREME
2024-01-29 22:00:00,Kolkata-Gauge-1,2,urban,unconsolidated_sediment,0,0.010592099557529254,0,LOW
2024-01-29 22:00:00,Guwahati-Gauge-1,3,cropland,sedimentary,0,0.010592099557529254,0,LOW
2024-01-29 22:00:00,Sonapur-Gauge-1,4,forest,unconsolidated_sediment,0,0.010592099557529254,0,LOW
2024-01-29 23:00:00,Chamoli-Gauge-1,1,sparse_vegetation,fractured_metamorphic,1,0.8812368209090493,1,EXTREME
2024-01-29 23:00:00,Kolkata-Gauge-1,2,urban,unconsolidated_sediment,0,0.010592099557529254,0,LOW
2024-01-29 23:00:00,Guwahati-Gauge-1,3,cropland,sedimentary,0,0.010592099557529254,0,LOW
2024-01-29 23:00:00,Sonapur-Gauge-1,4,forest,unconsolidated_sediment,0,0.010592099557529254,0,LOW
2024-01-30 00:00:00,Chamoli-Gauge-1,1,sparse_vegetation,fractured_metamorphic,1,0.8704647495623024,1,EXTREME
2024-01-30 00:00:00,Kolkata-Gauge-1,2,urban,unconsolidated_sediment,0,0.010592099557529254,0,LOW
2024-01-30 00:00:00,Guwahati-Gauge-1,3,cropland,sedimentary,0,0.010592099557529254,0,LOW
2024-01-30 00:00:00,Sonapur-Gauge-1,4,forest,unconsolidated_sediment,0,0.010592099557529254,0,LOW
2024-01-30 01:00:00,Chamoli-Gauge-1,1,sparse_vegetation,fractured_metamorphic,1,0.8572225468735938,1,EXTREME
2024-01-30 01:00:00,Kolkata-Gauge-1,2,urban,unconsolidated_sediment,0,0.010592099557529254,0,LOW
2024-01-30 01:00:00,Guwahati-Gauge-1,3,cropland,sedimentary,0,0.010592099557529254,0,LOW
2024-01-30 01:00:00,Sonapur-Gauge-1,4,forest,unconsolidated_sediment,0,0.010592099557529254,0,LOW
2024-01-30 02:00:00,Chamoli-Gauge-1,1,sparse_vegetation,fractured_metamorphic,0,0.7675426620942873,1,HIGH
2024-01-30 02:00:00,Kolkata-Gauge-1,2,urban,unconsolidated_sediment,0,0.010592099557529254,0,LOW
2024-01-30 02:00:00,Guwahati-Gauge-1,3,cropland,sedimentary,0,0.010592099557529254,0,LOW
2024-01-30 02:00:00,Sonapur-Gauge-1,4,forest,unconsolidated_sediment,0,0.010592099557529254,0,LOW
2024-01-30 03:00:00,Chamoli-Gauge-1,1,sparse_vegetation,fractured_metamorphic,1,0.8639356572379073,1,EXTREME
2024-01-30 03:00:00,Kolkata-Gauge-1,2,urban,unconsolidated_sediment,0,0.010592099557529254,0,LOW
2024-01-30 03:00:00,Guwahati-Gauge-1,3,cropland,sedimentary,0,0.010592099557529254,0,LOW
2024-01-30 03:00:00,Sonapur-Gauge-1,4,forest,unconsolidated_sediment,0,0.011527649054551496,0,LOW
2024-01-30 04:00:00,Chamoli-Gauge-1,1,sparse_vegetation,fractured_metamorphic,1,0.8233961440165056,1,EXTREME
2024-01-30 04:00:00,Kolkata-Gauge-1,2,urban,unconsolidated_sediment,0,0.010592099557529254,0,LOW
2024-01-30 04:00:00,Guwahati-Gauge-1,3,cropland,sedimentary,0,0.010592099557529254,0,LOW
2024-01-30 04:00:00,Sonapur-Gauge-1,4,forest,unconsolidated_sediment,0,0.0107540138716905,0,LOW
2024-01-30 05:00:00,Chamoli-Gauge-1,1,sparse_vegetation,fractured_metamorphic,0,0.7533415068514293,1,HIGH
2024-01-30 05:00:00,Kolkata-Gauge-1,2,urban,unconsolidated_sediment,0,0.010592099557529254,0,LOW
2024-01-30 05:00:00,Guwahati-Gauge-1,3,cropland,sedimentary,0,0.010592099557529254,0,LOW
2024-01-30 05:00:00,Sonapur-Gauge-1,4,forest,unconsolidated_sediment,0,0.010963061788085251,0,LOW
2024-01-30 06:00:00,Chamoli-Gauge-1,1,sparse_vegetation,fractured_metamorphic,1,0.8519218923242236,1,EXTREME
2024-01-30 06:00:00,Kolkata-Gauge-1,2,urban,unconsolidated_sediment,0,0.010592099557529254,0,LOW
2024-01-30 06:00:00,Guwahati-Gauge-1,3,cropland,sedimentary,0,0.010592099557529254,0,LOW
2024-01-30 06:00:00,Sonapur-Gauge-1,4,forest,unconsolidated_sediment,0,0.01097339939217899,0,LOW
2024-01-30 07:00:00,Chamoli-Gauge-1,1,sparse_vegetation,fractured_metamorphic,1,0.828097359537065,1,EXTREME
2024-01-30 07:00:00,Kolkata-Gauge-1,2,urban,unconsolidated_sediment,0,0.01061297605656985,0,LOW
2024-01-30 07:00:00,Guwahati-Gauge-1,3,cropland,sedimentary,0,0.010592099557529254,0,LOW
2024-01-30 07:00:00,Sonapur-Gauge-1,4,forest,unconsolidated_sediment,0,0.011354594136278953,0,LOW
2024-01-30 08:00:00,Chamoli-Gauge-1,1,sparse_vegetation,fractured_metamorphic,0,0.5794329823101044,1,MODERATE
2024-01-30 08:00:00,Kolkata-Gauge-1,2,urban,unconsolidated_sediment,0,0.0115316942882992,0,LOW
2024-01-30 08:00:00,Guwahati-Gauge-1,3,cropland,sedimentary,0,0.010592099557529254,0,LOW
2024-01-30 08:00:00,Sonapur-Gauge-1,4,forest,unconsolidated_sediment,0,0.01114847956643913,0,LOW
2024-01-30 09:00:00,Chamoli-Gauge-1,1,sparse_vegetation,fractured_metamorphic,0,0.48522507536974246,0,MODERATE
2024-01-30 09:00:00,Kolkata-Gauge-1,2,urban,unconsolidated_sediment,0,0.011084975491140113,0,LOW
2024-01-30 09:00:00,Guwahati-Gauge-1,3,cropland,sedimentary,0,0.010592099557529254,0,LOW
2024-01-30 09:00:00,Sonapur-Gauge-1,4,forest,unconsolidated_sediment,0,0.01095682176491426,0,LOW
2024-01-30 10:00:00,Chamoli-Gauge-1,1,sparse_vegetation,fractured_metamorphic,1,0.7164709387441904,1,HIGH
2024-01-30 10:00:00,Kolkata-Gauge-1,2,urban,unconsolidated_sediment,0,0.011625728526839584,0,LOW
2024-01-30 10:00:00,Guwahati-Gauge-1,3,cropland,sedimentary,0,0.010592099557529254,0,LOW
2024-01-30 10:00:00,Sonapur-Gauge-1,4,forest,unconsolidated_sediment,0,0.011299910986858373,0,LOW
2024-01-30 11:00:00,Chamoli-Gauge-1,1,sparse_vegetation,fractured_metamorphic,0,0.39898333372486555,0,MODERATE
2024-01-30 11:00:00,Kolkata-Gauge-1,2,urban,unconsolidated_sediment,0,0.01205288878829139,0,LOW
2024-01-30 11:00:00,Guwahati-Gauge-1,3,cropland,sedimentary,0,0.010592099557529254,0,LOW
2024-01-30 11:00:00,Sonapur-Gauge-1,4,forest,unconsolidated_sediment,0,0.011704570401138835,0,LOW
2024-01-30 12:00:00,Chamoli-Gauge-1,1,sparse_vegetation,fractured_metamorphic,1,0.8013119247042952,1,EXTREME
2024-01-30 12:00:00,Kolkata-Gauge-1,2,urban,unconsolidated_sediment,0,0.011000650738252883,0,LOW
2024-01-30 12:00:00,Guwahati-Gauge-1,3,cropland,sedimentary,0,0.010592099557529254,0,LOW
2024-01-30 12:00:00,Sonapur-Gauge-1,4,forest,unconsolidated_sediment,0,0.011024926494401252,0,LOW
2024-01-30 13:00:00,Chamoli-Gauge-1,1,sparse_vegetation,fractured_metamorphic,1,0.8570820691147739,1,EXTREME
2024-01-30 13:00:00,Kolkata-Gauge-1,2,urban,unconsolidated_sediment,0,0.014457805170559382,0,LOW
2024-01-30 13:00:00,Guwahati-Gauge-1,3,cropland,sedimentary,0,0.010592099557529254,0,LOW
2024-01-30 13:00:00,Sonapur-Gauge-1,4,forest,unconsolidated_sediment,0,0.010761352426492895,0,LOW
2024-01-30 14:00:00,Chamoli-Gauge-1,1,sparse_vegetation,fractured_metamorphic,1,0.8447576423722628,1,EXTREME
2024-01-30 14:00:00,Kolkata-Gauge-1,2,urban,unconsolidated_sediment,0,0.010659976586713518,0,LOW
2024-01-30 14:00:00,Guwahati-Gauge-1,3,cropland,sedimentary,0,0.010592099557529254,0,LOW
2024-01-30 14:00:00,Sonapur-Gauge-1,4,forest,unconsolidated_sediment,0,0.05257145508665999,0,LOW
2024-01-30 15:00:00,Chamoli-Gauge-1,1,sparse_vegetation,fractured_metamorphic,0,0.6217073226683667,1,HIGH
2024-01-30 15:00:00,Kolkata-Gauge-1,2,urban,unconsolidated_sediment,0,0.010659976586713518,0,LOW
2024-01-30 15:00:00,Guwahati-Gauge-1,3,cropland,sedimentary,0,0.010592099557529254,0,LOW
2024-01-30 15:00:00,Sonapur-Gauge-1,4,forest,unconsolidated_sediment,0,0.21236930824103806,0,LOW
2024-01-30 16:00:00,Chamoli-Gauge-1,1,sparse_vegetation,fractured_metamorphic,1,0.8320845185678036,1,EXTREME
2024-01-30 16:00:00,Kolkata-Gauge-1,2,urban,unconsolidated_sediment,0,0.011078025241962101,0,LOW
2024-01-30 16:00:00,Guwahati-Gauge-1,3,cropland,sedimentary,0,0.010592099557529254,0,LOW
2024-01-30 16:00:00,Sonapur-Gauge-1,4,forest,unconsolidated_sediment,1,0.5166574419331639,1,MODERATE
2024-01-30 17:00:00,Chamoli-Gauge-1,1,sparse_vegetation,fractured_metamorphic,1,0.7629133595378499,1,HIGH
2024-01-30 17:00:00,Kolkata-Gauge-1,2,urban,unconsolidated_sediment,0,0.010858501052150023,0,LOW
2024-01-30 17:00:00,Guwahati-Gauge-1,3,cropland,sedimentary,0,0.010592099557529254,0,LOW
2024-01-30 17:00:00,Sonapur-Gauge-1,4,forest,unconsolidated_sediment,1,0.5094349747305232,0,MODERATE
2024-01-30 18:00:00,Chamoli-Gauge-1,1,sparse_vegetation,fractured_metamorphic,0,0.2971145162326557,0,LOW
2024-01-30 18:00:00,Kolkata-Gauge-1,2,urban,unconsolidated_sediment,0,0.010858501052150023,0,LOW
2024-01-30 18:00:00,Guwahati-Gauge-1,3,cropland,sedimentary,0,0.010592099557529254,0,LOW
2024-01-30 18:00:00,Sonapur-Gauge-1,4,forest,unconsolidated_sediment,0,0.2610566451102833,0,LOW
2024-01-30 19:00:00,Chamoli-Gauge-1,1,sparse_vegetation,fractured_metamorphic,0,0.20496240053875925,0,LOW
2024-01-30 19:00:00,Kolkata-Gauge-1,2,urban,unconsolidated_sediment,0,0.011060828339449968,0,LOW
2024-01-30 19:00:00,Guwahati-Gauge-1,3,cropland,sedimentary,0,0.010592099557529254,0,LOW
2024-01-30 19:00:00,Sonapur-Gauge-1,4,forest,unconsolidated_sediment,1,0.35099953902408587,0,MODERATE
2024-01-30 20:00:00,Chamoli-Gauge-1,1,sparse_vegetation,fractured_metamorphic,0,0.26577427206756526,0,LOW
2024-01-30 20:00:00,Kolkata-Gauge-1,2,urban,unconsolidated_sediment,0,0.010975712224766059,0,LOW
2024-01-30 20:00:00,Guwahati-Gauge-1,3,cropland,sedimentary,0,0.010592099557529254,0,LOW
2024-01-30 20:00:00,Sonapur-Gauge-1,4,forest,unconsolidated_sediment,0,0.020271967003112193,0,LOW
2024-01-30 21:00:00,Chamoli-Gauge-1,1,sparse_vegetation,fractured_metamorphic,0,0.08224354908912139,0,LOW
2024-01-30 21:00:00,Kolkata-Gauge-1,2,urban,unconsolidated_sediment,0,0.010592099557529254,0,LOW
2024-01-30 21:00:00,Guwahati-Gauge-1,3,cropland,sedimentary,0,0.010592099557529254,0,LOW
2024-01-30 21:00:00,Sonapur-Gauge-1,4,forest,unconsolidated_sediment,0,0.017914169528789874,0,LOW
2024-01-30 22:00:00,Chamoli-Gauge-1,1,sparse_vegetation,fractured_metamorphic,0,0.08464454965572188,0,LOW
2024-01-30 22:00:00,Kolkata-Gauge-1,2,urban,unconsolidated_sediment,0,0.010592099557529254,0,LOW
2024-01-30 22:00:00,Guwahati-Gauge-1,3,cropland,sedimentary,0,0.010592099557529254,0,LOW
2024-01-30 22:00:00,Sonapur-Gauge-1,4,forest,unconsolidated_sediment,0,0.015483426223942899,0,LOW
2024-01-30 23:00:00,Chamoli-Gauge-1,1,sparse_vegetation,fractured_metamorphic,0,0.08068355073609182,0,LOW
2024-01-30 23:00:00,Kolkata-Gauge-1,2,urban,unconsolidated_sediment,0,0.010592099557529254,0,LOW
2024-01-30 23:00:00,Guwahati-Gauge-1,3,cropland,sedimentary,0,0.010592099557529254,0,LOW
2024-01-30 23:00:00,Sonapur-Gauge-1,4,forest,unconsolidated_sediment,0,0.014396172549626956,0,LOW
2024-01-31 00:00:00,Chamoli-Gauge-1,1,sparse_vegetation,fractured_metamorphic,0,0.11218775140403935,0,LOW
2024-01-31 00:00:00,Kolkata-Gauge-1,2,urban,unconsolidated_sediment,0,0.010592099557529254,0,LOW
2024-01-31 00:00:00,Guwahati-Gauge-1,3,cropland,sedimentary,0,0.010592099557529254,0,LOW
2024-01-31 00:00:00,Sonapur-Gauge-1,4,forest,unconsolidated_sediment,0,0.012612236055101495,0,LOW
2024-01-31 01:00:00,Chamoli-Gauge-1,1,sparse_vegetation,fractured_metamorphic,0,0.1419563676403959,0,LOW
2024-01-31 01:00:00,Kolkata-Gauge-1,2,urban,unconsolidated_sediment,0,0.010592099557529254,0,LOW
2024-01-31 01:00:00,Guwahati-Gauge-1,3,cropland,sedimentary,0,0.010592099557529254,0,LOW
2024-01-31 01:00:00,Sonapur-Gauge-1,4,forest,unconsolidated_sediment,0,0.01339304323452719,0,LOW
2024-01-31 02:00:00,Chamoli-Gauge-1,1,sparse_vegetation,fractured_metamorphic,0,0.10720632021167892,0,LOW
2024-01-31 02:00:00,Kolkata-Gauge-1,2,urban,unconsolidated_sediment,0,0.010592099557529254,0,LOW
2024-01-31 02:00:00,Guwahati-Gauge-1,3,cropland,sedimentary,0,0.010592099557529254,0,LOW
2024-01-31 02:00:00,Sonapur-Gauge-1,4,forest,unconsolidated_sediment,0,0.01429010197567675,0,LOW
2024-01-31 03:00:00,Chamoli-Gauge-1,1,sparse_vegetation,fractured_metamorphic,0,0.16810305991333638,0,LOW
2024-01-31 03:00:00,Kolkata-Gauge-1,2,urban,unconsolidated_sediment,0,0.010592099557529254,0,LOW
2024-01-31 03:00:00,Guwahati-Gauge-1,3,cropland,sedimentary,0,0.010592099557529254,0,LOW
2024-01-31 03:00:00,Sonapur-Gauge-1,4,forest,unconsolidated_sediment,0,0.010592099557529254,0,LOW
2024-01-31 04:00:00,Chamoli-Gauge-1,1,sparse_vegetation,fractured_metamorphic,1,0.38076908214168986,0,MODERATE
2024-01-31 04:00:00,Kolkata-Gauge-1,2,urban,unconsolidated_sediment,0,0.010592099557529254,0,LOW
2024-01-31 04:00:00,Guwahati-Gauge-1,3,cropland,sedimentary,0,0.011669078939655417,0,LOW
2024-01-31 04:00:00,Sonapur-Gauge-1,4,forest,unconsolidated_sediment,0,0.010592099557529254,0,LOW
2024-01-31 05:00:00,Chamoli-Gauge-1,1,sparse_vegetation,fractured_metamorphic,0,0.18514828051904195,0,LOW
2024-01-31 05:00:00,Kolkata-Gauge-1,2,urban,unconsolidated_sediment,0,0.010592099557529254,0,LOW
2024-01-31 05:00:00,Guwahati-Gauge-1,3,cropland,sedimentary,0,0.01126015004791566,0,LOW
2024-01-31 05:00:00,Sonapur-Gauge-1,4,forest,unconsolidated_sediment,0,0.010592099557529254,0,LOW
2024-01-31 06:00:00,Chamoli-Gauge-1,1,sparse_vegetation,fractured_metamorphic,0,0.16238229534964832,0,LOW
2024-01-31 06:00:00,Kolkata-Gauge-1,2,urban,unconsolidated_sediment,0,0.010592099557529254,0,LOW
2024-01-31 06:00:00,Guwahati-Gauge-1,3,cropland,sedimentary,0,0.011230285944228495,0,LOW
2024-01-31 06:00:00,Sonapur-Gauge-1,4,forest,unconsolidated_sediment,0,0.010592099557529254,0,LOW
2024-01-31 07:00:00,Chamoli-Gauge-1,1,sparse_vegetation,fractured_metamorphic,0,0.13891795704164095,0,LOW
2024-01-31 07:00:00,Kolkata-Gauge-1,2,urban,unconsolidated_sediment,0,0.012876024332422997,0,LOW
2024-01-31 07:00:00,Guwahati-Gauge-1,3,cropland,sedimentary,0,0.011420732481520849,0,LOW
2024-01-31 07:00:00,Sonapur-Gauge-1,4,forest,unconsolidated_sediment,0,0.010592099557529254,0,LOW
2024-01-31 08:00:00,Chamoli-Gauge-1,1,sparse_vegetation,fractured_metamorphic,0,0.22174070292704112,0,LOW
2024-01-31 08:00:00,Kolkata-Gauge-1,2,urban,unconsolidated_sediment,0,0.01061297605656985,0,LOW
2024-01-31 08:00:00,Guwahati-Gauge-1,3,cropland,sedimentary,0,0.01098970596570441,0,LOW
2024-01-31 08:00:00,Sonapur-Gauge-1,4,forest,unconsolidated_sediment,0,0.010592099557529254,0,LOW
2024-01-31 09:00:00,Chamoli-Gauge-1,1,sparse_vegetation,fractured_metamorphic,1,0.47597426116131736,0,MODERATE
2024-01-31 09:00:00,Kolkata-Gauge-1,2,urban,unconsolidated_sediment,0,0.01061297605656985,0,LOW
2024-01-31 09:00:00,Guwahati-Gauge-1,3,cropland,sedimentary,0,0.010791004546188617,0,LOW
2024-01-31 09:00:00,Sonapur-Gauge-1,4,forest,unconsolidated_sediment,0,0.010592099557529254,0,LOW
2024-01-31 10:00:00,Chamoli-Gauge-1,1,sparse_vegetation,fractured_metamorphic,0,0.1491374021595211,0,LOW
2024-01-31 10:00:00,Kolkata-Gauge-1,2,urban,unconsolidated_sediment,0,0.010592099557529254,0,LOW
2024-01-31 10:00:00,Guwahati-Gauge-1,3,cropland,sedimentary,0,0.011612471763436539,0,LOW
2024-01-31 10:00:00,Sonapur-Gauge-1,4,forest,unconsolidated_sediment,0,0.010592099557529254,0,LOW
2024-01-31 11:00:00,Chamoli-Gauge-1,1,sparse_vegetation,fractured_metamorphic,0,0.09855771882201643,0,LOW
2024-01-31 11:00:00,Kolkata-Gauge-1,2,urban,unconsolidated_sediment,0,0.010592099557529254,0,LOW
2024-01-31 11:00:00,Guwahati-Gauge-1,3,cropland,sedimentary,0,0.010592099557529254,0,LOW
2024-01-31 11:00:00,Sonapur-Gauge-1,4,forest,unconsolidated_sediment,0,0.010592099557529254,0,LOW
2024-01-31 12:00:00,Chamoli-Gauge-1,1,sparse_vegetation,fractured_metamorphic,0,0.06596762431837205,0,LOW
2024-01-31 12:00:00,Kolkata-Gauge-1,2,urban,unconsolidated_sediment,0,0.010592099557529254,0,LOW
2024-01-31 12:00:00,Guwahati-Gauge-1,3,cropland,sedimentary,0,0.010592099557529254,0,LOW
2024-01-31 12:00:00,Sonapur-Gauge-1,4,forest,unconsolidated_sediment,0,0.011308651748902984,0,LOW
2024-01-31 13:00:00,Chamoli-Gauge-1,1,sparse_vegetation,fractured_metamorphic,1,0.5866150232457285,1,MODERATE
2024-01-31 13:00:00,Kolkata-Gauge-1,2,urban,unconsolidated_sediment,0,0.010592099557529254,0,LOW
2024-01-31 13:00:00,Guwahati-Gauge-1,3,cropland,sedimentary,0,0.010592099557529254,0,LOW
2024-01-31 13:00:00,Sonapur-Gauge-1,4,forest,unconsolidated_sediment,0,0.010592099557529254,0,LOW
2024-01-31 14:00:00,Chamoli-Gauge-1,1,sparse_vegetation,fractured_metamorphic,0,0.3542945885236395,0,MODERATE
2024-01-31 14:00:00,Kolkata-Gauge-1,2,urban,unconsolidated_sediment,0,0.010592099557529254,0,LOW
2024-01-31 14:00:00,Guwahati-Gauge-1,3,cropland,sedimentary,0,0.010592099557529254,0,LOW
2024-01-31 14:00:00,Sonapur-Gauge-1,4,forest,unconsolidated_sediment,0,0.010592099557529254,0,LOW
2024-01-31 15:00:00,Chamoli-Gauge-1,1,sparse_vegetation,fractured_metamorphic,1,0.5312265719908913,1,MODERATE
2024-01-31 15:00:00,Kolkata-Gauge-1,2,urban,unconsolidated_sediment,0,0.010592099557529254,0,LOW
2024-01-31 15:00:00,Guwahati-Gauge-1,3,cropland,sedimentary,0,0.010592099557529254,0,LOW
2024-01-31 15:00:00,Sonapur-Gauge-1,4,forest,unconsolidated_sediment,0,0.010592099557529254,0,LOW
2024-01-31 16:00:00,Chamoli-Gauge-1,1,sparse_vegetation,fractured_metamorphic,0,0.22064996000975992,0,LOW
2024-01-31 16:00:00,Kolkata-Gauge-1,2,urban,unconsolidated_sediment,0,0.010592099557529254,0,LOW
2024-01-31 16:00:00,Guwahati-Gauge-1,3,cropland,sedimentary,1,0.42594068181175077,0,MODERATE
2024-01-31 16:00:00,Sonapur-Gauge-1,4,forest,unconsolidated_sediment,0,0.010592099557529254,0,LOW
2024-01-31 17:00:00,Chamoli-Gauge-1,1,sparse_vegetation,fractured_metamorphic,0,0.22087750335310746,0,LOW
2024-01-31 17:00:00,Kolkata-Gauge-1,2,urban,unconsolidated_sediment,0,0.010592099557529254,0,LOW
2024-01-31 17:00:00,Guwahati-Gauge-1,3,cropland,sedimentary,0,0.11630282732097236,0,LOW
2024-01-31 17:00:00,Sonapur-Gauge-1,4,forest,unconsolidated_sediment,0,0.010592099557529254,0,LOW
2024-01-31 18:00:00,Chamoli-Gauge-1,1,sparse_vegetation,fractured_metamorphic,0,0.10998908207922717,0,LOW
2024-01-31 18:00:00,Kolkata-Gauge-1,2,urban,unconsolidated_sediment,0,0.010592099557529254,0,LOW
2024-01-31 18:00:00,Guwahati-Gauge-1,3,cropland,sedimentary,0,0.08902531588673694,0,LOW
2024-01-31 18:00:00,Sonapur-Gauge-1,4,forest,unconsolidated_sediment,0,0.010592099557529254,0,LOW
2024-01-31 19:00:00,Chamoli-Gauge-1,1,sparse_vegetation,fractured_metamorphic,0,0.03324655121304001,0,LOW
2024-01-31 19:00:00,Kolkata-Gauge-1,2,urban,unconsolidated_sediment,0,0.010592099557529254,0,LOW
2024-01-31 19:00:00,Guwahati-Gauge-1,3,cropland,sedimentary,0,0.04255275377730677,0,LOW
2024-01-31 19:00:00,Sonapur-Gauge-1,4,forest,unconsolidated_sediment,0,0.010592099557529254,0,LOW
2024-01-31 20:00:00,Chamoli-Gauge-1,1,sparse_vegetation,fractured_metamorphic,0,0.7258612515254992,1,HIGH
2024-01-31 20:00:00,Kolkata-Gauge-1,2,urban,unconsolidated_sediment,0,0.010592099557529254,0,LOW
2024-01-31 20:00:00,Guwahati-Gauge-1,3,cropland,sedimentary,0,0.0810729481385705,0,LOW
2024-01-31 20:00:00,Sonapur-Gauge-1,4,forest,unconsolidated_sediment,0,0.010592099557529254,0,LOW
2024-01-31 21:00:00,Chamoli-Gauge-1,1,sparse_vegetation,fractured_metamorphic,1,0.8730091227621669,1,EXTREME
2024-01-31 21:00:00,Kolkata-Gauge-1,2,urban,unconsolidated_sediment,0,0.010592099557529254,0,LOW
2024-01-31 21:00:00,Guwahati-Gauge-1,3,cropland,sedimentary,1,0.289057182808392,0,LOW
2024-01-31 21:00:00,Sonapur-Gauge-1,4,forest,unconsolidated_sediment,0,0.010592099557529254,0,LOW
2024-01-31 22:00:00,Chamoli-Gauge-1,1,sparse_vegetation,fractured_metamorphic,1,0.8722730711547175,1,EXTREME
2024-01-31 22:00:00,Kolkata-Gauge-1,2,urban,unconsolidated_sediment,0,0.010592099557529254,0,LOW
2024-01-31 22:00:00,Guwahati-Gauge-1,3,cropland,sedimentary,0,0.061607354268911854,0,LOW
2024-01-31 22:00:00,Sonapur-Gauge-1,4,forest,unconsolidated_sediment,0,0.010790523602460769,0,LOW
2024-01-31 23:00:00,Chamoli-Gauge-1,1,sparse_vegetation,fractured_metamorphic,1,0.8952872888458131,1,EXTREME
2024-01-31 23:00:00,Kolkata-Gauge-1,2,urban,unconsolidated_sediment,0,0.010592099557529254,0,LOW
2024-01-31 23:00:00,Guwahati-Gauge-1,3,cropland,sedimentary,0,0.0421171959210905,0,LOW
2024-01-31 23:00:00,Sonapur-Gauge-1,4,forest,unconsolidated_sediment,0,0.010592099557529254,0,LOW
2024-02-01 00:00:00,Chamoli-Gauge-1,1,sparse_vegetation,fractured_metamorphic,1,0.8964251384957029,1,EXTREME
2024-02-01 00:00:00,Kolkata-Gauge-1,2,urban,unconsolidated_sediment,0,0.010592099557529254,0,LOW
2024-02-01 00:00:00,Guwahati-Gauge-1,3,cropland,sedimentary,0,0.019642506245234486,0,LOW
2024-02-01 00:00:00,Sonapur-Gauge-1,4,forest,unconsolidated_sediment,0,0.010592099557529254,0,LOW
2024-02-01 01:00:00,Chamoli-Gauge-1,1,sparse_vegetation,fractured_metamorphic,1,0.8962927488454967,1,EXTREME
2024-02-01 01:00:00,Kolkata-Gauge-1,2,urban,unconsolidated_sediment,0,0.01078942150044859,0,LOW
2024-02-01 01:00:00,Guwahati-Gauge-1,3,cropland,sedimentary,0,0.014963401822620926,0,LOW
2024-02-01 01:00:00,Sonapur-Gauge-1,4,forest,unconsolidated_sediment,0,0.010592099557529254,0,LOW
2024-02-01 02:00:00,Chamoli-Gauge-1,1,sparse_vegetation,fractured_metamorphic,1,0.887088638240239,1,EXTREME
2024-02-01 02:00:00,Kolkata-Gauge-1,2,urban,unconsolidated_sediment,0,0.010592099557529254,0,LOW
2024-02-01 02:00:00,Guwahati-Gauge-1,3,cropland,sedimentary,0,0.012979682855569276,0,LOW
2024-02-01 02:00:00,Sonapur-Gauge-1,4,forest,unconsolidated_sediment,0,0.010592099557529254,0,LOW
2024-02-01 03:00:00,Chamoli-Gauge-1,1,sparse_vegetation,fractured_metamorphic,1,0.8955919184843103,1,EXTREME
2024-02-01 03:00:00,Kolkata-Gauge-1,2,urban,unconsolidated_sediment,0,0.010592099557529254,0,LOW
2024-02-01 03:00:00,Guwahati-Gauge-1,3,cropland,sedimentary,0,0.013277577578285014,0,LOW
2024-02-01 03:00:00,Sonapur-Gauge-1,4,forest,unconsolidated_sediment,0,0.010592099557529254,0,LOW
2024-02-01 04:00:00,Chamoli-Gauge-1,1,sparse_vegetation,fractured_metamorphic,1,0.8966797464489897,1,EXTREME
2024-02-01 04:00:00,Kolkata-Gauge-1,2,urban,unconsolidated_sediment,0,0.010592099557529254,0,LOW
2024-02-01 04:00:00,Guwahati-Gauge-1,3,cropland,sedimentary,0,0.011596114613347423,0,LOW
2024-02-01 04:00:00,Sonapur-Gauge-1,4,forest,unconsolidated_sediment,0,0.010592099557529254,0,LOW
2024-02-01 05:00:00,Chamoli-Gauge-1,1,sparse_vegetation,fractured_metamorphic,1,0.8936667391778513,1,EXTREME
2024-02-01 05:00:00,Kolkata-Gauge-1,2,urban,unconsolidated_sediment,0,0.010592099557529254,0,LOW
2024-02-01 05:00:00,Guwahati-Gauge-1,3,cropland,sedimentary,0,0.011252621485337724,0,LOW
2024-02-01 05:00:00,Sonapur-Gauge-1,4,forest,unconsolidated_sediment,0,0.010592099557529254,0,LOW
2024-02-01 06:00:00,Chamoli-Gauge-1,1,sparse_vegetation,fractured_metamorphic,1,0.8961778002218556,1,EXTREME
2024-02-01 06:00:00,Kolkata-Gauge-1,2,urban,unconsolidated_sediment,0,0.010592099557529254,0,LOW
2024-02-01 06:00:00,Guwahati-Gauge-1,3,cropland,sedimentary,0,0.02743716508979254,0,LOW
2024-02-01 06:00:00,Sonapur-Gauge-1,4,forest,unconsolidated_sediment,0,0.010592099557529254,0,LOW
2024-02-01 07:00:00,Chamoli-Gauge-1,1,sparse_vegetation,fractured_metamorphic,1,0.8961778002218556,1,EXTREME
2024-02-01 07:00:00,Kolkata-Gauge-1,2,urban,unconsolidated_sediment,0,0.010592099557529254,0,LOW
2024-02-01 07:00:00,Guwahati-Gauge-1,3,cropland,sedimentary,0,0.011274239520990296,0,LOW
2024-02-01 07:00:00,Sonapur-Gauge-1,4,forest,unconsolidated_sediment,0,0.010592099557529254,0,LOW
2024-02-01 08:00:00,Chamoli-Gauge-1,1,sparse_vegetation,fractured_metamorphic,1,0.8961373048041673,1,EXTREME
2024-02-01 08:00:00,Kolkata-Gauge-1,2,urban,unconsolidated_sediment,0,0.010592099557529254,0,LOW
2024-02-01 08:00:00,Guwahati-Gauge-1,3,cropland,sedimentary,0,0.011040535180217196,0,LOW
2024-02-01 08:00:00,Sonapur-Gauge-1,4,forest,unconsolidated_sediment,0,0.010592099557529254,0,LOW
2024-02-01 09:00:00,Chamoli-Gauge-1,1,sparse_vegetation,fractured_metamorphic,1,0.8963929445252556,1,EXTREME
2024-02-01 09:00:00,Kolkata-Gauge-1,2,urban,unconsolidated_sediment,0,0.010592099557529254,0,LOW
2024-02-01 09:00:00,Guwahati-Gauge-1,3,cropland,sedimentary,0,0.01064040781983263,0,LOW
2024-02-01 09:00:00,Sonapur-Gauge-1,4,forest,unconsolidated_sediment,0,0.010592099557529254,0,LOW
2024-02-01 10:00:00,Chamoli-Gauge-1,1,sparse_vegetation,fractured_metamorphic,1,0.8959013723949489,1,EXTREME
2024-02-01 10:00:00,Kolkata-Gauge-1,2,urban,unconsolidated_sediment,0,0.010592099557529254,0,LOW
2024-02-01 10:00:00,Guwahati-Gauge-1,3,cropland,sedimentary,0,0.010592099557529254,0,LOW
2024-02-01 10:00:00,Sonapur-Gauge-1,4,forest,unconsolidated_sediment,0,0.010592099557529254,0,LOW
2024-02-01 11:00:00,Chamoli-Gauge-1,1,sparse_vegetation,fractured_metamorphic,1,0.8950715054855547,1,EXTREME
2024-02-01 11:00:00,Kolkata-Gauge-1,2,urban,unconsolidated_sediment,0,0.010592099557529254,0,LOW
2024-02-01 11:00:00,Guwahati-Gauge-1,3,cropland,sedimentary,0,0.010592099557529254,0,LOW
2024-02-01 11:00:00,Sonapur-Gauge-1,4,forest,unconsolidated_sediment,0,0.010592099557529254,0,LOW
2024-02-01 12:00:00,Chamoli-Gauge-1,1,sparse_vegetation,fractured_metamorphic,1,0.8949433436763085,1,EXTREME
2024-02-01 12:00:00,Kolkata-Gauge-1,2,urban,unconsolidated_sediment,0,0.010592099557529254,0,LOW
2024-02-01 12:00:00,Guwahati-Gauge-1,3,cropland,sedimentary,0,0.017121370159774097,0,LOW
2024-02-01 12:00:00,Sonapur-Gauge-1,4,forest,unconsolidated_sediment,0,0.010592099557529254,0,LOW
2024-02-01 13:00:00,Chamoli-Gauge-1,1,sparse_vegetation,fractured_metamorphic,1,0.8946548446386529,1,EXTREME
2024-02-01 13:00:00,Kolkata-Gauge-1,2,urban,unconsolidated_sediment,0,0.010592099557529254,0,LOW
2024-02-01 13:00:00,Guwahati-Gauge-1,3,cropland,sedimentary,0,0.01404010727900825,0,LOW
2024-02-01 13:00:00,Sonapur-Gauge-1,4,forest,unconsolidated_sediment,0,0.010592099557529254,0,LOW
2024-02-01 14:00:00,Chamoli-Gauge-1,1,sparse_vegetation,fractured_metamorphic,1,0.8904729856820756,1,EXTREME
2024-02-01 14:00:00,Kolkata-Gauge-1,2,urban,unconsolidated_sediment,0,0.010592099557529254,0,LOW
2024-02-01 14:00:00,Guwahati-Gauge-1,3,cropland,sedimentary,0,0.013655913168826823,0,LOW
2024-02-01 14:00:00,Sonapur-Gauge-1,4,forest,unconsolidated_sediment,0,0.010592099557529254,0,LOW
2024-02-01 15:00:00,Chamoli-Gauge-1,1,sparse_vegetation,fractured_metamorphic,1,0.8938061857774819,1,EXTREME
2024-02-01 15:00:00,Kolkata-Gauge-1,2,urban,unconsolidated_sediment,0,0.010744571549076922,0,LOW
2024-02-01 15:00:00,Guwahati-Gauge-1,3,cropland,sedimentary,0,0.012128692907553897,0,LOW
2024-02-01 15:00:00,Sonapur-Gauge-1,4,forest,unconsolidated_sediment,0,0.010592099557529254,0,LOW
2024-02-01 16:00:00,Chamoli-Gauge-1,1,sparse_vegetation,fractured_metamorphic,1,0.8929576588881655,1,EXTREME
2024-02-01 16:00:00,Kolkata-Gauge-1,2,urban,unconsolidated_sediment,0,0.010744571549076922,0,LOW
2024-02-01 16:00:00,Guwahati-Gauge-1,3,cropland,sedimentary,0,0.010948052942938031,0,LOW
2024-02-01 16:00:00,Sonapur-Gauge-1,4,forest,unconsolidated_sediment,0,0.010592099557529254,0,LOW
2024-02-01 17:00:00,Chamoli-Gauge-1,1,sparse_vegetation,fractured_metamorphic,1,0.8957028480967069,1,EXTREME
2024-02-01 17:00:00,Kolkata-Gauge-1,2,urban,unconsolidated_sediment,0,0.010592099557529254,0,LOW
2024-02-01 17:00:00,Guwahati-Gauge-1,3,cropland,sedimentary,0,0.010592099557529254,0,LOW
2024-02-01 17:00:00,Sonapur-Gauge-1,4,forest,unconsolidated_sediment,0,0.010592099557529254,0,LOW
2024-02-01 18:00:00,Chamoli-Gauge-1,1,sparse_vegetation,fractured_metamorphic,1,0.8960651890577648,1,EXTREME
2024-02-01 18:00:00,Kolkata-Gauge-1,2,urban,unconsolidated_sediment,0,0.010592099557529254,0,LOW
2024-02-01 18:00:00,Guwahati-Gauge-1,3,cropland,sedimentary,0,0.010592099557529254,0,LOW
2024-02-01 18:00:00,Sonapur-Gauge-1,4,forest,unconsolidated_sediment,0,0.010592099557529254,0,LOW
2024-02-01 19:00:00,Chamoli-Gauge-1,1,sparse_vegetation,fractured_metamorphic,1,0.8954689703046745,1,EXTREME
2024-02-01 19:00:00,Kolkata-Gauge-1,2,urban,unconsolidated_sediment,0,0.010592099557529254,0,LOW
2024-02-01 19:00:00,Guwahati-Gauge-1,3,cropland,sedimentary,0,0.020079867070901564,0,LOW
2024-02-01 19:00:00,Sonapur-Gauge-1,4,forest,unconsolidated_sediment,0,0.010592099557529254,0,LOW
2024-02-01 20:00:00,Chamoli-Gauge-1,1,sparse_vegetation,fractured_metamorphic,1,0.8901423405072405,1,EXTREME
2024-02-01 20:00:00,Kolkata-Gauge-1,2,urban,unconsolidated_sediment,0,0.010592099557529254,0,LOW
2024-02-01 20:00:00,Guwahati-Gauge-1,3,cropland,sedimentary,0,0.010592099557529254,0,LOW
2024-02-01 20:00:00,Sonapur-Gauge-1,4,forest,unconsolidated_sediment,0,0.010592099557529254,0,LOW
2024-02-01 21:00:00,Chamoli-Gauge-1,1,sparse_vegetation,fractured_metamorphic,1,0.8924635530371192,1,EXTREME
2024-02-01 21:00:00,Kolkata-Gauge-1,2,urban,unconsolidated_sediment,0,0.010592099557529254,0,LOW
2024-02-01 21:00:00,Guwahati-Gauge-1,3,cropland,sedimentary,0,0.010592099557529254,0,LOW
2024-02-01 21:00:00,Sonapur-Gauge-1,4,forest,unconsolidated_sediment,0,0.010592099557529254,0,LOW
2024-02-01 22:00:00,Chamoli-Gauge-1,1,sparse_vegetation,fractured_metamorphic,1,0.8945033268875404,1,EXTREME
2024-02-01 22:00:00,Kolkata-Gauge-1,2,urban,unconsolidated_sediment,0,0.010592099557529254,0,LOW
2024-02-01 22:00:00,Guwahati-Gauge-1,3,cropland,sedimentary,0,0.010592099557529254,0,LOW
2024-02-01 22:00:00,Sonapur-Gauge-1,4,forest,unconsolidated_sediment,0,0.010592099557529254,0,LOW
2024-02-01 23:00:00,Chamoli-Gauge-1,1,sparse_vegetation,fractured_metamorphic,1,0.8898555845143875,1,EXTREME
2024-02-01 23:00:00,Kolkata-Gauge-1,2,urban,unconsolidated_sediment,0,0.010592099557529254,0,LOW
2024-02-01 23:00:00,Guwahati-Gauge-1,3,cropland,sedimentary,0,0.010592099557529254,0,LOW
2024-02-01 23:00:00,Sonapur-Gauge-1,4,forest,unconsolidated_sediment,0,0.010592099557529254,0,LOW
2024-02-02 00:00:00,Chamoli-Gauge-1,1,sparse_vegetation,fractured_metamorphic,1,0.8923353799188686,1,EXTREME
2024-02-02 00:00:00,Kolkata-Gauge-1,2,urban,unconsolidated_sediment,0,0.010592099557529254,0,LOW
2024-02-02 00:00:00,Guwahati-Gauge-1,3,cropland,sedimentary,0,0.010592099557529254,0,LOW
2024-02-02 00:00:00,Sonapur-Gauge-1,4,forest,unconsolidated_sediment,0,0.010592099557529254,0,LOW
2024-02-02 01:00:00,Chamoli-Gauge-1,1,sparse_vegetation,fractured_metamorphic,1,0.8923353799188686,1,EXTREME
2024-02-02 01:00:00,Kolkata-Gauge-1,2,urban,unconsolidated_sediment,0,0.010592099557529254,0,LOW
2024-02-02 01:00:00,Guwahati-Gauge-1,3,cropland,sedimentary,0,0.010592099557529254,0,LOW
2024-02-02 01:00:00,Sonapur-Gauge-1,4,forest,unconsolidated_sediment,0,0.010592099557529254,0,LOW
2024-02-02 02:00:00,Chamoli-Gauge-1,1,sparse_vegetation,fractured_metamorphic,1,0.8924611068914379,1,EXTREME
2024-02-02 02:00:00,Kolkata-Gauge-1,2,urban,unconsolidated_sediment,0,0.010592099557529254,0,LOW
2024-02-02 02:00:00,Guwahati-Gauge-1,3,cropland,sedimentary,0,0.010947305479685233,0,LOW
2024-02-02 02:00:00,Sonapur-Gauge-1,4,forest,unconsolidated_sediment,0,0.010592099557529254,0,LOW
2024-02-02 03:00:00,Chamoli-Gauge-1,1,sparse_vegetation,fractured_metamorphic,1,0.8925936206219892,1,EXTREME
2024-02-02 03:00:00,Kolkata-Gauge-1,2,urban,unconsolidated_sediment,0,0.010592099557529254,0,LOW
2024-02-02 03:00:00,Guwahati-Gauge-1,3,cropland,sedimentary,0,0.010592099557529254,0,LOW
2024-02-02 03:00:00,Sonapur-Gauge-1,4,forest,unconsolidated_sediment,0,0.010592099557529254,0,LOW
2024-02-02 04:00:00,Chamoli-Gauge-1,1,sparse_vegetation,fractured_metamorphic,1,0.8922018373978127,1,EXTREME
2024-02-02 04:00:00,Kolkata-Gauge-1,2,urban,unconsolidated_sediment,0,0.010592099557529254,0,LOW
2024-02-02 04:00:00,Guwahati-Gauge-1,3,cropland,sedimentary,0,0.010592099557529254,0,LOW
2024-02-02 04:00:00,Sonapur-Gauge-1,4,forest,unconsolidated_sediment,0,0.010592099557529254,0,LOW
2024-02-02 05:00:00,Chamoli-Gauge-1,1,sparse_vegetation,fractured_metamorphic,1,0.8917637860004198,1,EXTREME
2024-02-02 05:00:00,Kolkata-Gauge-1,2,urban,unconsolidated_sediment,0,0.010592099557529254,0,LOW
2024-02-02 05:00:00,Guwahati-Gauge-1,3,cropland,sedimentary,0,0.010592099557529254,0,LOW
2024-02-02 05:00:00,Sonapur-Gauge-1,4,forest,unconsolidated_sediment,0,0.010592099557529254,0,LOW
2024-02-02 06:00:00,Chamoli-Gauge-1,1,sparse_vegetation,fractured_metamorphic,1,0.8916454977591244,1,EXTREME
2024-02-02 06:00:00,Kolkata-Gauge-1,2,urban,unconsolidated_sediment,0,0.010592099557529254,0,LOW
2024-02-02 06:00:00,Guwahati-Gauge-1,3,cropland,sedimentary,0,0.010592099557529254,0,LOW
2024-02-02 06:00:00,Sonapur-Gauge-1,4,forest,unconsolidated_sediment,0,0.010592099557529254,0,LOW
2024-02-02 07:00:00,Chamoli-Gauge-1,1,sparse_vegetation,fractured_metamorphic,1,0.8966088504395521,1,EXTREME
2024-02-02 07:00:00,Kolkata-Gauge-1,2,urban,unconsolidated_sediment,0,0.010592099557529254,0,LOW
2024-02-02 07:00:00,Guwahati-Gauge-1,3,cropland,sedimentary,0,0.010592099557529254,0,LOW
2024-02-02 07:00:00,Sonapur-Gauge-1,4,forest,unconsolidated_sediment,0,0.010592099557529254,0,LOW
2024-02-02 08:00:00,Chamoli-Gauge-1,1,sparse_vegetation,fractured_metamorphic,1,0.8964812836207581,1,EXTREME
2024-02-02 08:00:00,Kolkata-Gauge-1,2,urban,unconsolidated_sediment,0,0.010592099557529254,0,LOW
2024-02-02 08:00:00,Guwahati-Gauge-1,3,cropland,sedimentary,0,0.010592099557529254,0,LOW
2024-02-02 08:00:00,Sonapur-Gauge-1,4,forest,unconsolidated_sediment,0,0.010592099557529254,0,LOW
2024-02-02 09:00:00,Chamoli-Gauge-1,1,sparse_vegetation,fractured_metamorphic,1,0.8948757583582816,1,EXTREME
2024-02-02 09:00:00,Kolkata-Gauge-1,2,urban,unconsolidated_sediment,0,0.010592099557529254,0,LOW
2024-02-02 09:00:00,Guwahati-Gauge-1,3,cropland,sedimentary,0,0.010592099557529254,0,LOW
2024-02-02 09:00:00,Sonapur-Gauge-1,4,forest,unconsolidated_sediment,0,0.010592099557529254,0,LOW
2024-02-02 10:00:00,Chamoli-Gauge-1,1,sparse_vegetation,fractured_metamorphic,1,0.8948784588472002,1,EXTREME
2024-02-02 10:00:00,Kolkata-Gauge-1,2,urban,unconsolidated_sediment,0,0.010592099557529254,0,LOW
2024-02-02 10:00:00,Guwahati-Gauge-1,3,cropland,sedimentary,0,0.010592099557529254,0,LOW
2024-02-02 10:00:00,Sonapur-Gauge-1,4,forest,unconsolidated_sediment,0,0.010592099557529254,0,LOW
2024-02-02 11:00:00,Chamoli-Gauge-1,1,sparse_vegetation,fractured_metamorphic,1,0.8947830141666056,1,EXTREME
2024-02-02 11:00:00,Kolkata-Gauge-1,2,urban,unconsolidated_sediment,0,0.010592099557529254,0,LOW
2024-02-02 11:00:00,Guwahati-Gauge-1,3,cropland,sedimentary,0,0.010592099557529254,0,LOW
2024-02-02 11:00:00,Sonapur-Gauge-1,4,forest,unconsolidated_sediment,0,0.010592099557529254,0,LOW
2024-02-02 12:00:00,Chamoli-Gauge-1,1,sparse_vegetation,fractured_metamorphic,1,0.8932368751149561,1,EXTREME
2024-02-02 12:00:00,Kolkata-Gauge-1,2,urban,unconsolidated_sediment,0,0.010592099557529254,0,LOW
2024-02-02 12:00:00,Guwahati-Gauge-1,3,cropland,sedimentary,0,0.010592099557529254,0,LOW
2024-02-02 12:00:00,Sonapur-Gauge-1,4,forest,unconsolidated_sediment,0,0.010592099557529254,0,LOW
2024-02-02 13:00:00,Chamoli-Gauge-1,1,sparse_vegetation,fractured_metamorphic,1,0.8953031302549321,1,EXTREME
2024-02-02 13:00:00,Kolkata-Gauge-1,2,urban,unconsolidated_sediment,0,0.010592099557529254,0,LOW
2024-02-02 13:00:00,Guwahati-Gauge-1,3,cropland,sedimentary,0,0.010592099557529254,0,LOW
2024-02-02 13:00:00,Sonapur-Gauge-1,4,forest,unconsolidated_sediment,0,0.010592099557529254,0,LOW
2024-02-02 14:00:00,Chamoli-Gauge-1,1,sparse_vegetation,fractured_metamorphic,1,0.8952146731244954,1,EXTREME
2024-02-02 14:00:00,Kolkata-Gauge-1,2,urban,unconsolidated_sediment,0,0.010592099557529254,0,LOW
2024-02-02 14:00:00,Guwahati-Gauge-1,3,cropland,sedimentary,0,0.010592099557529254,0,LOW
2024-02-02 14:00:00,Sonapur-Gauge-1,4,forest,unconsolidated_sediment,0,0.010592099557529254,0,LOW
2024-02-02 15:00:00,Chamoli-Gauge-1,1,sparse_vegetation,fractured_metamorphic,1,0.8950025041258436,1,EXTREME
2024-02-02 15:00:00,Kolkata-Gauge-1,2,urban,unconsolidated_sediment,0,0.010592099557529254,0,LOW
2024-02-02 15:00:00,Guwahati-Gauge-1,3,cropland,sedimentary,0,0.010592099557529254,0,LOW
2024-02-02 15:00:00,Sonapur-Gauge-1,4,forest,unconsolidated_sediment,0,0.010592099557529254,0,LOW
2024-02-02 16:00:00,Chamoli-Gauge-1,1,sparse_vegetation,fractured_metamorphic,1,0.8941354198540301,1,EXTREME
2024-02-02 16:00:00,Kolkata-Gauge-1,2,urban,unconsolidated_sediment,0,0.010592099557529254,0,LOW
2024-02-02 16:00:00,Guwahati-Gauge-1,3,cropland,sedimentary,0,0.010592099557529254,0,LOW
2024-02-02 16:00:00,Sonapur-Gauge-1,4,forest,unconsolidated_sediment,0,0.010592099557529254,0,LOW
2024-02-02 17:00:00,Chamoli-Gauge-1,1,sparse_vegetation,fractured_metamorphic,1,0.8888255304823246,1,EXTREME
2024-02-02 17:00:00,Kolkata-Gauge-1,2,urban,unconsolidated_sediment,0,0.010592099557529254,0,LOW
2024-02-02 17:00:00,Guwahati-Gauge-1,3,cropland,sedimentary,0,0.010592099557529254,0,LOW
2024-02-02 17:00:00,Sonapur-Gauge-1,4,forest,unconsolidated_sediment,0,0.010592099557529254,0,LOW
2024-02-02 18:00:00,Chamoli-Gauge-1,1,sparse_vegetation,fractured_metamorphic,1,0.8933337162404283,1,EXTREME
2024-02-02 18:00:00,Kolkata-Gauge-1,2,urban,unconsolidated_sediment,0,0.010592099557529254,0,LOW
2024-02-02 18:00:00,Guwahati-Gauge-1,3,cropland,sedimentary,0,0.010592099557529254,0,LOW
2024-02-02 18:00:00,Sonapur-Gauge-1,4,forest,unconsolidated_sediment,0,0.010592099557529254,0,LOW
2024-02-02 19:00:00,Chamoli-Gauge-1,1,sparse_vegetation,fractured_metamorphic,1,0.8952848538006962,1,EXTREME
2024-02-02 19:00:00,Kolkata-Gauge-1,2,urban,unconsolidated_sediment,0,0.010592099557529254,0,LOW
2024-02-02 19:00:00,Guwahati-Gauge-1,3,cropland,sedimentary,0,0.010592099557529254,0,LOW
2024-02-02 19:00:00,Sonapur-Gauge-1,4,forest,unconsolidated_sediment,0,0.010592099557529254,0,LOW
2024-02-02 20:00:00,Chamoli-Gauge-1,1,sparse_vegetation,fractured_metamorphic,1,0.895146740915127,1,EXTREME
2024-02-02 20:00:00,Kolkata-Gauge-1,2,urban,unconsolidated_sediment,0,0.010592099557529254,0,LOW
2024-02-02 20:00:00,Guwahati-Gauge-1,3,cropland,sedimentary,0,0.010592099557529254,0,LOW
2024-02-02 20:00:00,Sonapur-Gauge-1,4,forest,unconsolidated_sediment,0,0.010592099557529254,0,LOW
2024-02-02 21:00:00,Chamoli-Gauge-1,1,sparse_vegetation,fractured_metamorphic,1,0.8748433728012058,1,EXTREME
2024-02-02 21:00:00,Kolkata-Gauge-1,2,urban,unconsolidated_sediment,0,0.010592099557529254,0,LOW
2024-02-02 21:00:00,Guwahati-Gauge-1,3,cropland,sedimentary,0,0.010592099557529254,0,LOW
2024-02-02 21:00:00,Sonapur-Gauge-1,4,forest,unconsolidated_sediment,0,0.010592099557529254,0,LOW
2024-02-02 22:00:00,Chamoli-Gauge-1,1,sparse_vegetation,fractured_metamorphic,1,0.871760429999481,1,EXTREME
2024-02-02 22:00:00,Kolkata-Gauge-1,2,urban,unconsolidated_sediment,0,0.010592099557529254,0,LOW
2024-02-02 22:00:00,Guwahati-Gauge-1,3,cropland,sedimentary,0,0.010592099557529254,0,LOW
2024-02-02 22:00:00,Sonapur-Gauge-1,4,forest,unconsolidated_sediment,0,0.010592099557529254,0,LOW
2024-02-02 23:00:00,Chamoli-Gauge-1,1,sparse_vegetation,fractured_metamorphic,1,0.826052403149849,1,EXTREME
2024-02-02 23:00:00,Kolkata-Gauge-1,2,urban,unconsolidated_sediment,0,0.010592099557529254,0,LOW
2024-02-02 23:00:00,Guwahati-Gauge-1,3,cropland,sedimentary,0,0.010592099557529254,0,LOW
2024-02-02 23:00:00,Sonapur-Gauge-1,4,forest,unconsolidated_sediment,0,0.010592099557529254,0,LOW
2024-02-03 00:00:00,Chamoli-Gauge-1,1,sparse_vegetation,fractured_metamorphic,0,0.754505991293233,1,HIGH
2024-02-03 00:00:00,Kolkata-Gauge-1,2,urban,unconsolidated_sediment,0,0.010592099557529254,0,LOW
2024-02-03 00:00:00,Guwahati-Gauge-1,3,cropland,sedimentary,0,0.010592099557529254,0,LOW
2024-02-03 00:00:00,Sonapur-Gauge-1,4,forest,unconsolidated_sediment,0,0.010592099557529254,0,LOW
2024-02-03 01:00:00,Chamoli-Gauge-1,1,sparse_vegetation,fractured_metamorphic,1,0.7848366005241495,1,HIGH
2024-02-03 01:00:00,Kolkata-Gauge-1,2,urban,unconsolidated_sediment,0,0.010592099557529254,0,LOW
2024-02-03 01:00:00,Guwahati-Gauge-1,3,cropland,sedimentary,0,0.010592099557529254,0,LOW
2024-02-03 01:00:00,Sonapur-Gauge-1,4,forest,unconsolidated_sediment,0,0.011331522328045724,0,LOW
2024-02-03 02:00:00,Chamoli-Gauge-1,1,sparse_vegetation,fractured_metamorphic,1,0.8845827295215949,1,EXTREME
2024-02-03 02:00:00,Kolkata-Gauge-1,2,urban,unconsolidated_sediment,0,0.010592099557529254,0,LOW
2024-02-03 02:00:00,Guwahati-Gauge-1,3,cropland,sedimentary,0,0.010592099557529254,0,LOW
2024-02-03 02:00:00,Sonapur-Gauge-1,4,forest,unconsolidated_sediment,0,0.011742488508364119,0,LOW
2024-02-03 03:00:00,Chamoli-Gauge-1,1,sparse_vegetation,fractured_metamorphic,1,0.8915270373575017,1,EXTREME
2024-02-03 03:00:00,Kolkata-Gauge-1,2,urban,unconsolidated_sediment,0,0.010592099557529254,0,LOW
2024-02-03 03:00:00,Guwahati-Gauge-1,3,cropland,sedimentary,0,0.010592099557529254,0,LOW
2024-02-03 03:00:00,Sonapur-Gauge-1,4,forest,unconsolidated_sediment,0,0.011011535166808903,0,LOW
2024-02-03 04:00:00,Chamoli-Gauge-1,1,sparse_vegetation,fractured_metamorphic,1,0.8962424814858791,1,EXTREME
2024-02-03 04:00:00,Kolkata-Gauge-1,2,urban,unconsolidated_sediment,0,0.010592099557529254,0,LOW
2024-02-03 04:00:00,Guwahati-Gauge-1,3,cropland,sedimentary,0,0.010592099557529254,0,LOW
2024-02-03 04:00:00,Sonapur-Gauge-1,4,forest,unconsolidated_sediment,0,0.010592099557529254,0,LOW
2024-02-03 05:00:00,Chamoli-Gauge-1,1,sparse_vegetation,fractured_metamorphic,1,0.8966528985460711,1,EXTREME
2024-02-03 05:00:00,Kolkata-Gauge-1,2,urban,unconsolidated_sediment,0,0.010592099557529254,0,LOW
2024-02-03 05:00:00,Guwahati-Gauge-1,3,cropland,sedimentary,0,0.010592099557529254,0,LOW
2024-02-03 05:00:00,Sonapur-Gauge-1,4,forest,unconsolidated_sediment,0,0.010592099557529254,0,LOW
2024-02-03 06:00:00,Chamoli-Gauge-1,1,sparse_vegetation,fractured_metamorphic,1,0.8966138473362,1,EXTREME
2024-02-03 06:00:00,Kolkata-Gauge-1,2,urban,unconsolidated_sediment,0,0.010592099557529254,0,LOW
2024-02-03 06:00:00,Guwahati-Gauge-1,3,cropland,sedimentary,0,0.010592099557529254,0,LOW
2024-02-03 06:00:00,Sonapur-Gauge-1,4,forest,unconsolidated_sediment,0,0.010592099557529254,0,LOW
2024-02-03 07:00:00,Chamoli-Gauge-1,1,sparse_vegetation,fractured_metamorphic,1,0.896192594150434,1,EXTREME
2024-02-03 07:00:00,Kolkata-Gauge-1,2,urban,unconsolidated_sediment,0,0.010592099557529254,0,LOW
2024-02-03 07:00:00,Guwahati-Gauge-1,3,cropland,sedimentary,0,0.010592099557529254,0,LOW
2024-02-03 07:00:00,Sonapur-Gauge-1,4,forest,unconsolidated_sediment,0,0.010701183301041754,0,LOW
2024-02-03 08:00:00,Chamoli-Gauge-1,1,sparse_vegetation,fractured_metamorphic,1,0.8960174184015848,1,EXTREME
2024-02-03 08:00:00,Kolkata-Gauge-1,2,urban,unconsolidated_sediment,0,0.010592099557529254,0,LOW
2024-02-03 08:00:00,Guwahati-Gauge-1,3,cropland,sedimentary,0,0.010592099557529254,0,LOW
2024-02-03 08:00:00,Sonapur-Gauge-1,4,forest,unconsolidated_sediment,0,0.010592099557529254,0,LOW
2024-02-03 09:00:00,Chamoli-Gauge-1,1,sparse_vegetation,fractured_metamorphic,1,0.8960174184015848,1,EXTREME
2024-02-03 09:00:00,Kolkata-Gauge-1,2,urban,unconsolidated_sediment,0,0.010592099557529254,0,LOW
2024-02-03 09:00:00,Guwahati-Gauge-1,3,cropland,sedimentary,0,0.010592099557529254,0,LOW
2024-02-03 09:00:00,Sonapur-Gauge-1,4,forest,unconsolidated_sediment,0,0.010592099557529254,0,LOW
2024-02-03 10:00:00,Chamoli-Gauge-1,1,sparse_vegetation,fractured_metamorphic,1,0.894163263324771,1,EXTREME
2024-02-03 10:00:00,Kolkata-Gauge-1,2,urban,unconsolidated_sediment,0,0.010592099557529254,0,LOW
2024-02-03 10:00:00,Guwahati-Gauge-1,3,cropland,sedimentary,0,0.010592099557529254,0,LOW
2024-02-03 10:00:00,Sonapur-Gauge-1,4,forest,unconsolidated_sediment,0,0.010592099557529254,0,LOW
2024-02-03 11:00:00,Chamoli-Gauge-1,1,sparse_vegetation,fractured_metamorphic,1,0.8947231002129257,1,EXTREME
2024-02-03 11:00:00,Kolkata-Gauge-1,2,urban,unconsolidated_sediment,0,0.010592099557529254,0,LOW
2024-02-03 11:00:00,Guwahati-Gauge-1,3,cropland,sedimentary,0,0.010592099557529254,0,LOW
2024-02-03 11:00:00,Sonapur-Gauge-1,4,forest,unconsolidated_sediment,0,0.010592099557529254,0,LOW
2024-02-03 12:00:00,Chamoli-Gauge-1,1,sparse_vegetation,fractured_metamorphic,1,0.8946512204574313,1,EXTREME
2024-02-03 12:00:00,Kolkata-Gauge-1,2,urban,unconsolidated_sediment,0,0.010592099557529254,0,LOW
2024-02-03 12:00:00,Guwahati-Gauge-1,3,cropland,sedimentary,0,0.0116583061990286,0,LOW
2024-02-03 12:00:00,Sonapur-Gauge-1,4,forest,unconsolidated_sediment,0,0.010592099557529254,0,LOW
2024-02-03 13:00:00,Chamoli-Gauge-1,1,sparse_vegetation,fractured_metamorphic,1,0.8940455625583041,1,EXTREME
2024-02-03 13:00:00,Kolkata-Gauge-1,2,urban,unconsolidated_sediment,0,0.010592099557529254,0,LOW
2024-02-03 13:00:00,Guwahati-Gauge-1,3,cropland,sedimentary,0,0.0116583061990286,0,LOW
2024-02-03 13:00:00,Sonapur-Gauge-1,4,forest,unconsolidated_sediment,0,0.010592099557529254,0,LOW
2024-02-03 14:00:00,Chamoli-Gauge-1,1,sparse_vegetation,fractured_metamorphic,1,0.8880601973944064,1,EXTREME
2024-02-03 14:00:00,Kolkata-Gauge-1,2,urban,unconsolidated_sediment,0,0.010592099557529254,0,LOW
2024-02-03 14:00:00,Guwahati-Gauge-1,3,cropland,sedimentary,0,0.011025846152970111,0,LOW
2024-02-03 14:00:00,Sonapur-Gauge-1,4,forest,unconsolidated_sediment,0,0.010592099557529254,0,LOW
2024-02-03 15:00:00,Chamoli-Gauge-1,1,sparse_vegetation,fractured_metamorphic,1,0.8775190864339194,1,EXTREME
2024-02-03 15:00:00,Kolkata-Gauge-1,2,urban,unconsolidated_sediment,0,0.010592099557529254,0,LOW
2024-02-03 15:00:00,Guwahati-Gauge-1,3,cropland,sedimentary,0,0.010745035921354989,0,LOW
2024-02-03 15:00:00,Sonapur-Gauge-1,4,forest,unconsolidated_sediment,0,0.010592099557529254,0,LOW
2024-02-03 16:00:00,Chamoli-Gauge-1,1,sparse_vegetation,fractured_metamorphic,1,0.8921986460134972,1,EXTREME
2024-02-03 16:00:00,Kolkata-Gauge-1,2,urban,unconsolidated_sediment,0,0.010592099557529254,0,LOW
2024-02-03 16:00:00,Guwahati-Gauge-1,3,cropland,sedimentary,0,0.010745035921354989,0,LOW
2024-02-03 16:00:00,Sonapur-Gauge-1,4,forest,unconsolidated_sediment,0,0.010592099557529254,0,LOW
2024-02-03 17:00:00,Chamoli-Gauge-1,1,sparse_vegetation,fractured_metamorphic,1,0.8921893200196332,1,EXTREME
2024-02-03 17:00:00,Kolkata-Gauge-1,2,urban,unconsolidated_sediment,0,0.010592099557529254,0,LOW
2024-02-03 17:00:00,Guwahati-Gauge-1,3,cropland,sedimentary,0,0.010745035921354989,0,LOW
2024-02-03 17:00:00,Sonapur-Gauge-1,4,forest,unconsolidated_sediment,0,0.010592099557529254,0,LOW
2024-02-03 18:00:00,Chamoli-Gauge-1,1,sparse_vegetation,fractured_metamorphic,1,0.8856031085615638,1,EXTREME
2024-02-03 18:00:00,Kolkata-Gauge-1,2,urban,unconsolidated_sediment,0,0.010592099557529254,0,LOW
2024-02-03 18:00:00,Guwahati-Gauge-1,3,cropland,sedimentary,0,0.010592099557529254,0,LOW
2024-02-03 18:00:00,Sonapur-Gauge-1,4,forest,unconsolidated_sediment,0,0.010592099557529254,0,LOW
2024-02-03 19:00:00,Chamoli-Gauge-1,1,sparse_vegetation,fractured_metamorphic,1,0.8928182469676843,1,EXTREME
2024-02-03 19:00:00,Kolkata-Gauge-1,2,urban,unconsolidated_sediment,0,0.010592099557529254,0,LOW
2024-02-03 19:00:00,Guwahati-Gauge-1,3,cropland,sedimentary,0,0.010592099557529254,0,LOW
2024-02-03 19:00:00,Sonapur-Gauge-1,4,forest,unconsolidated_sediment,0,0.010592099557529254,0,LOW
2024-02-03 20:00:00,Chamoli-Gauge-1,1,sparse_vegetation,fractured_metamorphic,1,0.89291239893192,1,EXTREME
2024-02-03 20:00:00,Kolkata-Gauge-1,2,urban,unconsolidated_sediment,0,0.010592099557529254,0,LOW
2024-02-03 20:00:00,Guwahati-Gauge-1,3,cropland,sedimentary,0,0.010592099557529254,0,LOW
2024-02-03 20:00:00,Sonapur-Gauge-1,4,forest,unconsolidated_sediment,0,0.010592099557529254,0,LOW
2024-02-03 21:00:00,Chamoli-Gauge-1,1,sparse_vegetation,fractured_metamorphic,1,0.8958690462729206,1,EXTREME
2024-02-03 21:00:00,Kolkata-Gauge-1,2,urban,unconsolidated_sediment,0,0.010592099557529254,0,LOW
2024-02-03 21:00:00,Guwahati-Gauge-1,3,cropland,sedimentary,0,0.010592099557529254,0,LOW
2024-02-03 21:00:00,Sonapur-Gauge-1,4,forest,unconsolidated_sediment,0,0.010592099557529254,0,LOW
2024-02-03 22:00:00,Chamoli-Gauge-1,1,sparse_vegetation,fractured_metamorphic,1,0.89262270191102,1,EXTREME
2024-02-03 22:00:00,Kolkata-Gauge-1,2,urban,unconsolidated_sediment,0,0.010592099557529254,0,LOW
2024-02-03 22:00:00,Guwahati-Gauge-1,3,cropland,sedimentary,0,0.010592099557529254,0,LOW
2024-02-03 22:00:00,Sonapur-Gauge-1,4,forest,unconsolidated_sediment,0,0.010592099557529254,0,LOW
2024-02-03 23:00:00,Chamoli-Gauge-1,1,sparse_vegetation,fractured_metamorphic,1,0.8926679093096965,1,EXTREME
2024-02-03 23:00:00,Kolkata-Gauge-1,2,urban,unconsolidated_sediment,0,0.010592099557529254,0,LOW
2024-02-03 23:00:00,Guwahati-Gauge-1,3,cropland,sedimentary,0,0.01097416017454509,0,LOW
2024-02-03 23:00:00,Sonapur-Gauge-1,4,forest,unconsolidated_sediment,0,0.010592099557529254,0,LOW
2024-02-04 00:00:00,Chamoli-Gauge-1,1,sparse_vegetation,fractured_metamorphic,1,0.896395968650706,1,EXTREME
2024-02-04 00:00:00,Kolkata-Gauge-1,2,urban,unconsolidated_sediment,0,0.010592099557529254,0,LOW
2024-02-04 00:00:00,Guwahati-Gauge-1,3,cropland,sedimentary,0,0.010592099557529254,0,LOW
2024-02-04 00:00:00,Sonapur-Gauge-1,4,forest,unconsolidated_sediment,0,0.010592099557529254,0,LOW
2024-02-04 01:00:00,Chamoli-Gauge-1,1,sparse_vegetation,fractured_metamorphic,1,0.8943017888914805,1,EXTREME
2024-02-04 01:00:00,Kolkata-Gauge-1,2,urban,unconsolidated_sediment,0,0.010592099557529254,0,LOW
2024-02-04 01:00:00,Guwahati-Gauge-1,3,cropland,sedimentary,0,0.010592099557529254,0,LOW
2024-02-04 01:00:00,Sonapur-Gauge-1,4,forest,unconsolidated_sediment,0,0.010592099557529254,0,LOW
2024-02-04 02:00:00,Chamoli-Gauge-1,1,sparse_vegetation,fractured_metamorphic,1,0.8941725265723192,1,EXTREME
2024-02-04 02:00:00,Kolkata-Gauge-1,2,urban,unconsolidated_sediment,0,0.010592099557529254,0,LOW
2024-02-04 02:00:00,Guwahati-Gauge-1,3,cropland,sedimentary,0,0.010592099557529254,0,LOW
2024-02-04 02:00:00,Sonapur-Gauge-1,4,forest,unconsolidated_sediment,0,0.010592099557529254,0,LOW
2024-02-04 03:00:00,Chamoli-Gauge-1,1,sparse_vegetation,fractured_metamorphic,1,0.8956190098624556,1,EXTREME
2024-02-04 03:00:00,Kolkata-Gauge-1,2,urban,unconsolidated_sediment,0,0.010592099557529254,0,LOW
2024-02-04 03:00:00,Guwahati-Gauge-1,3,cropland,sedimentary,0,0.010592099557529254,0,LOW
2024-02-04 03:00:00,Sonapur-Gauge-1,4,forest,unconsolidated_sediment,0,0.010592099557529254,0,LOW
2024-02-04 04:00:00,Chamoli-Gauge-1,1,sparse_vegetation,fractured_metamorphic,1,0.8953762004994502,1,EXTREME
2024-02-04 04:00:00,Kolkata-Gauge-1,2,urban,unconsolidated_sediment,0,0.010592099557529254,0,LOW
2024-02-04 04:00:00,Guwahati-Gauge-1,3,cropland,sedimentary,0,0.010592099557529254,0,LOW
2024-02-04 04:00:00,Sonapur-Gauge-1,4,forest,unconsolidated_sediment,0,0.010642074571047832,0,LOW
2024-02-04 05:00:00,Chamoli-Gauge-1,1,sparse_vegetation,fractured_metamorphic,1,0.8949235108096758,1,EXTREME
2024-02-04 05:00:00,Kolkata-Gauge-1,2,urban,unconsolidated_sediment,0,0.010592099557529254,0,LOW
2024-02-04 05:00:00,Guwahati-Gauge-1,3,cropland,sedimentary,0,0.010592099557529254,0,LOW
2024-02-04 05:00:00,Sonapur-Gauge-1,4,forest,unconsolidated_sediment,0,0.010642074571047832,0,LOW
2024-02-04 06:00:00,Chamoli-Gauge-1,1,sparse_vegetation,fractured_metamorphic,1,0.8939955205806387,1,EXTREME
2024-02-04 06:00:00,Kolkata-Gauge-1,2,urban,unconsolidated_sediment,0,0.010592099557529254,0,LOW
2024-02-04 06:00:00,Guwahati-Gauge-1,3,cropland,sedimentary,0,0.010592099557529254,0,LOW
2024-02-04 06:00:00,Sonapur-Gauge-1,4,forest,unconsolidated_sediment,0,0.010642074571047832,0,LOW
2024-02-04 07:00:00,Chamoli-Gauge-1,1,sparse_vegetation,fractured_metamorphic,1,0.886901498577286,1,EXTREME
2024-02-04 07:00:00,Kolkata-Gauge-1,2,urban,unconsolidated_sediment,0,0.010592099557529254,0,LOW
2024-02-04 07:00:00,Guwahati-Gauge-1,3,cropland,sedimentary,0,0.010991803014789006,0,LOW
2024-02-04 07:00:00,Sonapur-Gauge-1,4,forest,unconsolidated_sediment,0,0.012363529185516945,0,LOW
2024-02-04 08:00:00,Chamoli-Gauge-1,1,sparse_vegetation,fractured_metamorphic,1,0.886901498577286,1,EXTREME
2024-02-04 08:00:00,Kolkata-Gauge-1,2,urban,unconsolidated_sediment,0,0.010592099557529254,0,LOW
2024-02-04 08:00:00,Guwahati-Gauge-1,3,cropland,sedimentary,0,0.010807234419167986,0,LOW
2024-02-04 08:00:00,Sonapur-Gauge-1,4,forest,unconsolidated_sediment,0,0.010592099557529254,0,LOW
2024-02-04 09:00:00,Chamoli-Gauge-1,1,sparse_vegetation,fractured_metamorphic,1,0.8924161754827872,1,EXTREME
2024-02-04 09:00:00,Kolkata-Gauge-1,2,urban,unconsolidated_sediment,0,0.010592099557529254,0,LOW
2024-02-04 09:00:00,Guwahati-Gauge-1,3,cropland,sedimentary,0,0.010592099557529254,0,LOW
2024-02-04 09:00:00,Sonapur-Gauge-1,4,forest,unconsolidated_sediment,0,0.010592099557529254,0,LOW
2024-02-04 10:00:00,Chamoli-Gauge-1,1,sparse_vegetation,fractured_metamorphic,1,0.8963252943078654,1,EXTREME
2024-02-04 10:00:00,Kolkata-Gauge-1,2,urban,unconsolidated_sediment,0,0.010592099557529254,0,LOW
2024-02-04 10:00:00,Guwahati-Gauge-1,3,cropland,sedimentary,0,0.010592099557529254,0,LOW
2024-02-04 10:00:00,Sonapur-Gauge-1,4,forest,unconsolidated_sediment,0,0.010592099557529254,0,LOW
2024-02-04 11:00:00,Chamoli-Gauge-1,1,sparse_vegetation,fractured_metamorphic,1,0.8928951289441818,1,EXTREME
2024-02-04 11:00:00,Kolkata-Gauge-1,2,urban,unconsolidated_sediment,0,0.010592099557529254,0,LOW
2024-02-04 11:00:00,Guwahati-Gauge-1,3,cropland,sedimentary,0,0.010592099557529254,0,LOW
2024-02-04 11:00:00,Sonapur-Gauge-1,4,forest,unconsolidated_sediment,0,0.010592099557529254,0,LOW
2024-02-04 12:00:00,Chamoli-Gauge-1,1,sparse_vegetation,fractured_metamorphic,1,0.8935070485604591,1,EXTREME
2024-02-04 12:00:00,Kolkata-Gauge-1,2,urban,unconsolidated_sediment,0,0.010592099557529254,0,LOW
2024-02-04 12:00:00,Guwahati-Gauge-1,3,cropland,sedimentary,0,0.010592099557529254,0,LOW
2024-02-04 12:00:00,Sonapur-Gauge-1,4,forest,unconsolidated_sediment,0,0.010592099557529254,0,LOW
2024-02-04 13:00:00,Chamoli-Gauge-1,1,sparse_vegetation,fractured_metamorphic,1,0.8935070485604591,1,EXTREME
2024-02-04 13:00:00,Kolkata-Gauge-1,2,urban,unconsolidated_sediment,0,0.010592099557529254,0,LOW
2024-02-04 13:00:00,Guwahati-Gauge-1,3,cropland,sedimentary,0,0.010592099557529254,0,LOW
2024-02-04 13:00:00,Sonapur-Gauge-1,4,forest,unconsolidated_sediment,0,0.010592099557529254,0,LOW
2024-02-04 14:00:00,Chamoli-Gauge-1,1,sparse_vegetation,fractured_metamorphic,1,0.8935070485604591,1,EXTREME
2024-02-04 14:00:00,Kolkata-Gauge-1,2,urban,unconsolidated_sediment,0,0.010592099557529254,0,LOW
2024-02-04 14:00:00,Guwahati-Gauge-1,3,cropland,sedimentary,0,0.010592099557529254,0,LOW
2024-02-04 14:00:00,Sonapur-Gauge-1,4,forest,unconsolidated_sediment,0,0.010592099557529254,0,LOW
2024-02-04 15:00:00,Chamoli-Gauge-1,1,sparse_vegetation,fractured_metamorphic,1,0.8954530981037557,1,EXTREME
2024-02-04 15:00:00,Kolkata-Gauge-1,2,urban,unconsolidated_sediment,0,0.010592099557529254,0,LOW
2024-02-04 15:00:00,Guwahati-Gauge-1,3,cropland,sedimentary,0,0.010592099557529254,0,LOW
2024-02-04 15:00:00,Sonapur-Gauge-1,4,forest,unconsolidated_sediment,0,0.011102057695021733,0,LOW
2024-02-04 16:00:00,Chamoli-Gauge-1,1,sparse_vegetation,fractured_metamorphic,1,0.8954530981037557,1,EXTREME
2024-02-04 16:00:00,Kolkata-Gauge-1,2,urban,unconsolidated_sediment,0,0.010592099557529254,0,LOW
2024-02-04 16:00:00,Guwahati-Gauge-1,3,cropland,sedimentary,0,0.010592099557529254,0,LOW
2024-02-04 16:00:00,Sonapur-Gauge-1,4,forest,unconsolidated_sediment,0,0.010592099557529254,0,LOW
2024-02-04 17:00:00,Chamoli-Gauge-1,1,sparse_vegetation,fractured_metamorphic,1,0.8954530981037557,1,EXTREME
2024-02-04 17:00:00,Kolkata-Gauge-1,2,urban,unconsolidated_sediment,0,0.010592099557529254,0,LOW
2024-02-04 17:00:00,Guwahati-Gauge-1,3,cropland,sedimentary,0,0.010592099557529254,0,LOW
2024-02-04 17:00:00,Sonapur-Gauge-1,4,forest,unconsolidated_sediment,0,0.010592099557529254,0,LOW
2024-02-04 18:00:00,Chamoli-Gauge-1,1,sparse_vegetation,fractured_metamorphic,1,0.8878165459487586,1,EXTREME
2024-02-04 18:00:00,Kolkata-Gauge-1,2,urban,unconsolidated_sediment,0,0.010592099557529254,0,LOW
2024-02-04 18:00:00,Guwahati-Gauge-1,3,cropland,sedimentary,0,0.010592099557529254,0,LOW
2024-02-04 18:00:00,Sonapur-Gauge-1,4,forest,unconsolidated_sediment,0,0.010592099557529254,0,LOW
2024-02-04 19:00:00,Chamoli-Gauge-1,1,sparse_vegetation,fractured_metamorphic,1,0.838609478189044,1,EXTREME
2024-02-04 19:00:00,Kolkata-Gauge-1,2,urban,unconsolidated_sediment,0,0.010592099557529254,0,LOW
2024-02-04 19:00:00,Guwahati-Gauge-1,3,cropland,sedimentary,0,0.010592099557529254,0,LOW
2024-02-04 19:00:00,Sonapur-Gauge-1,4,forest,unconsolidated_sediment,0,0.010592099557529254,0,LOW
2024-02-04 20:00:00,Chamoli-Gauge-1,1,sparse_vegetation,fractured_metamorphic,1,0.8785939027707416,1,EXTREME
2024-02-04 20:00:00,Kolkata-Gauge-1,2,urban,unconsolidated_sediment,0,0.010592099557529254,0,LOW
2024-02-04 20:00:00,Guwahati-Gauge-1,3,cropland,sedimentary,0,0.010592099557529254,0,LOW
2024-02-04 20:00:00,Sonapur-Gauge-1,4,forest,unconsolidated_sediment,0,0.010592099557529254,0,LOW
2024-02-04 21:00:00,Chamoli-Gauge-1,1,sparse_vegetation,fractured_metamorphic,1,0.8922744376780687,1,EXTREME
2024-02-04 21:00:00,Kolkata-Gauge-1,2,urban,unconsolidated_sediment,0,0.010592099557529254,0,LOW
2024-02-04 21:00:00,Guwahati-Gauge-1,3,cropland,sedimentary,0,0.010592099557529254,0,LOW
2024-02-04 21:00:00,Sonapur-Gauge-1,4,forest,unconsolidated_sediment,0,0.010592099557529254,0,LOW
2024-02-04 22:00:00,Chamoli-Gauge-1,1,sparse_vegetation,fractured_metamorphic,1,0.8937292230334473,1,EXTREME
2024-02-04 22:00:00,Kolkata-Gauge-1,2,urban,unconsolidated_sediment,0,0.010592099557529254,0,LOW
2024-02-04 22:00:00,Guwahati-Gauge-1,3,cropland,sedimentary,0,0.010592099557529254,0,LOW
2024-02-04 22:00:00,Sonapur-Gauge-1,4,forest,unconsolidated_sediment,0,0.010592099557529254,0,LOW
2024-02-04 23:00:00,Chamoli-Gauge-1,1,sparse_vegetation,fractured_metamorphic,1,0.8785751518952128,1,EXTREME
2024-02-04 23:00:00,Kolkata-Gauge-1,2,urban,unconsolidated_sediment,0,0.010592099557529254,0,LOW
2024-02-04 23:00:00,Guwahati-Gauge-1,3,cropland,sedimentary,0,0.010592099557529254,0,LOW
2024-02-04 23:00:00,Sonapur-Gauge-1,4,forest,unconsolidated_sediment,0,0.010592099557529254,0,LOW
2024-02-05 00:00:00,Chamoli-Gauge-1,1,sparse_vegetation,fractured_metamorphic,1,0.8948808034331955,1,EXTREME
2024-02-05 00:00:00,Kolkata-Gauge-1,2,urban,unconsolidated_sediment,0,0.010592099557529254,0,LOW
2024-02-05 00:00:00,Guwahati-Gauge-1,3,cropland,sedimentary,0,0.010806950283590144,0,LOW
2024-02-05 00:00:00,Sonapur-Gauge-1,4,forest,unconsolidated_sediment,0,0.010592099557529254,0,LOW
2024-02-05 01:00:00,Chamoli-Gauge-1,1,sparse_vegetation,fractured_metamorphic,1,0.895679254022948,1,EXTREME
2024-02-05 01:00:00,Kolkata-Gauge-1,2,urban,unconsolidated_sediment,0,0.010592099557529254,0,LOW
2024-02-05 01:00:00,Guwahati-Gauge-1,3,cropland,sedimentary,0,0.010806950283590144,0,LOW
2024-02-05 01:00:00,Sonapur-Gauge-1,4,forest,unconsolidated_sediment,0,0.010592099557529254,0,LOW
2024-02-05 02:00:00,Chamoli-Gauge-1,1,sparse_vegetation,fractured_metamorphic,1,0.8961709270447009,1,EXTREME
2024-02-05 02:00:00,Kolkata-Gauge-1,2,urban,unconsolidated_sediment,0,0.010592099557529254,0,LOW
2024-02-05 02:00:00,Guwahati-Gauge-1,3,cropland,sedimentary,0,0.010592099557529254,0,LOW
2024-02-05 02:00:00,Sonapur-Gauge-1,4,forest,unconsolidated_sediment,0,0.010592099557529254,0,LOW
2024-02-05 03:00:00,Chamoli-Gauge-1,1,sparse_vegetation,fractured_metamorphic,1,0.896662234867827,1,EXTREME
2024-02-05 03:00:00,Kolkata-Gauge-1,2,urban,unconsolidated_sediment,0,0.010592099557529254,0,LOW
2024-02-05 03:00:00,Guwahati-Gauge-1,3,cropland,sedimentary,0,0.010592099557529254,0,LOW
2024-02-05 03:00:00,Sonapur-Gauge-1,4,forest,unconsolidated_sediment,0,0.010592099557529254,0,LOW
2024-02-05 04:00:00,Chamoli-Gauge-1,1,sparse_vegetation,fractured_metamorphic,1,0.896662234867827,1,EXTREME
2024-02-05 04:00:00,Kolkata-Gauge-1,2,urban,unconsolidated_sediment,0,0.010592099557529254,0,LOW
2024-02-05 04:00:00,Guwahati-Gauge-1,3,cropland,sedimentary,0,0.010935723454177626,0,LOW
2024-02-05 04:00:00,Sonapur-Gauge-1,4,forest,unconsolidated_sediment,0,0.010592099557529254,0,LOW
2024-02-05 05:00:00,Chamoli-Gauge-1,1,sparse_vegetation,fractured_metamorphic,1,0.8939936849114913,1,EXTREME
2024-02-05 05:00:00,Kolkata-Gauge-1,2,urban,unconsolidated_sediment,0,0.010592099557529254,0,LOW
2024-02-05 05:00:00,Guwahati-Gauge-1,3,cropland,sedimentary,0,0.010592099557529254,0,LOW
2024-02-05 05:00:00,Sonapur-Gauge-1,4,forest,unconsolidated_sediment,0,0.010592099557529254,0,LOW
2024-02-05 06:00:00,Chamoli-Gauge-1,1,sparse_vegetation,fractured_metamorphic,1,0.8952399578080729,1,EXTREME
2024-02-05 06:00:00,Kolkata-Gauge-1,2,urban,unconsolidated_sediment,0,0.010592099557529254,0,LOW
2024-02-05 06:00:00,Guwahati-Gauge-1,3,cropland,sedimentary,0,0.010592099557529254,0,LOW
2024-02-05 06:00:00,Sonapur-Gauge-1,4,forest,unconsolidated_sediment,0,0.010592099557529254,0,LOW
2024-02-05 07:00:00,Chamoli-Gauge-1,1,sparse_vegetation,fractured_metamorphic,1,0.8952399578080729,1,EXTREME
2024-02-05 07:00:00,Kolkata-Gauge-1,2,urban,unconsolidated_sediment,0,0.010592099557529254,0,LOW
2024-02-05 07:00:00,Guwahati-Gauge-1,3,cropland,sedimentary,0,0.010592099557529254,0,LOW
2024-02-05 07:00:00,Sonapur-Gauge-1,4,forest,unconsolidated_sediment,0,0.010592099557529254,0,LOW
2024-02-05 08:00:00,Chamoli-Gauge-1,1,sparse_vegetation,fractured_metamorphic,1,0.8936843306218664,1,EXTREME
2024-02-05 08:00:00,Kolkata-Gauge-1,2,urban,unconsolidated_sediment,0,0.010592099557529254,0,LOW
2024-02-05 08:00:00,Guwahati-Gauge-1,3,cropland,sedimentary,0,0.010592099557529254,0,LOW
2024-02-05 08:00:00,Sonapur-Gauge-1,4,forest,unconsolidated_sediment,0,0.010592099557529254,0,LOW
2024-02-05 09:00:00,Chamoli-Gauge-1,1,sparse_vegetation,fractured_metamorphic,1,0.8914181834836903,1,EXTREME
2024-02-05 09:00:00,Kolkata-Gauge-1,2,urban,unconsolidated_sediment,0,0.010592099557529254,0,LOW
2024-02-05 09:00:00,Guwahati-Gauge-1,3,cropland,sedimentary,0,0.010935723454177626,0,LOW
2024-02-05 09:00:00,Sonapur-Gauge-1,4,forest,unconsolidated_sediment,0,0.010592099557529254,0,LOW
2024-02-05 10:00:00,Chamoli-Gauge-1,1,sparse_vegetation,fractured_metamorphic,1,0.8914181834836903,1,EXTREME
2024-02-05 10:00:00,Kolkata-Gauge-1,2,urban,unconsolidated_sediment,0,0.010592099557529254,0,LOW
2024-02-05 10:00:00,Guwahati-Gauge-1,3,cropland,sedimentary,0,0.010592099557529254,0,LOW
2024-02-05 10:00:00,Sonapur-Gauge-1,4,forest,unconsolidated_sediment,0,0.010592099557529254,0,LOW
2024-02-05 11:00:00,Chamoli-Gauge-1,1,sparse_vegetation,fractured_metamorphic,1,0.8914181834836903,1,EXTREME
2024-02-05 11:00:00,Kolkata-Gauge-1,2,urban,unconsolidated_sediment,0,0.010592099557529254,0,LOW
2024-02-05 11:00:00,Guwahati-Gauge-1,3,cropland,sedimentary,0,0.010592099557529254,0,LOW
2024-02-05 11:00:00,Sonapur-Gauge-1,4,forest,unconsolidated_sediment,0,0.010592099557529254,0,LOW
2024-02-05 12:00:00,Chamoli-Gauge-1,1,sparse_vegetation,fractured_metamorphic,1,0.8616848944031473,1,EXTREME
2024-02-05 12:00:00,Kolkata-Gauge-1,2,urban,unconsolidated_sediment,0,0.010592099557529254,0,LOW
2024-02-05 12:00:00,Guwahati-Gauge-1,3,cropland,sedimentary,0,0.010592099557529254,0,LOW
2024-02-05 12:00:00,Sonapur-Gauge-1,4,forest,unconsolidated_sediment,0,0.010592099557529254,0,LOW
2024-02-05 13:00:00,Chamoli-Gauge-1,1,sparse_vegetation,fractured_metamorphic,1,0.8525011683399703,1,EXTREME
2024-02-05 13:00:00,Kolkata-Gauge-1,2,urban,unconsolidated_sediment,0,0.010592099557529254,0,LOW
2024-02-05 13:00:00,Guwahati-Gauge-1,3,cropland,sedimentary,0,0.010592099557529254,0,LOW
2024-02-05 13:00:00,Sonapur-Gauge-1,4,forest,unconsolidated_sediment,0,0.010592099557529254,0,LOW
2024-02-05 14:00:00,Chamoli-Gauge-1,1,sparse_vegetation,fractured_metamorphic,1,0.8710486378271837,1,EXTREME
2024-02-05 14:00:00,Kolkata-Gauge-1,2,urban,unconsolidated_sediment,0,0.010592099557529254,0,LOW
2024-02-05 14:00:00,Guwahati-Gauge-1,3,cropland,sedimentary,0,0.010592099557529254,0,LOW
2024-02-05 14:00:00,Sonapur-Gauge-1,4,forest,unconsolidated_sediment,0,0.010592099557529254,0,LOW
2024-02-05 15:00:00,Chamoli-Gauge-1,1,sparse_vegetation,fractured_metamorphic,1,0.8932080641367935,1,EXTREME
2024-02-05 15:00:00,Kolkata-Gauge-1,2,urban,unconsolidated_sediment,0,0.010592099557529254,0,LOW
2024-02-05 15:00:00,Guwahati-Gauge-1,3,cropland,sedimentary,0,0.010592099557529254,0,LOW
2024-02-05 15:00:00,Sonapur-Gauge-1,4,forest,unconsolidated_sediment,0,0.010592099557529254,0,LOW
2024-02-05 16:00:00,Chamoli-Gauge-1,1,sparse_vegetation,fractured_metamorphic,1,0.8782537198409462,1,EXTREME
2024-02-05 16:00:00,Kolkata-Gauge-1,2,urban,unconsolidated_sediment,0,0.010592099557529254,0,LOW
2024-02-05 16:00:00,Guwahati-Gauge-1,3,cropland,sedimentary,0,0.010592099557529254,0,LOW
2024-02-05 16:00:00,Sonapur-Gauge-1,4,forest,unconsolidated_sediment,0,0.010592099557529254,0,LOW
2024-02-05 17:00:00,Chamoli-Gauge-1,1,sparse_vegetation,fractured_metamorphic,1,0.8839913608005522,1,EXTREME
2024-02-05 17:00:00,Kolkata-Gauge-1,2,urban,unconsolidated_sediment,0,0.010592099557529254,0,LOW
2024-02-05 17:00:00,Guwahati-Gauge-1,3,cropland,sedimentary,0,0.010776467464744515,0,LOW
2024-02-05 17:00:00,Sonapur-Gauge-1,4,forest,unconsolidated_sediment,0,0.010592099557529254,0,LOW
2024-02-05 18:00:00,Chamoli-Gauge-1,1,sparse_vegetation,fractured_metamorphic,1,0.8893863026329588,1,EXTREME
2024-02-05 18:00:00,Kolkata-Gauge-1,2,urban,unconsolidated_sediment,0,0.010592099557529254,0,LOW
2024-02-05 18:00:00,Guwahati-Gauge-1,3,cropland,sedimentary,0,0.010592099557529254,0,LOW
2024-02-05 18:00:00,Sonapur-Gauge-1,4,forest,unconsolidated_sediment,0,0.010592099557529254,0,LOW
2024-02-05 19:00:00,Chamoli-Gauge-1,1,sparse_vegetation,fractured_metamorphic,1,0.8949428469696172,1,EXTREME
2024-02-05 19:00:00,Kolkata-Gauge-1,2,urban,unconsolidated_sediment,0,0.010592099557529254,0,LOW
2024-02-05 19:00:00,Guwahati-Gauge-1,3,cropland,sedimentary,0,0.010592099557529254,0,LOW
2024-02-05 19:00:00,Sonapur-Gauge-1,4,forest,unconsolidated_sediment,0,0.010592099557529254,0,LOW
2024-02-05 20:00:00,Chamoli-Gauge-1,1,sparse_vegetation,fractured_metamorphic,1,0.8928902738188768,1,EXTREME
2024-02-05 20:00:00,Kolkata-Gauge-1,2,urban,unconsolidated_sediment,0,0.010592099557529254,0,LOW
2024-02-05 20:00:00,Guwahati-Gauge-1,3,cropland,sedimentary,0,0.010592099557529254,0,LOW
2024-02-05 20:00:00,Sonapur-Gauge-1,4,forest,unconsolidated_sediment,0,0.010592099557529254,0,LOW
2024-02-05 21:00:00,Chamoli-Gauge-1,1,sparse_vegetation,fractured_metamorphic,1,0.8928400566743073,1,EXTREME
2024-02-05 21:00:00,Kolkata-Gauge-1,2,urban,unconsolidated_sediment,0,0.010592099557529254,0,LOW
2024-02-05 21:00:00,Guwahati-Gauge-1,3,cropland,sedimentary,0,0.010592099557529254,0,LOW
2024-02-05 21:00:00,Sonapur-Gauge-1,4,forest,unconsolidated_sediment,0,0.010592099557529254,0,LOW
2024-02-05 22:00:00,Chamoli-Gauge-1,1,sparse_vegetation,fractured_metamorphic,1,0.8920809700563899,1,EXTREME
2024-02-05 22:00:00,Kolkata-Gauge-1,2,urban,unconsolidated_sediment,0,0.010592099557529254,0,LOW
2024-02-05 22:00:00,Guwahati-Gauge-1,3,cropland,sedimentary,0,0.010592099557529254,0,LOW
2024-02-05 22:00:00,Sonapur-Gauge-1,4,forest,unconsolidated_sediment,0,0.010592099557529254,0,LOW
2024-02-05 23:00:00,Chamoli-Gauge-1,1,sparse_vegetation,fractured_metamorphic,1,0.8889359131091428,1,EXTREME
2024-02-05 23:00:00,Kolkata-Gauge-1,2,urban,unconsolidated_sediment,0,0.010592099557529254,0,LOW
2024-02-05 23:00:00,Guwahati-Gauge-1,3,cropland,sedimentary,0,0.010592099557529254,0,LOW
2024-02-05 23:00:00,Sonapur-Gauge-1,4,forest,unconsolidated_sediment,0,0.010592099557529254,0,LOW
2024-02-06 00:00:00,Chamoli-Gauge-1,1,sparse_vegetation,fractured_metamorphic,1,0.8819931048626217,1,EXTREME
2024-02-06 00:00:00,Kolkata-Gauge-1,2,urban,unconsolidated_sediment,0,0.010592099557529254,0,LOW
2024-02-06 00:00:00,Guwahati-Gauge-1,3,cropland,sedimentary,0,0.010592099557529254,0,LOW
2024-02-06 00:00:00,Sonapur-Gauge-1,4,forest,unconsolidated_sediment,0,0.010592099557529254,0,LOW
2024-02-06 01:00:00,Chamoli-Gauge-1,1,sparse_vegetation,fractured_metamorphic,1,0.8819426016343458,1,EXTREME
2024-02-06 01:00:00,Kolkata-Gauge-1,2,urban,unconsolidated_sediment,0,0.010592099557529254,0,LOW
2024-02-06 01:00:00,Guwahati-Gauge-1,3,cropland,sedimentary,0,0.010592099557529254,0,LOW
2024-02-06 01:00:00,Sonapur-Gauge-1,4,forest,unconsolidated_sediment,0,0.010592099557529254,0,LOW
2024-02-06 02:00:00,Chamoli-Gauge-1,1,sparse_vegetation,fractured_metamorphic,1,0.8448669439857778,1,EXTREME
2024-02-06 02:00:00,Kolkata-Gauge-1,2,urban,unconsolidated_sediment,0,0.010592099557529254,0,LOW
2024-02-06 02:00:00,Guwahati-Gauge-1,3,cropland,sedimentary,0,0.010592099557529254,0,LOW
2024-02-06 02:00:00,Sonapur-Gauge-1,4,forest,unconsolidated_sediment,0,0.010592099557529254,0,LOW
2024-02-06 03:00:00,Chamoli-Gauge-1,1,sparse_vegetation,fractured_metamorphic,1,0.8610902773791567,1,EXTREME
2024-02-06 03:00:00,Kolkata-Gauge-1,2,urban,unconsolidated_sediment,0,0.010592099557529254,0,LOW
2024-02-06 03:00:00,Guwahati-Gauge-1,3,cropland,sedimentary,0,0.010592099557529254,0,LOW
2024-02-06 03:00:00,Sonapur-Gauge-1,4,forest,unconsolidated_sediment,0,0.010592099557529254,0,LOW
2024-02-06 04:00:00,Chamoli-Gauge-1,1,sparse_vegetation,fractured_metamorphic,1,0.8455878527977762,1,EXTREME
2024-02-06 04:00:00,Kolkata-Gauge-1,2,urban,unconsolidated_sediment,0,0.010592099557529254,0,LOW
2024-02-06 04:00:00,Guwahati-Gauge-1,3,cropland,sedimentary,0,0.010592099557529254,0,LOW
2024-02-06 04:00:00,Sonapur-Gauge-1,4,forest,unconsolidated_sediment,0,0.010592099557529254,0,LOW
2024-02-06 05:00:00,Chamoli-Gauge-1,1,sparse_vegetation,fractured_metamorphic,0,0.5128563022826232,0,MODERATE
2024-02-06 05:00:00,Kolkata-Gauge-1,2,urban,unconsolidated_sediment,0,0.010592099557529254,0,LOW
2024-02-06 05:00:00,Guwahati-Gauge-1,3,cropland,sedimentary,0,0.010592099557529254,0,LOW
2024-02-06 05:00:00,Sonapur-Gauge-1,4,forest,unconsolidated_sediment,0,0.010592099557529254,0,LOW
2024-02-06 06:00:00,Chamoli-Gauge-1,1,sparse_vegetation,fractured_metamorphic,1,0.8476671162564499,1,EXTREME
2024-02-06 06:00:00,Kolkata-Gauge-1,2,urban,unconsolidated_sediment,0,0.010592099557529254,0,LOW
2024-02-06 06:00:00,Guwahati-Gauge-1,3,cropland,sedimentary,0,0.010592099557529254,0,LOW
2024-02-06 06:00:00,Sonapur-Gauge-1,4,forest,unconsolidated_sediment,0,0.010592099557529254,0,LOW
2024-02-06 07:00:00,Chamoli-Gauge-1,1,sparse_vegetation,fractured_metamorphic,1,0.8837381456478223,1,EXTREME
2024-02-06 07:00:00,Kolkata-Gauge-1,2,urban,unconsolidated_sediment,0,0.010592099557529254,0,LOW
2024-02-06 07:00:00,Guwahati-Gauge-1,3,cropland,sedimentary,0,0.010592099557529254,0,LOW
2024-02-06 07:00:00,Sonapur-Gauge-1,4,forest,unconsolidated_sediment,0,0.010592099557529254,0,LOW
2024-02-06 08:00:00,Chamoli-Gauge-1,1,sparse_vegetation,fractured_metamorphic,1,0.8912859785949907,1,EXTREME
2024-02-06 08:00:00,Kolkata-Gauge-1,2,urban,unconsolidated_sediment,0,0.010592099557529254,0,LOW
2024-02-06 08:00:00,Guwahati-Gauge-1,3,cropland,sedimentary,0,0.010592099557529254,0,LOW
2024-02-06 08:00:00,Sonapur-Gauge-1,4,forest,unconsolidated_sediment,0,0.010592099557529254,0,LOW
2024-02-06 09:00:00,Chamoli-Gauge-1,1,sparse_vegetation,fractured_metamorphic,1,0.8687276939664431,1,EXTREME
2024-02-06 09:00:00,Kolkata-Gauge-1,2,urban,unconsolidated_sediment,0,0.010592099557529254,0,LOW
2024-02-06 09:00:00,Guwahati-Gauge-1,3,cropland,sedimentary,0,0.010592099557529254,0,LOW
2024-02-06 09:00:00,Sonapur-Gauge-1,4,forest,unconsolidated_sediment,0,0.010592099557529254,0,LOW
2024-02-06 10:00:00,Chamoli-Gauge-1,1,sparse_vegetation,fractured_metamorphic,1,0.8849272806441202,1,EXTREME
2024-02-06 10:00:00,Kolkata-Gauge-1,2,urban,unconsolidated_sediment,0,0.010592099557529254,0,LOW
2024-02-06 10:00:00,Guwahati-Gauge-1,3,cropland,sedimentary,0,0.010592099557529254,0,LOW
2024-02-06 10:00:00,Sonapur-Gauge-1,4,forest,unconsolidated_sediment,0,0.010592099557529254,0,LOW
2024-02-06 11:00:00,Chamoli-Gauge-1,1,sparse_vegetation,fractured_metamorphic,1,0.8837785726432541,1,EXTREME
2024-02-06 11:00:00,Kolkata-Gauge-1,2,urban,unconsolidated_sediment,0,0.010592099557529254,0,LOW
2024-02-06 11:00:00,Guwahati-Gauge-1,3,cropland,sedimentary,0,0.010592099557529254,0,LOW
2024-02-06 11:00:00,Sonapur-Gauge-1,4,forest,unconsolidated_sediment,0,0.010592099557529254,0,LOW
2024-02-06 12:00:00,Chamoli-Gauge-1,1,sparse_vegetation,fractured_metamorphic,1,0.887560617767777,1,EXTREME
2024-02-06 12:00:00,Kolkata-Gauge-1,2,urban,unconsolidated_sediment,0,0.010592099557529254,0,LOW
2024-02-06 12:00:00,Guwahati-Gauge-1,3,cropland,sedimentary,0,0.010592099557529254,0,LOW
2024-02-06 12:00:00,Sonapur-Gauge-1,4,forest,unconsolidated_sediment,0,0.010592099557529254,0,LOW
2024-02-06 13:00:00,Chamoli-Gauge-1,1,sparse_vegetation,fractured_metamorphic,1,0.8938331469453572,1,EXTREME
2024-02-06 13:00:00,Kolkata-Gauge-1,2,urban,unconsolidated_sediment,0,0.010592099557529254,0,LOW
2024-02-06 13:00:00,Guwahati-Gauge-1,3,cropland,sedimentary,0,0.010592099557529254,0,LOW
2024-02-06 13:00:00,Sonapur-Gauge-1,4,forest,unconsolidated_sediment,0,0.010592099557529254,0,LOW
2024-02-06 14:00:00,Chamoli-Gauge-1,1,sparse_vegetation,fractured_metamorphic,1,0.8938331469453572,1,EXTREME
2024-02-06 14:00:00,Kolkata-Gauge-1,2,urban,unconsolidated_sediment,0,0.010592099557529254,0,LOW
2024-02-06 14:00:00,Guwahati-Gauge-1,3,cropland,sedimentary,0,0.010592099557529254,0,LOW
2024-02-06 14:00:00,Sonapur-Gauge-1,4,forest,unconsolidated_sediment,0,0.010592099557529254,0,LOW
2024-02-06 15:00:00,Chamoli-Gauge-1,1,sparse_vegetation,fractured_metamorphic,1,0.895189622136638,1,EXTREME
2024-02-06 15:00:00,Kolkata-Gauge-1,2,urban,unconsolidated_sediment,0,0.010592099557529254,0,LOW
2024-02-06 15:00:00,Guwahati-Gauge-1,3,cropland,sedimentary,0,0.010592099557529254,0,LOW
2024-02-06 15:00:00,Sonapur-Gauge-1,4,forest,unconsolidated_sediment,0,0.010592099557529254,0,LOW
2024-02-06 16:00:00,Chamoli-Gauge-1,1,sparse_vegetation,fractured_metamorphic,1,0.8931836505118843,1,EXTREME
2024-02-06 16:00:00,Kolkata-Gauge-1,2,urban,unconsolidated_sediment,0,0.010592099557529254,0,LOW
2024-02-06 16:00:00,Guwahati-Gauge-1,3,cropland,sedimentary,0,0.010592099557529254,0,LOW
2024-02-06 16:00:00,Sonapur-Gauge-1,4,forest,unconsolidated_sediment,0,0.010592099557529254,0,LOW
2024-02-06 17:00:00,Chamoli-Gauge-1,1,sparse_vegetation,fractured_metamorphic,1,0.8811150176703365,1,EXTREME
2024-02-06 17:00:00,Kolkata-Gauge-1,2,urban,unconsolidated_sediment,0,0.010592099557529254,0,LOW
2024-02-06 17:00:00,Guwahati-Gauge-1,3,cropland,sedimentary,0,0.010592099557529254,0,LOW
2024-02-06 17:00:00,Sonapur-Gauge-1,4,forest,unconsolidated_sediment,0,0.010592099557529254,0,LOW
2024-02-06 18:00:00,Chamoli-Gauge-1,1,sparse_vegetation,fractured_metamorphic,0,0.8596053073021768,1,EXTREME
2024-02-06 18:00:00,Kolkata-Gauge-1,2,urban,unconsolidated_sediment,0,0.010592099557529254,0,LOW
2024-02-06 18:00:00,Guwahati-Gauge-1,3,cropland,sedimentary,0,0.010592099557529254,0,LOW
2024-02-06 18:00:00,Sonapur-Gauge-1,4,forest,unconsolidated_sediment,0,0.010592099557529254,0,LOW
2024-02-06 19:00:00,Chamoli-Gauge-1,1,sparse_vegetation,fractured_metamorphic,1,0.8908804969952503,1,EXTREME
2024-02-06 19:00:00,Kolkata-Gauge-1,2,urban,unconsolidated_sediment,0,0.010592099557529254,0,LOW
2024-02-06 19:00:00,Guwahati-Gauge-1,3,cropland,sedimentary,0,0.010592099557529254,0,LOW
2024-02-06 19:00:00,Sonapur-Gauge-1,4,forest,unconsolidated_sediment,0,0.010592099557529254,0,LOW
2024-02-06 20:00:00,Chamoli-Gauge-1,1,sparse_vegetation,fractured_metamorphic,1,0.8915850235130344,1,EXTREME
2024-02-06 20:00:00,Kolkata-Gauge-1,2,urban,unconsolidated_sediment,0,0.010592099557529254,0,LOW
2024-02-06 20:00:00,Guwahati-Gauge-1,3,cropland,sedimentary,0,0.010592099557529254,0,LOW
2024-02-06 20:00:00,Sonapur-Gauge-1,4,forest,unconsolidated_sediment,0,0.010592099557529254,0,LOW
2024-02-06 21:00:00,Chamoli-Gauge-1,1,sparse_vegetation,fractured_metamorphic,1,0.8921668053693824,1,EXTREME
2024-02-06 21:00:00,Kolkata-Gauge-1,2,urban,unconsolidated_sediment,0,0.010592099557529254,0,LOW
2024-02-06 21:00:00,Guwahati-Gauge-1,3,cropland,sedimentary,0,0.010592099557529254,0,LOW
2024-02-06 21:00:00,Sonapur-Gauge-1,4,forest,unconsolidated_sediment,0,0.010592099557529254,0,LOW
2024-02-06 22:00:00,Chamoli-Gauge-1,1,sparse_vegetation,fractured_metamorphic,1,0.891940119766244,1,EXTREME
2024-02-06 22:00:00,Kolkata-Gauge-1,2,urban,unconsolidated_sediment,0,0.010592099557529254,0,LOW
2024-02-06 22:00:00,Guwahati-Gauge-1,3,cropland,sedimentary,0,0.010592099557529254,0,LOW
2024-02-06 22:00:00,Sonapur-Gauge-1,4,forest,unconsolidated_sediment,0,0.010592099557529254,0,LOW
2024-02-06 23:00:00,Chamoli-Gauge-1,1,sparse_vegetation,fractured_metamorphic,1,0.8919425840844258,1,EXTREME
2024-02-06 23:00:00,Kolkata-Gauge-1,2,urban,unconsolidated_sediment,0,0.010592099557529254,0,LOW
2024-02-06 23:00:00,Guwahati-Gauge-1,3,cropland,sedimentary,0,0.010592099557529254,0,LOW
2024-02-06 23:00:00,Sonapur-Gauge-1,4,forest,unconsolidated_sediment,0,0.010592099557529254,0,LOW
2024-02-07 00:00:00,Chamoli-Gauge-1,1,sparse_vegetation,fractured_metamorphic,1,0.8891471251508097,1,EXTREME
2024-02-07 00:00:00,Kolkata-Gauge-1,2,urban,unconsolidated_sediment,0,0.010592099557529254,0,LOW
2024-02-07 00:00:00,Guwahati-Gauge-1,3,cropland,sedimentary,0,0.010592099557529254,0,LOW
2024-02-07 00:00:00,Sonapur-Gauge-1,4,forest,unconsolidated_sediment,0,0.010592099557529254,0,LOW
2024-02-07 01:00:00,Chamoli-Gauge-1,1,sparse_vegetation,fractured_metamorphic,1,0.8698908994800766,1,EXTREME
2024-02-07 01:00:00,Kolkata-Gauge-1,2,urban,unconsolidated_sediment,0,0.010592099557529254,0,LOW
2024-02-07 01:00:00,Guwahati-Gauge-1,3,cropland,sedimentary,0,0.010592099557529254,0,LOW
2024-02-07 01:00:00,Sonapur-Gauge-1,4,forest,unconsolidated_sediment,0,0.020351088394579542,0,LOW
2024-02-07 02:00:00,Chamoli-Gauge-1,1,sparse_vegetation,fractured_metamorphic,1,0.8824159247149759,1,EXTREME
2024-02-07 02:00:00,Kolkata-Gauge-1,2,urban,unconsolidated_sediment,0,0.010592099557529254,0,LOW
2024-02-07 02:00:00,Guwahati-Gauge-1,3,cropland,sedimentary,0,0.010592099557529254,0,LOW
2024-02-07 02:00:00,Sonapur-Gauge-1,4,forest,unconsolidated_sediment,0,0.014953198173372172,0,LOW
2024-02-07 03:00:00,Chamoli-Gauge-1,1,sparse_vegetation,fractured_metamorphic,1,0.8863853403466168,1,EXTREME
2024-02-07 03:00:00,Kolkata-Gauge-1,2,urban,unconsolidated_sediment,0,0.010592099557529254,0,LOW
2024-02-07 03:00:00,Guwahati-Gauge-1,3,cropland,sedimentary,0,0.010592099557529254,0,LOW
2024-02-07 03:00:00,Sonapur-Gauge-1,4,forest,unconsolidated_sediment,0,0.014672908836103074,0,LOW
2024-02-07 04:00:00,Chamoli-Gauge-1,1,sparse_vegetation,fractured_metamorphic,1,0.8845090281738575,1,EXTREME
2024-02-07 04:00:00,Kolkata-Gauge-1,2,urban,unconsolidated_sediment,0,0.010592099557529254,0,LOW
2024-02-07 04:00:00,Guwahati-Gauge-1,3,cropland,sedimentary,0,0.010592099557529254,0,LOW
2024-02-07 04:00:00,Sonapur-Gauge-1,4,forest,unconsolidated_sediment,0,0.02203679879256887,0,LOW
2024-02-07 05:00:00,Chamoli-Gauge-1,1,sparse_vegetation,fractured_metamorphic,1,0.8723172788851593,1,EXTREME
2024-02-07 05:00:00,Kolkata-Gauge-1,2,urban,unconsolidated_sediment,0,0.010592099557529254,0,LOW
2024-02-07 05:00:00,Guwahati-Gauge-1,3,cropland,sedimentary,0,0.010592099557529254,0,LOW
2024-02-07 05:00:00,Sonapur-Gauge-1,4,forest,unconsolidated_sediment,0,0.021089479795729848,0,LOW
2024-02-07 06:00:00,Chamoli-Gauge-1,1,sparse_vegetation,fractured_metamorphic,1,0.8776663667084035,1,EXTREME
2024-02-07 06:00:00,Kolkata-Gauge-1,2,urban,unconsolidated_sediment,0,0.010592099557529254,0,LOW
2024-02-07 06:00:00,Guwahati-Gauge-1,3,cropland,sedimentary,0,0.010592099557529254,0,LOW
2024-02-07 06:00:00,Sonapur-Gauge-1,4,forest,unconsolidated_sediment,0,0.019452441914070823,0,LOW
2024-02-07 07:00:00,Chamoli-Gauge-1,1,sparse_vegetation,fractured_metamorphic,1,0.8288824345238173,1,EXTREME
2024-02-07 07:00:00,Kolkata-Gauge-1,2,urban,unconsolidated_sediment,0,0.010592099557529254,0,LOW
2024-02-07 07:00:00,Guwahati-Gauge-1,3,cropland,sedimentary,0,0.010592099557529254,0,LOW
2024-02-07 07:00:00,Sonapur-Gauge-1,4,forest,unconsolidated_sediment,0,0.015179745573669912,0,LOW
2024-02-07 08:00:00,Chamoli-Gauge-1,1,sparse_vegetation,fractured_metamorphic,1,0.8293251683449224,1,EXTREME
2024-02-07 08:00:00,Kolkata-Gauge-1,2,urban,unconsolidated_sediment,0,0.010592099557529254,0,LOW
2024-02-07 08:00:00,Guwahati-Gauge-1,3,cropland,sedimentary,0,0.010592099557529254,0,LOW
2024-02-07 08:00:00,Sonapur-Gauge-1,4,forest,unconsolidated_sediment,0,0.015163257170814678,0,LOW
2024-02-07 09:00:00,Chamoli-Gauge-1,1,sparse_vegetation,fractured_metamorphic,0,0.484483493913679,0,MODERATE
2024-02-07 09:00:00,Kolkata-Gauge-1,2,urban,unconsolidated_sediment,0,0.010592099557529254,0,LOW
2024-02-07 09:00:00,Guwahati-Gauge-1,3,cropland,sedimentary,0,0.010592099557529254,0,LOW
2024-02-07 09:00:00,Sonapur-Gauge-1,4,forest,unconsolidated_sediment,0,0.01625395906411011,0,LOW
2024-02-07 10:00:00,Chamoli-Gauge-1,1,sparse_vegetation,fractured_metamorphic,1,0.722349576141961,1,HIGH
2024-02-07 10:00:00,Kolkata-Gauge-1,2,urban,unconsolidated_sediment,0,0.010592099557529254,0,LOW
2024-02-07 10:00:00,Guwahati-Gauge-1,3,cropland,sedimentary,0,0.010592099557529254,0,LOW
2024-02-07 10:00:00,Sonapur-Gauge-1,4,forest,unconsolidated_sediment,1,0.29386642588374623,0,LOW
2024-02-07 11:00:00,Chamoli-Gauge-1,1,sparse_vegetation,fractured_metamorphic,0,0.6594214784996935,1,HIGH
2024-02-07 11:00:00,Kolkata-Gauge-1,2,urban,unconsolidated_sediment,0,0.010592099557529254,0,LOW
2024-02-07 11:00:00,Guwahati-Gauge-1,3,cropland,sedimentary,0,0.010592099557529254,0,LOW
2024-02-07 11:00:00,Sonapur-Gauge-1,4,forest,unconsolidated_sediment,0,0.05258580991598935,0,LOW
2024-02-07 12:00:00,Chamoli-Gauge-1,1,sparse_vegetation,fractured_metamorphic,1,0.749588193880603,1,HIGH
2024-02-07 12:00:00,Kolkata-Gauge-1,2,urban,unconsolidated_sediment,0,0.010592099557529254,0,LOW
2024-02-07 12:00:00,Guwahati-Gauge-1,3,cropland,sedimentary,0,0.010592099557529254,0,LOW
2024-02-07 12:00:00,Sonapur-Gauge-1,4,forest,unconsolidated_sediment,0,0.029795620578848662,0,LOW
2024-02-07 13:00:00,Chamoli-Gauge-1,1,sparse_vegetation,fractured_metamorphic,0,0.5934263907195708,1,MODERATE
2024-02-07 13:00:00,Kolkata-Gauge-1,2,urban,unconsolidated_sediment,0,0.010592099557529254,0,LOW
2024-02-07 13:00:00,Guwahati-Gauge-1,3,cropland,sedimentary,0,0.010592099557529254,0,LOW
2024-02-07 13:00:00,Sonapur-Gauge-1,4,forest,unconsolidated_sediment,0,0.01378601067867302,0,LOW
2024-02-07 14:00:00,Chamoli-Gauge-1,1,sparse_vegetation,fractured_metamorphic,1,0.6461503517453561,1,HIGH
2024-02-07 14:00:00,Kolkata-Gauge-1,2,urban,unconsolidated_sediment,0,0.010592099557529254,0,LOW
2024-02-07 14:00:00,Guwahati-Gauge-1,3,cropland,sedimentary,0,0.010592099557529254,0,LOW
2024-02-07 14:00:00,Sonapur-Gauge-1,4,forest,unconsolidated_sediment,0,0.013442720413725706,0,LOW
2024-02-07 15:00:00,Chamoli-Gauge-1,1,sparse_vegetation,fractured_metamorphic,0,0.37331342782784377,0,MODERATE
2024-02-07 15:00:00,Kolkata-Gauge-1,2,urban,unconsolidated_sediment,0,0.010592099557529254,0,LOW
2024-02-07 15:00:00,Guwahati-Gauge-1,3,cropland,sedimentary,0,0.010592099557529254,0,LOW
2024-02-07 15:00:00,Sonapur-Gauge-1,4,forest,unconsolidated_sediment,0,0.010697122472626408,0,LOW
2024-02-07 16:00:00,Chamoli-Gauge-1,1,sparse_vegetation,fractured_metamorphic,1,0.6611011655562423,1,HIGH
2024-02-07 16:00:00,Kolkata-Gauge-1,2,urban,unconsolidated_sediment,0,0.010592099557529254,0,LOW
2024-02-07 16:00:00,Guwahati-Gauge-1,3,cropland,sedimentary,0,0.010592099557529254,0,LOW
2024-02-07 16:00:00,Sonapur-Gauge-1,4,forest,unconsolidated_sediment,0,0.01098710479050485,0,LOW
2024-02-07 17:00:00,Chamoli-Gauge-1,1,sparse_vegetation,fractured_metamorphic,1,0.5535962840011359,1,MODERATE
2024-02-07 17:00:00,Kolkata-Gauge-1,2,urban,unconsolidated_sediment,0,0.010592099557529254,0,LOW
2024-02-07 17:00:00,Guwahati-Gauge-1,3,cropland,sedimentary,0,0.010592099557529254,0,LOW
2024-02-07 17:00:00,Sonapur-Gauge-1,4,forest,unconsolidated_sediment,0,0.010887615437617203,0,LOW
2024-02-07 18:00:00,Chamoli-Gauge-1,1,sparse_vegetation,fractured_metamorphic,0,0.3030099265755392,0,MODERATE
2024-02-07 18:00:00,Kolkata-Gauge-1,2,urban,unconsolidated_sediment,0,0.010592099557529254,0,LOW
2024-02-07 18:00:00,Guwahati-Gauge-1,3,cropland,sedimentary,0,0.010592099557529254,0,LOW
2024-02-07 18:00:00,Sonapur-Gauge-1,4,forest,unconsolidated_sediment,0,0.010887615437617203,0,LOW
2024-02-07 19:00:00,Chamoli-Gauge-1,1,sparse_vegetation,fractured_metamorphic,1,0.7055826918630216,1,HIGH
2024-02-07 19:00:00,Kolkata-Gauge-1,2,urban,unconsolidated_sediment,0,0.010592099557529254,0,LOW
2024-02-07 19:00:00,Guwahati-Gauge-1,3,cropland,sedimentary,0,0.010592099557529254,0,LOW
2024-02-07 19:00:00,Sonapur-Gauge-1,4,forest,unconsolidated_sediment,0,0.010887615437617203,0,LOW
2024-02-07 20:00:00,Chamoli-Gauge-1,1,sparse_vegetation,fractured_metamorphic,0,0.31589084083957625,0,MODERATE
2024-02-07 20:00:00,Kolkata-Gauge-1,2,urban,unconsolidated_sediment,0,0.010592099557529254,0,LOW
2024-02-07 20:00:00,Guwahati-Gauge-1,3,cropland,sedimentary,0,0.010592099557529254,0,LOW
2024-02-07 20:00:00,Sonapur-Gauge-1,4,forest,unconsolidated_sediment,0,0.010887615437617203,0,LOW
2024-02-07 21:00:00,Chamoli-Gauge-1,1,sparse_vegetation,fractured_metamorphic,0,0.21964900561249845,0,LOW
2024-02-07 21:00:00,Kolkata-Gauge-1,2,urban,unconsolidated_sediment,0,0.010592099557529254,0,LOW
2024-02-07 21:00:00,Guwahati-Gauge-1,3,cropland,sedimentary,0,0.010592099557529254,0,LOW
2024-02-07 21:00:00,Sonapur-Gauge-1,4,forest,unconsolidated_sediment,0,0.01670173766798796,0,LOW
2024-02-07 22:00:00,Chamoli-Gauge-1,1,sparse_vegetation,fractured_metamorphic,0,0.39320590790604976,0,MODERATE
2024-02-07 22:00:00,Kolkata-Gauge-1,2,urban,unconsolidated_sediment,0,0.010592099557529254,0,LOW
2024-02-07 22:00:00,Guwahati-Gauge-1,3,cropland,sedimentary,0,0.010592099557529254,0,LOW
2024-02-07 22:00:00,Sonapur-Gauge-1,4,forest,unconsolidated_sediment,0,0.01306226836600629,0,LOW
2024-02-07 23:00:00,Chamoli-Gauge-1,1,sparse_vegetation,fractured_metamorphic,0,0.4437112892915354,0,MODERATE
2024-02-07 23:00:00,Kolkata-Gauge-1,2,urban,unconsolidated_sediment,0,0.010592099557529254,0,LOW
2024-02-07 23:00:00,Guwahati-Gauge-1,3,cropland,sedimentary,0,0.010592099557529254,0,LOW
2024-02-07 23:00:00,Sonapur-Gauge-1,4,forest,unconsolidated_sediment,0,0.013112682363583214,0,LOW
2024-02-08 00:00:00,Chamoli-Gauge-1,1,sparse_vegetation,fractured_metamorphic,1,0.5910434667459494,1,MODERATE
2024-02-08 00:00:00,Kolkata-Gauge-1,2,urban,unconsolidated_sediment,0,0.010592099557529254,0,LOW
2024-02-08 00:00:00,Guwahati-Gauge-1,3,cropland,sedimentary,0,0.010592099557529254,0,LOW
2024-02-08 00:00:00,Sonapur-Gauge-1,4,forest,unconsolidated_sediment,0,0.012211245566613557,0,LOW
2024-02-08 01:00:00,Chamoli-Gauge-1,1,sparse_vegetation,fractured_metamorphic,1,0.5426160150508128,1,MODERATE
2024-02-08 01:00:00,Kolkata-Gauge-1,2,urban,unconsolidated_sediment,0,0.010592099557529254,0,LOW
2024-02-08 01:00:00,Guwahati-Gauge-1,3,cropland,sedimentary,0,0.010592099557529254,0,LOW
2024-02-08 01:00:00,Sonapur-Gauge-1,4,forest,unconsolidated_sediment,0,0.010642074571047832,0,LOW
2024-02-08 02:00:00,Chamoli-Gauge-1,1,sparse_vegetation,fractured_metamorphic,0,0.16769930099483013,0,LOW
2024-02-08 02:00:00,Kolkata-Gauge-1,2,urban,unconsolidated_sediment,0,0.010592099557529254,0,LOW
2024-02-08 02:00:00,Guwahati-Gauge-1,3,cropland,sedimentary,0,0.010592099557529254,0,LOW
2024-02-08 02:00:00,Sonapur-Gauge-1,4,forest,unconsolidated_sediment,0,0.010642074571047832,0,LOW
2024-02-08 03:00:00,Chamoli-Gauge-1,1,sparse_vegetation,fractured_metamorphic,0,0.1637538998542139,0,LOW
2024-02-08 03:00:00,Kolkata-Gauge-1,2,urban,unconsolidated_sediment,0,0.010592099557529254,0,LOW
2024-02-08 03:00:00,Guwahati-Gauge-1,3,cropland,sedimentary,0,0.012681779638027227,0,LOW
2024-02-08 03:00:00,Sonapur-Gauge-1,4,forest,unconsolidated_sediment,0,0.010592099557529254,0,LOW
2024-02-08 04:00:00,Chamoli-Gauge-1,1,sparse_vegetation,fractured_metamorphic,0,0.08547958670957016,0,LOW
2024-02-08 04:00:00,Kolkata-Gauge-1,2,urban,unconsolidated_sediment,0,0.010592099557529254,0,LOW
2024-02-08 04:00:00,Guwahati-Gauge-1,3,cropland,sedimentary,0,0.021818650611568968,0,LOW
2024-02-08 04:00:00,Sonapur-Gauge-1,4,forest,unconsolidated_sediment,0,0.010592099557529254,0,LOW
2024-02-08 05:00:00,Chamoli-Gauge-1,1,sparse_vegetation,fractured_metamorphic,0,0.08835978908568476,0,LOW
2024-02-08 05:00:00,Kolkata-Gauge-1,2,urban,unconsolidated_sediment,0,0.010592099557529254,0,LOW
2024-02-08 05:00:00,Guwahati-Gauge-1,3,cropland,sedimentary,0,0.015314877372507687,0,LOW
2024-02-08 05:00:00,Sonapur-Gauge-1,4,forest,unconsolidated_sediment,0,0.010592099557529254,0,LOW
2024-02-08 06:00:00,Chamoli-Gauge-1,1,sparse_vegetation,fractured_metamorphic,0,0.14134690066898367,0,LOW
2024-02-08 06:00:00,Kolkata-Gauge-1,2,urban,unconsolidated_sediment,0,0.010592099557529254,0,LOW
2024-02-08 06:00:00,Guwahati-Gauge-1,3,cropland,sedimentary,0,0.014601711636528443,0,LOW
2024-02-08 06:00:00,Sonapur-Gauge-1,4,forest,unconsolidated_sediment,0,0.010592099557529254,0,LOW
2024-02-08 07:00:00,Chamoli-Gauge-1,1,sparse_vegetation,fractured_metamorphic,0,0.18353465210140876,0,LOW
2024-02-08 07:00:00,Kolkata-Gauge-1,2,urban,unconsolidated_sediment,0,0.010592099557529254,0,LOW
2024-02-08 07:00:00,Guwahati-Gauge-1,3,cropland,sedimentary,0,0.015162896502309632,0,LOW
2024-02-08 07:00:00,Sonapur-Gauge-1,4,forest,unconsolidated_sediment,0,0.015609172556235434,0,LOW
2024-02-08 08:00:00,Chamoli-Gauge-1,1,sparse_vegetation,fractured_metamorphic,0,0.1138642347499848,0,LOW
2024-02-08 08:00:00,Kolkata-Gauge-1,2,urban,unconsolidated_sediment,0,0.010592099557529254,0,LOW
2024-02-08 08:00:00,Guwahati-Gauge-1,3,cropland,sedimentary,0,0.014263459113246646,0,LOW
2024-02-08 08:00:00,Sonapur-Gauge-1,4,forest,unconsolidated_sediment,0,0.013534033638217632,0,LOW
2024-02-08 09:00:00,Chamoli-Gauge-1,1,sparse_vegetation,fractured_metamorphic,0,0.1324035245538575,0,LOW
2024-02-08 09:00:00,Kolkata-Gauge-1,2,urban,unconsolidated_sediment,0,0.010592099557529254,0,LOW
2024-02-08 09:00:00,Guwahati-Gauge-1,3,cropland,sedimentary,0,0.014592991774912654,0,LOW
2024-02-08 09:00:00,Sonapur-Gauge-1,4,forest,unconsolidated_sediment,0,0.015811287702526614,0,LOW
2024-02-08 10:00:00,Chamoli-Gauge-1,1,sparse_vegetation,fractured_metamorphic,1,0.3064290788570905,0,MODERATE
2024-02-08 10:00:00,Kolkata-Gauge-1,2,urban,unconsolidated_sediment,0,0.010592099557529254,0,LOW
2024-02-08 10:00:00,Guwahati-Gauge-1,3,cropland,sedimentary,0,0.013214907405658635,0,LOW
2024-02-08 10:00:00,Sonapur-Gauge-1,4,forest,unconsolidated_sediment,0,0.05396211167965387,0,LOW
2024-02-08 11:00:00,Chamoli-Gauge-1,1,sparse_vegetation,fractured_metamorphic,0,0.11640543627893435,0,LOW
2024-02-08 11:00:00,Kolkata-Gauge-1,2,urban,unconsolidated_sediment,0,0.010592099557529254,0,LOW
2024-02-08 11:00:00,Guwahati-Gauge-1,3,cropland,sedimentary,0,0.020572646037840824,0,LOW
2024-02-08 11:00:00,Sonapur-Gauge-1,4,forest,unconsolidated_sediment,0,0.027268945108245436,0,LOW
2024-02-08 12:00:00,Chamoli-Gauge-1,1,sparse_vegetation,fractured_metamorphic,0,0.11820528076053828,0,LOW
2024-02-08 12:00:00,Kolkata-Gauge-1,2,urban,unconsolidated_sediment,0,0.010592099557529254,0,LOW
2024-02-08 12:00:00,Guwahati-Gauge-1,3,cropland,sedimentary,0,0.02574289838575368,0,LOW
2024-02-08 12:00:00,Sonapur-Gauge-1,4,forest,unconsolidated_sediment,0,0.018924961786035862,0,LOW
2024-02-08 13:00:00,Chamoli-Gauge-1,1,sparse_vegetation,fractured_metamorphic,0,0.02705705484483062,0,LOW
2024-02-08 13:00:00,Kolkata-Gauge-1,2,urban,unconsolidated_sediment,0,0.010592099557529254,0,LOW
2024-02-08 13:00:00,Guwahati-Gauge-1,3,cropland,sedimentary,0,0.02117885201255194,0,LOW
2024-02-08 13:00:00,Sonapur-Gauge-1,4,forest,unconsolidated_sediment,0,0.012272551064481324,0,LOW
2024-02-08 14:00:00,Chamoli-Gauge-1,1,sparse_vegetation,fractured_metamorphic,0,0.02577335611107695,0,LOW
2024-02-08 14:00:00,Kolkata-Gauge-1,2,urban,unconsolidated_sediment,0,0.010592099557529254,0,LOW
2024-02-08 14:00:00,Guwahati-Gauge-1,3,cropland,sedimentary,0,0.02250705391052679,0,LOW
2024-02-08 14:00:00,Sonapur-Gauge-1,4,forest,unconsolidated_sediment,0,0.011116390759564308,0,LOW
2024-02-08 15:00:00,Chamoli-Gauge-1,1,sparse_vegetation,fractured_metamorphic,0,0.024824032341559114,0,LOW
2024-02-08 15:00:00,Kolkata-Gauge-1,2,urban,unconsolidated_sediment,0,0.010592099557529254,0,LOW
2024-02-08 15:00:00,Guwahati-Gauge-1,3,cropland,sedimentary,0,0.013875278153628903,0,LOW
2024-02-08 15:00:00,Sonapur-Gauge-1,4,forest,unconsolidated_sediment,0,0.011534490959032716,0,LOW
2024-02-08 16:00:00,Chamoli-Gauge-1,1,sparse_vegetation,fractured_metamorphic,0,0.03705276502605898,0,LOW
2024-02-08 16:00:00,Kolkata-Gauge-1,2,urban,unconsolidated_sediment,0,0.010592099557529254,0,LOW
2024-02-08 16:00:00,Guwahati-Gauge-1,3,cropland,sedimentary,0,0.01802038219937233,0,LOW
2024-02-08 16:00:00,Sonapur-Gauge-1,4,forest,unconsolidated_sediment,0,0.010970962229889258,0,LOW
2024-02-08 17:00:00,Chamoli-Gauge-1,1,sparse_vegetation,fractured_metamorphic,0,0.031332503099507455,0,LOW
2024-02-08 17:00:00,Kolkata-Gauge-1,2,urban,unconsolidated_sediment,0,0.010592099557529254,0,LOW
2024-02-08 17:00:00,Guwahati-Gauge-1,3,cropland,sedimentary,0,0.012919176153446078,0,LOW
2024-02-08 17:00:00,Sonapur-Gauge-1,4,forest,unconsolidated_sediment,0,0.01077016540842878,0,LOW
2024-02-08 18:00:00,Chamoli-Gauge-1,1,sparse_vegetation,fractured_metamorphic,0,0.032997698733004975,0,LOW
2024-02-08 18:00:00,Kolkata-Gauge-1,2,urban,unconsolidated_sediment,0,0.010592099557529254,0,LOW
2024-02-08 18:00:00,Guwahati-Gauge-1,3,cropland,sedimentary,0,0.014656722866220653,0,LOW
2024-02-08 18:00:00,Sonapur-Gauge-1,4,forest,unconsolidated_sediment,0,0.012135025471728516,0,LOW
2024-02-08 19:00:00,Chamoli-Gauge-1,1,sparse_vegetation,fractured_metamorphic,0,0.1322255384176154,0,LOW
2024-02-08 19:00:00,Kolkata-Gauge-1,2,urban,unconsolidated_sediment,0,0.010592099557529254,0,LOW
2024-02-08 19:00:00,Guwahati-Gauge-1,3,cropland,sedimentary,0,0.011869974280437855,0,LOW
2024-02-08 19:00:00,Sonapur-Gauge-1,4,forest,unconsolidated_sediment,0,0.01114811335439063,0,LOW
2024-02-08 20:00:00,Chamoli-Gauge-1,1,sparse_vegetation,fractured_metamorphic,0,0.2618289422958983,0,LOW
2024-02-08 20:00:00,Kolkata-Gauge-1,2,urban,unconsolidated_sediment,0,0.010592099557529254,0,LOW
2024-02-08 20:00:00,Guwahati-Gauge-1,3,cropland,sedimentary,0,0.011695694200572777,0,LOW
2024-02-08 20:00:00,Sonapur-Gauge-1,4,forest,unconsolidated_sediment,0,0.01114811335439063,0,LOW
2024-02-08 21:00:00,Chamoli-Gauge-1,1,sparse_vegetation,fractured_metamorphic,1,0.4553586548254786,0,MODERATE
2024-02-08 21:00:00,Kolkata-Gauge-1,2,urban,unconsolidated_sediment,0,0.010592099557529254,0,LOW
2024-02-08 21:00:00,Guwahati-Gauge-1,3,cropland,sedimentary,0,0.01315003557303041,0,LOW
2024-02-08 21:00:00,Sonapur-Gauge-1,4,forest,unconsolidated_sediment,0,0.013998432426487377,0,LOW
2024-02-08 22:00:00,Chamoli-Gauge-1,1,sparse_vegetation,fractured_metamorphic,0,0.2121232756180405,0,LOW
2024-02-08 22:00:00,Kolkata-Gauge-1,2,urban,unconsolidated_sediment,0,0.010592099557529254,0,LOW
2024-02-08 22:00:00,Guwahati-Gauge-1,3,cropland,sedimentary,0,0.011584059653526038,0,LOW
2024-02-08 22:00:00,Sonapur-Gauge-1,4,forest,unconsolidated_sediment,0,0.010592099557529254,0,LOW
2024-02-08 23:00:00,Chamoli-Gauge-1,1,sparse_vegetation,fractured_metamorphic,0,0.1580009441747206,0,LOW
2024-02-08 23:00:00,Kolkata-Gauge-1,2,urban,unconsolidated_sediment,0,0.010592099557529254,0,LOW
2024-02-08 23:00:00,Guwahati-Gauge-1,3,cropland,sedimentary,0,0.014453386332675993,0,LOW
2024-02-08 23:00:00,Sonapur-Gauge-1,4,forest,unconsolidated_sediment,0,0.010592099557529254,0,LOW
2024-02-09 00:00:00,Chamoli-Gauge-1,1,sparse_vegetation,fractured_metamorphic,1,0.4695857937453947,0,MODERATE
2024-02-09 00:00:00,Kolkata-Gauge-1,2,urban,unconsolidated_sediment,0,0.010592099557529254,0,LOW
2024-02-09 00:00:00,Guwahati-Gauge-1,3,cropland,sedimentary,0,0.011124963783039114,0,LOW
2024-02-09 00:00:00,Sonapur-Gauge-1,4,forest,unconsolidated_sediment,0,0.010592099557529254,0,LOW
2024-02-09 01:00:00,Chamoli-Gauge-1,1,sparse_vegetation,fractured_metamorphic,0,0.11968450582190052,0,LOW
2024-02-09 01:00:00,Kolkata-Gauge-1,2,urban,unconsolidated_sediment,0,0.010592099557529254,0,LOW
2024-02-09 01:00:00,Guwahati-Gauge-1,3,cropland,sedimentary,0,0.011124963783039114,0,LOW
2024-02-09 01:00:00,Sonapur-Gauge-1,4,forest,unconsolidated_sediment,0,0.010592099557529254,0,LOW
2024-02-09 02:00:00,Chamoli-Gauge-1,1,sparse_vegetation,fractured_metamorphic,0,0.041389762161002076,0,LOW
2024-02-09 02:00:00,Kolkata-Gauge-1,2,urban,unconsolidated_sediment,0,0.010592099557529254,0,LOW
2024-02-09 02:00:00,Guwahati-Gauge-1,3,cropland,sedimentary,0,0.011580478408391178,0,LOW
2024-02-09 02:00:00,Sonapur-Gauge-1,4,forest,unconsolidated_sediment,0,0.010592099557529254,0,LOW
2024-02-09 03:00:00,Chamoli-Gauge-1,1,sparse_vegetation,fractured_metamorphic,0,0.03103395293725059,0,LOW
2024-02-09 03:00:00,Kolkata-Gauge-1,2,urban,unconsolidated_sediment,0,0.010592099557529254,0,LOW
2024-02-09 03:00:00,Guwahati-Gauge-1,3,cropland,sedimentary,0,0.010592099557529254,0,LOW
2024-02-09 03:00:00,Sonapur-Gauge-1,4,forest,unconsolidated_sediment,0,0.010592099557529254,0,LOW
2024-02-09 04:00:00,Chamoli-Gauge-1,1,sparse_vegetation,fractured_metamorphic,0,0.019467926748376885,0,LOW
2024-02-09 04:00:00,Kolkata-Gauge-1,2,urban,unconsolidated_sediment,0,0.010592099557529254,0,LOW
2024-02-09 04:00:00,Guwahati-Gauge-1,3,cropland,sedimentary,0,0.010592099557529254,0,LOW
2024-02-09 04:00:00,Sonapur-Gauge-1,4,forest,unconsolidated_sediment,0,0.0108145927600548,0,LOW
2024-02-09 05:00:00,Chamoli-Gauge-1,1,sparse_vegetation,fractured_metamorphic,0,0.019530130658444115,0,LOW
2024-02-09 05:00:00,Kolkata-Gauge-1,2,urban,unconsolidated_sediment,0,0.010592099557529254,0,LOW
2024-02-09 05:00:00,Guwahati-Gauge-1,3,cropland,sedimentary,0,0.010592099557529254,0,LOW
2024-02-09 05:00:00,Sonapur-Gauge-1,4,forest,unconsolidated_sediment,0,0.011017089373294185,0,LOW
2024-02-09 06:00:00,Chamoli-Gauge-1,1,sparse_vegetation,fractured_metamorphic,0,0.09953545276095677,0,LOW
2024-02-09 06:00:00,Kolkata-Gauge-1,2,urban,unconsolidated_sediment,0,0.010592099557529254,0,LOW
2024-02-09 06:00:00,Guwahati-Gauge-1,3,cropland,sedimentary,0,0.010592099557529254,0,LOW
2024-02-09 06:00:00,Sonapur-Gauge-1,4,forest,unconsolidated_sediment,0,0.010592099557529254,0,LOW
2024-02-09 07:00:00,Chamoli-Gauge-1,1,sparse_vegetation,fractured_metamorphic,0,0.09844501934426636,0,LOW
2024-02-09 07:00:00,Kolkata-Gauge-1,2,urban,unconsolidated_sediment,0,0.010592099557529254,0,LOW
2024-02-09 07:00:00,Guwahati-Gauge-1,3,cropland,sedimentary,0,0.010592099557529254,0,LOW
2024-02-09 07:00:00,Sonapur-Gauge-1,4,forest,unconsolidated_sediment,0,0.010592099557529254,0,LOW
2024-02-09 08:00:00,Chamoli-Gauge-1,1,sparse_vegetation,fractured_metamorphic,0,0.14617180162692875,0,LOW
2024-02-09 08:00:00,Kolkata-Gauge-1,2,urban,unconsolidated_sediment,0,0.010592099557529254,0,LOW
2024-02-09 08:00:00,Guwahati-Gauge-1,3,cropland,sedimentary,0,0.010592099557529254,0,LOW
2024-02-09 08:00:00,Sonapur-Gauge-1,4,forest,unconsolidated_sediment,0,0.010592099557529254,0,LOW
2024-02-09 09:00:00,Chamoli-Gauge-1,1,sparse_vegetation,fractured_metamorphic,0,0.07620340837469049,0,LOW
2024-02-09 09:00:00,Kolkata-Gauge-1,2,urban,unconsolidated_sediment,0,0.010592099557529254,0,LOW
2024-02-09 09:00:00,Guwahati-Gauge-1,3,cropland,sedimentary,0,0.010592099557529254,0,LOW
2024-02-09 09:00:00,Sonapur-Gauge-1,4,forest,unconsolidated_sediment,0,0.010592099557529254,0,LOW
2024-02-09 10:00:00,Chamoli-Gauge-1,1,sparse_vegetation,fractured_metamorphic,1,0.6850975987155844,1,HIGH
2024-02-09 10:00:00,Kolkata-Gauge-1,2,urban,unconsolidated_sediment,0,0.010592099557529254,0,LOW
2024-02-09 10:00:00,Guwahati-Gauge-1,3,cropland,sedimentary,0,0.010592099557529254,0,LOW
2024-02-09 10:00:00,Sonapur-Gauge-1,4,forest,unconsolidated_sediment,0,0.010592099557529254,0,LOW
2024-02-09 11:00:00,Chamoli-Gauge-1,1,sparse_vegetation,fractured_metamorphic,1,0.6608284869439096,1,HIGH
2024-02-09 11:00:00,Kolkata-Gauge-1,2,urban,unconsolidated_sediment,0,0.010592099557529254,0,LOW
2024-02-09 11:00:00,Guwahati-Gauge-1,3,cropland,sedimentary,0,0.010592099557529254,0,LOW
2024-02-09 11:00:00,Sonapur-Gauge-1,4,forest,unconsolidated_sediment,0,0.010592099557529254,0,LOW
2024-02-09 12:00:00,Chamoli-Gauge-1,1,sparse_vegetation,fractured_metamorphic,0,0.045198976578211036,0,LOW
2024-02-09 12:00:00,Kolkata-Gauge-1,2,urban,unconsolidated_sediment,0,0.010592099557529254,0,LOW
2024-02-09 12:00:00,Guwahati-Gauge-1,3,cropland,sedimentary,0,0.010592099557529254,0,LOW
2024-02-09 12:00:00,Sonapur-Gauge-1,4,forest,unconsolidated_sediment,0,0.010592099557529254,0,LOW
2024-02-09 13:00:00,Chamoli-Gauge-1,1,sparse_vegetation,fractured_metamorphic,0,0.04462598273256649,0,LOW
2024-02-09 13:00:00,Kolkata-Gauge-1,2,urban,unconsolidated_sediment,0,0.010592099557529254,0,LOW
2024-02-09 13:00:00,Guwahati-Gauge-1,3,cropland,sedimentary,0,0.010592099557529254,0,LOW
2024-02-09 13:00:00,Sonapur-Gauge-1,4,forest,unconsolidated_sediment,0,0.010592099557529254,0,LOW
2024-02-09 14:00:00,Chamoli-Gauge-1,1,sparse_vegetation,fractured_metamorphic,0,0.0432404687037288,0,LOW
2024-02-09 14:00:00,Kolkata-Gauge-1,2,urban,unconsolidated_sediment,0,0.010592099557529254,0,LOW
2024-02-09 14:00:00,Guwahati-Gauge-1,3,cropland,sedimentary,0,0.010592099557529254,0,LOW
2024-02-09 14:00:00,Sonapur-Gauge-1,4,forest,unconsolidated_sediment,0,0.010592099557529254,0,LOW
2024-02-09 15:00:00,Chamoli-Gauge-1,1,sparse_vegetation,fractured_metamorphic,1,0.46226152050326463,0,MODERATE
2024-02-09 15:00:00,Kolkata-Gauge-1,2,urban,unconsolidated_sediment,0,0.010592099557529254,0,LOW
2024-02-09 15:00:00,Guwahati-Gauge-1,3,cropland,sedimentary,0,0.010592099557529254,0,LOW
2024-02-09 15:00:00,Sonapur-Gauge-1,4,forest,unconsolidated_sediment,0,0.010592099557529254,0,LOW
2024-02-09 16:00:00,Chamoli-Gauge-1,1,sparse_vegetation,fractured_metamorphic,0,0.14616116706358578,0,LOW
2024-02-09 16:00:00,Kolkata-Gauge-1,2,urban,unconsolidated_sediment,0,0.010592099557529254,0,LOW
2024-02-09 16:00:00,Guwahati-Gauge-1,3,cropland,sedimentary,0,0.010592099557529254,0,LOW
2024-02-09 16:00:00,Sonapur-Gauge-1,4,forest,unconsolidated_sediment,0,0.010592099557529254,0,LOW
2024-02-09 17:00:00,Chamoli-Gauge-1,1,sparse_vegetation,fractured_metamorphic,0,0.07650946559457372,0,LOW
2024-02-09 17:00:00,Kolkata-Gauge-1,2,urban,unconsolidated_sediment,0,0.010592099557529254,0,LOW
2024-02-09 17:00:00,Guwahati-Gauge-1,3,cropland,sedimentary,0,0.010592099557529254,0,LOW
2024-02-09 17:00:00,Sonapur-Gauge-1,4,forest,unconsolidated_sediment,0,0.010592099557529254,0,LOW
2024-02-09 18:00:00,Chamoli-Gauge-1,1,sparse_vegetation,fractured_metamorphic,0,0.024366449926096323,0,LOW
2024-02-09 18:00:00,Kolkata-Gauge-1,2,urban,unconsolidated_sediment,0,0.010592099557529254,0,LOW
2024-02-09 18:00:00,Guwahati-Gauge-1,3,cropland,sedimentary,0,0.010592099557529254,0,LOW
2024-02-09 18:00:00,Sonapur-Gauge-1,4,forest,unconsolidated_sediment,0,0.010592099557529254,0,LOW
2024-02-09 19:00:00,Chamoli-Gauge-1,1,sparse_vegetation,fractured_metamorphic,0,0.015383093263171822,0,LOW
2024-02-09 19:00:00,Kolkata-Gauge-1,2,urban,unconsolidated_sediment,0,0.010592099557529254,0,LOW
2024-02-09 19:00:00,Guwahati-Gauge-1,3,cropland,sedimentary,0,0.010592099557529254,0,LOW
2024-02-09 19:00:00,Sonapur-Gauge-1,4,forest,unconsolidated_sediment,0,0.010790523602460769,0,LOW
2024-02-09 20:00:00,Chamoli-Gauge-1,1,sparse_vegetation,fractured_metamorphic,0,0.019277998985584917,0,LOW
2024-02-09 20:00:00,Kolkata-Gauge-1,2,urban,unconsolidated_sediment,0,0.010592099557529254,0,LOW
2024-02-09 20:00:00,Guwahati-Gauge-1,3,cropland,sedimentary,0,0.010592099557529254,0,LOW
2024-02-09 20:00:00,Sonapur-Gauge-1,4,forest,unconsolidated_sediment,0,0.010592099557529254,0,LOW
2024-02-09 21:00:00,Chamoli-Gauge-1,1,sparse_vegetation,fractured_metamorphic,0,0.01749675922482018,0,LOW
2024-02-09 21:00:00,Kolkata-Gauge-1,2,urban,unconsolidated_sediment,0,0.010592099557529254,0,LOW
2024-02-09 21:00:00,Guwahati-Gauge-1,3,cropland,sedimentary,0,0.010592099557529254,0,LOW
2024-02-09 21:00:00,Sonapur-Gauge-1,4,forest,unconsolidated_sediment,0,0.010592099557529254,0,LOW
2024-02-09 22:00:00,Chamoli-Gauge-1,1,sparse_vegetation,fractured_metamorphic,0,0.020831910539720954,0,LOW
2024-02-09 22:00:00,Kolkata-Gauge-1,2,urban,unconsolidated_sediment,0,0.010592099557529254,0,LOW
2024-02-09 22:00:00,Guwahati-Gauge-1,3,cropland,sedimentary,0,0.010592099557529254,0,LOW
2024-02-09 22:00:00,Sonapur-Gauge-1,4,forest,unconsolidated_sediment,0,0.010592099557529254,0,LOW
2024-02-09 23:00:00,Chamoli-Gauge-1,1,sparse_vegetation,fractured_metamorphic,0,0.02577036589970211,0,LOW
2024-02-09 23:00:00,Kolkata-Gauge-1,2,urban,unconsolidated_sediment,0,0.010592099557529254,0,LOW
2024-02-09 23:00:00,Guwahati-Gauge-1,3,cropland,sedimentary,0,0.010592099557529254,0,LOW
2024-02-09 23:00:00,Sonapur-Gauge-1,4,forest,unconsolidated_sediment,0,0.010592099557529254,0,LOW
2024-02-10 00:00:00,Chamoli-Gauge-1,1,sparse_vegetation,fractured_metamorphic,0,0.021353158026700878,0,LOW
2024-02-10 00:00:00,Kolkata-Gauge-1,2,urban,unconsolidated_sediment,0,0.010592099557529254,0,LOW
2024-02-10 00:00:00,Guwahati-Gauge-1,3,cropland,sedimentary,0,0.010592099557529254,0,LOW
2024-02-10 00:00:00,Sonapur-Gauge-1,4,forest,unconsolidated_sediment,0,0.010592099557529254,0,LOW
2024-02-10 01:00:00,Chamoli-Gauge-1,1,sparse_vegetation,fractured_metamorphic,0,0.01938894072908026,0,LOW
2024-02-10 01:00:00,Kolkata-Gauge-1,2,urban,unconsolidated_sediment,0,0.010592099557529254,0,LOW
2024-02-10 01:00:00,Guwahati-Gauge-1,3,cropland,sedimentary,0,0.010592099557529254,0,LOW
2024-02-10 01:00:00,Sonapur-Gauge-1,4,forest,unconsolidated_sediment,0,0.010592099557529254,0,LOW
2024-02-10 02:00:00,Chamoli-Gauge-1,1,sparse_vegetation,fractured_metamorphic,0,0.02433962029290472,0,LOW
2024-02-10 02:00:00,Kolkata-Gauge-1,2,urban,unconsolidated_sediment,0,0.010592099557529254,0,LOW
2024-02-10 02:00:00,Guwahati-Gauge-1,3,cropland,sedimentary,0,0.010592099557529254,0,LOW
2024-02-10 02:00:00,Sonapur-Gauge-1,4,forest,unconsolidated_sediment,0,0.010592099557529254,0,LOW
2024-02-10 03:00:00,Chamoli-Gauge-1,1,sparse_vegetation,fractured_metamorphic,0,0.023168166437197088,0,LOW
2024-02-10 03:00:00,Kolkata-Gauge-1,2,urban,unconsolidated_sediment,0,0.010592099557529254,0,LOW
2024-02-10 03:00:00,Guwahati-Gauge-1,3,cropland,sedimentary,0,0.010592099557529254,0,LOW
2024-02-10 03:00:00,Sonapur-Gauge-1,4,forest,unconsolidated_sediment,0,0.010592099557529254,0,LOW
2024-02-10 04:00:00,Chamoli-Gauge-1,1,sparse_vegetation,fractured_metamorphic,0,0.025091684379180603,0,LOW
2024-02-10 04:00:00,Kolkata-Gauge-1,2,urban,unconsolidated_sediment,0,0.010791149039205597,0,LOW
2024-02-10 04:00:00,Guwahati-Gauge-1,3,cropland,sedimentary,0,0.010592099557529254,0,LOW
2024-02-10 04:00:00,Sonapur-Gauge-1,4,forest,unconsolidated_sediment,0,0.010592099557529254,0,LOW
2024-02-10 05:00:00,Chamoli-Gauge-1,1,sparse_vegetation,fractured_metamorphic,0,0.029572180411870114,0,LOW
2024-02-10 05:00:00,Kolkata-Gauge-1,2,urban,unconsolidated_sediment,0,0.010592099557529254,0,LOW
2024-02-10 05:00:00,Guwahati-Gauge-1,3,cropland,sedimentary,0,0.010592099557529254,0,LOW
2024-02-10 05:00:00,Sonapur-Gauge-1,4,forest,unconsolidated_sediment,0,0.010592099557529254,0,LOW
2024-02-10 06:00:00,Chamoli-Gauge-1,1,sparse_vegetation,fractured_metamorphic,0,0.05311046533860936,0,LOW
2024-02-10 06:00:00,Kolkata-Gauge-1,2,urban,unconsolidated_sediment,0,0.010592099557529254,0,LOW
2024-02-10 06:00:00,Guwahati-Gauge-1,3,cropland,sedimentary,0,0.010592099557529254,0,LOW
2024-02-10 06:00:00,Sonapur-Gauge-1,4,forest,unconsolidated_sediment,0,0.01627417060938001,0,LOW
2024-02-10 07:00:00,Chamoli-Gauge-1,1,sparse_vegetation,fractured_metamorphic,0,0.013151825610060687,0,LOW
2024-02-10 07:00:00,Kolkata-Gauge-1,2,urban,unconsolidated_sediment,0,0.010592099557529254,0,LOW
2024-02-10 07:00:00,Guwahati-Gauge-1,3,cropland,sedimentary,0,0.010592099557529254,0,LOW
2024-02-10 07:00:00,Sonapur-Gauge-1,4,forest,unconsolidated_sediment,0,0.014898813960076569,0,LOW
2024-02-10 08:00:00,Chamoli-Gauge-1,1,sparse_vegetation,fractured_metamorphic,0,0.013909741330175602,0,LOW
2024-02-10 08:00:00,Kolkata-Gauge-1,2,urban,unconsolidated_sediment,0,0.010592099557529254,0,LOW
2024-02-10 08:00:00,Guwahati-Gauge-1,3,cropland,sedimentary,0,0.010592099557529254,0,LOW
2024-02-10 08:00:00,Sonapur-Gauge-1,4,forest,unconsolidated_sediment,0,0.01531534109761339,0,LOW
2024-02-10 09:00:00,Chamoli-Gauge-1,1,sparse_vegetation,fractured_metamorphic,0,0.015393769955165736,0,LOW
2024-02-10 09:00:00,Kolkata-Gauge-1,2,urban,unconsolidated_sediment,0,0.010592099557529254,0,LOW
2024-02-10 09:00:00,Guwahati-Gauge-1,3,cropland,sedimentary,0,0.010592099557529254,0,LOW
2024-02-10 09:00:00,Sonapur-Gauge-1,4,forest,unconsolidated_sediment,0,0.021769271952614622,0,LOW
2024-02-10 10:00:00,Chamoli-Gauge-1,1,sparse_vegetation,fractured_metamorphic,0,0.021748252665834498,0,LOW
2024-02-10 10:00:00,Kolkata-Gauge-1,2,urban,unconsolidated_sediment,0,0.010592099557529254,0,LOW
2024-02-10 10:00:00,Guwahati-Gauge-1,3,cropland,sedimentary,0,0.010592099557529254,0,LOW
2024-02-10 10:00:00,Sonapur-Gauge-1,4,forest,unconsolidated_sediment,0,0.016111347195105517,0,LOW
2024-02-10 11:00:00,Chamoli-Gauge-1,1,sparse_vegetation,fractured_metamorphic,0,0.016246553208074933,0,LOW
2024-02-10 11:00:00,Kolkata-Gauge-1,2,urban,unconsolidated_sediment,0,0.010592099557529254,0,LOW
2024-02-10 11:00:00,Guwahati-Gauge-1,3,cropland,sedimentary,0,0.010592099557529254,0,LOW
2024-02-10 11:00:00,Sonapur-Gauge-1,4,forest,unconsolidated_sediment,0,0.017126054358410518,0,LOW
2024-02-10 12:00:00,Chamoli-Gauge-1,1,sparse_vegetation,fractured_metamorphic,0,0.012502029368434095,0,LOW
2024-02-10 12:00:00,Kolkata-Gauge-1,2,urban,unconsolidated_sediment,0,0.010592099557529254,0,LOW
2024-02-10 12:00:00,Guwahati-Gauge-1,3,cropland,sedimentary,0,0.010592099557529254,0,LOW
2024-02-10 12:00:00,Sonapur-Gauge-1,4,forest,unconsolidated_sediment,0,0.029884914478066463,0,LOW
2024-02-10 13:00:00,Chamoli-Gauge-1,1,sparse_vegetation,fractured_metamorphic,0,0.011927081941697294,0,LOW
2024-02-10 13:00:00,Kolkata-Gauge-1,2,urban,unconsolidated_sediment,0,0.011409591432178215,0,LOW
2024-02-10 13:00:00,Guwahati-Gauge-1,3,cropland,sedimentary,0,0.010592099557529254,0,LOW
2024-02-10 13:00:00,Sonapur-Gauge-1,4,forest,unconsolidated_sediment,0,0.02925151649603888,0,LOW
2024-02-10 14:00:00,Chamoli-Gauge-1,1,sparse_vegetation,fractured_metamorphic,0,0.014417696007661495,0,LOW
2024-02-10 14:00:00,Kolkata-Gauge-1,2,urban,unconsolidated_sediment,0,0.011000618353725511,0,LOW
2024-02-10 14:00:00,Guwahati-Gauge-1,3,cropland,sedimentary,0,0.010592099557529254,0,LOW
2024-02-10 14:00:00,Sonapur-Gauge-1,4,forest,unconsolidated_sediment,0,0.031297632302041696,0,LOW
2024-02-10 15:00:00,Chamoli-Gauge-1,1,sparse_vegetation,fractured_metamorphic,0,0.011532941308009389,0,LOW
2024-02-10 15:00:00,Kolkata-Gauge-1,2,urban,unconsolidated_sediment,0,0.011000618353725511,0,LOW
2024-02-10 15:00:00,Guwahati-Gauge-1,3,cropland,sedimentary,0,0.010592099557529254,0,LOW
2024-02-10 15:00:00,Sonapur-Gauge-1,4,forest,unconsolidated_sediment,0,0.056739236614475504,0,LOW
2024-02-10 16:00:00,Chamoli-Gauge-1,1,sparse_vegetation,fractured_metamorphic,0,0.011532941308009389,0,LOW
2024-02-10 16:00:00,Kolkata-Gauge-1,2,urban,unconsolidated_sediment,0,0.010592099557529254,0,LOW
2024-02-10 16:00:00,Guwahati-Gauge-1,3,cropland,sedimentary,0,0.010592099557529254,0,LOW
2024-02-10 16:00:00,Sonapur-Gauge-1,4,forest,unconsolidated_sediment,0,0.07307998901876972,0,LOW
2024-02-10 17:00:00,Chamoli-Gauge-1,1,sparse_vegetation,fractured_metamorphic,0,0.01583168518417302,0,LOW
2024-02-10 17:00:00,Kolkata-Gauge-1,2,urban,unconsolidated_sediment,0,0.010592099557529254,0,LOW
2024-02-10 17:00:00,Guwahati-Gauge-1,3,cropland,sedimentary,0,0.010592099557529254,0,LOW
2024-02-10 17:00:00,Sonapur-Gauge-1,4,forest,unconsolidated_sediment,1,0.18886223226332843,0,LOW
2024-02-10 18:00:00,Chamoli-Gauge-1,1,sparse_vegetation,fractured_metamorphic,0,0.01188852132022702,0,LOW
2024-02-10 18:00:00,Kolkata-Gauge-1,2,urban,unconsolidated_sediment,0,0.010592099557529254,0,LOW
2024-02-10 18:00:00,Guwahati-Gauge-1,3,cropland,sedimentary,0,0.010592099557529254,0,LOW
2024-02-10 18:00:00,Sonapur-Gauge-1,4,forest,unconsolidated_sediment,0,0.012070887060511772,0,LOW
2024-02-10 19:00:00,Chamoli-Gauge-1,1,sparse_vegetation,fractured_metamorphic,0,0.010828034430770432,0,LOW
2024-02-10 19:00:00,Kolkata-Gauge-1,2,urban,unconsolidated_sediment,0,0.01079791731932808,0,LOW
2024-02-10 19:00:00,Guwahati-Gauge-1,3,cropland,sedimentary,0,0.010806836631427836,0,LOW
2024-02-10 19:00:00,Sonapur-Gauge-1,4,forest,unconsolidated_sediment,0,0.011452484006314722,0,LOW
2024-02-10 20:00:00,Chamoli-Gauge-1,1,sparse_vegetation,fractured_metamorphic,0,0.010828034430770432,0,LOW
2024-02-10 20:00:00,Kolkata-Gauge-1,2,urban,unconsolidated_sediment,0,0.01079791731932808,0,LOW
2024-02-10 20:00:00,Guwahati-Gauge-1,3,cropland,sedimentary,0,0.010806836631427836,0,LOW
2024-02-10 20:00:00,Sonapur-Gauge-1,4,forest,unconsolidated_sediment,0,0.011452484006314722,0,LOW
2024-02-10 21:00:00,Chamoli-Gauge-1,1,sparse_vegetation,fractured_metamorphic,0,0.010828034430770432,0,LOW
2024-02-10 21:00:00,Kolkata-Gauge-1,2,urban,unconsolidated_sediment,0,0.01079791731932808,0,LOW
2024-02-10 21:00:00,Guwahati-Gauge-1,3,cropland,sedimentary,0,0.010806836631427836,0,LOW
2024-02-10 21:00:00,Sonapur-Gauge-1,4,forest,unconsolidated_sediment,0,0.011852081729843436,0,LOW
2024-02-10 22:00:00,Chamoli-Gauge-1,1,sparse_vegetation,fractured_metamorphic,0,0.010828034430770432,0,LOW
2024-02-10 22:00:00,Kolkata-Gauge-1,2,urban,unconsolidated_sediment,0,0.010592099557529254,0,LOW
2024-02-10 22:00:00,Guwahati-Gauge-1,3,cropland,sedimentary,0,0.010592099557529254,0,LOW
2024-02-10 22:00:00,Sonapur-Gauge-1,4,forest,unconsolidated_sediment,0,0.01152364538489776,0,LOW
2024-02-10 23:00:00,Chamoli-Gauge-1,1,sparse_vegetation,fractured_metamorphic,0,0.010775540045816382,0,LOW
2024-02-10 23:00:00,Kolkata-Gauge-1,2,urban,unconsolidated_sediment,0,0.010592099557529254,0,LOW
2024-02-10 23:00:00,Guwahati-Gauge-1,3,cropland,sedimentary,0,0.010592099557529254,0,LOW
2024-02-10 23:00:00,Sonapur-Gauge-1,4,forest,unconsolidated_sediment,0,0.010592099557529254,0,LOW
2024-02-11 00:00:00,Chamoli-Gauge-1,1,sparse_vegetation,fractured_metamorphic,0,0.010775540045816382,0,LOW
2024-02-11 00:00:00,Kolkata-Gauge-1,2,urban,unconsolidated_sediment,0,0.010592099557529254,0,LOW
2024-02-11 00:00:00,Guwahati-Gauge-1,3,cropland,sedimentary,0,0.010592099557529254,0,LOW
2024-02-11 00:00:00,Sonapur-Gauge-1,4,forest,unconsolidated_sediment,0,0.010776840040843155,0,LOW
2024-02-11 01:00:00,Chamoli-Gauge-1,1,sparse_vegetation,fractured_metamorphic,0,0.010944513439095053,0,LOW
2024-02-11 01:00:00,Kolkata-Gauge-1,2,urban,unconsolidated_sediment,0,0.010592099557529254,0,LOW
2024-02-11 01:00:00,Guwahati-Gauge-1,3,cropland,sedimentary,0,0.010592099557529254,0,LOW
2024-02-11 01:00:00,Sonapur-Gauge-1,4,forest,unconsolidated_sediment,0,0.010940445657599536,0,LOW
2024-02-11 02:00:00,Chamoli-Gauge-1,1,sparse_vegetation,fractured_metamorphic,0,0.013106862380036648,0,LOW
2024-02-11 02:00:00,Kolkata-Gauge-1,2,urban,unconsolidated_sediment,0,0.010592099557529254,0,LOW
2024-02-11 02:00:00,Guwahati-Gauge-1,3,cropland,sedimentary,0,0.010592099557529254,0,LOW
2024-02-11 02:00:00,Sonapur-Gauge-1,4,forest,unconsolidated_sediment,0,0.010940445657599536,0,LOW
2024-02-11 03:00:00,Chamoli-Gauge-1,1,sparse_vegetation,fractured_metamorphic,0,0.013062727634630244,0,LOW
2024-02-11 03:00:00,Kolkata-Gauge-1,2,urban,unconsolidated_sediment,0,0.010592099557529254,0,LOW
2024-02-11 03:00:00,Guwahati-Gauge-1,3,cropland,sedimentary,0,0.010592099557529254,0,LOW
2024-02-11 03:00:00,Sonapur-Gauge-1,4,forest,unconsolidated_sediment,0,0.010592099557529254,0,LOW
2024-02-11 04:00:00,Chamoli-Gauge-1,1,sparse_vegetation,fractured_metamorphic,0,0.021669046888111606,0,LOW
2024-02-11 04:00:00,Kolkata-Gauge-1,2,urban,unconsolidated_sediment,0,0.010592099557529254,0,LOW
2024-02-11 04:00:00,Guwahati-Gauge-1,3,cropland,sedimentary,0,0.010790091671170572,0,LOW
2024-02-11 04:00:00,Sonapur-Gauge-1,4,forest,unconsolidated_sediment,0,0.010592099557529254,0,LOW
2024-02-11 05:00:00,Chamoli-Gauge-1,1,sparse_vegetation,fractured_metamorphic,0,0.020962859551882887,0,LOW
2024-02-11 05:00:00,Kolkata-Gauge-1,2,urban,unconsolidated_sediment,0,0.010592099557529254,0,LOW
2024-02-11 05:00:00,Guwahati-Gauge-1,3,cropland,sedimentary,0,0.010790091671170572,0,LOW
2024-02-11 05:00:00,Sonapur-Gauge-1,4,forest,unconsolidated_sediment,0,0.010790908271378939,0,LOW
2024-02-11 06:00:00,Chamoli-Gauge-1,1,sparse_vegetation,fractured_metamorphic,0,0.02070739398990604,0,LOW
2024-02-11 06:00:00,Kolkata-Gauge-1,2,urban,unconsolidated_sediment,0,0.010592099557529254,0,LOW
2024-02-11 06:00:00,Guwahati-Gauge-1,3,cropland,sedimentary,0,0.010592099557529254,0,LOW
2024-02-11 06:00:00,Sonapur-Gauge-1,4,forest,unconsolidated_sediment,0,0.010592099557529254,0,LOW
2024-02-11 07:00:00,Chamoli-Gauge-1,1,sparse_vegetation,fractured_metamorphic,0,0.011354528421712381,0,LOW
2024-02-11 07:00:00,Kolkata-Gauge-1,2,urban,unconsolidated_sediment,0,0.010592099557529254,0,LOW
2024-02-11 07:00:00,Guwahati-Gauge-1,3,cropland,sedimentary,0,0.010592099557529254,0,LOW
2024-02-11 07:00:00,Sonapur-Gauge-1,4,forest,unconsolidated_sediment,0,0.011261651485400185,0,LOW
2024-02-11 08:00:00,Chamoli-Gauge-1,1,sparse_vegetation,fractured_metamorphic,0,0.011354528421712381,0,LOW
2024-02-11 08:00:00,Kolkata-Gauge-1,2,urban,unconsolidated_sediment,0,0.010592099557529254,0,LOW
2024-02-11 08:00:00,Guwahati-Gauge-1,3,cropland,sedimentary,0,0.010592099557529254,0,LOW
2024-02-11 08:00:00,Sonapur-Gauge-1,4,forest,unconsolidated_sediment,0,0.011470642817050276,0,LOW
2024-02-11 09:00:00,Chamoli-Gauge-1,1,sparse_vegetation,fractured_metamorphic,0,0.011546527213759568,0,LOW
2024-02-11 09:00:00,Kolkata-Gauge-1,2,urban,unconsolidated_sediment,0,0.010592099557529254,0,LOW
2024-02-11 09:00:00,Guwahati-Gauge-1,3,cropland,sedimentary,0,0.010789039483934747,0,LOW
2024-02-11 09:00:00,Sonapur-Gauge-1,4,forest,unconsolidated_sediment,0,0.011470642817050276,0,LOW
2024-02-11 10:00:00,Chamoli-Gauge-1,1,sparse_vegetation,fractured_metamorphic,0,0.01257923661382537,0,LOW
2024-02-11 10:00:00,Kolkata-Gauge-1,2,urban,unconsolidated_sediment,0,0.010592099557529254,0,LOW
2024-02-11 10:00:00,Guwahati-Gauge-1,3,cropland,sedimentary,0,0.010798307641435663,0,LOW
2024-02-11 10:00:00,Sonapur-Gauge-1,4,forest,unconsolidated_sediment,0,0.010592099557529254,0,LOW
2024-02-11 11:00:00,Chamoli-Gauge-1,1,sparse_vegetation,fractured_metamorphic,0,0.011369384341757209,0,LOW
2024-02-11 11:00:00,Kolkata-Gauge-1,2,urban,unconsolidated_sediment,0,0.010592099557529254,0,LOW
2024-02-11 11:00:00,Guwahati-Gauge-1,3,cropland,sedimentary,0,0.010592099557529254,0,LOW
2024-02-11 11:00:00,Sonapur-Gauge-1,4,forest,unconsolidated_sediment,0,0.010592099557529254,0,LOW
2024-02-11 12:00:00,Chamoli-Gauge-1,1,sparse_vegetation,fractured_metamorphic,0,0.011082729739628467,0,LOW
2024-02-11 12:00:00,Kolkata-Gauge-1,2,urban,unconsolidated_sediment,0,0.010592099557529254,0,LOW
2024-02-11 12:00:00,Guwahati-Gauge-1,3,cropland,sedimentary,0,0.010592099557529254,0,LOW
2024-02-11 12:00:00,Sonapur-Gauge-1,4,forest,unconsolidated_sediment,0,0.010592099557529254,0,LOW
2024-02-11 13:00:00,Chamoli-Gauge-1,1,sparse_vegetation,fractured_metamorphic,1,0.7516119982553847,1,HIGH
2024-02-11 13:00:00,Kolkata-Gauge-1,2,urban,unconsolidated_sediment,0,0.010592099557529254,0,LOW
2024-02-11 13:00:00,Guwahati-Gauge-1,3,cropland,sedimentary,0,0.010592099557529254,0,LOW
2024-02-11 13:00:00,Sonapur-Gauge-1,4,forest,unconsolidated_sediment,0,0.010592099557529254,0,LOW
2024-02-11 14:00:00,Chamoli-Gauge-1,1,sparse_vegetation,fractured_metamorphic,0,0.6488380231586188,1,HIGH
2024-02-11 14:00:00,Kolkata-Gauge-1,2,urban,unconsolidated_sediment,0,0.010592099557529254,0,LOW
2024-02-11 14:00:00,Guwahati-Gauge-1,3,cropland,sedimentary,0,0.010808371035369779,0,LOW
2024-02-11 14:00:00,Sonapur-Gauge-1,4,forest,unconsolidated_sediment,0,0.010592099557529254,0,LOW
2024-02-11 15:00:00,Chamoli-Gauge-1,1,sparse_vegetation,fractured_metamorphic,1,0.7389370836172274,1,HIGH
2024-02-11 15:00:00,Kolkata-Gauge-1,2,urban,unconsolidated_sediment,0,0.010592099557529254,0,LOW
2024-02-11 15:00:00,Guwahati-Gauge-1,3,cropland,sedimentary,0,0.010808371035369779,0,LOW
2024-02-11 15:00:00,Sonapur-Gauge-1,4,forest,unconsolidated_sediment,0,0.010592099557529254,0,LOW
2024-02-11 16:00:00,Chamoli-Gauge-1,1,sparse_vegetation,fractured_metamorphic,0,0.5975276550684443,1,MODERATE
2024-02-11 16:00:00,Kolkata-Gauge-1,2,urban,unconsolidated_sediment,0,0.010592099557529254,0,LOW
2024-02-11 16:00:00,Guwahati-Gauge-1,3,cropland,sedimentary,0,0.010592099557529254,0,LOW
2024-02-11 16:00:00,Sonapur-Gauge-1,4,forest,unconsolidated_sediment,0,0.010592099557529254,0,LOW
2024-02-11 17:00:00,Chamoli-Gauge-1,1,sparse_vegetation,fractured_metamorphic,1,0.6831920045906014,1,HIGH
2024-02-11 17:00:00,Kolkata-Gauge-1,2,urban,unconsolidated_sediment,0,0.010592099557529254,0,LOW
2024-02-11 17:00:00,Guwahati-Gauge-1,3,cropland,sedimentary,0,0.010808143702671108,0,LOW
2024-02-11 17:00:00,Sonapur-Gauge-1,4,forest,unconsolidated_sediment,0,0.011955147723448602,0,LOW
2024-02-11 18:00:00,Chamoli-Gauge-1,1,sparse_vegetation,fractured_metamorphic,0,0.5405894516968572,1,MODERATE
2024-02-11 18:00:00,Kolkata-Gauge-1,2,urban,unconsolidated_sediment,0,0.010592099557529254,0,LOW
2024-02-11 18:00:00,Guwahati-Gauge-1,3,cropland,sedimentary,0,0.011159565919016729,0,LOW
2024-02-11 18:00:00,Sonapur-Gauge-1,4,forest,unconsolidated_sediment,0,0.010592099557529254,0,LOW
2024-02-11 19:00:00,Chamoli-Gauge-1,1,sparse_vegetation,fractured_metamorphic,1,0.8054132734504716,1,EXTREME
2024-02-11 19:00:00,Kolkata-Gauge-1,2,urban,unconsolidated_sediment,0,0.010592099557529254,0,LOW
2024-02-11 19:00:00,Guwahati-Gauge-1,3,cropland,sedimentary,0,0.010592099557529254,0,LOW
2024-02-11 19:00:00,Sonapur-Gauge-1,4,forest,unconsolidated_sediment,0,0.010592099557529254,0,LOW
2024-02-11 20:00:00,Chamoli-Gauge-1,1,sparse_vegetation,fractured_metamorphic,1,0.7629009151022188,1,HIGH
2024-02-11 20:00:00,Kolkata-Gauge-1,2,urban,unconsolidated_sediment,0,0.010592099557529254,0,LOW
2024-02-11 20:00:00,Guwahati-Gauge-1,3,cropland,sedimentary,0,0.010592099557529254,0,LOW
2024-02-11 20:00:00,Sonapur-Gauge-1,4,forest,unconsolidated_sediment,0,0.010592099557529254,0,LOW
2024-02-11 21:00:00,Chamoli-Gauge-1,1,sparse_vegetation,fractured_metamorphic,0,0.6393432070717212,1,HIGH
2024-02-11 21:00:00,Kolkata-Gauge-1,2,urban,unconsolidated_sediment,0,0.010592099557529254,0,LOW
2024-02-11 21:00:00,Guwahati-Gauge-1,3,cropland,sedimentary,0,0.011543260055490764,0,LOW
2024-02-11 21:00:00,Sonapur-Gauge-1,4,forest,unconsolidated_sediment,0,0.010592099557529254,0,LOW
2024-02-11 22:00:00,Chamoli-Gauge-1,1,sparse_vegetation,fractured_metamorphic,0,0.19739707496735517,0,LOW
2024-02-11 22:00:00,Kolkata-Gauge-1,2,urban,unconsolidated_sediment,0,0.010592099557529254,0,LOW
2024-02-11 22:00:00,Guwahati-Gauge-1,3,cropland,sedimentary,0,0.011789486135232917,0,LOW
2024-02-11 22:00:00,Sonapur-Gauge-1,4,forest,unconsolidated_sediment,0,0.010592099557529254,0,LOW
2024-02-11 23:00:00,Chamoli-Gauge-1,1,sparse_vegetation,fractured_metamorphic,0,0.5180132289613821,1,MODERATE
2024-02-11 23:00:00,Kolkata-Gauge-1,2,urban,unconsolidated_sediment,0,0.010592099557529254,0,LOW
2024-02-11 23:00:00,Guwahati-Gauge-1,3,cropland,sedimentary,0,0.010789660606910594,0,LOW
2024-02-11 23:00:00,Sonapur-Gauge-1,4,forest,unconsolidated_sediment,0,0.010592099557529254,0,LOW
2024-02-12 00:00:00,Chamoli-Gauge-1,1,sparse_vegetation,fractured_metamorphic,1,0.6027791271827527,1,HIGH
2024-02-12 00:00:00,Kolkata-Gauge-1,2,urban,unconsolidated_sediment,0,0.010592099557529254,0,LOW
2024-02-12 00:00:00,Guwahati-Gauge-1,3,cropland,sedimentary,0,0.010789660606910594,0,LOW
2024-02-12 00:00:00,Sonapur-Gauge-1,4,forest,unconsolidated_sediment,0,0.010592099557529254,0,LOW
2024-02-12 01:00:00,Chamoli-Gauge-1,1,sparse_vegetation,fractured_metamorphic,1,0.5272863958405111,1,MODERATE
2024-02-12 01:00:00,Kolkata-Gauge-1,2,urban,unconsolidated_sediment,0,0.010592099557529254,0,LOW
2024-02-12 01:00:00,Guwahati-Gauge-1,3,cropland,sedimentary,0,0.010592099557529254,0,LOW
2024-02-12 01:00:00,Sonapur-Gauge-1,4,forest,unconsolidated_sediment,0,0.010891802437726137,0,LOW
2024-02-12 02:00:00,Chamoli-Gauge-1,1,sparse_vegetation,fractured_metamorphic,0,0.17462814541404226,0,LOW
2024-02-12 02:00:00,Kolkata-Gauge-1,2,urban,unconsolidated_sediment,0,0.010592099557529254,0,LOW
2024-02-12 02:00:00,Guwahati-Gauge-1,3,cropland,sedimentary,0,0.010592099557529254,0,LOW
2024-02-12 02:00:00,Sonapur-Gauge-1,4,forest,unconsolidated_sediment,0,0.010592099557529254,0,LOW
2024-02-12 03:00:00,Chamoli-Gauge-1,1,sparse_vegetation,fractured_metamorphic,0,0.09571611352588859,0,LOW
2024-02-12 03:00:00,Kolkata-Gauge-1,2,urban,unconsolidated_sediment,0,0.010592099557529254,0,LOW
2024-02-12 03:00:00,Guwahati-Gauge-1,3,cropland,sedimentary,0,0.010592099557529254,0,LOW
2024-02-12 03:00:00,Sonapur-Gauge-1,4,forest,unconsolidated_sediment,0,0.010592099557529254,0,LOW
2024-02-12 04:00:00,Chamoli-Gauge-1,1,sparse_vegetation,fractured_metamorphic,0,0.06024431578407219,0,LOW
2024-02-12 04:00:00,Kolkata-Gauge-1,2,urban,unconsolidated_sediment,0,0.010592099557529254,0,LOW
2024-02-12 04:00:00,Guwahati-Gauge-1,3,cropland,sedimentary,0,0.011253705599992607,0,LOW
2024-02-12 04:00:00,Sonapur-Gauge-1,4,forest,unconsolidated_sediment,0,0.010592099557529254,0,LOW
2024-02-12 05:00:00,Chamoli-Gauge-1,1,sparse_vegetation,fractured_metamorphic,0,0.03726329793548534,0,LOW
2024-02-12 05:00:00,Kolkata-Gauge-1,2,urban,unconsolidated_sediment,0,0.010592099557529254,0,LOW
2024-02-12 05:00:00,Guwahati-Gauge-1,3,cropland,sedimentary,0,0.011000994831699093,0,LOW
2024-02-12 05:00:00,Sonapur-Gauge-1,4,forest,unconsolidated_sediment,0,0.010592099557529254,0,LOW
2024-02-12 06:00:00,Chamoli-Gauge-1,1,sparse_vegetation,fractured_metamorphic,1,0.48647015383214254,0,MODERATE
2024-02-12 06:00:00,Kolkata-Gauge-1,2,urban,unconsolidated_sediment,0,0.010592099557529254,0,LOW
2024-02-12 06:00:00,Guwahati-Gauge-1,3,cropland,sedimentary,0,0.01154217848948702,0,LOW
2024-02-12 06:00:00,Sonapur-Gauge-1,4,forest,unconsolidated_sediment,0,0.010592099557529254,0,LOW
2024-02-12 07:00:00,Chamoli-Gauge-1,1,sparse_vegetation,fractured_metamorphic,0,0.07784242901884086,0,LOW
2024-02-12 07:00:00,Kolkata-Gauge-1,2,urban,unconsolidated_sediment,0,0.01061297605656985,0,LOW
2024-02-12 07:00:00,Guwahati-Gauge-1,3,cropland,sedimentary,0,0.014779822114632425,0,LOW
2024-02-12 07:00:00,Sonapur-Gauge-1,4,forest,unconsolidated_sediment,0,0.010592099557529254,0,LOW
2024-02-12 08:00:00,Chamoli-Gauge-1,1,sparse_vegetation,fractured_metamorphic,0,0.05772639187396915,0,LOW
2024-02-12 08:00:00,Kolkata-Gauge-1,2,urban,unconsolidated_sediment,0,0.010592099557529254,0,LOW
2024-02-12 08:00:00,Guwahati-Gauge-1,3,cropland,sedimentary,0,0.010592099557529254,0,LOW
2024-02-12 08:00:00,Sonapur-Gauge-1,4,forest,unconsolidated_sediment,0,0.010592099557529254,0,LOW
2024-02-12 09:00:00,Chamoli-Gauge-1,1,sparse_vegetation,fractured_metamorphic,0,0.056023177399339735,0,LOW
2024-02-12 09:00:00,Kolkata-Gauge-1,2,urban,unconsolidated_sediment,0,0.010592099557529254,0,LOW
2024-02-12 09:00:00,Guwahati-Gauge-1,3,cropland,sedimentary,0,0.010592099557529254,0,LOW
2024-02-12 09:00:00,Sonapur-Gauge-1,4,forest,unconsolidated_sediment,0,0.010592099557529254,0,LOW
2024-02-12 10:00:00,Chamoli-Gauge-1,1,sparse_vegetation,fractured_metamorphic,0,0.08523970070758813,0,LOW
2024-02-12 10:00:00,Kolkata-Gauge-1,2,urban,unconsolidated_sediment,0,0.010592099557529254,0,LOW
2024-02-12 10:00:00,Guwahati-Gauge-1,3,cropland,sedimentary,0,0.010592099557529254,0,LOW
2024-02-12 10:00:00,Sonapur-Gauge-1,4,forest,unconsolidated_sediment,0,0.010592099557529254,0,LOW
2024-02-12 11:00:00,Chamoli-Gauge-1,1,sparse_vegetation,fractured_metamorphic,0,0.12485255621626117,0,LOW
2024-02-12 11:00:00,Kolkata-Gauge-1,2,urban,unconsolidated_sediment,0,0.010592099557529254,0,LOW
2024-02-12 11:00:00,Guwahati-Gauge-1,3,cropland,sedimentary,0,0.010592099557529254,0,LOW
2024-02-12 11:00:00,Sonapur-Gauge-1,4,forest,unconsolidated_sediment,0,0.010592099557529254,0,LOW
2024-02-12 12:00:00,Chamoli-Gauge-1,1,sparse_vegetation,fractured_metamorphic,1,0.4193005361868495,0,MODERATE
2024-02-12 12:00:00,Kolkata-Gauge-1,2,urban,unconsolidated_sediment,0,0.010592099557529254,0,LOW
2024-02-12 12:00:00,Guwahati-Gauge-1,3,cropland,sedimentary,0,0.010592099557529254,0,LOW
2024-02-12 12:00:00,Sonapur-Gauge-1,4,forest,unconsolidated_sediment,0,0.010592099557529254,0,LOW
2024-02-12 13:00:00,Chamoli-Gauge-1,1,sparse_vegetation,fractured_metamorphic,0,0.04678759122313695,0,LOW
2024-02-12 13:00:00,Kolkata-Gauge-1,2,urban,unconsolidated_sediment,0,0.010592099557529254,0,LOW
2024-02-12 13:00:00,Guwahati-Gauge-1,3,cropland,sedimentary,0,0.010592099557529254,0,LOW
2024-02-12 13:00:00,Sonapur-Gauge-1,4,forest,unconsolidated_sediment,0,0.010642074571047832,0,LOW
2024-02-12 14:00:00,Chamoli-Gauge-1,1,sparse_vegetation,fractured_metamorphic,0,0.020863107730422954,0,LOW
2024-02-12 14:00:00,Kolkata-Gauge-1,2,urban,unconsolidated_sediment,0,0.010592099557529254,0,LOW
2024-02-12 14:00:00,Guwahati-Gauge-1,3,cropland,sedimentary,0,0.010592099557529254,0,LOW
2024-02-12 14:00:00,Sonapur-Gauge-1,4,forest,unconsolidated_sediment,0,0.010642074571047832,0,LOW
2024-02-12 15:00:00,Chamoli-Gauge-1,1,sparse_vegetation,fractured_metamorphic,0,0.033528641648264475,0,LOW
2024-02-12 15:00:00,Kolkata-Gauge-1,2,urban,unconsolidated_sediment,0,0.010592099557529254,0,LOW
2024-02-12 15:00:00,Guwahati-Gauge-1,3,cropland,sedimentary,0,0.01114280961864727,0,LOW
2024-02-12 15:00:00,Sonapur-Gauge-1,4,forest,unconsolidated_sediment,0,0.010642074571047832,0,LOW
2024-02-12 16:00:00,Chamoli-Gauge-1,1,sparse_vegetation,fractured_metamorphic,0,0.024734837367455364,0,LOW
2024-02-12 16:00:00,Kolkata-Gauge-1,2,urban,unconsolidated_sediment,0,0.010592099557529254,0,LOW
2024-02-12 16:00:00,Guwahati-Gauge-1,3,cropland,sedimentary,0,0.010744571549076922,0,LOW
2024-02-12 16:00:00,Sonapur-Gauge-1,4,forest,unconsolidated_sediment,0,0.010592099557529254,0,LOW
2024-02-12 17:00:00,Chamoli-Gauge-1,1,sparse_vegetation,fractured_metamorphic,0,0.026397852119526746,0,LOW
2024-02-12 17:00:00,Kolkata-Gauge-1,2,urban,unconsolidated_sediment,0,0.010592099557529254,0,LOW
2024-02-12 17:00:00,Guwahati-Gauge-1,3,cropland,sedimentary,0,0.010592099557529254,0,LOW
2024-02-12 17:00:00,Sonapur-Gauge-1,4,forest,unconsolidated_sediment,0,0.010592099557529254,0,LOW
2024-02-12 18:00:00,Chamoli-Gauge-1,1,sparse_vegetation,fractured_metamorphic,0,0.1751094208786747,0,LOW
2024-02-12 18:00:00,Kolkata-Gauge-1,2,urban,unconsolidated_sediment,0,0.010592099557529254,0,LOW
2024-02-12 18:00:00,Guwahati-Gauge-1,3,cropland,sedimentary,0,0.010592099557529254,0,LOW
2024-02-12 18:00:00,Sonapur-Gauge-1,4,forest,unconsolidated_sediment,0,0.010961564655620471,0,LOW
2024-02-12 19:00:00,Chamoli-Gauge-1,1,sparse_vegetation,fractured_metamorphic,1,0.2736223502991811,0,LOW
2024-02-12 19:00:00,Kolkata-Gauge-1,2,urban,unconsolidated_sediment,0,0.010592099557529254,0,LOW
2024-02-12 19:00:00,Guwahati-Gauge-1,3,cropland,sedimentary,0,0.010592099557529254,0,LOW
2024-02-12 19:00:00,Sonapur-Gauge-1,4,forest,unconsolidated_sediment,0,0.010592099557529254,0,LOW
2024-02-12 20:00:00,Chamoli-Gauge-1,1,sparse_vegetation,fractured_metamorphic,0,0.14073252803877645,0,LOW
2024-02-12 20:00:00,Kolkata-Gauge-1,2,urban,unconsolidated_sediment,0,0.010592099557529254,0,LOW
2024-02-12 20:00:00,Guwahati-Gauge-1,3,cropland,sedimentary,0,0.010592099557529254,0,LOW
2024-02-12 20:00:00,Sonapur-Gauge-1,4,forest,unconsolidated_sediment,0,0.010592099557529254,0,LOW
2024-02-12 21:00:00,Chamoli-Gauge-1,1,sparse_vegetation,fractured_metamorphic,0,0.05316246227347629,0,LOW
2024-02-12 21:00:00,Kolkata-Gauge-1,2,urban,unconsolidated_sediment,0,0.010592099557529254,0,LOW
2024-02-12 21:00:00,Guwahati-Gauge-1,3,cropland,sedimentary,0,0.010592099557529254,0,LOW
2024-02-12 21:00:00,Sonapur-Gauge-1,4,forest,unconsolidated_sediment,0,0.010592099557529254,0,LOW
2024-02-12 22:00:00,Chamoli-Gauge-1,1,sparse_vegetation,fractured_metamorphic,0,0.013510361413107966,0,LOW
2024-02-12 22:00:00,Kolkata-Gauge-1,2,urban,unconsolidated_sediment,0,0.010592099557529254,0,LOW
2024-02-12 22:00:00,Guwahati-Gauge-1,3,cropland,sedimentary,0,0.010592099557529254,0,LOW
2024-02-12 22:00:00,Sonapur-Gauge-1,4,forest,unconsolidated_sediment,0,0.010776095809508123,0,LOW
2024-02-12 23:00:00,Chamoli-Gauge-1,1,sparse_vegetation,fractured_metamorphic,0,0.020586278487817848,0,LOW
2024-02-12 23:00:00,Kolkata-Gauge-1,2,urban,unconsolidated_sediment,0,0.010592099557529254,0,LOW
2024-02-12 23:00:00,Guwahati-Gauge-1,3,cropland,sedimentary,0,0.010592099557529254,0,LOW
2024-02-12 23:00:00,Sonapur-Gauge-1,4,forest,unconsolidated_sediment,0,0.010776095809508123,0,LOW
2024-02-13 00:00:00,Chamoli-Gauge-1,1,sparse_vegetation,fractured_metamorphic,0,0.01795234076401943,0,LOW
2024-02-13 00:00:00,Kolkata-Gauge-1,2,urban,unconsolidated_sediment,0,0.010592099557529254,0,LOW
2024-02-13 00:00:00,Guwahati-Gauge-1,3,cropland,sedimentary,0,0.010592099557529254,0,LOW
2024-02-13 00:00:00,Sonapur-Gauge-1,4,forest,unconsolidated_sediment,0,0.010776095809508123,0,LOW
2024-02-13 01:00:00,Chamoli-Gauge-1,1,sparse_vegetation,fractured_metamorphic,0,0.015286695932528833,0,LOW
2024-02-13 01:00:00,Kolkata-Gauge-1,2,urban,unconsolidated_sediment,0,0.010592099557529254,0,LOW
2024-02-13 01:00:00,Guwahati-Gauge-1,3,cropland,sedimentary,0,0.010592099557529254,0,LOW
2024-02-13 01:00:00,Sonapur-Gauge-1,4,forest,unconsolidated_sediment,0,0.010776095809508123,0,LOW
2024-02-13 02:00:00,Chamoli-Gauge-1,1,sparse_vegetation,fractured_metamorphic,0,0.01894164408837228,0,LOW
2024-02-13 02:00:00,Kolkata-Gauge-1,2,urban,unconsolidated_sediment,0,0.010592099557529254,0,LOW
2024-02-13 02:00:00,Guwahati-Gauge-1,3,cropland,sedimentary,0,0.010592099557529254,0,LOW
2024-02-13 02:00:00,Sonapur-Gauge-1,4,forest,unconsolidated_sediment,0,0.011294811346164819,0,LOW
2024-02-13 03:00:00,Chamoli-Gauge-1,1,sparse_vegetation,fractured_metamorphic,0,0.0461416062570931,0,LOW
2024-02-13 03:00:00,Kolkata-Gauge-1,2,urban,unconsolidated_sediment,0,0.010592099557529254,0,LOW
2024-02-13 03:00:00,Guwahati-Gauge-1,3,cropland,sedimentary,0,0.010592099557529254,0,LOW
2024-02-13 03:00:00,Sonapur-Gauge-1,4,forest,unconsolidated_sediment,0,0.010592099557529254,0,LOW
2024-02-13 04:00:00,Chamoli-Gauge-1,1,sparse_vegetation,fractured_metamorphic,0,0.026579043182594575,0,LOW
2024-02-13 04:00:00,Kolkata-Gauge-1,2,urban,unconsolidated_sediment,0,0.010592099557529254,0,LOW
2024-02-13 04:00:00,Guwahati-Gauge-1,3,cropland,sedimentary,0,0.010592099557529254,0,LOW
2024-02-13 04:00:00,Sonapur-Gauge-1,4,forest,unconsolidated_sediment,0,0.010592099557529254,0,LOW
2024-02-13 05:00:00,Chamoli-Gauge-1,1,sparse_vegetation,fractured_metamorphic,0,0.024972434567933806,0,LOW
2024-02-13 05:00:00,Kolkata-Gauge-1,2,urban,unconsolidated_sediment,0,0.010592099557529254,0,LOW
2024-02-13 05:00:00,Guwahati-Gauge-1,3,cropland,sedimentary,0,0.010592099557529254,0,LOW
2024-02-13 05:00:00,Sonapur-Gauge-1,4,forest,unconsolidated_sediment,0,0.010592099557529254,0,LOW
2024-02-13 06:00:00,Chamoli-Gauge-1,1,sparse_vegetation,fractured_metamorphic,0,0.017744285779879763,0,LOW
2024-02-13 06:00:00,Kolkata-Gauge-1,2,urban,unconsolidated_sediment,0,0.010592099557529254,0,LOW
2024-02-13 06:00:00,Guwahati-Gauge-1,3,cropland,sedimentary,0,0.010592099557529254,0,LOW
2024-02-13 06:00:00,Sonapur-Gauge-1,4,forest,unconsolidated_sediment,0,0.010592099557529254,0,LOW
2024-02-13 07:00:00,Chamoli-Gauge-1,1,sparse_vegetation,fractured_metamorphic,0,0.01840112586059005,0,LOW
2024-02-13 07:00:00,Kolkata-Gauge-1,2,urban,unconsolidated_sediment,0,0.010592099557529254,0,LOW
2024-02-13 07:00:00,Guwahati-Gauge-1,3,cropland,sedimentary,0,0.010592099557529254,0,LOW
2024-02-13 07:00:00,Sonapur-Gauge-1,4,forest,unconsolidated_sediment,0,0.010592099557529254,0,LOW
2024-02-13 08:00:00,Chamoli-Gauge-1,1,sparse_vegetation,fractured_metamorphic,0,0.015421612706556707,0,LOW
2024-02-13 08:00:00,Kolkata-Gauge-1,2,urban,unconsolidated_sediment,0,0.010592099557529254,0,LOW
2024-02-13 08:00:00,Guwahati-Gauge-1,3,cropland,sedimentary,0,0.010592099557529254,0,LOW
2024-02-13 08:00:00,Sonapur-Gauge-1,4,forest,unconsolidated_sediment,0,0.010592099557529254,0,LOW
2024-02-13 09:00:00,Chamoli-Gauge-1,1,sparse_vegetation,fractured_metamorphic,0,0.020750797338262083,0,LOW
2024-02-13 09:00:00,Kolkata-Gauge-1,2,urban,unconsolidated_sediment,0,0.010592099557529254,0,LOW
2024-02-13 09:00:00,Guwahati-Gauge-1,3,cropland,sedimentary,0,0.010592099557529254,0,LOW
2024-02-13 09:00:00,Sonapur-Gauge-1,4,forest,unconsolidated_sediment,0,0.010592099557529254,0,LOW
2024-02-13 10:00:00,Chamoli-Gauge-1,1,sparse_vegetation,fractured_metamorphic,0,0.03345304927971968,0,LOW
2024-02-13 10:00:00,Kolkata-Gauge-1,2,urban,unconsolidated_sediment,0,0.010592099557529254,0,LOW
2024-02-13 10:00:00,Guwahati-Gauge-1,3,cropland,sedimentary,0,0.010592099557529254,0,LOW
2024-02-13 10:00:00,Sonapur-Gauge-1,4,forest,unconsolidated_sediment,0,0.010592099557529254,0,LOW
2024-02-13 11:00:00,Chamoli-Gauge-1,1,sparse_vegetation,fractured_metamorphic,0,0.09032021364193828,0,LOW
2024-02-13 11:00:00,Kolkata-Gauge-1,2,urban,unconsolidated_sediment,0,0.010592099557529254,0,LOW
2024-02-13 11:00:00,Guwahati-Gauge-1,3,cropland,sedimentary,0,0.010592099557529254,0,LOW
2024-02-13 11:00:00,Sonapur-Gauge-1,4,forest,unconsolidated_sediment,0,0.010592099557529254,0,LOW
2024-02-13 12:00:00,Chamoli-Gauge-1,1,sparse_vegetation,fractured_metamorphic,1,0.8023672719606214,1,EXTREME
2024-02-13 12:00:00,Kolkata-Gauge-1,2,urban,unconsolidated_sediment,0,0.010592099557529254,0,LOW
2024-02-13 12:00:00,Guwahati-Gauge-1,3,cropland,sedimentary,0,0.010592099557529254,0,LOW
2024-02-13 12:00:00,Sonapur-Gauge-1,4,forest,unconsolidated_sediment,0,0.010592099557529254,0,LOW
2024-02-13 13:00:00,Chamoli-Gauge-1,1,sparse_vegetation,fractured_metamorphic,1,0.7156559015954769,1,HIGH
2024-02-13 13:00:00,Kolkata-Gauge-1,2,urban,unconsolidated_sediment,0,0.010926340120532724,0,LOW
2024-02-13 13:00:00,Guwahati-Gauge-1,3,cropland,sedimentary,0,0.010592099557529254,0,LOW
2024-02-13 13:00:00,Sonapur-Gauge-1,4,forest,unconsolidated_sediment,0,0.010592099557529254,0,LOW
2024-02-13 14:00:00,Chamoli-Gauge-1,1,sparse_vegetation,fractured_metamorphic,0,0.47214692794880725,0,MODERATE
2024-02-13 14:00:00,Kolkata-Gauge-1,2,urban,unconsolidated_sediment,0,0.010926340120532724,0,LOW
2024-02-13 14:00:00,Guwahati-Gauge-1,3,cropland,sedimentary,0,0.010592099557529254,0,LOW
2024-02-13 14:00:00,Sonapur-Gauge-1,4,forest,unconsolidated_sediment,0,0.010592099557529254,0,LOW
2024-02-13 15:00:00,Chamoli-Gauge-1,1,sparse_vegetation,fractured_metamorphic,0,0.42638396646490667,0,MODERATE
2024-02-13 15:00:00,Kolkata-Gauge-1,2,urban,unconsolidated_sediment,0,0.010926340120532724,0,LOW
2024-02-13 15:00:00,Guwahati-Gauge-1,3,cropland,sedimentary,0,0.010592099557529254,0,LOW
2024-02-13 15:00:00,Sonapur-Gauge-1,4,forest,unconsolidated_sediment,0,0.010592099557529254,0,LOW
2024-02-13 16:00:00,Chamoli-Gauge-1,1,sparse_vegetation,fractured_metamorphic,1,0.6185847730295759,1,HIGH
2024-02-13 16:00:00,Kolkata-Gauge-1,2,urban,unconsolidated_sediment,0,0.010592099557529254,0,LOW
2024-02-13 16:00:00,Guwahati-Gauge-1,3,cropland,sedimentary,0,0.010592099557529254,0,LOW
2024-02-13 16:00:00,Sonapur-Gauge-1,4,forest,unconsolidated_sediment,0,0.01230577527867237,0,LOW
2024-02-13 17:00:00,Chamoli-Gauge-1,1,sparse_vegetation,fractured_metamorphic,0,0.4999022391302729,0,MODERATE
2024-02-13 17:00:00,Kolkata-Gauge-1,2,urban,unconsolidated_sediment,0,0.010751424107274431,0,LOW
2024-02-13 17:00:00,Guwahati-Gauge-1,3,cropland,sedimentary,0,0.010592099557529254,0,LOW
2024-02-13 17:00:00,Sonapur-Gauge-1,4,forest,unconsolidated_sediment,0,0.012719583173947654,0,LOW
2024-02-13 18:00:00,Chamoli-Gauge-1,1,sparse_vegetation,fractured_metamorphic,0,0.7558703230947535,1,HIGH
2024-02-13 18:00:00,Kolkata-Gauge-1,2,urban,unconsolidated_sediment,0,0.010751424107274431,0,LOW
2024-02-13 18:00:00,Guwahati-Gauge-1,3,cropland,sedimentary,0,0.010592099557529254,0,LOW
2024-02-13 18:00:00,Sonapur-Gauge-1,4,forest,unconsolidated_sediment,0,0.013632336358274173,0,LOW
2024-02-13 19:00:00,Chamoli-Gauge-1,1,sparse_vegetation,fractured_metamorphic,1,0.8467726451694463,1,EXTREME
2024-02-13 19:00:00,Kolkata-Gauge-1,2,urban,unconsolidated_sediment,0,0.010592099557529254,0,LOW
2024-02-13 19:00:00,Guwahati-Gauge-1,3,cropland,sedimentary,0,0.010592099557529254,0,LOW
2024-02-13 19:00:00,Sonapur-Gauge-1,4,forest,unconsolidated_sediment,0,0.010969472843345197,0,LOW
2024-02-13 20:00:00,Chamoli-Gauge-1,1,sparse_vegetation,fractured_metamorphic,1,0.8439850828147598,1,EXTREME
2024-02-13 20:00:00,Kolkata-Gauge-1,2,urban,unconsolidated_sediment,0,0.010592099557529254,0,LOW
2024-02-13 20:00:00,Guwahati-Gauge-1,3,cropland,sedimentary,0,0.010592099557529254,0,LOW
2024-02-13 20:00:00,Sonapur-Gauge-1,4,forest,unconsolidated_sediment,0,0.011195497264861584,0,LOW
2024-02-13 21:00:00,Chamoli-Gauge-1,1,sparse_vegetation,fractured_metamorphic,1,0.8334018792884428,1,EXTREME
2024-02-13 21:00:00,Kolkata-Gauge-1,2,urban,unconsolidated_sediment,0,0.010592099557529254,0,LOW
2024-02-13 21:00:00,Guwahati-Gauge-1,3,cropland,sedimentary,0,0.010592099557529254,0,LOW
2024-02-13 21:00:00,Sonapur-Gauge-1,4,forest,unconsolidated_sediment,0,0.011195497264861584,0,LOW
2024-02-13 22:00:00,Chamoli-Gauge-1,1,sparse_vegetation,fractured_metamorphic,1,0.8345313987457158,1,EXTREME
2024-02-13 22:00:00,Kolkata-Gauge-1,2,urban,unconsolidated_sediment,0,0.010592099557529254,0,LOW
2024-02-13 22:00:00,Guwahati-Gauge-1,3,cropland,sedimentary,0,0.010592099557529254,0,LOW
2024-02-13 22:00:00,Sonapur-Gauge-1,4,forest,unconsolidated_sediment,0,0.010592099557529254,0,LOW
2024-02-13 23:00:00,Chamoli-Gauge-1,1,sparse_vegetation,fractured_metamorphic,1,0.8068999470970236,1,EXTREME
2024-02-13 23:00:00,Kolkata-Gauge-1,2,urban,unconsolidated_sediment,0,0.011234144386825825,0,LOW
2024-02-13 23:00:00,Guwahati-Gauge-1,3,cropland,sedimentary,0,0.010592099557529254,0,LOW
2024-02-13 23:00:00,Sonapur-Gauge-1,4,forest,unconsolidated_sediment,0,0.010592099557529254,0,LOW
2024-02-14 00:00:00,Chamoli-Gauge-1,1,sparse_vegetation,fractured_metamorphic,0,0.04739500763166845,0,LOW
2024-02-14 00:00:00,Kolkata-Gauge-1,2,urban,unconsolidated_sediment,0,0.010592099557529254,0,LOW
2024-02-14 00:00:00,Guwahati-Gauge-1,3,cropland,sedimentary,0,0.010592099557529254,0,LOW
2024-02-14 00:00:00,Sonapur-Gauge-1,4,forest,unconsolidated_sediment,0,0.010592099557529254,0,LOW
2024-02-14 01:00:00,Chamoli-Gauge-1,1,sparse_vegetation,fractured_metamorphic,0,0.043546958636986245,0,LOW
2024-02-14 01:00:00,Kolkata-Gauge-1,2,urban,unconsolidated_sediment,0,0.010790475567197567,0,LOW
2024-02-14 01:00:00,Guwahati-Gauge-1,3,cropland,sedimentary,0,0.010592099557529254,0,LOW
2024-02-14 01:00:00,Sonapur-Gauge-1,4,forest,unconsolidated_sediment,0,0.010592099557529254,0,LOW
2024-02-14 02:00:00,Chamoli-Gauge-1,1,sparse_vegetation,fractured_metamorphic,0,0.045478842780952565,0,LOW
2024-02-14 02:00:00,Kolkata-Gauge-1,2,urban,unconsolidated_sediment,0,0.010592099557529254,0,LOW
2024-02-14 02:00:00,Guwahati-Gauge-1,3,cropland,sedimentary,0,0.010592099557529254,0,LOW
2024-02-14 02:00:00,Sonapur-Gauge-1,4,forest,unconsolidated_sediment,0,0.010592099557529254,0,LOW
2024-02-14 03:00:00,Chamoli-Gauge-1,1,sparse_vegetation,fractured_metamorphic,0,0.08076493657565875,0,LOW
2024-02-14 03:00:00,Kolkata-Gauge-1,2,urban,unconsolidated_sediment,0,0.010592099557529254,0,LOW
2024-02-14 03:00:00,Guwahati-Gauge-1,3,cropland,sedimentary,0,0.010592099557529254,0,LOW
2024-02-14 03:00:00,Sonapur-Gauge-1,4,forest,unconsolidated_sediment,0,0.010592099557529254,0,LOW
2024-02-14 04:00:00,Chamoli-Gauge-1,1,sparse_vegetation,fractured_metamorphic,0,0.09162903725948109,0,LOW
2024-02-14 04:00:00,Kolkata-Gauge-1,2,urban,unconsolidated_sediment,0,0.010592099557529254,0,LOW
2024-02-14 04:00:00,Guwahati-Gauge-1,3,cropland,sedimentary,0,0.010592099557529254,0,LOW
2024-02-14 04:00:00,Sonapur-Gauge-1,4,forest,unconsolidated_sediment,0,0.010592099557529254,0,LOW
2024-02-14 05:00:00,Chamoli-Gauge-1,1,sparse_vegetation,fractured_metamorphic,0,0.07259089377483186,0,LOW
2024-02-14 05:00:00,Kolkata-Gauge-1,2,urban,unconsolidated_sediment,0,0.010592099557529254,0,LOW
2024-02-14 05:00:00,Guwahati-Gauge-1,3,cropland,sedimentary,0,0.010592099557529254,0,LOW
2024-02-14 05:00:00,Sonapur-Gauge-1,4,forest,unconsolidated_sediment,0,0.010592099557529254,0,LOW
2024-02-14 06:00:00,Chamoli-Gauge-1,1,sparse_vegetation,fractured_metamorphic,0,0.07389570191916005,0,LOW
2024-02-14 06:00:00,Kolkata-Gauge-1,2,urban,unconsolidated_sediment,0,0.010592099557529254,0,LOW
2024-02-14 06:00:00,Guwahati-Gauge-1,3,cropland,sedimentary,0,0.010592099557529254,0,LOW
2024-02-14 06:00:00,Sonapur-Gauge-1,4,forest,unconsolidated_sediment,0,0.01097611195695135,0,LOW
2024-02-14 07:00:00,Chamoli-Gauge-1,1,sparse_vegetation,fractured_metamorphic,0,0.11380281604866964,0,LOW
2024-02-14 07:00:00,Kolkata-Gauge-1,2,urban,unconsolidated_sediment,0,0.010592099557529254,0,LOW
2024-02-14 07:00:00,Guwahati-Gauge-1,3,cropland,sedimentary,0,0.01120366431620506,0,LOW
2024-02-14 07:00:00,Sonapur-Gauge-1,4,forest,unconsolidated_sediment,0,0.010592099557529254,0,LOW
2024-02-14 08:00:00,Chamoli-Gauge-1,1,sparse_vegetation,fractured_metamorphic,0,0.07186050407379443,0,LOW
2024-02-14 08:00:00,Kolkata-Gauge-1,2,urban,unconsolidated_sediment,0,0.010592099557529254,0,LOW
2024-02-14 08:00:00,Guwahati-Gauge-1,3,cropland,sedimentary,0,0.010592099557529254,0,LOW
2024-02-14 08:00:00,Sonapur-Gauge-1,4,forest,unconsolidated_sediment,0,0.010592099557529254,0,LOW
2024-02-14 09:00:00,Chamoli-Gauge-1,1,sparse_vegetation,fractured_metamorphic,0,0.08083466713732938,0,LOW
2024-02-14 09:00:00,Kolkata-Gauge-1,2,urban,unconsolidated_sediment,0,0.010592099557529254,0,LOW
2024-02-14 09:00:00,Guwahati-Gauge-1,3,cropland,sedimentary,0,0.010592099557529254,0,LOW
2024-02-14 09:00:00,Sonapur-Gauge-1,4,forest,unconsolidated_sediment,0,0.010592099557529254,0,LOW
2024-02-14 10:00:00,Chamoli-Gauge-1,1,sparse_vegetation,fractured_metamorphic,0,0.095205372832696,0,LOW
2024-02-14 10:00:00,Kolkata-Gauge-1,2,urban,unconsolidated_sediment,0,0.010592099557529254,0,LOW
2024-02-14 10:00:00,Guwahati-Gauge-1,3,cropland,sedimentary,0,0.010592099557529254,0,LOW
2024-02-14 10:00:00,Sonapur-Gauge-1,4,forest,unconsolidated_sediment,0,0.010592099557529254,0,LOW
2024-02-14 11:00:00,Chamoli-Gauge-1,1,sparse_vegetation,fractured_metamorphic,1,0.3519091782655149,0,MODERATE
2024-02-14 11:00:00,Kolkata-Gauge-1,2,urban,unconsolidated_sediment,0,0.010592099557529254,0,LOW
2024-02-14 11:00:00,Guwahati-Gauge-1,3,cropland,sedimentary,0,0.010592099557529254,0,LOW
2024-02-14 11:00:00,Sonapur-Gauge-1,4,forest,unconsolidated_sediment,0,0.010592099557529254,0,LOW
2024-02-14 12:00:00,Chamoli-Gauge-1,1,sparse_vegetation,fractured_metamorphic,1,0.8523044671821673,1,EXTREME
2024-02-14 12:00:00,Kolkata-Gauge-1,2,urban,unconsolidated_sediment,0,0.010592099557529254,0,LOW
2024-02-14 12:00:00,Guwahati-Gauge-1,3,cropland,sedimentary,0,0.010808285785053563,0,LOW
2024-02-14 12:00:00,Sonapur-Gauge-1,4,forest,unconsolidated_sediment,0,0.010592099557529254,0,LOW
2024-02-14 13:00:00,Chamoli-Gauge-1,1,sparse_vegetation,fractured_metamorphic,1,0.864860847569522,1,EXTREME
2024-02-14 13:00:00,Kolkata-Gauge-1,2,urban,unconsolidated_sediment,0,0.01061297605656985,0,LOW
2024-02-14 13:00:00,Guwahati-Gauge-1,3,cropland,sedimentary,0,0.010808285785053563,0,LOW
2024-02-14 13:00:00,Sonapur-Gauge-1,4,forest,unconsolidated_sediment,0,0.010592099557529254,0,LOW
2024-02-14 14:00:00,Chamoli-Gauge-1,1,sparse_vegetation,fractured_metamorphic,1,0.8488407508104346,1,EXTREME
2024-02-14 14:00:00,Kolkata-Gauge-1,2,urban,unconsolidated_sediment,0,0.01061297605656985,0,LOW
2024-02-14 14:00:00,Guwahati-Gauge-1,3,cropland,sedimentary,0,0.010592099557529254,0,LOW
2024-02-14 14:00:00,Sonapur-Gauge-1,4,forest,unconsolidated_sediment,0,0.010891802437726137,0,LOW
2024-02-14 15:00:00,Chamoli-Gauge-1,1,sparse_vegetation,fractured_metamorphic,0,0.2316308644795026,0,LOW
2024-02-14 15:00:00,Kolkata-Gauge-1,2,urban,unconsolidated_sediment,0,0.01061297605656985,0,LOW
2024-02-14 15:00:00,Guwahati-Gauge-1,3,cropland,sedimentary,0,0.010592099557529254,0,LOW
2024-02-14 15:00:00,Sonapur-Gauge-1,4,forest,unconsolidated_sediment,0,0.010592099557529254,0,LOW
2024-02-14 16:00:00,Chamoli-Gauge-1,1,sparse_vegetation,fractured_metamorphic,0,0.17053707937452253,0,LOW
2024-02-14 16:00:00,Kolkata-Gauge-1,2,urban,unconsolidated_sediment,0,0.01061297605656985,0,LOW
2024-02-14 16:00:00,Guwahati-Gauge-1,3,cropland,sedimentary,0,0.010592099557529254,0,LOW
2024-02-14 16:00:00,Sonapur-Gauge-1,4,forest,unconsolidated_sediment,0,0.010592099557529254,0,LOW
2024-02-14 17:00:00,Chamoli-Gauge-1,1,sparse_vegetation,fractured_metamorphic,0,0.13061164801366268,0,LOW
2024-02-14 17:00:00,Kolkata-Gauge-1,2,urban,unconsolidated_sediment,0,0.01061297605656985,0,LOW
2024-02-14 17:00:00,Guwahati-Gauge-1,3,cropland,sedimentary,0,0.010592099557529254,0,LOW
2024-02-14 17:00:00,Sonapur-Gauge-1,4,forest,unconsolidated_sediment,0,0.010592099557529254,0,LOW
2024-02-14 18:00:00,Chamoli-Gauge-1,1,sparse_vegetation,fractured_metamorphic,0,0.29728129883656124,0,LOW
2024-02-14 18:00:00,Kolkata-Gauge-1,2,urban,unconsolidated_sediment,0,0.01061297605656985,0,LOW
2024-02-14 18:00:00,Guwahati-Gauge-1,3,cropland,sedimentary,0,0.010807461732950222,0,LOW
2024-02-14 18:00:00,Sonapur-Gauge-1,4,forest,unconsolidated_sediment,0,0.010592099557529254,0,LOW
2024-02-14 19:00:00,Chamoli-Gauge-1,1,sparse_vegetation,fractured_metamorphic,0,0.21702947002234507,0,LOW
2024-02-14 19:00:00,Kolkata-Gauge-1,2,urban,unconsolidated_sediment,0,0.01061297605656985,0,LOW
2024-02-14 19:00:00,Guwahati-Gauge-1,3,cropland,sedimentary,0,0.010592099557529254,0,LOW
2024-02-14 19:00:00,Sonapur-Gauge-1,4,forest,unconsolidated_sediment,0,0.010592099557529254,0,LOW
2024-02-14 20:00:00,Chamoli-Gauge-1,1,sparse_vegetation,fractured_metamorphic,1,0.8147493790505865,1,EXTREME
2024-02-14 20:00:00,Kolkata-Gauge-1,2,urban,unconsolidated_sediment,0,0.010592099557529254,0,LOW
2024-02-14 20:00:00,Guwahati-Gauge-1,3,cropland,sedimentary,0,0.010592099557529254,0,LOW
2024-02-14 20:00:00,Sonapur-Gauge-1,4,forest,unconsolidated_sediment,0,0.010592099557529254,0,LOW
2024-02-14 21:00:00,Chamoli-Gauge-1,1,sparse_vegetation,fractured_metamorphic,1,0.8548575334287827,1,EXTREME
2024-02-14 21:00:00,Kolkata-Gauge-1,2,urban,unconsolidated_sediment,0,0.010592099557529254,0,LOW
2024-02-14 21:00:00,Guwahati-Gauge-1,3,cropland,sedimentary,0,0.010592099557529254,0,LOW
2024-02-14 21:00:00,Sonapur-Gauge-1,4,forest,unconsolidated_sediment,0,0.010592099557529254,0,LOW
2024-02-14 22:00:00,Chamoli-Gauge-1,1,sparse_vegetation,fractured_metamorphic,1,0.8287213281263557,1,EXTREME
2024-02-14 22:00:00,Kolkata-Gauge-1,2,urban,unconsolidated_sediment,0,0.010592099557529254,0,LOW
2024-02-14 22:00:00,Guwahati-Gauge-1,3,cropland,sedimentary,0,0.010592099557529254,0,LOW
2024-02-14 22:00:00,Sonapur-Gauge-1,4,forest,unconsolidated_sediment,0,0.010592099557529254,0,LOW
2024-02-14 23:00:00,Chamoli-Gauge-1,1,sparse_vegetation,fractured_metamorphic,1,0.8199823752705998,1,EXTREME
2024-02-14 23:00:00,Kolkata-Gauge-1,2,urban,unconsolidated_sediment,0,0.010592099557529254,0,LOW
2024-02-14 23:00:00,Guwahati-Gauge-1,3,cropland,sedimentary,0,0.010592099557529254,0,LOW
2024-02-14 23:00:00,Sonapur-Gauge-1,4,forest,unconsolidated_sediment,0,0.010592099557529254,0,LOW
2024-02-15 00:00:00,Chamoli-Gauge-1,1,sparse_vegetation,fractured_metamorphic,0,0.2332655761409257,0,LOW
2024-02-15 00:00:00,Kolkata-Gauge-1,2,urban,unconsolidated_sediment,0,0.010592099557529254,0,LOW
2024-02-15 00:00:00,Guwahati-Gauge-1,3,cropland,sedimentary,0,0.010592099557529254,0,LOW
2024-02-15 00:00:00,Sonapur-Gauge-1,4,forest,unconsolidated_sediment,0,0.010592099557529254,0,LOW
2024-02-15 01:00:00,Chamoli-Gauge-1,1,sparse_vegetation,fractured_metamorphic,0,0.3522273211363087,0,MODERATE
2024-02-15 01:00:00,Kolkata-Gauge-1,2,urban,unconsolidated_sediment,0,0.010592099557529254,0,LOW
2024-02-15 01:00:00,Guwahati-Gauge-1,3,cropland,sedimentary,0,0.010592099557529254,0,LOW
2024-02-15 01:00:00,Sonapur-Gauge-1,4,forest,unconsolidated_sediment,0,0.010592099557529254,0,LOW
2024-02-15 02:00:00,Chamoli-Gauge-1,1,sparse_vegetation,fractured_metamorphic,1,0.7244830111086997,1,HIGH
2024-02-15 02:00:00,Kolkata-Gauge-1,2,urban,unconsolidated_sediment,0,0.010592099557529254,0,LOW
2024-02-15 02:00:00,Guwahati-Gauge-1,3,cropland,sedimentary,0,0.010592099557529254,0,LOW
2024-02-15 02:00:00,Sonapur-Gauge-1,4,forest,unconsolidated_sediment,0,0.010592099557529254,0,LOW
2024-02-15 03:00:00,Chamoli-Gauge-1,1,sparse_vegetation,fractured_metamorphic,1,0.5504865298365755,1,MODERATE
2024-02-15 03:00:00,Kolkata-Gauge-1,2,urban,unconsolidated_sediment,0,0.010592099557529254,0,LOW
2024-02-15 03:00:00,Guwahati-Gauge-1,3,cropland,sedimentary,0,0.010592099557529254,0,LOW
2024-02-15 03:00:00,Sonapur-Gauge-1,4,forest,unconsolidated_sediment,0,0.010592099557529254,0,LOW
2024-02-15 04:00:00,Chamoli-Gauge-1,1,sparse_vegetation,fractured_metamorphic,0,0.3948696855914238,0,MODERATE
2024-02-15 04:00:00,Kolkata-Gauge-1,2,urban,unconsolidated_sediment,0,0.010592099557529254,0,LOW
2024-02-15 04:00:00,Guwahati-Gauge-1,3,cropland,sedimentary,0,0.010592099557529254,0,LOW
2024-02-15 04:00:00,Sonapur-Gauge-1,4,forest,unconsolidated_sediment,0,0.010592099557529254,0,LOW
2024-02-15 05:00:00,Chamoli-Gauge-1,1,sparse_vegetation,fractured_metamorphic,0,0.36947944210324424,0,MODERATE
2024-02-15 05:00:00,Kolkata-Gauge-1,2,urban,unconsolidated_sediment,0,0.010592099557529254,0,LOW
2024-02-15 05:00:00,Guwahati-Gauge-1,3,cropland,sedimentary,0,0.010592099557529254,0,LOW
2024-02-15 05:00:00,Sonapur-Gauge-1,4,forest,unconsolidated_sediment,0,0.010592099557529254,0,LOW
2024-02-15 06:00:00,Chamoli-Gauge-1,1,sparse_vegetation,fractured_metamorphic,0,0.13066706473168166,0,LOW
2024-02-15 06:00:00,Kolkata-Gauge-1,2,urban,unconsolidated_sediment,0,0.010592099557529254,0,LOW
2024-02-15 06:00:00,Guwahati-Gauge-1,3,cropland,sedimentary,0,0.010592099557529254,0,LOW
2024-02-15 06:00:00,Sonapur-Gauge-1,4,forest,unconsolidated_sediment,0,0.010592099557529254,0,LOW
2024-02-15 07:00:00,Chamoli-Gauge-1,1,sparse_vegetation,fractured_metamorphic,1,0.6401400959183803,1,HIGH
2024-02-15 07:00:00,Kolkata-Gauge-1,2,urban,unconsolidated_sediment,0,0.010592099557529254,0,LOW
2024-02-15 07:00:00,Guwahati-Gauge-1,3,cropland,sedimentary,0,0.010592099557529254,0,LOW
2024-02-15 07:00:00,Sonapur-Gauge-1,4,forest,unconsolidated_sediment,0,0.010592099557529254,0,LOW
2024-02-15 08:00:00,Chamoli-Gauge-1,1,sparse_vegetation,fractured_metamorphic,0,0.22175064123403496,0,LOW
2024-02-15 08:00:00,Kolkata-Gauge-1,2,urban,unconsolidated_sediment,0,0.010592099557529254,0,LOW
2024-02-15 08:00:00,Guwahati-Gauge-1,3,cropland,sedimentary,0,0.010592099557529254,0,LOW
2024-02-15 08:00:00,Sonapur-Gauge-1,4,forest,unconsolidated_sediment,0,0.010592099557529254,0,LOW
2024-02-15 09:00:00,Chamoli-Gauge-1,1,sparse_vegetation,fractured_metamorphic,1,0.5475426512708582,1,MODERATE
2024-02-15 09:00:00,Kolkata-Gauge-1,2,urban,unconsolidated_sediment,0,0.010592099557529254,0,LOW
2024-02-15 09:00:00,Guwahati-Gauge-1,3,cropland,sedimentary,0,0.010592099557529254,0,LOW
2024-02-15 09:00:00,Sonapur-Gauge-1,4,forest,unconsolidated_sediment,0,0.010592099557529254,0,LOW
2024-02-15 10:00:00,Chamoli-Gauge-1,1,sparse_vegetation,fractured_metamorphic,0,0.2643109551016243,0,LOW
2024-02-15 10:00:00,Kolkata-Gauge-1,2,urban,unconsolidated_sediment,0,0.010592099557529254,0,LOW
2024-02-15 10:00:00,Guwahati-Gauge-1,3,cropland,sedimentary,0,0.010592099557529254,0,LOW
2024-02-15 10:00:00,Sonapur-Gauge-1,4,forest,unconsolidated_sediment,0,0.010592099557529254,0,LOW
2024-02-15 11:00:00,Chamoli-Gauge-1,1,sparse_vegetation,fractured_metamorphic,0,0.24404580720338503,0,LOW
2024-02-15 11:00:00,Kolkata-Gauge-1,2,urban,unconsolidated_sediment,0,0.010592099557529254,0,LOW
2024-02-15 11:00:00,Guwahati-Gauge-1,3,cropland,sedimentary,0,0.010592099557529254,0,LOW
2024-02-15 11:00:00,Sonapur-Gauge-1,4,forest,unconsolidated_sediment,0,0.010592099557529254,0,LOW
2024-02-15 12:00:00,Chamoli-Gauge-1,1,sparse_vegetation,fractured_metamorphic,0,0.06715749388012597,0,LOW
2024-02-15 12:00:00,Kolkata-Gauge-1,2,urban,unconsolidated_sediment,0,0.010592099557529254,0,LOW
2024-02-15 12:00:00,Guwahati-Gauge-1,3,cropland,sedimentary,0,0.010592099557529254,0,LOW
2024-02-15 12:00:00,Sonapur-Gauge-1,4,forest,unconsolidated_sediment,0,0.010592099557529254,0,LOW
2024-02-15 13:00:00,Chamoli-Gauge-1,1,sparse_vegetation,fractured_metamorphic,0,0.065287795407319,0,LOW
2024-02-15 13:00:00,Kolkata-Gauge-1,2,urban,unconsolidated_sediment,0,0.010592099557529254,0,LOW
2024-02-15 13:00:00,Guwahati-Gauge-1,3,cropland,sedimentary,0,0.010592099557529254,0,LOW
2024-02-15 13:00:00,Sonapur-Gauge-1,4,forest,unconsolidated_sediment,0,0.010592099557529254,0,LOW
2024-02-15 14:00:00,Chamoli-Gauge-1,1,sparse_vegetation,fractured_metamorphic,0,0.09333110615724742,0,LOW
2024-02-15 14:00:00,Kolkata-Gauge-1,2,urban,unconsolidated_sediment,0,0.010592099557529254,0,LOW
2024-02-15 14:00:00,Guwahati-Gauge-1,3,cropland,sedimentary,0,0.010592099557529254,0,LOW
2024-02-15 14:00:00,Sonapur-Gauge-1,4,forest,unconsolidated_sediment,0,0.010592099557529254,0,LOW
2024-02-15 15:00:00,Chamoli-Gauge-1,1,sparse_vegetation,fractured_metamorphic,1,0.3950827568435205,0,MODERATE
2024-02-15 15:00:00,Kolkata-Gauge-1,2,urban,unconsolidated_sediment,0,0.010592099557529254,0,LOW
2024-02-15 15:00:00,Guwahati-Gauge-1,3,cropland,sedimentary,0,0.010592099557529254,0,LOW
2024-02-15 15:00:00,Sonapur-Gauge-1,4,forest,unconsolidated_sediment,0,0.010592099557529254,0,LOW
2024-02-15 16:00:00,Chamoli-Gauge-1,1,sparse_vegetation,fractured_metamorphic,0,0.08663971865325588,0,LOW
2024-02-15 16:00:00,Kolkata-Gauge-1,2,urban,unconsolidated_sediment,0,0.0116184268841609,0,LOW
2024-02-15 16:00:00,Guwahati-Gauge-1,3,cropland,sedimentary,0,0.010592099557529254,0,LOW
2024-02-15 16:00:00,Sonapur-Gauge-1,4,forest,unconsolidated_sediment,0,0.010592099557529254,0,LOW
2024-02-15 17:00:00,Chamoli-Gauge-1,1,sparse_vegetation,fractured_metamorphic,0,0.11193656828324318,0,LOW
2024-02-15 17:00:00,Kolkata-Gauge-1,2,urban,unconsolidated_sediment,0,0.011339953154933762,0,LOW
2024-02-15 17:00:00,Guwahati-Gauge-1,3,cropland,sedimentary,0,0.010592099557529254,0,LOW
2024-02-15 17:00:00,Sonapur-Gauge-1,4,forest,unconsolidated_sediment,0,0.010592099557529254,0,LOW
2024-02-15 18:00:00,Chamoli-Gauge-1,1,sparse_vegetation,fractured_metamorphic,0,0.01368180587333727,0,LOW
2024-02-15 18:00:00,Kolkata-Gauge-1,2,urban,unconsolidated_sediment,0,0.011339953154933762,0,LOW
2024-02-15 18:00:00,Guwahati-Gauge-1,3,cropland,sedimentary,0,0.010592099557529254,0,LOW
2024-02-15 18:00:00,Sonapur-Gauge-1,4,forest,unconsolidated_sediment,0,0.010592099557529254,0,LOW
2024-02-15 19:00:00,Chamoli-Gauge-1,1,sparse_vegetation,fractured_metamorphic,0,0.01208376402893314,0,LOW
2024-02-15 19:00:00,Kolkata-Gauge-1,2,urban,unconsolidated_sediment,0,0.0111336037553337,0,LOW
2024-02-15 19:00:00,Guwahati-Gauge-1,3,cropland,sedimentary,0,0.010592099557529254,0,LOW
2024-02-15 19:00:00,Sonapur-Gauge-1,4,forest,unconsolidated_sediment,0,0.010983675245689488,0,LOW
2024-02-15 20:00:00,Chamoli-Gauge-1,1,sparse_vegetation,fractured_metamorphic,1,0.8394212736485879,1,EXTREME
2024-02-15 20:00:00,Kolkata-Gauge-1,2,urban,unconsolidated_sediment,0,0.010754890875493507,0,LOW
2024-02-15 20:00:00,Guwahati-Gauge-1,3,cropland,sedimentary,0,0.010592099557529254,0,LOW
2024-02-15 20:00:00,Sonapur-Gauge-1,4,forest,unconsolidated_sediment,0,0.010592099557529254,0,LOW
2024-02-15 21:00:00,Chamoli-Gauge-1,1,sparse_vegetation,fractured_metamorphic,0,0.5585520635607093,1,MODERATE
2024-02-15 21:00:00,Kolkata-Gauge-1,2,urban,unconsolidated_sediment,0,0.010754890875493507,0,LOW
2024-02-15 21:00:00,Guwahati-Gauge-1,3,cropland,sedimentary,0,0.010592099557529254,0,LOW
2024-02-15 21:00:00,Sonapur-Gauge-1,4,forest,unconsolidated_sediment,0,0.010592099557529254,0,LOW
2024-02-15 22:00:00,Chamoli-Gauge-1,1,sparse_vegetation,fractured_metamorphic,1,0.8816788933790087,1,EXTREME
2024-02-15 22:00:00,Kolkata-Gauge-1,2,urban,unconsolidated_sediment,0,0.010592099557529254,0,LOW
2024-02-15 22:00:00,Guwahati-Gauge-1,3,cropland,sedimentary,0,0.010592099557529254,0,LOW
2024-02-15 22:00:00,Sonapur-Gauge-1,4,forest,unconsolidated_sediment,0,0.010592099557529254,0,LOW
2024-02-15 23:00:00,Chamoli-Gauge-1,1,sparse_vegetation,fractured_metamorphic,1,0.8313179502105431,1,EXTREME
2024-02-15 23:00:00,Kolkata-Gauge-1,2,urban,unconsolidated_sediment,0,0.010592099557529254,0,LOW
2024-02-15 23:00:00,Guwahati-Gauge-1,3,cropland,sedimentary,0,0.010592099557529254,0,LOW
2024-02-15 23:00:00,Sonapur-Gauge-1,4,forest,unconsolidated_sediment,0,0.010592099557529254,0,LOW
2024-02-16 00:00:00,Chamoli-Gauge-1,1,sparse_vegetation,fractured_metamorphic,1,0.8477324124432478,1,EXTREME
2024-02-16 00:00:00,Kolkata-Gauge-1,2,urban,unconsolidated_sediment,0,0.041453612194470524,0,LOW
2024-02-16 00:00:00,Guwahati-Gauge-1,3,cropland,sedimentary,0,0.010592099557529254,0,LOW
2024-02-16 00:00:00,Sonapur-Gauge-1,4,forest,unconsolidated_sediment,0,0.010592099557529254,0,LOW
2024-02-16 01:00:00,Chamoli-Gauge-1,1,sparse_vegetation,fractured_metamorphic,1,0.7984874036471681,1,HIGH
2024-02-16 01:00:00,Kolkata-Gauge-1,2,urban,unconsolidated_sediment,0,0.02148630815171669,0,LOW
2024-02-16 01:00:00,Guwahati-Gauge-1,3,cropland,sedimentary,0,0.010592099557529254,0,LOW
2024-02-16 01:00:00,Sonapur-Gauge-1,4,forest,unconsolidated_sediment,0,0.010592099557529254,0,LOW
2024-02-16 02:00:00,Chamoli-Gauge-1,1,sparse_vegetation,fractured_metamorphic,0,0.4624161902704943,0,MODERATE
2024-02-16 02:00:00,Kolkata-Gauge-1,2,urban,unconsolidated_sediment,0,0.021222256369793118,0,LOW
2024-02-16 02:00:00,Guwahati-Gauge-1,3,cropland,sedimentary,0,0.010592099557529254,0,LOW
2024-02-16 02:00:00,Sonapur-Gauge-1,4,forest,unconsolidated_sediment,0,0.010592099557529254,0,LOW
2024-02-16 03:00:00,Chamoli-Gauge-1,1,sparse_vegetation,fractured_metamorphic,0,0.26257855759315457,0,LOW
2024-02-16 03:00:00,Kolkata-Gauge-1,2,urban,unconsolidated_sediment,0,0.029106848939118437,0,LOW
2024-02-16 03:00:00,Guwahati-Gauge-1,3,cropland,sedimentary,0,0.010592099557529254,0,LOW
2024-02-16 03:00:00,Sonapur-Gauge-1,4,forest,unconsolidated_sediment,0,0.010592099557529254,0,LOW
2024-02-16 04:00:00,Chamoli-Gauge-1,1,sparse_vegetation,fractured_metamorphic,1,0.6504315001819926,1,HIGH
2024-02-16 04:00:00,Kolkata-Gauge-1,2,urban,unconsolidated_sediment,1,0.6210594298005323,1,HIGH
2024-02-16 04:00:00,Guwahati-Gauge-1,3,cropland,sedimentary,0,0.010592099557529254,0,LOW
2024-02-16 04:00:00,Sonapur-Gauge-1,4,forest,unconsolidated_sediment,0,0.010592099557529254,0,LOW
2024-02-16 05:00:00,Chamoli-Gauge-1,1,sparse_vegetation,fractured_metamorphic,0,0.2230268152643676,0,LOW
2024-02-16 05:00:00,Kolkata-Gauge-1,2,urban,unconsolidated_sediment,1,0.657545584201269,1,HIGH
2024-02-16 05:00:00,Guwahati-Gauge-1,3,cropland,sedimentary,0,0.010592099557529254,0,LOW
2024-02-16 05:00:00,Sonapur-Gauge-1,4,forest,unconsolidated_sediment,0,0.01097848123882134,0,LOW
2024-02-16 06:00:00,Chamoli-Gauge-1,1,sparse_vegetation,fractured_metamorphic,1,0.7082298208613218,1,HIGH
2024-02-16 06:00:00,Kolkata-Gauge-1,2,urban,unconsolidated_sediment,0,0.3639472955464285,0,MODERATE
2024-02-16 06:00:00,Guwahati-Gauge-1,3,cropland,sedimentary,0,0.010592099557529254,0,LOW
2024-02-16 06:00:00,Sonapur-Gauge-1,4,forest,unconsolidated_sediment,0,0.010775725071724397,0,LOW
2024-02-16 07:00:00,Chamoli-Gauge-1,1,sparse_vegetation,fractured_metamorphic,0,0.5852898650847617,1,MODERATE
2024-02-16 07:00:00,Kolkata-Gauge-1,2,urban,unconsolidated_sediment,0,0.6701283735394552,1,HIGH
2024-02-16 07:00:00,Guwahati-Gauge-1,3,cropland,sedimentary,0,0.010592099557529254,0,LOW
2024-02-16 07:00:00,Sonapur-Gauge-1,4,forest,unconsolidated_sediment,0,0.010592099557529254,0,LOW
2024-02-16 08:00:00,Chamoli-Gauge-1,1,sparse_vegetation,fractured_metamorphic,1,0.6871129516042982,1,HIGH
2024-02-16 08:00:00,Kolkata-Gauge-1,2,urban,unconsolidated_sediment,1,0.7941539481547137,1,HIGH
2024-02-16 08:00:00,Guwahati-Gauge-1,3,cropland,sedimentary,0,0.010592099557529254,0,LOW
2024-02-16 08:00:00,Sonapur-Gauge-1,4,forest,unconsolidated_sediment,0,0.010807376489727712,0,LOW
2024-02-16 09:00:00,Chamoli-Gauge-1,1,sparse_vegetation,fractured_metamorphic,0,0.25760381807306376,0,LOW
2024-02-16 09:00:00,Kolkata-Gauge-1,2,urban,unconsolidated_sediment,1,0.7941539481547137,1,HIGH
2024-02-16 09:00:00,Guwahati-Gauge-1,3,cropland,sedimentary,0,0.010592099557529254,0,LOW
2024-02-16 09:00:00,Sonapur-Gauge-1,4,forest,unconsolidated_sediment,0,0.01092978545808866,0,LOW
2024-02-16 10:00:00,Chamoli-Gauge-1,1,sparse_vegetation,fractured_metamorphic,0,0.3393047450156973,0,MODERATE
2024-02-16 10:00:00,Kolkata-Gauge-1,2,urban,unconsolidated_sediment,1,0.8306626891717795,1,EXTREME
2024-02-16 10:00:00,Guwahati-Gauge-1,3,cropland,sedimentary,0,0.010592099557529254,0,LOW
2024-02-16 10:00:00,Sonapur-Gauge-1,4,forest,unconsolidated_sediment,0,0.010592099557529254,0,LOW
2024-02-16 11:00:00,Chamoli-Gauge-1,1,sparse_vegetation,fractured_metamorphic,1,0.7341637670752831,1,HIGH
2024-02-16 11:00:00,Kolkata-Gauge-1,2,urban,unconsolidated_sediment,1,0.8306626891717795,1,EXTREME
2024-02-16 11:00:00,Guwahati-Gauge-1,3,cropland,sedimentary,0,0.010592099557529254,0,LOW
2024-02-16 11:00:00,Sonapur-Gauge-1,4,forest,unconsolidated_sediment,0,0.010592099557529254,0,LOW
2024-02-16 12:00:00,Chamoli-Gauge-1,1,sparse_vegetation,fractured_metamorphic,1,0.8223002018251832,1,EXTREME
2024-02-16 12:00:00,Kolkata-Gauge-1,2,urban,unconsolidated_sediment,1,0.7591310544741271,1,HIGH
2024-02-16 12:00:00,Guwahati-Gauge-1,3,cropland,sedimentary,0,0.010592099557529254,0,LOW
2024-02-16 12:00:00,Sonapur-Gauge-1,4,forest,unconsolidated_sediment,0,0.010808371035369779,0,LOW
2024-02-16 13:00:00,Chamoli-Gauge-1,1,sparse_vegetation,fractured_metamorphic,1,0.8173410399172535,1,EXTREME
2024-02-16 13:00:00,Kolkata-Gauge-1,2,urban,unconsolidated_sediment,0,0.7954101775021277,1,HIGH
2024-02-16 13:00:00,Guwahati-Gauge-1,3,cropland,sedimentary,0,0.010592099557529254,0,LOW
2024-02-16 13:00:00,Sonapur-Gauge-1,4,forest,unconsolidated_sediment,0,0.010592099557529254,0,LOW
2024-02-16 14:00:00,Chamoli-Gauge-1,1,sparse_vegetation,fractured_metamorphic,1,0.7812527736246896,1,HIGH
2024-02-16 14:00:00,Kolkata-Gauge-1,2,urban,unconsolidated_sediment,1,0.7954101775021277,1,HIGH
2024-02-16 14:00:00,Guwahati-Gauge-1,3,cropland,sedimentary,0,0.010592099557529254,0,LOW
2024-02-16 14:00:00,Sonapur-Gauge-1,4,forest,unconsolidated_sediment,0,0.010592099557529254,0,LOW
2024-02-16 15:00:00,Chamoli-Gauge-1,1,sparse_vegetation,fractured_metamorphic,0,0.17062710606793843,0,LOW
2024-02-16 15:00:00,Kolkata-Gauge-1,2,urban,unconsolidated_sediment,0,0.7817194818090395,1,HIGH
2024-02-16 15:00:00,Guwahati-Gauge-1,3,cropland,sedimentary,0,0.010592099557529254,0,LOW
2024-02-16 15:00:00,Sonapur-Gauge-1,4,forest,unconsolidated_sediment,0,0.010592099557529254,0,LOW
2024-02-16 16:00:00,Chamoli-Gauge-1,1,sparse_vegetation,fractured_metamorphic,0,0.043965816343891795,0,LOW
2024-02-16 16:00:00,Kolkata-Gauge-1,2,urban,unconsolidated_sediment,0,0.06241631761342563,0,LOW
2024-02-16 16:00:00,Guwahati-Gauge-1,3,cropland,sedimentary,0,0.010592099557529254,0,LOW
2024-02-16 16:00:00,Sonapur-Gauge-1,4,forest,unconsolidated_sediment,0,0.010592099557529254,0,LOW
2024-02-16 17:00:00,Chamoli-Gauge-1,1,sparse_vegetation,fractured_metamorphic,0,0.0645939616317363,0,LOW
2024-02-16 17:00:00,Kolkata-Gauge-1,2,urban,unconsolidated_sediment,0,0.06241631761342563,0,LOW
2024-02-16 17:00:00,Guwahati-Gauge-1,3,cropland,sedimentary,0,0.010592099557529254,0,LOW
2024-02-16 17:00:00,Sonapur-Gauge-1,4,forest,unconsolidated_sediment,0,0.010592099557529254,0,LOW
2024-02-16 18:00:00,Chamoli-Gauge-1,1,sparse_vegetation,fractured_metamorphic,0,0.06760577431042547,0,LOW
2024-02-16 18:00:00,Kolkata-Gauge-1,2,urban,unconsolidated_sediment,0,0.032865849165219396,0,LOW
2024-02-16 18:00:00,Guwahati-Gauge-1,3,cropland,sedimentary,0,0.010592099557529254,0,LOW
2024-02-16 18:00:00,Sonapur-Gauge-1,4,forest,unconsolidated_sediment,0,0.010592099557529254,0,LOW
2024-02-16 19:00:00,Chamoli-Gauge-1,1,sparse_vegetation,fractured_metamorphic,0,0.1496938615545428,0,LOW
2024-02-16 19:00:00,Kolkata-Gauge-1,2,urban,unconsolidated_sediment,0,0.027562439350270175,0,LOW
2024-02-16 19:00:00,Guwahati-Gauge-1,3,cropland,sedimentary,0,0.010592099557529254,0,LOW
2024-02-16 19:00:00,Sonapur-Gauge-1,4,forest,unconsolidated_sediment,0,0.010592099557529254,0,LOW
2024-02-16 20:00:00,Chamoli-Gauge-1,1,sparse_vegetation,fractured_metamorphic,0,0.07490233338765631,0,LOW
2024-02-16 20:00:00,Kolkata-Gauge-1,2,urban,unconsolidated_sediment,0,0.5934878012177014,1,MODERATE
2024-02-16 20:00:00,Guwahati-Gauge-1,3,cropland,sedimentary,0,0.010592099557529254,0,LOW
2024-02-16 20:00:00,Sonapur-Gauge-1,4,forest,unconsolidated_sediment,0,0.010592099557529254,0,LOW
2024-02-16 21:00:00,Chamoli-Gauge-1,1,sparse_vegetation,fractured_metamorphic,0,0.059877874086663084,0,LOW
2024-02-16 21:00:00,Kolkata-Gauge-1,2,urban,unconsolidated_sediment,1,0.8068525897303583,1,EXTREME
2024-02-16 21:00:00,Guwahati-Gauge-1,3,cropland,sedimentary,0,0.010592099557529254,0,LOW
2024-02-16 21:00:00,Sonapur-Gauge-1,4,forest,unconsolidated_sediment,0,0.010962248232155131,0,LOW
2024-02-16 22:00:00,Chamoli-Gauge-1,1,sparse_vegetation,fractured_metamorphic,0,0.10600343285658621,0,LOW
2024-02-16 22:00:00,Kolkata-Gauge-1,2,urban,unconsolidated_sediment,1,0.8068525897303583,1,EXTREME
2024-02-16 22:00:00,Guwahati-Gauge-1,3,cropland,sedimentary,0,0.010592099557529254,0,LOW
2024-02-16 22:00:00,Sonapur-Gauge-1,4,forest,unconsolidated_sediment,0,0.010962248232155131,0,LOW
2024-02-16 23:00:00,Chamoli-Gauge-1,1,sparse_vegetation,fractured_metamorphic,0,0.07354777731123996,0,LOW
2024-02-16 23:00:00,Kolkata-Gauge-1,2,urban,unconsolidated_sediment,1,0.7882722899066883,1,HIGH
2024-02-16 23:00:00,Guwahati-Gauge-1,3,cropland,sedimentary,0,0.010592099557529254,0,LOW
2024-02-16 23:00:00,Sonapur-Gauge-1,4,forest,unconsolidated_sediment,0,0.010962248232155131,0,LOW
2024-02-17 00:00:00,Chamoli-Gauge-1,1,sparse_vegetation,fractured_metamorphic,1,0.33918561967849065,0,MODERATE
2024-02-17 00:00:00,Kolkata-Gauge-1,2,urban,unconsolidated_sediment,0,0.047598836237663984,0,LOW
2024-02-17 00:00:00,Guwahati-Gauge-1,3,cropland,sedimentary,0,0.010592099557529254,0,LOW
2024-02-17 00:00:00,Sonapur-Gauge-1,4,forest,unconsolidated_sediment,0,0.010592099557529254,0,LOW
2024-02-17 01:00:00,Chamoli-Gauge-1,1,sparse_vegetation,fractured_metamorphic,0,0.04061367462538361,0,LOW
2024-02-17 01:00:00,Kolkata-Gauge-1,2,urban,unconsolidated_sediment,0,0.09426805873351074,0,LOW
2024-02-17 01:00:00,Guwahati-Gauge-1,3,cropland,sedimentary,0,0.010592099557529254,0,LOW
2024-02-17 01:00:00,Sonapur-Gauge-1,4,forest,unconsolidated_sediment,0,0.010592099557529254,0,LOW
2024-02-17 02:00:00,Chamoli-Gauge-1,1,sparse_vegetation,fractured_metamorphic,0,0.01875690751132616,0,LOW
2024-02-17 02:00:00,Kolkata-Gauge-1,2,urban,unconsolidated_sediment,1,0.6071462170340767,1,HIGH
2024-02-17 02:00:00,Guwahati-Gauge-1,3,cropland,sedimentary,0,0.010592099557529254,0,LOW
2024-02-17 02:00:00,Sonapur-Gauge-1,4,forest,unconsolidated_sediment,0,0.010592099557529254,0,LOW
2024-02-17 03:00:00,Chamoli-Gauge-1,1,sparse_vegetation,fractured_metamorphic,0,0.013437189099919599,0,LOW
2024-02-17 03:00:00,Kolkata-Gauge-1,2,urban,unconsolidated_sediment,0,0.4999586716867864,0,MODERATE
2024-02-17 03:00:00,Guwahati-Gauge-1,3,cropland,sedimentary,0,0.010592099557529254,0,LOW
2024-02-17 03:00:00,Sonapur-Gauge-1,4,forest,unconsolidated_sediment,0,0.010592099557529254,0,LOW
2024-02-17 04:00:00,Chamoli-Gauge-1,1,sparse_vegetation,fractured_metamorphic,0,0.011899127637116839,0,LOW
2024-02-17 04:00:00,Kolkata-Gauge-1,2,urban,unconsolidated_sediment,1,0.3037169785241491,0,MODERATE
2024-02-17 04:00:00,Guwahati-Gauge-1,3,cropland,sedimentary,0,0.010592099557529254,0,LOW
2024-02-17 04:00:00,Sonapur-Gauge-1,4,forest,unconsolidated_sediment,0,0.010592099557529254,0,LOW
2024-02-17 05:00:00,Chamoli-Gauge-1,1,sparse_vegetation,fractured_metamorphic,1,0.45807177409758326,0,MODERATE
2024-02-17 05:00:00,Kolkata-Gauge-1,2,urban,unconsolidated_sediment,0,0.025732145183637645,0,LOW
2024-02-17 05:00:00,Guwahati-Gauge-1,3,cropland,sedimentary,0,0.010592099557529254,0,LOW
2024-02-17 05:00:00,Sonapur-Gauge-1,4,forest,unconsolidated_sediment,0,0.010592099557529254,0,LOW
2024-02-17 06:00:00,Chamoli-Gauge-1,1,sparse_vegetation,fractured_metamorphic,0,0.044255371586184686,0,LOW
2024-02-17 06:00:00,Kolkata-Gauge-1,2,urban,unconsolidated_sediment,0,0.029329287690690268,0,LOW
2024-02-17 06:00:00,Guwahati-Gauge-1,3,cropland,sedimentary,0,0.010592099557529254,0,LOW
2024-02-17 06:00:00,Sonapur-Gauge-1,4,forest,unconsolidated_sediment,0,0.010592099557529254,0,LOW
2024-02-17 07:00:00,Chamoli-Gauge-1,1,sparse_vegetation,fractured_metamorphic,0,0.03347832329268793,0,LOW
2024-02-17 07:00:00,Kolkata-Gauge-1,2,urban,unconsolidated_sediment,0,0.05682464194979309,0,LOW
2024-02-17 07:00:00,Guwahati-Gauge-1,3,cropland,sedimentary,0,0.010592099557529254,0,LOW
2024-02-17 07:00:00,Sonapur-Gauge-1,4,forest,unconsolidated_sediment,0,0.010592099557529254,0,LOW
2024-02-17 08:00:00,Chamoli-Gauge-1,1,sparse_vegetation,fractured_metamorphic,0,0.02312101445111501,0,LOW
2024-02-17 08:00:00,Kolkata-Gauge-1,2,urban,unconsolidated_sediment,0,0.11010097007202993,0,LOW
2024-02-17 08:00:00,Guwahati-Gauge-1,3,cropland,sedimentary,0,0.010592099557529254,0,LOW
2024-02-17 08:00:00,Sonapur-Gauge-1,4,forest,unconsolidated_sediment,0,0.010592099557529254,0,LOW
2024-02-17 09:00:00,Chamoli-Gauge-1,1,sparse_vegetation,fractured_metamorphic,0,0.0218262756564409,0,LOW
2024-02-17 09:00:00,Kolkata-Gauge-1,2,urban,unconsolidated_sediment,0,0.14986224079176888,0,LOW
2024-02-17 09:00:00,Guwahati-Gauge-1,3,cropland,sedimentary,0,0.010592099557529254,0,LOW
2024-02-17 09:00:00,Sonapur-Gauge-1,4,forest,unconsolidated_sediment,0,0.010592099557529254,0,LOW
2024-02-17 10:00:00,Chamoli-Gauge-1,1,sparse_vegetation,fractured_metamorphic,0,0.018945349682166154,0,LOW
2024-02-17 10:00:00,Kolkata-Gauge-1,2,urban,unconsolidated_sediment,0,0.38297987470476713,0,MODERATE
2024-02-17 10:00:00,Guwahati-Gauge-1,3,cropland,sedimentary,0,0.010592099557529254,0,LOW
2024-02-17 10:00:00,Sonapur-Gauge-1,4,forest,unconsolidated_sediment,0,0.010592099557529254,0,LOW
2024-02-17 11:00:00,Chamoli-Gauge-1,1,sparse_vegetation,fractured_metamorphic,0,0.016641319038317337,0,LOW
2024-02-17 11:00:00,Kolkata-Gauge-1,2,urban,unconsolidated_sediment,1,0.4851419534205894,0,MODERATE
2024-02-17 11:00:00,Guwahati-Gauge-1,3,cropland,sedimentary,0,0.010592099557529254,0,LOW
2024-02-17 11:00:00,Sonapur-Gauge-1,4,forest,unconsolidated_sediment,0,0.010592099557529254,0,LOW
2024-02-17 12:00:00,Chamoli-Gauge-1,1,sparse_vegetation,fractured_metamorphic,0,0.015202661117697904,0,LOW
2024-02-17 12:00:00,Kolkata-Gauge-1,2,urban,unconsolidated_sediment,0,0.2958556808130257,0,LOW
2024-02-17 12:00:00,Guwahati-Gauge-1,3,cropland,sedimentary,0,0.0188331179582213,0,LOW
2024-02-17 12:00:00,Sonapur-Gauge-1,4,forest,unconsolidated_sediment,0,0.010592099557529254,0,LOW
2024-02-17 13:00:00,Chamoli-Gauge-1,1,sparse_vegetation,fractured_metamorphic,0,0.017747638230308005,0,LOW
2024-02-17 13:00:00,Kolkata-Gauge-1,2,urban,unconsolidated_sediment,0,0.5686471965487709,1,MODERATE
2024-02-17 13:00:00,Guwahati-Gauge-1,3,cropland,sedimentary,0,0.013034611548234404,0,LOW
2024-02-17 13:00:00,Sonapur-Gauge-1,4,forest,unconsolidated_sediment,0,0.010592099557529254,0,LOW
2024-02-17 14:00:00,Chamoli-Gauge-1,1,sparse_vegetation,fractured_metamorphic,0,0.018748770308855703,0,LOW
2024-02-17 14:00:00,Kolkata-Gauge-1,2,urban,unconsolidated_sediment,1,0.7342467240836343,1,HIGH
2024-02-17 14:00:00,Guwahati-Gauge-1,3,cropland,sedimentary,0,0.011920922870759397,0,LOW
2024-02-17 14:00:00,Sonapur-Gauge-1,4,forest,unconsolidated_sediment,0,0.010592099557529254,0,LOW
2024-02-17 15:00:00,Chamoli-Gauge-1,1,sparse_vegetation,fractured_metamorphic,0,0.020448530865572336,0,LOW
2024-02-17 15:00:00,Kolkata-Gauge-1,2,urban,unconsolidated_sediment,1,0.7864974477349465,1,HIGH
2024-02-17 15:00:00,Guwahati-Gauge-1,3,cropland,sedimentary,0,0.014454812463003635,0,LOW
2024-02-17 15:00:00,Sonapur-Gauge-1,4,forest,unconsolidated_sediment,0,0.010592099557529254,0,LOW
2024-02-17 16:00:00,Chamoli-Gauge-1,1,sparse_vegetation,fractured_metamorphic,0,0.0189078537209594,0,LOW
2024-02-17 16:00:00,Kolkata-Gauge-1,2,urban,unconsolidated_sediment,0,0.7864974477349465,1,HIGH
2024-02-17 16:00:00,Guwahati-Gauge-1,3,cropland,sedimentary,0,0.012680977359939638,0,LOW
2024-02-17 16:00:00,Sonapur-Gauge-1,4,forest,unconsolidated_sediment,0,0.010592099557529254,0,LOW
2024-02-17 17:00:00,Chamoli-Gauge-1,1,sparse_vegetation,fractured_metamorphic,0,0.012255265702426181,0,LOW
2024-02-17 17:00:00,Kolkata-Gauge-1,2,urban,unconsolidated_sediment,1,0.8202955913649057,1,EXTREME
2024-02-17 17:00:00,Guwahati-Gauge-1,3,cropland,sedimentary,0,0.012570087604982964,0,LOW
2024-02-17 17:00:00,Sonapur-Gauge-1,4,forest,unconsolidated_sediment,0,0.01157700645725851,0,LOW
2024-02-17 18:00:00,Chamoli-Gauge-1,1,sparse_vegetation,fractured_metamorphic,0,0.012771283033490875,0,LOW
2024-02-17 18:00:00,Kolkata-Gauge-1,2,urban,unconsolidated_sediment,1,0.8202955913649057,1,EXTREME
2024-02-17 18:00:00,Guwahati-Gauge-1,3,cropland,sedimentary,0,0.01603019146796533,0,LOW
2024-02-17 18:00:00,Sonapur-Gauge-1,4,forest,unconsolidated_sediment,0,0.010642074571047832,0,LOW
2024-02-17 19:00:00,Chamoli-Gauge-1,1,sparse_vegetation,fractured_metamorphic,0,0.014585261999533363,0,LOW
2024-02-17 19:00:00,Kolkata-Gauge-1,2,urban,unconsolidated_sediment,0,0.41726745447356167,0,MODERATE
2024-02-17 19:00:00,Guwahati-Gauge-1,3,cropland,sedimentary,0,0.012635321302580464,0,LOW
2024-02-17 19:00:00,Sonapur-Gauge-1,4,forest,unconsolidated_sediment,0,0.010642074571047832,0,LOW
2024-02-17 20:00:00,Chamoli-Gauge-1,1,sparse_vegetation,fractured_metamorphic,0,0.017777647049207264,0,LOW
2024-02-17 20:00:00,Kolkata-Gauge-1,2,urban,unconsolidated_sediment,0,0.34868612780922,0,MODERATE
2024-02-17 20:00:00,Guwahati-Gauge-1,3,cropland,sedimentary,0,0.011516654305933014,0,LOW
2024-02-17 20:00:00,Sonapur-Gauge-1,4,forest,unconsolidated_sediment,0,0.010642074571047832,0,LOW
2024-02-17 21:00:00,Chamoli-Gauge-1,1,sparse_vegetation,fractured_metamorphic,0,0.013751012049132982,0,LOW
2024-02-17 21:00:00,Kolkata-Gauge-1,2,urban,unconsolidated_sediment,0,0.015675704426427923,0,LOW
2024-02-17 21:00:00,Guwahati-Gauge-1,3,cropland,sedimentary,0,0.011105680636456084,0,LOW
2024-02-17 21:00:00,Sonapur-Gauge-1,4,forest,unconsolidated_sediment,0,0.011029154114259953,0,LOW
2024-02-17 22:00:00,Chamoli-Gauge-1,1,sparse_vegetation,fractured_metamorphic,0,0.012184524972284025,0,LOW
2024-02-17 22:00:00,Kolkata-Gauge-1,2,urban,unconsolidated_sediment,0,0.015675704426427923,0,LOW
2024-02-17 22:00:00,Guwahati-Gauge-1,3,cropland,sedimentary,0,0.010904322409215062,0,LOW
2024-02-17 22:00:00,Sonapur-Gauge-1,4,forest,unconsolidated_sediment,0,0.010592099557529254,0,LOW
2024-02-17 23:00:00,Chamoli-Gauge-1,1,sparse_vegetation,fractured_metamorphic,0,0.011927081941697294,0,LOW
2024-02-17 23:00:00,Kolkata-Gauge-1,2,urban,unconsolidated_sediment,0,0.015675704426427923,0,LOW
2024-02-17 23:00:00,Guwahati-Gauge-1,3,cropland,sedimentary,0,0.01121455103309019,0,LOW
2024-02-17 23:00:00,Sonapur-Gauge-1,4,forest,unconsolidated_sediment,0,0.010592099557529254,0,LOW
2024-02-18 00:00:00,Chamoli-Gauge-1,1,sparse_vegetation,fractured_metamorphic,0,0.014123851808022227,0,LOW
2024-02-18 00:00:00,Kolkata-Gauge-1,2,urban,unconsolidated_sediment,0,0.01526812094828669,0,LOW
2024-02-18 00:00:00,Guwahati-Gauge-1,3,cropland,sedimentary,0,0.011805849528226395,0,LOW
2024-02-18 00:00:00,Sonapur-Gauge-1,4,forest,unconsolidated_sediment,0,0.011002090595284744,0,LOW
2024-02-18 01:00:00,Chamoli-Gauge-1,1,sparse_vegetation,fractured_metamorphic,0,0.012182870780515685,0,LOW
2024-02-18 01:00:00,Kolkata-Gauge-1,2,urban,unconsolidated_sediment,0,0.01526812094828669,0,LOW
2024-02-18 01:00:00,Guwahati-Gauge-1,3,cropland,sedimentary,0,0.08341183810322068,0,LOW
2024-02-18 01:00:00,Sonapur-Gauge-1,4,forest,unconsolidated_sediment,0,0.011002090595284744,0,LOW
2024-02-18 02:00:00,Chamoli-Gauge-1,1,sparse_vegetation,fractured_metamorphic,0,0.011604720258066694,0,LOW
2024-02-18 02:00:00,Kolkata-Gauge-1,2,urban,unconsolidated_sediment,0,0.022909318504761446,0,LOW
2024-02-18 02:00:00,Guwahati-Gauge-1,3,cropland,sedimentary,1,0.26884577621466144,0,LOW
2024-02-18 02:00:00,Sonapur-Gauge-1,4,forest,unconsolidated_sediment,0,0.011002090595284744,0,LOW
2024-02-18 03:00:00,Chamoli-Gauge-1,1,sparse_vegetation,fractured_metamorphic,0,0.011525054618976665,0,LOW
2024-02-18 03:00:00,Kolkata-Gauge-1,2,urban,unconsolidated_sediment,0,0.022909318504761446,0,LOW
2024-02-18 03:00:00,Guwahati-Gauge-1,3,cropland,sedimentary,0,0.06348719466776218,0,LOW
2024-02-18 03:00:00,Sonapur-Gauge-1,4,forest,unconsolidated_sediment,0,0.010592099557529254,0,LOW
2024-02-18 04:00:00,Chamoli-Gauge-1,1,sparse_vegetation,fractured_metamorphic,0,0.011327765420023157,0,LOW
2024-02-18 04:00:00,Kolkata-Gauge-1,2,urban,unconsolidated_sediment,0,0.022909318504761446,0,LOW
2024-02-18 04:00:00,Guwahati-Gauge-1,3,cropland,sedimentary,0,0.013087563233520443,0,LOW
2024-02-18 04:00:00,Sonapur-Gauge-1,4,forest,unconsolidated_sediment,0,0.010592099557529254,0,LOW
2024-02-18 05:00:00,Chamoli-Gauge-1,1,sparse_vegetation,fractured_metamorphic,0,0.1882963143936044,0,LOW
2024-02-18 05:00:00,Kolkata-Gauge-1,2,urban,unconsolidated_sediment,0,0.015973135596860397,0,LOW
2024-02-18 05:00:00,Guwahati-Gauge-1,3,cropland,sedimentary,0,0.014412813800323667,0,LOW
2024-02-18 05:00:00,Sonapur-Gauge-1,4,forest,unconsolidated_sediment,0,0.010592099557529254,0,LOW
2024-02-18 06:00:00,Chamoli-Gauge-1,1,sparse_vegetation,fractured_metamorphic,0,0.17398742267299486,0,LOW
2024-02-18 06:00:00,Kolkata-Gauge-1,2,urban,unconsolidated_sediment,0,0.01810561908618277,0,LOW
2024-02-18 06:00:00,Guwahati-Gauge-1,3,cropland,sedimentary,0,0.012326803424236657,0,LOW
2024-02-18 06:00:00,Sonapur-Gauge-1,4,forest,unconsolidated_sediment,0,0.010592099557529254,0,LOW
2024-02-18 07:00:00,Chamoli-Gauge-1,1,sparse_vegetation,fractured_metamorphic,0,0.1702928772103918,0,LOW
2024-02-18 07:00:00,Kolkata-Gauge-1,2,urban,unconsolidated_sediment,0,0.012272637853653599,0,LOW
2024-02-18 07:00:00,Guwahati-Gauge-1,3,cropland,sedimentary,0,0.44197725910383207,0,MODERATE
2024-02-18 07:00:00,Sonapur-Gauge-1,4,forest,unconsolidated_sediment,0,0.010592099557529254,0,LOW
2024-02-18 08:00:00,Chamoli-Gauge-1,1,sparse_vegetation,fractured_metamorphic,1,0.5225295299190398,1,MODERATE
2024-02-18 08:00:00,Kolkata-Gauge-1,2,urban,unconsolidated_sediment,0,0.01146761531075075,0,LOW
2024-02-18 08:00:00,Guwahati-Gauge-1,3,cropland,sedimentary,1,0.5511267262017996,1,MODERATE
2024-02-18 08:00:00,Sonapur-Gauge-1,4,forest,unconsolidated_sediment,0,0.010766342271593,0,LOW
2024-02-18 09:00:00,Chamoli-Gauge-1,1,sparse_vegetation,fractured_metamorphic,0,0.3356818651976907,0,MODERATE
2024-02-18 09:00:00,Kolkata-Gauge-1,2,urban,unconsolidated_sediment,0,0.011658825579800657,0,LOW
2024-02-18 09:00:00,Guwahati-Gauge-1,3,cropland,sedimentary,0,0.2867639624165219,0,LOW
2024-02-18 09:00:00,Sonapur-Gauge-1,4,forest,unconsolidated_sediment,0,0.01096902193132373,0,LOW
2024-02-18 10:00:00,Chamoli-Gauge-1,1,sparse_vegetation,fractured_metamorphic,0,0.22435511452736,0,LOW
2024-02-18 10:00:00,Kolkata-Gauge-1,2,urban,unconsolidated_sediment,0,0.011658825579800657,0,LOW
2024-02-18 10:00:00,Guwahati-Gauge-1,3,cropland,sedimentary,0,0.06202992559976399,0,LOW
2024-02-18 10:00:00,Sonapur-Gauge-1,4,forest,unconsolidated_sediment,0,0.01096902193132373,0,LOW
2024-02-18 11:00:00,Chamoli-Gauge-1,1,sparse_vegetation,fractured_metamorphic,0,0.3995979538979607,0,MODERATE
2024-02-18 11:00:00,Kolkata-Gauge-1,2,urban,unconsolidated_sediment,0,0.013094273958696973,0,LOW
2024-02-18 11:00:00,Guwahati-Gauge-1,3,cropland,sedimentary,0,0.0719942772480416,0,LOW
2024-02-18 11:00:00,Sonapur-Gauge-1,4,forest,unconsolidated_sediment,0,0.01096902193132373,0,LOW
2024-02-18 12:00:00,Chamoli-Gauge-1,1,sparse_vegetation,fractured_metamorphic,0,0.47333813967977717,0,MODERATE
2024-02-18 12:00:00,Kolkata-Gauge-1,2,urban,unconsolidated_sediment,0,0.013094273958696973,0,LOW
2024-02-18 12:00:00,Guwahati-Gauge-1,3,cropland,sedimentary,0,0.017739054520611565,0,LOW
2024-02-18 12:00:00,Sonapur-Gauge-1,4,forest,unconsolidated_sediment,0,0.01096902193132373,0,LOW
2024-02-18 13:00:00,Chamoli-Gauge-1,1,sparse_vegetation,fractured_metamorphic,0,0.48463250166916366,0,MODERATE
2024-02-18 13:00:00,Kolkata-Gauge-1,2,urban,unconsolidated_sediment,0,0.013094273958696973,0,LOW
2024-02-18 13:00:00,Guwahati-Gauge-1,3,cropland,sedimentary,0,0.016204660709118246,0,LOW
2024-02-18 13:00:00,Sonapur-Gauge-1,4,forest,unconsolidated_sediment,0,0.010592099557529254,0,LOW
2024-02-18 14:00:00,Chamoli-Gauge-1,1,sparse_vegetation,fractured_metamorphic,1,0.7585333505532696,1,HIGH
2024-02-18 14:00:00,Kolkata-Gauge-1,2,urban,unconsolidated_sediment,0,0.0132857009358364,0,LOW
2024-02-18 14:00:00,Guwahati-Gauge-1,3,cropland,sedimentary,0,0.016290224402268464,0,LOW
2024-02-18 14:00:00,Sonapur-Gauge-1,4,forest,unconsolidated_sediment,0,0.010592099557529254,0,LOW
2024-02-18 15:00:00,Chamoli-Gauge-1,1,sparse_vegetation,fractured_metamorphic,1,0.7250267469487578,1,HIGH
2024-02-18 15:00:00,Kolkata-Gauge-1,2,urban,unconsolidated_sediment,0,0.014414122423057013,0,LOW
2024-02-18 15:00:00,Guwahati-Gauge-1,3,cropland,sedimentary,0,0.014723529778996021,0,LOW
2024-02-18 15:00:00,Sonapur-Gauge-1,4,forest,unconsolidated_sediment,0,0.010592099557529254,0,LOW
2024-02-18 16:00:00,Chamoli-Gauge-1,1,sparse_vegetation,fractured_metamorphic,0,0.2700127482804861,0,LOW
2024-02-18 16:00:00,Kolkata-Gauge-1,2,urban,unconsolidated_sediment,0,0.014429916083960388,0,LOW
2024-02-18 16:00:00,Guwahati-Gauge-1,3,cropland,sedimentary,0,0.014268997844183362,0,LOW
2024-02-18 16:00:00,Sonapur-Gauge-1,4,forest,unconsolidated_sediment,0,0.010592099557529254,0,LOW
2024-02-18 17:00:00,Chamoli-Gauge-1,1,sparse_vegetation,fractured_metamorphic,0,0.06766113685663727,0,LOW
2024-02-18 17:00:00,Kolkata-Gauge-1,2,urban,unconsolidated_sediment,0,0.014304139526154981,0,LOW
2024-02-18 17:00:00,Guwahati-Gauge-1,3,cropland,sedimentary,0,0.012360791658781067,0,LOW
2024-02-18 17:00:00,Sonapur-Gauge-1,4,forest,unconsolidated_sediment,0,0.010592099557529254,0,LOW
2024-02-18 18:00:00,Chamoli-Gauge-1,1,sparse_vegetation,fractured_metamorphic,1,0.405319975881649,0,MODERATE
2024-02-18 18:00:00,Kolkata-Gauge-1,2,urban,unconsolidated_sediment,0,0.014578715298018134,0,LOW
2024-02-18 18:00:00,Guwahati-Gauge-1,3,cropland,sedimentary,0,0.01135153545570534,0,LOW
2024-02-18 18:00:00,Sonapur-Gauge-1,4,forest,unconsolidated_sediment,0,0.010592099557529254,0,LOW
2024-02-18 19:00:00,Chamoli-Gauge-1,1,sparse_vegetation,fractured_metamorphic,0,0.05227889865993839,0,LOW
2024-02-18 19:00:00,Kolkata-Gauge-1,2,urban,unconsolidated_sediment,0,0.014578715298018134,0,LOW
2024-02-18 19:00:00,Guwahati-Gauge-1,3,cropland,sedimentary,0,0.01096759078615564,0,LOW
2024-02-18 19:00:00,Sonapur-Gauge-1,4,forest,unconsolidated_sediment,0,0.010592099557529254,0,LOW
2024-02-18 20:00:00,Chamoli-Gauge-1,1,sparse_vegetation,fractured_metamorphic,0,0.044602573174874795,0,LOW
2024-02-18 20:00:00,Kolkata-Gauge-1,2,urban,unconsolidated_sediment,0,0.01481992838247681,0,LOW
2024-02-18 20:00:00,Guwahati-Gauge-1,3,cropland,sedimentary,0,0.010592099557529254,0,LOW
2024-02-18 20:00:00,Sonapur-Gauge-1,4,forest,unconsolidated_sediment,0,0.010592099557529254,0,LOW
2024-02-18 21:00:00,Chamoli-Gauge-1,1,sparse_vegetation,fractured_metamorphic,0,0.03016487438654568,0,LOW
2024-02-18 21:00:00,Kolkata-Gauge-1,2,urban,unconsolidated_sediment,0,0.02018518140875498,0,LOW
2024-02-18 21:00:00,Guwahati-Gauge-1,3,cropland,sedimentary,0,0.010592099557529254,0,LOW
2024-02-18 21:00:00,Sonapur-Gauge-1,4,forest,unconsolidated_sediment,0,0.010592099557529254,0,LOW
2024-02-18 22:00:00,Chamoli-Gauge-1,1,sparse_vegetation,fractured_metamorphic,0,0.038719343119934135,0,LOW
2024-02-18 22:00:00,Kolkata-Gauge-1,2,urban,unconsolidated_sediment,0,0.013468521005742843,0,LOW
2024-02-18 22:00:00,Guwahati-Gauge-1,3,cropland,sedimentary,0,0.01128874785250175,0,LOW
2024-02-18 22:00:00,Sonapur-Gauge-1,4,forest,unconsolidated_sediment,0,0.010592099557529254,0,LOW
2024-02-18 23:00:00,Chamoli-Gauge-1,1,sparse_vegetation,fractured_metamorphic,0,0.03732553956172273,0,LOW
2024-02-18 23:00:00,Kolkata-Gauge-1,2,urban,unconsolidated_sediment,0,0.014536940369541257,0,LOW
2024-02-18 23:00:00,Guwahati-Gauge-1,3,cropland,sedimentary,0,0.010592099557529254,0,LOW
2024-02-18 23:00:00,Sonapur-Gauge-1,4,forest,unconsolidated_sediment,0,0.010592099557529254,0,LOW
2024-02-19 00:00:00,Chamoli-Gauge-1,1,sparse_vegetation,fractured_metamorphic,0,0.034371672769912105,0,LOW
2024-02-19 00:00:00,Kolkata-Gauge-1,2,urban,unconsolidated_sediment,0,0.017577915911541852,0,LOW
2024-02-19 00:00:00,Guwahati-Gauge-1,3,cropland,sedimentary,0,0.010592099557529254,0,LOW
2024-02-19 00:00:00,Sonapur-Gauge-1,4,forest,unconsolidated_sediment,0,0.010592099557529254,0,LOW
2024-02-19 01:00:00,Chamoli-Gauge-1,1,sparse_vegetation,fractured_metamorphic,0,0.03327929044061105,0,LOW
2024-02-19 01:00:00,Kolkata-Gauge-1,2,urban,unconsolidated_sediment,0,0.01378410834818168,0,LOW
2024-02-19 01:00:00,Guwahati-Gauge-1,3,cropland,sedimentary,0,0.01250827282139885,0,LOW
2024-02-19 01:00:00,Sonapur-Gauge-1,4,forest,unconsolidated_sediment,0,0.010592099557529254,0,LOW
2024-02-19 02:00:00,Chamoli-Gauge-1,1,sparse_vegetation,fractured_metamorphic,0,0.020043429874971604,0,LOW
2024-02-19 02:00:00,Kolkata-Gauge-1,2,urban,unconsolidated_sediment,0,0.01581846758016893,0,LOW
2024-02-19 02:00:00,Guwahati-Gauge-1,3,cropland,sedimentary,0,0.01152056870691858,0,LOW
2024-02-19 02:00:00,Sonapur-Gauge-1,4,forest,unconsolidated_sediment,0,0.010592099557529254,0,LOW
2024-02-19 03:00:00,Chamoli-Gauge-1,1,sparse_vegetation,fractured_metamorphic,0,0.02223722249124959,0,LOW
2024-02-19 03:00:00,Kolkata-Gauge-1,2,urban,unconsolidated_sediment,0,0.012176425414180028,0,LOW
2024-02-19 03:00:00,Guwahati-Gauge-1,3,cropland,sedimentary,0,0.011324525451934107,0,LOW
2024-02-19 03:00:00,Sonapur-Gauge-1,4,forest,unconsolidated_sediment,0,0.010592099557529254,0,LOW
2024-02-19 04:00:00,Chamoli-Gauge-1,1,sparse_vegetation,fractured_metamorphic,0,0.033042595859843586,0,LOW
2024-02-19 04:00:00,Kolkata-Gauge-1,2,urban,unconsolidated_sediment,0,0.010770507400270147,0,LOW
2024-02-19 04:00:00,Guwahati-Gauge-1,3,cropland,sedimentary,0,0.010937093762912102,0,LOW
2024-02-19 04:00:00,Sonapur-Gauge-1,4,forest,unconsolidated_sediment,0,0.010592099557529254,0,LOW
2024-02-19 05:00:00,Chamoli-Gauge-1,1,sparse_vegetation,fractured_metamorphic,0,0.026674221335532294,0,LOW
2024-02-19 05:00:00,Kolkata-Gauge-1,2,urban,unconsolidated_sediment,0,0.010770507400270147,0,LOW
2024-02-19 05:00:00,Guwahati-Gauge-1,3,cropland,sedimentary,0,0.010751424107274431,0,LOW
2024-02-19 05:00:00,Sonapur-Gauge-1,4,forest,unconsolidated_sediment,0,0.010592099557529254,0,LOW
2024-02-19 06:00:00,Chamoli-Gauge-1,1,sparse_vegetation,fractured_metamorphic,0,0.03635828651470817,0,LOW
2024-02-19 06:00:00,Kolkata-Gauge-1,2,urban,unconsolidated_sediment,0,0.011096824445009774,0,LOW
2024-02-19 06:00:00,Guwahati-Gauge-1,3,cropland,sedimentary,0,0.010790235551801539,0,LOW
2024-02-19 06:00:00,Sonapur-Gauge-1,4,forest,unconsolidated_sediment,0,0.010592099557529254,0,LOW
2024-02-19 07:00:00,Chamoli-Gauge-1,1,sparse_vegetation,fractured_metamorphic,1,0.17670019685929733,0,LOW
2024-02-19 07:00:00,Kolkata-Gauge-1,2,urban,unconsolidated_sediment,0,0.013164365278526387,0,LOW
2024-02-19 07:00:00,Guwahati-Gauge-1,3,cropland,sedimentary,0,0.011011364493015761,0,LOW
2024-02-19 07:00:00,Sonapur-Gauge-1,4,forest,unconsolidated_sediment,0,0.010592099557529254,0,LOW
2024-02-19 08:00:00,Chamoli-Gauge-1,1,sparse_vegetation,fractured_metamorphic,0,0.037628595347393476,0,LOW
2024-02-19 08:00:00,Kolkata-Gauge-1,2,urban,unconsolidated_sediment,0,0.012125290298546539,0,LOW
2024-02-19 08:00:00,Guwahati-Gauge-1,3,cropland,sedimentary,0,0.010592099557529254,0,LOW
2024-02-19 08:00:00,Sonapur-Gauge-1,4,forest,unconsolidated_sediment,0,0.010592099557529254,0,LOW
2024-02-19 09:00:00,Chamoli-Gauge-1,1,sparse_vegetation,fractured_metamorphic,0,0.020540135333617912,0,LOW
2024-02-19 09:00:00,Kolkata-Gauge-1,2,urban,unconsolidated_sediment,0,0.011606237531396588,0,LOW
2024-02-19 09:00:00,Guwahati-Gauge-1,3,cropland,sedimentary,0,0.010592099557529254,0,LOW
2024-02-19 09:00:00,Sonapur-Gauge-1,4,forest,unconsolidated_sediment,0,0.01160031109118969,0,LOW
2024-02-19 10:00:00,Chamoli-Gauge-1,1,sparse_vegetation,fractured_metamorphic,0,0.012101751741596257,0,LOW
2024-02-19 10:00:00,Kolkata-Gauge-1,2,urban,unconsolidated_sediment,0,0.011394007365100352,0,LOW
2024-02-19 10:00:00,Guwahati-Gauge-1,3,cropland,sedimentary,0,0.010592099557529254,0,LOW
2024-02-19 10:00:00,Sonapur-Gauge-1,4,forest,unconsolidated_sediment,0,0.01160031109118969,0,LOW
2024-02-19 11:00:00,Chamoli-Gauge-1,1,sparse_vegetation,fractured_metamorphic,0,0.012452972388082245,0,LOW
2024-02-19 11:00:00,Kolkata-Gauge-1,2,urban,unconsolidated_sediment,0,0.011978341881967985,0,LOW
2024-02-19 11:00:00,Guwahati-Gauge-1,3,cropland,sedimentary,0,0.010592099557529254,0,LOW
2024-02-19 11:00:00,Sonapur-Gauge-1,4,forest,unconsolidated_sediment,0,0.01160031109118969,0,LOW
2024-02-19 12:00:00,Chamoli-Gauge-1,1,sparse_vegetation,fractured_metamorphic,0,0.012452972388082245,0,LOW
2024-02-19 12:00:00,Kolkata-Gauge-1,2,urban,unconsolidated_sediment,0,0.013438464088590488,0,LOW
2024-02-19 12:00:00,Guwahati-Gauge-1,3,cropland,sedimentary,0,0.010592099557529254,0,LOW
2024-02-19 12:00:00,Sonapur-Gauge-1,4,forest,unconsolidated_sediment,0,0.010592099557529254,0,LOW
2024-02-19 13:00:00,Chamoli-Gauge-1,1,sparse_vegetation,fractured_metamorphic,0,0.0423785647224882,0,LOW
2024-02-19 13:00:00,Kolkata-Gauge-1,2,urban,unconsolidated_sediment,0,0.03815692505457801,0,LOW
2024-02-19 13:00:00,Guwahati-Gauge-1,3,cropland,sedimentary,0,0.010983259584023082,0,LOW
2024-02-19 13:00:00,Sonapur-Gauge-1,4,forest,unconsolidated_sediment,0,0.010592099557529254,0,LOW
2024-02-19 14:00:00,Chamoli-Gauge-1,1,sparse_vegetation,fractured_metamorphic,0,0.014052888676518221,0,LOW
2024-02-19 14:00:00,Kolkata-Gauge-1,2,urban,unconsolidated_sediment,0,0.01203326167974041,0,LOW
2024-02-19 14:00:00,Guwahati-Gauge-1,3,cropland,sedimentary,0,0.010592099557529254,0,LOW
2024-02-19 14:00:00,Sonapur-Gauge-1,4,forest,unconsolidated_sediment,0,0.010592099557529254,0,LOW
2024-02-19 15:00:00,Chamoli-Gauge-1,1,sparse_vegetation,fractured_metamorphic,0,0.013351147025091971,0,LOW
2024-02-19 15:00:00,Kolkata-Gauge-1,2,urban,unconsolidated_sediment,0,0.011160689749958508,0,LOW
2024-02-19 15:00:00,Guwahati-Gauge-1,3,cropland,sedimentary,0,0.010592099557529254,0,LOW
2024-02-19 15:00:00,Sonapur-Gauge-1,4,forest,unconsolidated_sediment,0,0.010592099557529254,0,LOW
2024-02-19 16:00:00,Chamoli-Gauge-1,1,sparse_vegetation,fractured_metamorphic,0,0.011965349115437654,0,LOW
2024-02-19 16:00:00,Kolkata-Gauge-1,2,urban,unconsolidated_sediment,0,0.010786856030432309,0,LOW
2024-02-19 16:00:00,Guwahati-Gauge-1,3,cropland,sedimentary,0,0.010592099557529254,0,LOW
2024-02-19 16:00:00,Sonapur-Gauge-1,4,forest,unconsolidated_sediment,0,0.010592099557529254,0,LOW
2024-02-19 17:00:00,Chamoli-Gauge-1,1,sparse_vegetation,fractured_metamorphic,0,0.01113971964950783,0,LOW
2024-02-19 17:00:00,Kolkata-Gauge-1,2,urban,unconsolidated_sediment,0,0.010786856030432309,0,LOW
2024-02-19 17:00:00,Guwahati-Gauge-1,3,cropland,sedimentary,0,0.010592099557529254,0,LOW
2024-02-19 17:00:00,Sonapur-Gauge-1,4,forest,unconsolidated_sediment,0,0.010592099557529254,0,LOW
2024-02-19 18:00:00,Chamoli-Gauge-1,1,sparse_vegetation,fractured_metamorphic,0,0.011018408200056942,0,LOW
2024-02-19 18:00:00,Kolkata-Gauge-1,2,urban,unconsolidated_sediment,0,0.010786856030432309,0,LOW
2024-02-19 18:00:00,Guwahati-Gauge-1,3,cropland,sedimentary,0,0.010592099557529254,0,LOW
2024-02-19 18:00:00,Sonapur-Gauge-1,4,forest,unconsolidated_sediment,0,0.01136568341250914,0,LOW
2024-02-19 19:00:00,Chamoli-Gauge-1,1,sparse_vegetation,fractured_metamorphic,0,0.011018408200056942,0,LOW
2024-02-19 19:00:00,Kolkata-Gauge-1,2,urban,unconsolidated_sediment,0,0.010592099557529254,0,LOW
2024-02-19 19:00:00,Guwahati-Gauge-1,3,cropland,sedimentary,0,0.012136360683985738,0,LOW
2024-02-19 19:00:00,Sonapur-Gauge-1,4,forest,unconsolidated_sediment,0,0.010789612764288723,0,LOW
2024-02-19 20:00:00,Chamoli-Gauge-1,1,sparse_vegetation,fractured_metamorphic,0,0.011018408200056942,0,LOW
2024-02-19 20:00:00,Kolkata-Gauge-1,2,urban,unconsolidated_sediment,0,0.010592099557529254,0,LOW
2024-02-19 20:00:00,Guwahati-Gauge-1,3,cropland,sedimentary,0,0.011732574178641595,0,LOW
2024-02-19 20:00:00,Sonapur-Gauge-1,4,forest,unconsolidated_sediment,0,0.010789612764288723,0,LOW
2024-02-19 21:00:00,Chamoli-Gauge-1,1,sparse_vegetation,fractured_metamorphic,0,0.011018408200056942,0,LOW
2024-02-19 21:00:00,Kolkata-Gauge-1,2,urban,unconsolidated_sediment,0,0.010592099557529254,0,LOW
2024-02-19 21:00:00,Guwahati-Gauge-1,3,cropland,sedimentary,0,0.010592099557529254,0,LOW
2024-02-19 21:00:00,Sonapur-Gauge-1,4,forest,unconsolidated_sediment,0,0.010592099557529254,0,LOW
2024-02-19 22:00:00,Chamoli-Gauge-1,1,sparse_vegetation,fractured_metamorphic,0,0.010828034430770432,0,LOW
2024-02-19 22:00:00,Kolkata-Gauge-1,2,urban,unconsolidated_sediment,0,0.010592099557529254,0,LOW
2024-02-19 22:00:00,Guwahati-Gauge-1,3,cropland,sedimentary,0,0.010592099557529254,0,LOW
2024-02-19 22:00:00,Sonapur-Gauge-1,4,forest,unconsolidated_sediment,0,0.010775663371052086,0,LOW
2024-02-19 23:00:00,Chamoli-Gauge-1,1,sparse_vegetation,fractured_metamorphic,0,0.010828034430770432,0,LOW
2024-02-19 23:00:00,Kolkata-Gauge-1,2,urban,unconsolidated_sediment,0,0.010592099557529254,0,LOW
2024-02-19 23:00:00,Guwahati-Gauge-1,3,cropland,sedimentary,0,0.010592099557529254,0,LOW
2024-02-19 23:00:00,Sonapur-Gauge-1,4,forest,unconsolidated_sediment,0,0.010775663371052086,0,LOW
2024-02-20 00:00:00,Chamoli-Gauge-1,1,sparse_vegetation,fractured_metamorphic,0,0.011680226582160065,0,LOW
2024-02-20 00:00:00,Kolkata-Gauge-1,2,urban,unconsolidated_sediment,0,0.010592099557529254,0,LOW
2024-02-20 00:00:00,Guwahati-Gauge-1,3,cropland,sedimentary,0,0.010592099557529254,0,LOW
2024-02-20 00:00:00,Sonapur-Gauge-1,4,forest,unconsolidated_sediment,0,0.010592099557529254,0,LOW
2024-02-20 01:00:00,Chamoli-Gauge-1,1,sparse_vegetation,fractured_metamorphic,0,0.015919073860825972,0,LOW
2024-02-20 01:00:00,Kolkata-Gauge-1,2,urban,unconsolidated_sediment,0,0.010790475567197567,0,LOW
2024-02-20 01:00:00,Guwahati-Gauge-1,3,cropland,sedimentary,0,0.010592099557529254,0,LOW
2024-02-20 01:00:00,Sonapur-Gauge-1,4,forest,unconsolidated_sediment,0,0.010592099557529254,0,LOW
2024-02-20 02:00:00,Chamoli-Gauge-1,1,sparse_vegetation,fractured_metamorphic,0,0.01075126910777996,0,LOW
2024-02-20 02:00:00,Kolkata-Gauge-1,2,urban,unconsolidated_sediment,0,0.011177708616175097,0,LOW
2024-02-20 02:00:00,Guwahati-Gauge-1,3,cropland,sedimentary,0,0.011979022398217359,0,LOW
2024-02-20 02:00:00,Sonapur-Gauge-1,4,forest,unconsolidated_sediment,0,0.010592099557529254,0,LOW
2024-02-20 03:00:00,Chamoli-Gauge-1,1,sparse_vegetation,fractured_metamorphic,0,0.011177909173679498,0,LOW
2024-02-20 03:00:00,Kolkata-Gauge-1,2,urban,unconsolidated_sediment,0,0.010592099557529254,0,LOW
2024-02-20 03:00:00,Guwahati-Gauge-1,3,cropland,sedimentary,0,0.010592099557529254,0,LOW
2024-02-20 03:00:00,Sonapur-Gauge-1,4,forest,unconsolidated_sediment,0,0.010592099557529254,0,LOW
2024-02-20 04:00:00,Chamoli-Gauge-1,1,sparse_vegetation,fractured_metamorphic,1,0.318752150514599,0,MODERATE
2024-02-20 04:00:00,Kolkata-Gauge-1,2,urban,unconsolidated_sediment,0,0.010592099557529254,0,LOW
2024-02-20 04:00:00,Guwahati-Gauge-1,3,cropland,sedimentary,0,0.010592099557529254,0,LOW
2024-02-20 04:00:00,Sonapur-Gauge-1,4,forest,unconsolidated_sediment,0,0.010592099557529254,0,LOW
2024-02-20 05:00:00,Chamoli-Gauge-1,1,sparse_vegetation,fractured_metamorphic,0,0.06041350991340492,0,LOW
2024-02-20 05:00:00,Kolkata-Gauge-1,2,urban,unconsolidated_sediment,0,0.017652188396144977,0,LOW
2024-02-20 05:00:00,Guwahati-Gauge-1,3,cropland,sedimentary,0,0.010592099557529254,0,LOW
2024-02-20 05:00:00,Sonapur-Gauge-1,4,forest,unconsolidated_sediment,0,0.010592099557529254,0,LOW
2024-02-20 06:00:00,Chamoli-Gauge-1,1,sparse_vegetation,fractured_metamorphic,0,0.05361299234342884,0,LOW
2024-02-20 06:00:00,Kolkata-Gauge-1,2,urban,unconsolidated_sediment,0,0.015369776729010819,0,LOW
2024-02-20 06:00:00,Guwahati-Gauge-1,3,cropland,sedimentary,0,0.010592099557529254,0,LOW
2024-02-20 06:00:00,Sonapur-Gauge-1,4,forest,unconsolidated_sediment,0,0.010592099557529254,0,LOW
2024-02-20 07:00:00,Chamoli-Gauge-1,1,sparse_vegetation,fractured_metamorphic,0,0.012611975409490305,0,LOW
2024-02-20 07:00:00,Kolkata-Gauge-1,2,urban,unconsolidated_sediment,0,0.015491562283380663,0,LOW
2024-02-20 07:00:00,Guwahati-Gauge-1,3,cropland,sedimentary,0,0.010592099557529254,0,LOW
2024-02-20 07:00:00,Sonapur-Gauge-1,4,forest,unconsolidated_sediment,0,0.010592099557529254,0,LOW
2024-02-20 08:00:00,Chamoli-Gauge-1,1,sparse_vegetation,fractured_metamorphic,0,0.011731677332732717,0,LOW
2024-02-20 08:00:00,Kolkata-Gauge-1,2,urban,unconsolidated_sediment,0,0.012482528243148699,0,LOW
2024-02-20 08:00:00,Guwahati-Gauge-1,3,cropland,sedimentary,0,0.010592099557529254,0,LOW
2024-02-20 08:00:00,Sonapur-Gauge-1,4,forest,unconsolidated_sediment,0,0.010592099557529254,0,LOW
2024-02-20 09:00:00,Chamoli-Gauge-1,1,sparse_vegetation,fractured_metamorphic,0,0.011731677332732717,0,LOW
2024-02-20 09:00:00,Kolkata-Gauge-1,2,urban,unconsolidated_sediment,0,0.01201179694900572,0,LOW
2024-02-20 09:00:00,Guwahati-Gauge-1,3,cropland,sedimentary,0,0.010592099557529254,0,LOW
2024-02-20 09:00:00,Sonapur-Gauge-1,4,forest,unconsolidated_sediment,0,0.010592099557529254,0,LOW
2024-02-20 10:00:00,Chamoli-Gauge-1,1,sparse_vegetation,fractured_metamorphic,0,0.011298451961881032,0,LOW
2024-02-20 10:00:00,Kolkata-Gauge-1,2,urban,unconsolidated_sediment,0,0.01212864123773459,0,LOW
2024-02-20 10:00:00,Guwahati-Gauge-1,3,cropland,sedimentary,0,0.010592099557529254,0,LOW
2024-02-20 10:00:00,Sonapur-Gauge-1,4,forest,unconsolidated_sediment,0,0.011734378618276229,0,LOW
2024-02-20 11:00:00,Chamoli-Gauge-1,1,sparse_vegetation,fractured_metamorphic,0,0.011135185338721897,0,LOW
2024-02-20 11:00:00,Kolkata-Gauge-1,2,urban,unconsolidated_sediment,0,0.0133403699716181,0,LOW
2024-02-20 11:00:00,Guwahati-Gauge-1,3,cropland,sedimentary,0,0.010592099557529254,0,LOW
2024-02-20 11:00:00,Sonapur-Gauge-1,4,forest,unconsolidated_sediment,0,0.011136632604591575,0,LOW
2024-02-20 12:00:00,Chamoli-Gauge-1,1,sparse_vegetation,fractured_metamorphic,0,0.011135185338721897,0,LOW
2024-02-20 12:00:00,Kolkata-Gauge-1,2,urban,unconsolidated_sediment,0,0.013970000070616141,0,LOW
2024-02-20 12:00:00,Guwahati-Gauge-1,3,cropland,sedimentary,0,0.010592099557529254,0,LOW
2024-02-20 12:00:00,Sonapur-Gauge-1,4,forest,unconsolidated_sediment,0,0.013629036740115846,0,LOW
2024-02-20 13:00:00,Chamoli-Gauge-1,1,sparse_vegetation,fractured_metamorphic,0,0.011135185338721897,0,LOW
2024-02-20 13:00:00,Kolkata-Gauge-1,2,urban,unconsolidated_sediment,0,0.011631376468512908,0,LOW
2024-02-20 13:00:00,Guwahati-Gauge-1,3,cropland,sedimentary,0,0.010592099557529254,0,LOW
2024-02-20 13:00:00,Sonapur-Gauge-1,4,forest,unconsolidated_sediment,0,0.011580325695746744,0,LOW
2024-02-20 14:00:00,Chamoli-Gauge-1,1,sparse_vegetation,fractured_metamorphic,0,0.015312366373825985,0,LOW
2024-02-20 14:00:00,Kolkata-Gauge-1,2,urban,unconsolidated_sediment,0,0.012237692068822801,0,LOW
2024-02-20 14:00:00,Guwahati-Gauge-1,3,cropland,sedimentary,0,0.010592099557529254,0,LOW
2024-02-20 14:00:00,Sonapur-Gauge-1,4,forest,unconsolidated_sediment,0,0.011580325695746744,0,LOW
2024-02-20 15:00:00,Chamoli-Gauge-1,1,sparse_vegetation,fractured_metamorphic,0,0.0163859159849847,0,LOW
2024-02-20 15:00:00,Kolkata-Gauge-1,2,urban,unconsolidated_sediment,0,0.011295712513441615,0,LOW
2024-02-20 15:00:00,Guwahati-Gauge-1,3,cropland,sedimentary,0,0.010592099557529254,0,LOW
2024-02-20 15:00:00,Sonapur-Gauge-1,4,forest,unconsolidated_sediment,0,0.01315907700388046,0,LOW
2024-02-20 16:00:00,Chamoli-Gauge-1,1,sparse_vegetation,fractured_metamorphic,0,0.01696674818894993,0,LOW
2024-02-20 16:00:00,Kolkata-Gauge-1,2,urban,unconsolidated_sediment,0,0.0111036430501977,0,LOW
2024-02-20 16:00:00,Guwahati-Gauge-1,3,cropland,sedimentary,0,0.010592099557529254,0,LOW
2024-02-20 16:00:00,Sonapur-Gauge-1,4,forest,unconsolidated_sediment,0,0.012758396135204483,0,LOW
2024-02-20 17:00:00,Chamoli-Gauge-1,1,sparse_vegetation,fractured_metamorphic,0,0.012096521227767871,0,LOW
2024-02-20 17:00:00,Kolkata-Gauge-1,2,urban,unconsolidated_sediment,0,0.010592099557529254,0,LOW
2024-02-20 17:00:00,Guwahati-Gauge-1,3,cropland,sedimentary,0,0.01080703552348768,0,LOW
2024-02-20 17:00:00,Sonapur-Gauge-1,4,forest,unconsolidated_sediment,0,0.012758396135204483,0,LOW
2024-02-20 18:00:00,Chamoli-Gauge-1,1,sparse_vegetation,fractured_metamorphic,0,0.010866764991316996,0,LOW
2024-02-20 18:00:00,Kolkata-Gauge-1,2,urban,unconsolidated_sediment,0,0.010592099557529254,0,LOW
2024-02-20 18:00:00,Guwahati-Gauge-1,3,cropland,sedimentary,0,0.01080703552348768,0,LOW
2024-02-20 18:00:00,Sonapur-Gauge-1,4,forest,unconsolidated_sediment,0,0.013826845954310212,0,LOW
2024-02-20 19:00:00,Chamoli-Gauge-1,1,sparse_vegetation,fractured_metamorphic,0,0.010866764991316996,0,LOW
2024-02-20 19:00:00,Kolkata-Gauge-1,2,urban,unconsolidated_sediment,0,0.010592099557529254,0,LOW
2024-02-20 19:00:00,Guwahati-Gauge-1,3,cropland,sedimentary,0,0.010592099557529254,0,LOW
2024-02-20 19:00:00,Sonapur-Gauge-1,4,forest,unconsolidated_sediment,0,0.010592099557529254,0,LOW
2024-02-20 20:00:00,Chamoli-Gauge-1,1,sparse_vegetation,fractured_metamorphic,0,0.025244138808739134,0,LOW
2024-02-20 20:00:00,Kolkata-Gauge-1,2,urban,unconsolidated_sediment,0,0.012068738297819067,0,LOW
2024-02-20 20:00:00,Guwahati-Gauge-1,3,cropland,sedimentary,0,0.010592099557529254,0,LOW
2024-02-20 20:00:00,Sonapur-Gauge-1,4,forest,unconsolidated_sediment,0,0.010592099557529254,0,LOW
2024-02-20 21:00:00,Chamoli-Gauge-1,1,sparse_vegetation,fractured_metamorphic,0,0.015643079933732144,0,LOW
2024-02-20 21:00:00,Kolkata-Gauge-1,2,urban,unconsolidated_sediment,0,0.010592099557529254,0,LOW
2024-02-20 21:00:00,Guwahati-Gauge-1,3,cropland,sedimentary,0,0.010592099557529254,0,LOW
2024-02-20 21:00:00,Sonapur-Gauge-1,4,forest,unconsolidated_sediment,0,0.010592099557529254,0,LOW
2024-02-20 22:00:00,Chamoli-Gauge-1,1,sparse_vegetation,fractured_metamorphic,0,0.017293142290762096,0,LOW
2024-02-20 22:00:00,Kolkata-Gauge-1,2,urban,unconsolidated_sediment,0,0.010592099557529254,0,LOW
2024-02-20 22:00:00,Guwahati-Gauge-1,3,cropland,sedimentary,0,0.010592099557529254,0,LOW
2024-02-20 22:00:00,Sonapur-Gauge-1,4,forest,unconsolidated_sediment,0,0.010801110567103221,0,LOW
2024-02-20 23:00:00,Chamoli-Gauge-1,1,sparse_vegetation,fractured_metamorphic,0,0.0336328430052681,0,LOW
2024-02-20 23:00:00,Kolkata-Gauge-1,2,urban,unconsolidated_sediment,0,0.010592099557529254,0,LOW
2024-02-20 23:00:00,Guwahati-Gauge-1,3,cropland,sedimentary,0,0.010592099557529254,0,LOW
2024-02-20 23:00:00,Sonapur-Gauge-1,4,forest,unconsolidated_sediment,0,0.012423766683721527,0,LOW
2024-02-21 00:00:00,Chamoli-Gauge-1,1,sparse_vegetation,fractured_metamorphic,0,0.032419273098992216,0,LOW
2024-02-21 00:00:00,Kolkata-Gauge-1,2,urban,unconsolidated_sediment,0,0.010592099557529254,0,LOW
2024-02-21 00:00:00,Guwahati-Gauge-1,3,cropland,sedimentary,0,0.010592099557529254,0,LOW
2024-02-21 00:00:00,Sonapur-Gauge-1,4,forest,unconsolidated_sediment,0,0.010592099557529254,0,LOW
2024-02-21 01:00:00,Chamoli-Gauge-1,1,sparse_vegetation,fractured_metamorphic,0,0.03403688859012384,0,LOW
2024-02-21 01:00:00,Kolkata-Gauge-1,2,urban,unconsolidated_sediment,0,0.010791583100946536,0,LOW
2024-02-21 01:00:00,Guwahati-Gauge-1,3,cropland,sedimentary,0,0.010592099557529254,0,LOW
2024-02-21 01:00:00,Sonapur-Gauge-1,4,forest,unconsolidated_sediment,0,0.010592099557529254,0,LOW
2024-02-21 02:00:00,Chamoli-Gauge-1,1,sparse_vegetation,fractured_metamorphic,1,0.3575130512893245,0,MODERATE
2024-02-21 02:00:00,Kolkata-Gauge-1,2,urban,unconsolidated_sediment,0,0.010592099557529254,0,LOW
2024-02-21 02:00:00,Guwahati-Gauge-1,3,cropland,sedimentary,0,0.010592099557529254,0,LOW
2024-02-21 02:00:00,Sonapur-Gauge-1,4,forest,unconsolidated_sediment,0,0.010807376489727712,0,LOW
2024-02-21 03:00:00,Chamoli-Gauge-1,1,sparse_vegetation,fractured_metamorphic,0,0.1787630572857403,0,LOW
2024-02-21 03:00:00,Kolkata-Gauge-1,2,urban,unconsolidated_sediment,0,0.010592099557529254,0,LOW
2024-02-21 03:00:00,Guwahati-Gauge-1,3,cropland,sedimentary,0,0.010592099557529254,0,LOW
2024-02-21 03:00:00,Sonapur-Gauge-1,4,forest,unconsolidated_sediment,0,0.010992615750998936,0,LOW
2024-02-21 04:00:00,Chamoli-Gauge-1,1,sparse_vegetation,fractured_metamorphic,0,0.04092121166752006,0,LOW
2024-02-21 04:00:00,Kolkata-Gauge-1,2,urban,unconsolidated_sediment,0,0.010592099557529254,0,LOW
2024-02-21 04:00:00,Guwahati-Gauge-1,3,cropland,sedimentary,0,0.010592099557529254,0,LOW
2024-02-21 04:00:00,Sonapur-Gauge-1,4,forest,unconsolidated_sediment,0,0.010592099557529254,0,LOW
2024-02-21 05:00:00,Chamoli-Gauge-1,1,sparse_vegetation,fractured_metamorphic,0,0.037068468536464554,0,LOW
2024-02-21 05:00:00,Kolkata-Gauge-1,2,urban,unconsolidated_sediment,0,0.010592099557529254,0,LOW
2024-02-21 05:00:00,Guwahati-Gauge-1,3,cropland,sedimentary,0,0.010592099557529254,0,LOW
2024-02-21 05:00:00,Sonapur-Gauge-1,4,forest,unconsolidated_sediment,0,0.010592099557529254,0,LOW
2024-02-21 06:00:00,Chamoli-Gauge-1,1,sparse_vegetation,fractured_metamorphic,0,0.04064623786021159,0,LOW
2024-02-21 06:00:00,Kolkata-Gauge-1,2,urban,unconsolidated_sediment,0,0.010592099557529254,0,LOW
2024-02-21 06:00:00,Guwahati-Gauge-1,3,cropland,sedimentary,0,0.010592099557529254,0,LOW
2024-02-21 06:00:00,Sonapur-Gauge-1,4,forest,unconsolidated_sediment,0,0.010592099557529254,0,LOW
2024-02-21 07:00:00,Chamoli-Gauge-1,1,sparse_vegetation,fractured_metamorphic,0,0.030346182901722776,0,LOW
2024-02-21 07:00:00,Kolkata-Gauge-1,2,urban,unconsolidated_sediment,0,0.010592099557529254,0,LOW
2024-02-21 07:00:00,Guwahati-Gauge-1,3,cropland,sedimentary,0,0.010592099557529254,0,LOW
2024-02-21 07:00:00,Sonapur-Gauge-1,4,forest,unconsolidated_sediment,0,0.010592099557529254,0,LOW
2024-02-21 08:00:00,Chamoli-Gauge-1,1,sparse_vegetation,fractured_metamorphic,0,0.11608330074175849,0,LOW
2024-02-21 08:00:00,Kolkata-Gauge-1,2,urban,unconsolidated_sediment,0,0.010592099557529254,0,LOW
2024-02-21 08:00:00,Guwahati-Gauge-1,3,cropland,sedimentary,0,0.010592099557529254,0,LOW
2024-02-21 08:00:00,Sonapur-Gauge-1,4,forest,unconsolidated_sediment,0,0.010592099557529254,0,LOW
2024-02-21 09:00:00,Chamoli-Gauge-1,1,sparse_vegetation,fractured_metamorphic,1,0.23927911523042447,0,LOW
2024-02-21 09:00:00,Kolkata-Gauge-1,2,urban,unconsolidated_sediment,0,0.010592099557529254,0,LOW
2024-02-21 09:00:00,Guwahati-Gauge-1,3,cropland,sedimentary,0,0.010706929040280552,0,LOW
2024-02-21 09:00:00,Sonapur-Gauge-1,4,forest,unconsolidated_sediment,0,0.010592099557529254,0,LOW
2024-02-21 10:00:00,Chamoli-Gauge-1,1,sparse_vegetation,fractured_metamorphic,0,0.015419233116976376,0,LOW
2024-02-21 10:00:00,Kolkata-Gauge-1,2,urban,unconsolidated_sediment,0,0.010592099557529254,0,LOW
2024-02-21 10:00:00,Guwahati-Gauge-1,3,cropland,sedimentary,0,0.010592099557529254,0,LOW
2024-02-21 10:00:00,Sonapur-Gauge-1,4,forest,unconsolidated_sediment,0,0.011060420661226728,0,LOW
2024-02-21 11:00:00,Chamoli-Gauge-1,1,sparse_vegetation,fractured_metamorphic,0,0.017638830289835348,0,LOW
2024-02-21 11:00:00,Kolkata-Gauge-1,2,urban,unconsolidated_sediment,0,0.010592099557529254,0,LOW
2024-02-21 11:00:00,Guwahati-Gauge-1,3,cropland,sedimentary,0,0.010592099557529254,0,LOW
2024-02-21 11:00:00,Sonapur-Gauge-1,4,forest,unconsolidated_sediment,0,0.013615424770416615,0,LOW
2024-02-21 12:00:00,Chamoli-Gauge-1,1,sparse_vegetation,fractured_metamorphic,0,0.01764064100244844,0,LOW
2024-02-21 12:00:00,Kolkata-Gauge-1,2,urban,unconsolidated_sediment,0,0.010592099557529254,0,LOW
2024-02-21 12:00:00,Guwahati-Gauge-1,3,cropland,sedimentary,0,0.010592099557529254,0,LOW
2024-02-21 12:00:00,Sonapur-Gauge-1,4,forest,unconsolidated_sediment,0,0.010592099557529254,0,LOW
2024-02-21 13:00:00,Chamoli-Gauge-1,1,sparse_vegetation,fractured_metamorphic,0,0.014658806640567002,0,LOW
2024-02-21 13:00:00,Kolkata-Gauge-1,2,urban,unconsolidated_sediment,0,0.010592099557529254,0,LOW
2024-02-21 13:00:00,Guwahati-Gauge-1,3,cropland,sedimentary,0,0.010592099557529254,0,LOW
2024-02-21 13:00:00,Sonapur-Gauge-1,4,forest,unconsolidated_sediment,0,0.010592099557529254,0,LOW
2024-02-21 14:00:00,Chamoli-Gauge-1,1,sparse_vegetation,fractured_metamorphic,0,0.01268682301405594,0,LOW
2024-02-21 14:00:00,Kolkata-Gauge-1,2,urban,unconsolidated_sediment,0,0.010592099557529254,0,LOW
2024-02-21 14:00:00,Guwahati-Gauge-1,3,cropland,sedimentary,0,0.010592099557529254,0,LOW
2024-02-21 14:00:00,Sonapur-Gauge-1,4,forest,unconsolidated_sediment,0,0.010592099557529254,0,LOW
2024-02-21 15:00:00,Chamoli-Gauge-1,1,sparse_vegetation,fractured_metamorphic,0,0.012704003272904395,0,LOW
2024-02-21 15:00:00,Kolkata-Gauge-1,2,urban,unconsolidated_sediment,0,0.010592099557529254,0,LOW
2024-02-21 15:00:00,Guwahati-Gauge-1,3,cropland,sedimentary,0,0.010592099557529254,0,LOW
2024-02-21 15:00:00,Sonapur-Gauge-1,4,forest,unconsolidated_sediment,0,0.010592099557529254,0,LOW
2024-02-21 16:00:00,Chamoli-Gauge-1,1,sparse_vegetation,fractured_metamorphic,0,0.013347415258417082,0,LOW
2024-02-21 16:00:00,Kolkata-Gauge-1,2,urban,unconsolidated_sediment,0,0.010592099557529254,0,LOW
2024-02-21 16:00:00,Guwahati-Gauge-1,3,cropland,sedimentary,0,0.010592099557529254,0,LOW
2024-02-21 16:00:00,Sonapur-Gauge-1,4,forest,unconsolidated_sediment,0,0.010592099557529254,0,LOW
2024-02-21 17:00:00,Chamoli-Gauge-1,1,sparse_vegetation,fractured_metamorphic,0,0.014298946119340003,0,LOW
2024-02-21 17:00:00,Kolkata-Gauge-1,2,urban,unconsolidated_sediment,0,0.010592099557529254,0,LOW
2024-02-21 17:00:00,Guwahati-Gauge-1,3,cropland,sedimentary,0,0.010592099557529254,0,LOW
2024-02-21 17:00:00,Sonapur-Gauge-1,4,forest,unconsolidated_sediment,0,0.010592099557529254,0,LOW
2024-02-21 18:00:00,Chamoli-Gauge-1,1,sparse_vegetation,fractured_metamorphic,0,0.014889966838152685,0,LOW
2024-02-21 18:00:00,Kolkata-Gauge-1,2,urban,unconsolidated_sediment,0,0.010592099557529254,0,LOW
2024-02-21 18:00:00,Guwahati-Gauge-1,3,cropland,sedimentary,0,0.010592099557529254,0,LOW
2024-02-21 18:00:00,Sonapur-Gauge-1,4,forest,unconsolidated_sediment,0,0.010592099557529254,0,LOW
2024-02-21 19:00:00,Chamoli-Gauge-1,1,sparse_vegetation,fractured_metamorphic,0,0.01666822417335928,0,LOW
2024-02-21 19:00:00,Kolkata-Gauge-1,2,urban,unconsolidated_sediment,0,0.01196674394991574,0,LOW
2024-02-21 19:00:00,Guwahati-Gauge-1,3,cropland,sedimentary,0,0.010592099557529254,0,LOW
2024-02-21 19:00:00,Sonapur-Gauge-1,4,forest,unconsolidated_sediment,0,0.010592099557529254,0,LOW
2024-02-21 20:00:00,Chamoli-Gauge-1,1,sparse_vegetation,fractured_metamorphic,0,0.011160016484165345,0,LOW
2024-02-21 20:00:00,Kolkata-Gauge-1,2,urban,unconsolidated_sediment,0,0.010592099557529254,0,LOW
2024-02-21 20:00:00,Guwahati-Gauge-1,3,cropland,sedimentary,0,0.010592099557529254,0,LOW
2024-02-21 20:00:00,Sonapur-Gauge-1,4,forest,unconsolidated_sediment,0,0.010592099557529254,0,LOW
2024-02-21 21:00:00,Chamoli-Gauge-1,1,sparse_vegetation,fractured_metamorphic,0,0.011250215722730854,0,LOW
2024-02-21 21:00:00,Kolkata-Gauge-1,2,urban,unconsolidated_sediment,0,0.010592099557529254,0,LOW
2024-02-21 21:00:00,Guwahati-Gauge-1,3,cropland,sedimentary,0,0.010592099557529254,0,LOW
2024-02-21 21:00:00,Sonapur-Gauge-1,4,forest,unconsolidated_sediment,0,0.010592099557529254,0,LOW
2024-02-21 22:00:00,Chamoli-Gauge-1,1,sparse_vegetation,fractured_metamorphic,0,0.023013050008083097,0,LOW
2024-02-21 22:00:00,Kolkata-Gauge-1,2,urban,unconsolidated_sediment,0,0.010592099557529254,0,LOW
2024-02-21 22:00:00,Guwahati-Gauge-1,3,cropland,sedimentary,0,0.011026168452914941,0,LOW
2024-02-21 22:00:00,Sonapur-Gauge-1,4,forest,unconsolidated_sediment,0,0.010592099557529254,0,LOW
2024-02-21 23:00:00,Chamoli-Gauge-1,1,sparse_vegetation,fractured_metamorphic,0,0.010851863780787336,0,LOW
2024-02-21 23:00:00,Kolkata-Gauge-1,2,urban,unconsolidated_sediment,0,0.010592099557529254,0,LOW
2024-02-21 23:00:00,Guwahati-Gauge-1,3,cropland,sedimentary,0,0.011026168452914941,0,LOW
2024-02-21 23:00:00,Sonapur-Gauge-1,4,forest,unconsolidated_sediment,0,0.010592099557529254,0,LOW
2024-02-22 00:00:00,Chamoli-Gauge-1,1,sparse_vegetation,fractured_metamorphic,0,0.010693507615312533,0,LOW
2024-02-22 00:00:00,Kolkata-Gauge-1,2,urban,unconsolidated_sediment,0,0.010592099557529254,0,LOW
2024-02-22 00:00:00,Guwahati-Gauge-1,3,cropland,sedimentary,0,0.011026168452914941,0,LOW
2024-02-22 00:00:00,Sonapur-Gauge-1,4,forest,unconsolidated_sediment,0,0.010592099557529254,0,LOW
2024-02-22 01:00:00,Chamoli-Gauge-1,1,sparse_vegetation,fractured_metamorphic,0,0.010693507615312533,0,LOW
2024-02-22 01:00:00,Kolkata-Gauge-1,2,urban,unconsolidated_sediment,0,0.038140842159950415,0,LOW
2024-02-22 01:00:00,Guwahati-Gauge-1,3,cropland,sedimentary,0,0.010776467464744515,0,LOW
2024-02-22 01:00:00,Sonapur-Gauge-1,4,forest,unconsolidated_sediment,0,0.010592099557529254,0,LOW
2024-02-22 02:00:00,Chamoli-Gauge-1,1,sparse_vegetation,fractured_metamorphic,0,0.010693507615312533,0,LOW
2024-02-22 02:00:00,Kolkata-Gauge-1,2,urban,unconsolidated_sediment,0,0.0193780278550195,0,LOW
2024-02-22 02:00:00,Guwahati-Gauge-1,3,cropland,sedimentary,0,0.010592099557529254,0,LOW
2024-02-22 02:00:00,Sonapur-Gauge-1,4,forest,unconsolidated_sediment,0,0.010592099557529254,0,LOW
2024-02-22 03:00:00,Chamoli-Gauge-1,1,sparse_vegetation,fractured_metamorphic,0,0.010693507615312533,0,LOW
2024-02-22 03:00:00,Kolkata-Gauge-1,2,urban,unconsolidated_sediment,0,0.021031864543590253,0,LOW
2024-02-22 03:00:00,Guwahati-Gauge-1,3,cropland,sedimentary,0,0.010592099557529254,0,LOW
2024-02-22 03:00:00,Sonapur-Gauge-1,4,forest,unconsolidated_sediment,0,0.010592099557529254,0,LOW
2024-02-22 04:00:00,Chamoli-Gauge-1,1,sparse_vegetation,fractured_metamorphic,0,0.010693507615312533,0,LOW
2024-02-22 04:00:00,Kolkata-Gauge-1,2,urban,unconsolidated_sediment,0,0.16323090289974684,0,LOW
2024-02-22 04:00:00,Guwahati-Gauge-1,3,cropland,sedimentary,0,0.010592099557529254,0,LOW
2024-02-22 04:00:00,Sonapur-Gauge-1,4,forest,unconsolidated_sediment,0,0.010592099557529254,0,LOW
2024-02-22 05:00:00,Chamoli-Gauge-1,1,sparse_vegetation,fractured_metamorphic,0,0.010893180916500407,0,LOW
2024-02-22 05:00:00,Kolkata-Gauge-1,2,urban,unconsolidated_sediment,1,0.5272264770727841,1,MODERATE
2024-02-22 05:00:00,Guwahati-Gauge-1,3,cropland,sedimentary,0,0.010592099557529254,0,LOW
2024-02-22 05:00:00,Sonapur-Gauge-1,4,forest,unconsolidated_sediment,0,0.010592099557529254,0,LOW
2024-02-22 06:00:00,Chamoli-Gauge-1,1,sparse_vegetation,fractured_metamorphic,0,0.010680610133130352,0,LOW
2024-02-22 06:00:00,Kolkata-Gauge-1,2,urban,unconsolidated_sediment,0,0.5272264770727841,1,MODERATE
2024-02-22 06:00:00,Guwahati-Gauge-1,3,cropland,sedimentary,0,0.010592099557529254,0,LOW
2024-02-22 06:00:00,Sonapur-Gauge-1,4,forest,unconsolidated_sediment,0,0.010592099557529254,0,LOW
2024-02-22 07:00:00,Chamoli-Gauge-1,1,sparse_vegetation,fractured_metamorphic,0,0.010680610133130352,0,LOW
2024-02-22 07:00:00,Kolkata-Gauge-1,2,urban,unconsolidated_sediment,1,0.7116771322866793,1,HIGH
2024-02-22 07:00:00,Guwahati-Gauge-1,3,cropland,sedimentary,0,0.010592099557529254,0,LOW
2024-02-22 07:00:00,Sonapur-Gauge-1,4,forest,unconsolidated_sediment,0,0.010592099557529254,0,LOW
2024-02-22 08:00:00,Chamoli-Gauge-1,1,sparse_vegetation,fractured_metamorphic,0,0.01113662921481834,0,LOW
2024-02-22 08:00:00,Kolkata-Gauge-1,2,urban,unconsolidated_sediment,0,0.17494600997319806,0,LOW
2024-02-22 08:00:00,Guwahati-Gauge-1,3,cropland,sedimentary,0,0.010592099557529254,0,LOW
2024-02-22 08:00:00,Sonapur-Gauge-1,4,forest,unconsolidated_sediment,0,0.010592099557529254,0,LOW
2024-02-22 09:00:00,Chamoli-Gauge-1,1,sparse_vegetation,fractured_metamorphic,0,0.011103547659987608,0,LOW
2024-02-22 09:00:00,Kolkata-Gauge-1,2,urban,unconsolidated_sediment,0,0.13027049093527082,0,LOW
2024-02-22 09:00:00,Guwahati-Gauge-1,3,cropland,sedimentary,0,0.010806580918384963,0,LOW
2024-02-22 09:00:00,Sonapur-Gauge-1,4,forest,unconsolidated_sediment,0,0.010592099557529254,0,LOW
2024-02-22 10:00:00,Chamoli-Gauge-1,1,sparse_vegetation,fractured_metamorphic,0,0.010784006946838193,0,LOW
2024-02-22 10:00:00,Kolkata-Gauge-1,2,urban,unconsolidated_sediment,0,0.08412000957127029,0,LOW
2024-02-22 10:00:00,Guwahati-Gauge-1,3,cropland,sedimentary,0,0.010592099557529254,0,LOW
2024-02-22 10:00:00,Sonapur-Gauge-1,4,forest,unconsolidated_sediment,0,0.010592099557529254,0,LOW
2024-02-22 11:00:00,Chamoli-Gauge-1,1,sparse_vegetation,fractured_metamorphic,0,0.01071995079309388,0,LOW
2024-02-22 11:00:00,Kolkata-Gauge-1,2,urban,unconsolidated_sediment,0,0.04349110948722859,0,LOW
2024-02-22 11:00:00,Guwahati-Gauge-1,3,cropland,sedimentary,0,0.0107603717316098,0,LOW
2024-02-22 11:00:00,Sonapur-Gauge-1,4,forest,unconsolidated_sediment,0,0.010592099557529254,0,LOW
2024-02-22 12:00:00,Chamoli-Gauge-1,1,sparse_vegetation,fractured_metamorphic,0,0.01071995079309388,0,LOW
2024-02-22 12:00:00,Kolkata-Gauge-1,2,urban,unconsolidated_sediment,0,0.4127586956485327,0,MODERATE
2024-02-22 12:00:00,Guwahati-Gauge-1,3,cropland,sedimentary,0,0.010592099557529254,0,LOW
2024-02-22 12:00:00,Sonapur-Gauge-1,4,forest,unconsolidated_sediment,0,0.010592099557529254,0,LOW
2024-02-22 13:00:00,Chamoli-Gauge-1,1,sparse_vegetation,fractured_metamorphic,0,0.01071995079309388,0,LOW
2024-02-22 13:00:00,Kolkata-Gauge-1,2,urban,unconsolidated_sediment,1,0.7593088207334816,1,HIGH
2024-02-22 13:00:00,Guwahati-Gauge-1,3,cropland,sedimentary,0,0.010592099557529254,0,LOW
2024-02-22 13:00:00,Sonapur-Gauge-1,4,forest,unconsolidated_sediment,0,0.010592099557529254,0,LOW
2024-02-22 14:00:00,Chamoli-Gauge-1,1,sparse_vegetation,fractured_metamorphic,0,0.01071995079309388,0,LOW
2024-02-22 14:00:00,Kolkata-Gauge-1,2,urban,unconsolidated_sediment,1,0.7008640368797511,1,HIGH
2024-02-22 14:00:00,Guwahati-Gauge-1,3,cropland,sedimentary,0,0.010592099557529254,0,LOW
2024-02-22 14:00:00,Sonapur-Gauge-1,4,forest,unconsolidated_sediment,0,0.010592099557529254,0,LOW
2024-02-22 15:00:00,Chamoli-Gauge-1,1,sparse_vegetation,fractured_metamorphic,0,0.01133175706493186,0,LOW
2024-02-22 15:00:00,Kolkata-Gauge-1,2,urban,unconsolidated_sediment,0,0.10873632992596012,0,LOW
2024-02-22 15:00:00,Guwahati-Gauge-1,3,cropland,sedimentary,0,0.010592099557529254,0,LOW
2024-02-22 15:00:00,Sonapur-Gauge-1,4,forest,unconsolidated_sediment,0,0.010592099557529254,0,LOW
2024-02-22 16:00:00,Chamoli-Gauge-1,1,sparse_vegetation,fractured_metamorphic,0,0.014478692260640528,0,LOW
2024-02-22 16:00:00,Kolkata-Gauge-1,2,urban,unconsolidated_sediment,0,0.06529869556243482,0,LOW
2024-02-22 16:00:00,Guwahati-Gauge-1,3,cropland,sedimentary,0,0.010592099557529254,0,LOW
2024-02-22 16:00:00,Sonapur-Gauge-1,4,forest,unconsolidated_sediment,0,0.010592099557529254,0,LOW
2024-02-22 17:00:00,Chamoli-Gauge-1,1,sparse_vegetation,fractured_metamorphic,0,0.01380357685926077,0,LOW
2024-02-22 17:00:00,Kolkata-Gauge-1,2,urban,unconsolidated_sediment,0,0.041952110179194334,0,LOW
2024-02-22 17:00:00,Guwahati-Gauge-1,3,cropland,sedimentary,0,0.010592099557529254,0,LOW
2024-02-22 17:00:00,Sonapur-Gauge-1,4,forest,unconsolidated_sediment,0,0.010592099557529254,0,LOW
2024-02-22 18:00:00,Chamoli-Gauge-1,1,sparse_vegetation,fractured_metamorphic,0,0.01115220171673368,0,LOW
2024-02-22 18:00:00,Kolkata-Gauge-1,2,urban,unconsolidated_sediment,0,0.11191059222707644,0,LOW
2024-02-22 18:00:00,Guwahati-Gauge-1,3,cropland,sedimentary,0,0.010592099557529254,0,LOW
2024-02-22 18:00:00,Sonapur-Gauge-1,4,forest,unconsolidated_sediment,0,0.010592099557529254,0,LOW
2024-02-22 19:00:00,Chamoli-Gauge-1,1,sparse_vegetation,fractured_metamorphic,0,0.011054801627050782,0,LOW
2024-02-22 19:00:00,Kolkata-Gauge-1,2,urban,unconsolidated_sediment,1,0.436596588628671,0,MODERATE
2024-02-22 19:00:00,Guwahati-Gauge-1,3,cropland,sedimentary,0,0.010592099557529254,0,LOW
2024-02-22 19:00:00,Sonapur-Gauge-1,4,forest,unconsolidated_sediment,0,0.010592099557529254,0,LOW
2024-02-22 20:00:00,Chamoli-Gauge-1,1,sparse_vegetation,fractured_metamorphic,0,0.012291543136553099,0,LOW
2024-02-22 20:00:00,Kolkata-Gauge-1,2,urban,unconsolidated_sediment,0,0.15029137771717602,0,LOW
2024-02-22 20:00:00,Guwahati-Gauge-1,3,cropland,sedimentary,0,0.010592099557529254,0,LOW
2024-02-22 20:00:00,Sonapur-Gauge-1,4,forest,unconsolidated_sediment,0,0.010592099557529254,0,LOW
2024-02-22 21:00:00,Chamoli-Gauge-1,1,sparse_vegetation,fractured_metamorphic,0,0.01071995079309388,0,LOW
2024-02-22 21:00:00,Kolkata-Gauge-1,2,urban,unconsolidated_sediment,0,0.1157590737394457,0,LOW
2024-02-22 21:00:00,Guwahati-Gauge-1,3,cropland,sedimentary,0,0.010592099557529254,0,LOW
2024-02-22 21:00:00,Sonapur-Gauge-1,4,forest,unconsolidated_sediment,0,0.010592099557529254,0,LOW
2024-02-22 22:00:00,Chamoli-Gauge-1,1,sparse_vegetation,fractured_metamorphic,0,0.01071995079309388,0,LOW
2024-02-22 22:00:00,Kolkata-Gauge-1,2,urban,unconsolidated_sediment,0,0.3388717237934112,0,MODERATE
2024-02-22 22:00:00,Guwahati-Gauge-1,3,cropland,sedimentary,0,0.010592099557529254,0,LOW
2024-02-22 22:00:00,Sonapur-Gauge-1,4,forest,unconsolidated_sediment,0,0.010592099557529254,0,LOW
2024-02-22 23:00:00,Chamoli-Gauge-1,1,sparse_vegetation,fractured_metamorphic,0,0.010762624868922113,0,LOW
2024-02-22 23:00:00,Kolkata-Gauge-1,2,urban,unconsolidated_sediment,1,0.4887248320766053,0,MODERATE
2024-02-22 23:00:00,Guwahati-Gauge-1,3,cropland,sedimentary,0,0.010592099557529254,0,LOW
2024-02-22 23:00:00,Sonapur-Gauge-1,4,forest,unconsolidated_sediment,0,0.010592099557529254,0,LOW
2024-02-23 00:00:00,Chamoli-Gauge-1,1,sparse_vegetation,fractured_metamorphic,0,0.010762624868922113,0,LOW
2024-02-23 00:00:00,Kolkata-Gauge-1,2,urban,unconsolidated_sediment,1,0.39410484180695565,0,MODERATE
2024-02-23 00:00:00,Guwahati-Gauge-1,3,cropland,sedimentary,0,0.010878709472813816,0,LOW
2024-02-23 00:00:00,Sonapur-Gauge-1,4,forest,unconsolidated_sediment,0,0.010592099557529254,0,LOW
2024-02-23 01:00:00,Chamoli-Gauge-1,1,sparse_vegetation,fractured_metamorphic,0,0.010762624868922113,0,LOW
2024-02-23 01:00:00,Kolkata-Gauge-1,2,urban,unconsolidated_sediment,0,0.013949720071456456,0,LOW
2024-02-23 01:00:00,Guwahati-Gauge-1,3,cropland,sedimentary,0,0.010592099557529254,0,LOW
2024-02-23 01:00:00,Sonapur-Gauge-1,4,forest,unconsolidated_sediment,0,0.010592099557529254,0,LOW
2024-02-23 02:00:00,Chamoli-Gauge-1,1,sparse_vegetation,fractured_metamorphic,0,0.010774557082936146,0,LOW
2024-02-23 02:00:00,Kolkata-Gauge-1,2,urban,unconsolidated_sediment,0,0.012180420264971053,0,LOW
2024-02-23 02:00:00,Guwahati-Gauge-1,3,cropland,sedimentary,0,0.010808086870235396,0,LOW
2024-02-23 02:00:00,Sonapur-Gauge-1,4,forest,unconsolidated_sediment,0,0.010592099557529254,0,LOW
2024-02-23 03:00:00,Chamoli-Gauge-1,1,sparse_vegetation,fractured_metamorphic,0,0.010592099557529254,0,LOW
2024-02-23 03:00:00,Kolkata-Gauge-1,2,urban,unconsolidated_sediment,0,0.010769602764981326,0,LOW
2024-02-23 03:00:00,Guwahati-Gauge-1,3,cropland,sedimentary,0,0.010592099557529254,0,LOW
2024-02-23 03:00:00,Sonapur-Gauge-1,4,forest,unconsolidated_sediment,0,0.010970973370845514,0,LOW
2024-02-23 04:00:00,Chamoli-Gauge-1,1,sparse_vegetation,fractured_metamorphic,0,0.010808257368429287,0,LOW
2024-02-23 04:00:00,Kolkata-Gauge-1,2,urban,unconsolidated_sediment,0,0.010769602764981326,0,LOW
2024-02-23 04:00:00,Guwahati-Gauge-1,3,cropland,sedimentary,0,0.010592099557529254,0,LOW
2024-02-23 04:00:00,Sonapur-Gauge-1,4,forest,unconsolidated_sediment,0,0.010592099557529254,0,LOW
2024-02-23 05:00:00,Chamoli-Gauge-1,1,sparse_vegetation,fractured_metamorphic,0,0.01071995079309388,0,LOW
2024-02-23 05:00:00,Kolkata-Gauge-1,2,urban,unconsolidated_sediment,0,0.010864552605360601,0,LOW
2024-02-23 05:00:00,Guwahati-Gauge-1,3,cropland,sedimentary,0,0.010592099557529254,0,LOW
2024-02-23 05:00:00,Sonapur-Gauge-1,4,forest,unconsolidated_sediment,0,0.010592099557529254,0,LOW
2024-02-23 06:00:00,Chamoli-Gauge-1,1,sparse_vegetation,fractured_metamorphic,0,0.01071995079309388,0,LOW
2024-02-23 06:00:00,Kolkata-Gauge-1,2,urban,unconsolidated_sediment,0,0.01620826188639598,0,LOW
2024-02-23 06:00:00,Guwahati-Gauge-1,3,cropland,sedimentary,0,0.010592099557529254,0,LOW
2024-02-23 06:00:00,Sonapur-Gauge-1,4,forest,unconsolidated_sediment,0,0.010592099557529254,0,LOW
2024-02-23 07:00:00,Chamoli-Gauge-1,1,sparse_vegetation,fractured_metamorphic,0,0.01071995079309388,0,LOW
2024-02-23 07:00:00,Kolkata-Gauge-1,2,urban,unconsolidated_sediment,0,0.012091877215190146,0,LOW
2024-02-23 07:00:00,Guwahati-Gauge-1,3,cropland,sedimentary,0,0.010592099557529254,0,LOW
2024-02-23 07:00:00,Sonapur-Gauge-1,4,forest,unconsolidated_sediment,0,0.010592099557529254,0,LOW
2024-02-23 08:00:00,Chamoli-Gauge-1,1,sparse_vegetation,fractured_metamorphic,0,0.01071995079309388,0,LOW
2024-02-23 08:00:00,Kolkata-Gauge-1,2,urban,unconsolidated_sediment,0,0.010802075850701687,0,LOW
2024-02-23 08:00:00,Guwahati-Gauge-1,3,cropland,sedimentary,0,0.010592099557529254,0,LOW
2024-02-23 08:00:00,Sonapur-Gauge-1,4,forest,unconsolidated_sediment,0,0.010592099557529254,0,LOW
2024-02-23 09:00:00,Chamoli-Gauge-1,1,sparse_vegetation,fractured_metamorphic,0,0.01071995079309388,0,LOW
2024-02-23 09:00:00,Kolkata-Gauge-1,2,urban,unconsolidated_sediment,0,0.010760531551400887,0,LOW
2024-02-23 09:00:00,Guwahati-Gauge-1,3,cropland,sedimentary,0,0.010592099557529254,0,LOW
2024-02-23 09:00:00,Sonapur-Gauge-1,4,forest,unconsolidated_sediment,0,0.010592099557529254,0,LOW
2024-02-23 10:00:00,Chamoli-Gauge-1,1,sparse_vegetation,fractured_metamorphic,0,0.01071995079309388,0,LOW
2024-02-23 10:00:00,Kolkata-Gauge-1,2,urban,unconsolidated_sediment,0,0.010760531551400887,0,LOW
2024-02-23 10:00:00,Guwahati-Gauge-1,3,cropland,sedimentary,0,0.010592099557529254,0,LOW
2024-02-23 10:00:00,Sonapur-Gauge-1,4,forest,unconsolidated_sediment,0,0.010592099557529254,0,LOW
2024-02-23 11:00:00,Chamoli-Gauge-1,1,sparse_vegetation,fractured_metamorphic,0,0.010592099557529254,0,LOW
2024-02-23 11:00:00,Kolkata-Gauge-1,2,urban,unconsolidated_sediment,0,0.010760531551400887,0,LOW
2024-02-23 11:00:00,Guwahati-Gauge-1,3,cropland,sedimentary,0,0.010592099557529254,0,LOW
2024-02-23 11:00:00,Sonapur-Gauge-1,4,forest,unconsolidated_sediment,0,0.010592099557529254,0,LOW
2024-02-23 12:00:00,Chamoli-Gauge-1,1,sparse_vegetation,fractured_metamorphic,0,0.010592099557529254,0,LOW
2024-02-23 12:00:00,Kolkata-Gauge-1,2,urban,unconsolidated_sediment,0,0.013633623521372411,0,LOW
2024-02-23 12:00:00,Guwahati-Gauge-1,3,cropland,sedimentary,0,0.010592099557529254,0,LOW
2024-02-23 12:00:00,Sonapur-Gauge-1,4,forest,unconsolidated_sediment,0,0.010592099557529254,0,LOW
2024-02-23 13:00:00,Chamoli-Gauge-1,1,sparse_vegetation,fractured_metamorphic,0,0.010592099557529254,0,LOW
2024-02-23 13:00:00,Kolkata-Gauge-1,2,urban,unconsolidated_sediment,0,0.011451245859374832,0,LOW
2024-02-23 13:00:00,Guwahati-Gauge-1,3,cropland,sedimentary,0,0.010592099557529254,0,LOW
2024-02-23 13:00:00,Sonapur-Gauge-1,4,forest,unconsolidated_sediment,0,0.010592099557529254,0,LOW
2024-02-23 14:00:00,Chamoli-Gauge-1,1,sparse_vegetation,fractured_metamorphic,0,0.010680610133130352,0,LOW
2024-02-23 14:00:00,Kolkata-Gauge-1,2,urban,unconsolidated_sediment,0,0.011145786970449295,0,LOW
2024-02-23 14:00:00,Guwahati-Gauge-1,3,cropland,sedimentary,0,0.010592099557529254,0,LOW
2024-02-23 14:00:00,Sonapur-Gauge-1,4,forest,unconsolidated_sediment,0,0.010592099557529254,0,LOW
2024-02-23 15:00:00,Chamoli-Gauge-1,1,sparse_vegetation,fractured_metamorphic,0,0.010680610133130352,0,LOW
2024-02-23 15:00:00,Kolkata-Gauge-1,2,urban,unconsolidated_sediment,0,0.011567274526957808,0,LOW
2024-02-23 15:00:00,Guwahati-Gauge-1,3,cropland,sedimentary,0,0.010592099557529254,0,LOW
2024-02-23 15:00:00,Sonapur-Gauge-1,4,forest,unconsolidated_sediment,0,0.010592099557529254,0,LOW
2024-02-23 16:00:00,Chamoli-Gauge-1,1,sparse_vegetation,fractured_metamorphic,0,0.010960308803550861,0,LOW
2024-02-23 16:00:00,Kolkata-Gauge-1,2,urban,unconsolidated_sediment,0,0.01099908540368441,0,LOW
2024-02-23 16:00:00,Guwahati-Gauge-1,3,cropland,sedimentary,0,0.010592099557529254,0,LOW
2024-02-23 16:00:00,Sonapur-Gauge-1,4,forest,unconsolidated_sediment,0,0.010592099557529254,0,LOW
2024-02-23 17:00:00,Chamoli-Gauge-1,1,sparse_vegetation,fractured_metamorphic,0,0.010960308803550861,0,LOW
2024-02-23 17:00:00,Kolkata-Gauge-1,2,urban,unconsolidated_sediment,0,0.010592099557529254,0,LOW
2024-02-23 17:00:00,Guwahati-Gauge-1,3,cropland,sedimentary,0,0.010592099557529254,0,LOW
2024-02-23 17:00:00,Sonapur-Gauge-1,4,forest,unconsolidated_sediment,0,0.010592099557529254,0,LOW
2024-02-23 18:00:00,Chamoli-Gauge-1,1,sparse_vegetation,fractured_metamorphic,0,0.010960308803550861,0,LOW
2024-02-23 18:00:00,Kolkata-Gauge-1,2,urban,unconsolidated_sediment,0,0.010592099557529254,0,LOW
2024-02-23 18:00:00,Guwahati-Gauge-1,3,cropland,sedimentary,0,0.010592099557529254,0,LOW
2024-02-23 18:00:00,Sonapur-Gauge-1,4,forest,unconsolidated_sediment,0,0.010592099557529254,0,LOW
2024-02-23 19:00:00,Chamoli-Gauge-1,1,sparse_vegetation,fractured_metamorphic,0,0.010592099557529254,0,LOW
2024-02-23 19:00:00,Kolkata-Gauge-1,2,urban,unconsolidated_sediment,0,0.010592099557529254,0,LOW
2024-02-23 19:00:00,Guwahati-Gauge-1,3,cropland,sedimentary,0,0.010592099557529254,0,LOW
2024-02-23 19:00:00,Sonapur-Gauge-1,4,forest,unconsolidated_sediment,0,0.010592099557529254,0,LOW
2024-02-23 20:00:00,Chamoli-Gauge-1,1,sparse_vegetation,fractured_metamorphic,0,0.010592099557529254,0,LOW
2024-02-23 20:00:00,Kolkata-Gauge-1,2,urban,unconsolidated_sediment,0,0.010592099557529254,0,LOW
2024-02-23 20:00:00,Guwahati-Gauge-1,3,cropland,sedimentary,0,0.010592099557529254,0,LOW
2024-02-23 20:00:00,Sonapur-Gauge-1,4,forest,unconsolidated_sediment,0,0.010592099557529254,0,LOW
2024-02-23 21:00:00,Chamoli-Gauge-1,1,sparse_vegetation,fractured_metamorphic,0,0.010592099557529254,0,LOW
2024-02-23 21:00:00,Kolkata-Gauge-1,2,urban,unconsolidated_sediment,0,0.011569258766028616,0,LOW
2024-02-23 21:00:00,Guwahati-Gauge-1,3,cropland,sedimentary,0,0.010592099557529254,0,LOW
2024-02-23 21:00:00,Sonapur-Gauge-1,4,forest,unconsolidated_sediment,0,0.010592099557529254,0,LOW
2024-02-23 22:00:00,Chamoli-Gauge-1,1,sparse_vegetation,fractured_metamorphic,0,0.010592099557529254,0,LOW
2024-02-23 22:00:00,Kolkata-Gauge-1,2,urban,unconsolidated_sediment,0,0.010970983082384487,0,LOW
2024-02-23 22:00:00,Guwahati-Gauge-1,3,cropland,sedimentary,0,0.010592099557529254,0,LOW
2024-02-23 22:00:00,Sonapur-Gauge-1,4,forest,unconsolidated_sediment,0,0.010592099557529254,0,LOW
2024-02-23 23:00:00,Chamoli-Gauge-1,1,sparse_vegetation,fractured_metamorphic,0,0.010592099557529254,0,LOW
2024-02-23 23:00:00,Kolkata-Gauge-1,2,urban,unconsolidated_sediment,0,0.014048228092847915,0,LOW
2024-02-23 23:00:00,Guwahati-Gauge-1,3,cropland,sedimentary,0,0.010592099557529254,0,LOW
2024-02-23 23:00:00,Sonapur-Gauge-1,4,forest,unconsolidated_sediment,0,0.010592099557529254,0,LOW
2024-02-24 00:00:00,Chamoli-Gauge-1,1,sparse_vegetation,fractured_metamorphic,0,0.010592099557529254,0,LOW
2024-02-24 00:00:00,Kolkata-Gauge-1,2,urban,unconsolidated_sediment,0,0.012659448892936428,0,LOW
2024-02-24 00:00:00,Guwahati-Gauge-1,3,cropland,sedimentary,0,0.010977684258786313,0,LOW
2024-02-24 00:00:00,Sonapur-Gauge-1,4,forest,unconsolidated_sediment,0,0.010592099557529254,0,LOW
2024-02-24 01:00:00,Chamoli-Gauge-1,1,sparse_vegetation,fractured_metamorphic,0,0.010592099557529254,0,LOW
2024-02-24 01:00:00,Kolkata-Gauge-1,2,urban,unconsolidated_sediment,0,0.010785758391053765,0,LOW
2024-02-24 01:00:00,Guwahati-Gauge-1,3,cropland,sedimentary,0,0.010592099557529254,0,LOW
2024-02-24 01:00:00,Sonapur-Gauge-1,4,forest,unconsolidated_sediment,0,0.010592099557529254,0,LOW
2024-02-24 02:00:00,Chamoli-Gauge-1,1,sparse_vegetation,fractured_metamorphic,0,0.010592099557529254,0,LOW
2024-02-24 02:00:00,Kolkata-Gauge-1,2,urban,unconsolidated_sediment,0,0.011013092809657633,0,LOW
2024-02-24 02:00:00,Guwahati-Gauge-1,3,cropland,sedimentary,0,0.010592099557529254,0,LOW
2024-02-24 02:00:00,Sonapur-Gauge-1,4,forest,unconsolidated_sediment,0,0.010592099557529254,0,LOW
2024-02-24 03:00:00,Chamoli-Gauge-1,1,sparse_vegetation,fractured_metamorphic,0,0.010592099557529254,0,LOW
2024-02-24 03:00:00,Kolkata-Gauge-1,2,urban,unconsolidated_sediment,0,0.010668537777662926,0,LOW
2024-02-24 03:00:00,Guwahati-Gauge-1,3,cropland,sedimentary,0,0.010592099557529254,0,LOW
2024-02-24 03:00:00,Sonapur-Gauge-1,4,forest,unconsolidated_sediment,0,0.010592099557529254,0,LOW
2024-02-24 04:00:00,Chamoli-Gauge-1,1,sparse_vegetation,fractured_metamorphic,0,0.010680610133130352,0,LOW
2024-02-24 04:00:00,Kolkata-Gauge-1,2,urban,unconsolidated_sediment,0,0.011965041656913224,0,LOW
2024-02-24 04:00:00,Guwahati-Gauge-1,3,cropland,sedimentary,0,0.010592099557529254,0,LOW
2024-02-24 04:00:00,Sonapur-Gauge-1,4,forest,unconsolidated_sediment,0,0.010592099557529254,0,LOW
2024-02-24 05:00:00,Chamoli-Gauge-1,1,sparse_vegetation,fractured_metamorphic,0,0.010680610133130352,0,LOW
2024-02-24 05:00:00,Kolkata-Gauge-1,2,urban,unconsolidated_sediment,0,0.011113434302856131,0,LOW
2024-02-24 05:00:00,Guwahati-Gauge-1,3,cropland,sedimentary,0,0.010592099557529254,0,LOW
2024-02-24 05:00:00,Sonapur-Gauge-1,4,forest,unconsolidated_sediment,0,0.010592099557529254,0,LOW
2024-02-24 06:00:00,Chamoli-Gauge-1,1,sparse_vegetation,fractured_metamorphic,0,0.010680610133130352,0,LOW
2024-02-24 06:00:00,Kolkata-Gauge-1,2,urban,unconsolidated_sediment,0,0.010979000129310646,0,LOW
2024-02-24 06:00:00,Guwahati-Gauge-1,3,cropland,sedimentary,0,0.010592099557529254,0,LOW
2024-02-24 06:00:00,Sonapur-Gauge-1,4,forest,unconsolidated_sediment,0,0.010592099557529254,0,LOW
2024-02-24 07:00:00,Chamoli-Gauge-1,1,sparse_vegetation,fractured_metamorphic,0,0.014136666032067886,0,LOW
2024-02-24 07:00:00,Kolkata-Gauge-1,2,urban,unconsolidated_sediment,0,0.010592099557529254,0,LOW
2024-02-24 07:00:00,Guwahati-Gauge-1,3,cropland,sedimentary,0,0.010592099557529254,0,LOW
2024-02-24 07:00:00,Sonapur-Gauge-1,4,forest,unconsolidated_sediment,0,0.010592099557529254,0,LOW
2024-02-24 08:00:00,Chamoli-Gauge-1,1,sparse_vegetation,fractured_metamorphic,0,0.01221476776599401,0,LOW
2024-02-24 08:00:00,Kolkata-Gauge-1,2,urban,unconsolidated_sediment,0,0.010592099557529254,0,LOW
2024-02-24 08:00:00,Guwahati-Gauge-1,3,cropland,sedimentary,0,0.010592099557529254,0,LOW
2024-02-24 08:00:00,Sonapur-Gauge-1,4,forest,unconsolidated_sediment,0,0.010592099557529254,0,LOW
2024-02-24 09:00:00,Chamoli-Gauge-1,1,sparse_vegetation,fractured_metamorphic,0,0.01221476776599401,0,LOW
2024-02-24 09:00:00,Kolkata-Gauge-1,2,urban,unconsolidated_sediment,0,0.010592099557529254,0,LOW
2024-02-24 09:00:00,Guwahati-Gauge-1,3,cropland,sedimentary,0,0.010592099557529254,0,LOW
2024-02-24 09:00:00,Sonapur-Gauge-1,4,forest,unconsolidated_sediment,0,0.010592099557529254,0,LOW
2024-02-24 10:00:00,Chamoli-Gauge-1,1,sparse_vegetation,fractured_metamorphic,0,0.011021158502437779,0,LOW
2024-02-24 10:00:00,Kolkata-Gauge-1,2,urban,unconsolidated_sediment,0,0.010592099557529254,0,LOW
2024-02-24 10:00:00,Guwahati-Gauge-1,3,cropland,sedimentary,0,0.010592099557529254,0,LOW
2024-02-24 10:00:00,Sonapur-Gauge-1,4,forest,unconsolidated_sediment,0,0.010592099557529254,0,LOW
2024-02-24 11:00:00,Chamoli-Gauge-1,1,sparse_vegetation,fractured_metamorphic,0,0.011021158502437779,0,LOW
2024-02-24 11:00:00,Kolkata-Gauge-1,2,urban,unconsolidated_sediment,0,0.010972444262935517,0,LOW
2024-02-24 11:00:00,Guwahati-Gauge-1,3,cropland,sedimentary,0,0.010592099557529254,0,LOW
2024-02-24 11:00:00,Sonapur-Gauge-1,4,forest,unconsolidated_sediment,0,0.010592099557529254,0,LOW
2024-02-24 12:00:00,Chamoli-Gauge-1,1,sparse_vegetation,fractured_metamorphic,0,0.011021158502437779,0,LOW
2024-02-24 12:00:00,Kolkata-Gauge-1,2,urban,unconsolidated_sediment,0,0.010774373494518801,0,LOW
2024-02-24 12:00:00,Guwahati-Gauge-1,3,cropland,sedimentary,0,0.010592099557529254,0,LOW
2024-02-24 12:00:00,Sonapur-Gauge-1,4,forest,unconsolidated_sediment,0,0.010592099557529254,0,LOW
2024-02-24 13:00:00,Chamoli-Gauge-1,1,sparse_vegetation,fractured_metamorphic,0,0.01079033152579033,0,LOW
2024-02-24 13:00:00,Kolkata-Gauge-1,2,urban,unconsolidated_sediment,0,0.01061297605656985,0,LOW
2024-02-24 13:00:00,Guwahati-Gauge-1,3,cropland,sedimentary,0,0.010592099557529254,0,LOW
2024-02-24 13:00:00,Sonapur-Gauge-1,4,forest,unconsolidated_sediment,0,0.010592099557529254,0,LOW
2024-02-24 14:00:00,Chamoli-Gauge-1,1,sparse_vegetation,fractured_metamorphic,0,0.018355140518069687,0,LOW
2024-02-24 14:00:00,Kolkata-Gauge-1,2,urban,unconsolidated_sediment,0,0.01061297605656985,0,LOW
2024-02-24 14:00:00,Guwahati-Gauge-1,3,cropland,sedimentary,0,0.010742979642087236,0,LOW
2024-02-24 14:00:00,Sonapur-Gauge-1,4,forest,unconsolidated_sediment,0,0.010592099557529254,0,LOW
2024-02-24 15:00:00,Chamoli-Gauge-1,1,sparse_vegetation,fractured_metamorphic,0,0.015387549063093404,0,LOW
2024-02-24 15:00:00,Kolkata-Gauge-1,2,urban,unconsolidated_sediment,0,0.01061297605656985,0,LOW
2024-02-24 15:00:00,Guwahati-Gauge-1,3,cropland,sedimentary,0,0.010592099557529254,0,LOW
2024-02-24 15:00:00,Sonapur-Gauge-1,4,forest,unconsolidated_sediment,0,0.010592099557529254,0,LOW
2024-02-24 16:00:00,Chamoli-Gauge-1,1,sparse_vegetation,fractured_metamorphic,0,0.014105752870757778,0,LOW
2024-02-24 16:00:00,Kolkata-Gauge-1,2,urban,unconsolidated_sediment,0,0.01061297605656985,0,LOW
2024-02-24 16:00:00,Guwahati-Gauge-1,3,cropland,sedimentary,0,0.010992856000657854,0,LOW
2024-02-24 16:00:00,Sonapur-Gauge-1,4,forest,unconsolidated_sediment,0,0.010592099557529254,0,LOW
2024-02-24 17:00:00,Chamoli-Gauge-1,1,sparse_vegetation,fractured_metamorphic,1,0.3755179892813358,0,MODERATE
2024-02-24 17:00:00,Kolkata-Gauge-1,2,urban,unconsolidated_sediment,0,0.01061297605656985,0,LOW
2024-02-24 17:00:00,Guwahati-Gauge-1,3,cropland,sedimentary,0,0.010592099557529254,0,LOW
2024-02-24 17:00:00,Sonapur-Gauge-1,4,forest,unconsolidated_sediment,0,0.010592099557529254,0,LOW
2024-02-24 18:00:00,Chamoli-Gauge-1,1,sparse_vegetation,fractured_metamorphic,0,0.056195481819726646,0,LOW
2024-02-24 18:00:00,Kolkata-Gauge-1,2,urban,unconsolidated_sediment,0,0.01061297605656985,0,LOW
2024-02-24 18:00:00,Guwahati-Gauge-1,3,cropland,sedimentary,0,0.010592099557529254,0,LOW
2024-02-24 18:00:00,Sonapur-Gauge-1,4,forest,unconsolidated_sediment,0,0.010592099557529254,0,LOW
2024-02-24 19:00:00,Chamoli-Gauge-1,1,sparse_vegetation,fractured_metamorphic,0,0.03029095063911547,0,LOW
2024-02-24 19:00:00,Kolkata-Gauge-1,2,urban,unconsolidated_sediment,0,0.01061297605656985,0,LOW
2024-02-24 19:00:00,Guwahati-Gauge-1,3,cropland,sedimentary,0,0.010592099557529254,0,LOW
2024-02-24 19:00:00,Sonapur-Gauge-1,4,forest,unconsolidated_sediment,0,0.010592099557529254,0,LOW
2024-02-24 20:00:00,Chamoli-Gauge-1,1,sparse_vegetation,fractured_metamorphic,0,0.032115044776604214,0,LOW
2024-02-24 20:00:00,Kolkata-Gauge-1,2,urban,unconsolidated_sediment,0,0.01061297605656985,0,LOW
2024-02-24 20:00:00,Guwahati-Gauge-1,3,cropland,sedimentary,0,0.010592099557529254,0,LOW
2024-02-24 20:00:00,Sonapur-Gauge-1,4,forest,unconsolidated_sediment,0,0.010592099557529254,0,LOW
2024-02-24 21:00:00,Chamoli-Gauge-1,1,sparse_vegetation,fractured_metamorphic,1,0.8818701931879869,1,EXTREME
2024-02-24 21:00:00,Kolkata-Gauge-1,2,urban,unconsolidated_sediment,0,0.01061297605656985,0,LOW
2024-02-24 21:00:00,Guwahati-Gauge-1,3,cropland,sedimentary,0,0.010592099557529254,0,LOW
2024-02-24 21:00:00,Sonapur-Gauge-1,4,forest,unconsolidated_sediment,0,0.010592099557529254,0,LOW
2024-02-24 22:00:00,Chamoli-Gauge-1,1,sparse_vegetation,fractured_metamorphic,1,0.8898967496710378,1,EXTREME
2024-02-24 22:00:00,Kolkata-Gauge-1,2,urban,unconsolidated_sediment,0,0.010772145965751961,0,LOW
2024-02-24 22:00:00,Guwahati-Gauge-1,3,cropland,sedimentary,0,0.010592099557529254,0,LOW
2024-02-24 22:00:00,Sonapur-Gauge-1,4,forest,unconsolidated_sediment,0,0.010592099557529254,0,LOW
2024-02-24 23:00:00,Chamoli-Gauge-1,1,sparse_vegetation,fractured_metamorphic,1,0.8795440961022092,1,EXTREME
2024-02-24 23:00:00,Kolkata-Gauge-1,2,urban,unconsolidated_sediment,0,0.010592099557529254,0,LOW
2024-02-24 23:00:00,Guwahati-Gauge-1,3,cropland,sedimentary,0,0.010592099557529254,0,LOW
2024-02-24 23:00:00,Sonapur-Gauge-1,4,forest,unconsolidated_sediment,0,0.010592099557529254,0,LOW
2024-02-25 00:00:00,Chamoli-Gauge-1,1,sparse_vegetation,fractured_metamorphic,0,0.7501115693840146,1,HIGH
2024-02-25 00:00:00,Kolkata-Gauge-1,2,urban,unconsolidated_sediment,0,0.010592099557529254,0,LOW
2024-02-25 00:00:00,Guwahati-Gauge-1,3,cropland,sedimentary,0,0.010592099557529254,0,LOW
2024-02-25 00:00:00,Sonapur-Gauge-1,4,forest,unconsolidated_sediment,0,0.010592099557529254,0,LOW
2024-02-25 01:00:00,Chamoli-Gauge-1,1,sparse_vegetation,fractured_metamorphic,1,0.7913097416609517,1,HIGH
2024-02-25 01:00:00,Kolkata-Gauge-1,2,urban,unconsolidated_sediment,0,0.010592099557529254,0,LOW
2024-02-25 01:00:00,Guwahati-Gauge-1,3,cropland,sedimentary,0,0.010592099557529254,0,LOW
2024-02-25 01:00:00,Sonapur-Gauge-1,4,forest,unconsolidated_sediment,0,0.010592099557529254,0,LOW
2024-02-25 02:00:00,Chamoli-Gauge-1,1,sparse_vegetation,fractured_metamorphic,1,0.8964005889382041,1,EXTREME
2024-02-25 02:00:00,Kolkata-Gauge-1,2,urban,unconsolidated_sediment,0,0.010592099557529254,0,LOW
2024-02-25 02:00:00,Guwahati-Gauge-1,3,cropland,sedimentary,0,0.010592099557529254,0,LOW
2024-02-25 02:00:00,Sonapur-Gauge-1,4,forest,unconsolidated_sediment,0,0.010592099557529254,0,LOW
2024-02-25 03:00:00,Chamoli-Gauge-1,1,sparse_vegetation,fractured_metamorphic,1,0.8958132064371627,1,EXTREME
2024-02-25 03:00:00,Kolkata-Gauge-1,2,urban,unconsolidated_sediment,0,0.010592099557529254,0,LOW
2024-02-25 03:00:00,Guwahati-Gauge-1,3,cropland,sedimentary,0,0.010592099557529254,0,LOW
2024-02-25 03:00:00,Sonapur-Gauge-1,4,forest,unconsolidated_sediment,0,0.010592099557529254,0,LOW
2024-02-25 04:00:00,Chamoli-Gauge-1,1,sparse_vegetation,fractured_metamorphic,1,0.8963451708154074,1,EXTREME
2024-02-25 04:00:00,Kolkata-Gauge-1,2,urban,unconsolidated_sediment,0,0.010592099557529254,0,LOW
2024-02-25 04:00:00,Guwahati-Gauge-1,3,cropland,sedimentary,0,0.010592099557529254,0,LOW
2024-02-25 04:00:00,Sonapur-Gauge-1,4,forest,unconsolidated_sediment,0,0.010592099557529254,0,LOW
2024-02-25 05:00:00,Chamoli-Gauge-1,1,sparse_vegetation,fractured_metamorphic,1,0.8960472843145988,1,EXTREME
2024-02-25 05:00:00,Kolkata-Gauge-1,2,urban,unconsolidated_sediment,0,0.010592099557529254,0,LOW
2024-02-25 05:00:00,Guwahati-Gauge-1,3,cropland,sedimentary,0,0.010592099557529254,0,LOW
2024-02-25 05:00:00,Sonapur-Gauge-1,4,forest,unconsolidated_sediment,0,0.010592099557529254,0,LOW
2024-02-25 06:00:00,Chamoli-Gauge-1,1,sparse_vegetation,fractured_metamorphic,1,0.8959828539845692,1,EXTREME
2024-02-25 06:00:00,Kolkata-Gauge-1,2,urban,unconsolidated_sediment,0,0.010592099557529254,0,LOW
2024-02-25 06:00:00,Guwahati-Gauge-1,3,cropland,sedimentary,0,0.010592099557529254,0,LOW
2024-02-25 06:00:00,Sonapur-Gauge-1,4,forest,unconsolidated_sediment,0,0.010592099557529254,0,LOW
2024-02-25 07:00:00,Chamoli-Gauge-1,1,sparse_vegetation,fractured_metamorphic,1,0.8958669133155701,1,EXTREME
2024-02-25 07:00:00,Kolkata-Gauge-1,2,urban,unconsolidated_sediment,0,0.010592099557529254,0,LOW
2024-02-25 07:00:00,Guwahati-Gauge-1,3,cropland,sedimentary,0,0.010592099557529254,0,LOW
2024-02-25 07:00:00,Sonapur-Gauge-1,4,forest,unconsolidated_sediment,0,0.010592099557529254,0,LOW
2024-02-25 08:00:00,Chamoli-Gauge-1,1,sparse_vegetation,fractured_metamorphic,1,0.8950960119976026,1,EXTREME
2024-02-25 08:00:00,Kolkata-Gauge-1,2,urban,unconsolidated_sediment,0,0.010592099557529254,0,LOW
2024-02-25 08:00:00,Guwahati-Gauge-1,3,cropland,sedimentary,0,0.010592099557529254,0,LOW
2024-02-25 08:00:00,Sonapur-Gauge-1,4,forest,unconsolidated_sediment,0,0.010592099557529254,0,LOW
2024-02-25 09:00:00,Chamoli-Gauge-1,1,sparse_vegetation,fractured_metamorphic,1,0.891489019342168,1,EXTREME
2024-02-25 09:00:00,Kolkata-Gauge-1,2,urban,unconsolidated_sediment,0,0.01100897685267523,0,LOW
2024-02-25 09:00:00,Guwahati-Gauge-1,3,cropland,sedimentary,0,0.010592099557529254,0,LOW
2024-02-25 09:00:00,Sonapur-Gauge-1,4,forest,unconsolidated_sediment,0,0.010592099557529254,0,LOW
2024-02-25 10:00:00,Chamoli-Gauge-1,1,sparse_vegetation,fractured_metamorphic,1,0.8953243195058205,1,EXTREME
2024-02-25 10:00:00,Kolkata-Gauge-1,2,urban,unconsolidated_sediment,0,0.010592099557529254,0,LOW
2024-02-25 10:00:00,Guwahati-Gauge-1,3,cropland,sedimentary,0,0.010592099557529254,0,LOW
2024-02-25 10:00:00,Sonapur-Gauge-1,4,forest,unconsolidated_sediment,0,0.010592099557529254,0,LOW
2024-02-25 11:00:00,Chamoli-Gauge-1,1,sparse_vegetation,fractured_metamorphic,1,0.8959543249598659,1,EXTREME
2024-02-25 11:00:00,Kolkata-Gauge-1,2,urban,unconsolidated_sediment,0,0.010592099557529254,0,LOW
2024-02-25 11:00:00,Guwahati-Gauge-1,3,cropland,sedimentary,0,0.010592099557529254,0,LOW
2024-02-25 11:00:00,Sonapur-Gauge-1,4,forest,unconsolidated_sediment,0,0.010592099557529254,0,LOW
2024-02-25 12:00:00,Chamoli-Gauge-1,1,sparse_vegetation,fractured_metamorphic,1,0.8922227427262301,1,EXTREME
2024-02-25 12:00:00,Kolkata-Gauge-1,2,urban,unconsolidated_sediment,0,0.010592099557529254,0,LOW
2024-02-25 12:00:00,Guwahati-Gauge-1,3,cropland,sedimentary,0,0.010592099557529254,0,LOW
2024-02-25 12:00:00,Sonapur-Gauge-1,4,forest,unconsolidated_sediment,0,0.010592099557529254,0,LOW
2024-02-25 13:00:00,Chamoli-Gauge-1,1,sparse_vegetation,fractured_metamorphic,1,0.8924189533254004,1,EXTREME
2024-02-25 13:00:00,Kolkata-Gauge-1,2,urban,unconsolidated_sediment,0,0.010592099557529254,0,LOW
2024-02-25 13:00:00,Guwahati-Gauge-1,3,cropland,sedimentary,0,0.010592099557529254,0,LOW
2024-02-25 13:00:00,Sonapur-Gauge-1,4,forest,unconsolidated_sediment,0,0.010592099557529254,0,LOW
2024-02-25 14:00:00,Chamoli-Gauge-1,1,sparse_vegetation,fractured_metamorphic,1,0.8914659424328947,1,EXTREME
2024-02-25 14:00:00,Kolkata-Gauge-1,2,urban,unconsolidated_sediment,0,0.010592099557529254,0,LOW
2024-02-25 14:00:00,Guwahati-Gauge-1,3,cropland,sedimentary,0,0.010592099557529254,0,LOW
2024-02-25 14:00:00,Sonapur-Gauge-1,4,forest,unconsolidated_sediment,0,0.010592099557529254,0,LOW
2024-02-25 15:00:00,Chamoli-Gauge-1,1,sparse_vegetation,fractured_metamorphic,1,0.8874666349030215,1,EXTREME
2024-02-25 15:00:00,Kolkata-Gauge-1,2,urban,unconsolidated_sediment,0,0.010592099557529254,0,LOW
2024-02-25 15:00:00,Guwahati-Gauge-1,3,cropland,sedimentary,0,0.010592099557529254,0,LOW
2024-02-25 15:00:00,Sonapur-Gauge-1,4,forest,unconsolidated_sediment,0,0.010592099557529254,0,LOW
2024-02-25 16:00:00,Chamoli-Gauge-1,1,sparse_vegetation,fractured_metamorphic,1,0.8917212012171566,1,EXTREME
2024-02-25 16:00:00,Kolkata-Gauge-1,2,urban,unconsolidated_sediment,0,0.010592099557529254,0,LOW
2024-02-25 16:00:00,Guwahati-Gauge-1,3,cropland,sedimentary,0,0.010592099557529254,0,LOW
2024-02-25 16:00:00,Sonapur-Gauge-1,4,forest,unconsolidated_sediment,0,0.010592099557529254,0,LOW
2024-02-25 17:00:00,Chamoli-Gauge-1,1,sparse_vegetation,fractured_metamorphic,1,0.8710235063690588,1,EXTREME
2024-02-25 17:00:00,Kolkata-Gauge-1,2,urban,unconsolidated_sediment,0,0.010592099557529254,0,LOW
2024-02-25 17:00:00,Guwahati-Gauge-1,3,cropland,sedimentary,0,0.010592099557529254,0,LOW
2024-02-25 17:00:00,Sonapur-Gauge-1,4,forest,unconsolidated_sediment,0,0.010592099557529254,0,LOW
2024-02-25 18:00:00,Chamoli-Gauge-1,1,sparse_vegetation,fractured_metamorphic,1,0.8576662962753041,1,EXTREME
2024-02-25 18:00:00,Kolkata-Gauge-1,2,urban,unconsolidated_sediment,0,0.011592633843127578,0,LOW
2024-02-25 18:00:00,Guwahati-Gauge-1,3,cropland,sedimentary,0,0.010592099557529254,0,LOW
2024-02-25 18:00:00,Sonapur-Gauge-1,4,forest,unconsolidated_sediment,0,0.010592099557529254,0,LOW
2024-02-25 19:00:00,Chamoli-Gauge-1,1,sparse_vegetation,fractured_metamorphic,0,0.7630941180850607,1,HIGH
2024-02-25 19:00:00,Kolkata-Gauge-1,2,urban,unconsolidated_sediment,0,0.010592099557529254,0,LOW
2024-02-25 19:00:00,Guwahati-Gauge-1,3,cropland,sedimentary,0,0.010592099557529254,0,LOW
2024-02-25 19:00:00,Sonapur-Gauge-1,4,forest,unconsolidated_sediment,0,0.010592099557529254,0,LOW
2024-02-25 20:00:00,Chamoli-Gauge-1,1,sparse_vegetation,fractured_metamorphic,1,0.872157250838774,1,EXTREME
2024-02-25 20:00:00,Kolkata-Gauge-1,2,urban,unconsolidated_sediment,0,0.010592099557529254,0,LOW
2024-02-25 20:00:00,Guwahati-Gauge-1,3,cropland,sedimentary,0,0.010592099557529254,0,LOW
2024-02-25 20:00:00,Sonapur-Gauge-1,4,forest,unconsolidated_sediment,0,0.010592099557529254,0,LOW
2024-02-25 21:00:00,Chamoli-Gauge-1,1,sparse_vegetation,fractured_metamorphic,1,0.8758884285765831,1,EXTREME
2024-02-25 21:00:00,Kolkata-Gauge-1,2,urban,unconsolidated_sediment,0,0.01163524495524107,0,LOW
2024-02-25 21:00:00,Guwahati-Gauge-1,3,cropland,sedimentary,0,0.010592099557529254,0,LOW
2024-02-25 21:00:00,Sonapur-Gauge-1,4,forest,unconsolidated_sediment,0,0.010592099557529254,0,LOW
2024-02-25 22:00:00,Chamoli-Gauge-1,1,sparse_vegetation,fractured_metamorphic,1,0.8596667053427626,1,EXTREME
2024-02-25 22:00:00,Kolkata-Gauge-1,2,urban,unconsolidated_sediment,0,0.010592099557529254,0,LOW
2024-02-25 22:00:00,Guwahati-Gauge-1,3,cropland,sedimentary,0,0.010776467464744515,0,LOW
2024-02-25 22:00:00,Sonapur-Gauge-1,4,forest,unconsolidated_sediment,0,0.010592099557529254,0,LOW
2024-02-25 23:00:00,Chamoli-Gauge-1,1,sparse_vegetation,fractured_metamorphic,1,0.8053296221714884,1,EXTREME
2024-02-25 23:00:00,Kolkata-Gauge-1,2,urban,unconsolidated_sediment,0,0.010789612764288723,0,LOW
2024-02-25 23:00:00,Guwahati-Gauge-1,3,cropland,sedimentary,0,0.01364050892049529,0,LOW
2024-02-25 23:00:00,Sonapur-Gauge-1,4,forest,unconsolidated_sediment,0,0.010592099557529254,0,LOW
2024-02-26 00:00:00,Chamoli-Gauge-1,1,sparse_vegetation,fractured_metamorphic,1,0.8022830584109371,1,EXTREME
2024-02-26 00:00:00,Kolkata-Gauge-1,2,urban,unconsolidated_sediment,0,0.010592099557529254,0,LOW
2024-02-26 00:00:00,Guwahati-Gauge-1,3,cropland,sedimentary,0,0.010592099557529254,0,LOW
2024-02-26 00:00:00,Sonapur-Gauge-1,4,forest,unconsolidated_sediment,0,0.010592099557529254,0,LOW
2024-02-26 01:00:00,Chamoli-Gauge-1,1,sparse_vegetation,fractured_metamorphic,1,0.7905926067715086,1,HIGH
2024-02-26 01:00:00,Kolkata-Gauge-1,2,urban,unconsolidated_sediment,0,0.010592099557529254,0,LOW
2024-02-26 01:00:00,Guwahati-Gauge-1,3,cropland,sedimentary,0,0.010592099557529254,0,LOW
2024-02-26 01:00:00,Sonapur-Gauge-1,4,forest,unconsolidated_sediment,0,0.010592099557529254,0,LOW
2024-02-26 02:00:00,Chamoli-Gauge-1,1,sparse_vegetation,fractured_metamorphic,1,0.5208248009252763,1,MODERATE
2024-02-26 02:00:00,Kolkata-Gauge-1,2,urban,unconsolidated_sediment,0,0.010592099557529254,0,LOW
2024-02-26 02:00:00,Guwahati-Gauge-1,3,cropland,sedimentary,0,0.010592099557529254,0,LOW
2024-02-26 02:00:00,Sonapur-Gauge-1,4,forest,unconsolidated_sediment,0,0.010592099557529254,0,LOW
2024-02-26 03:00:00,Chamoli-Gauge-1,1,sparse_vegetation,fractured_metamorphic,0,0.2735521880812273,0,LOW
2024-02-26 03:00:00,Kolkata-Gauge-1,2,urban,unconsolidated_sediment,0,0.010592099557529254,0,LOW
2024-02-26 03:00:00,Guwahati-Gauge-1,3,cropland,sedimentary,0,0.010592099557529254,0,LOW
2024-02-26 03:00:00,Sonapur-Gauge-1,4,forest,unconsolidated_sediment,0,0.010592099557529254,0,LOW
2024-02-26 04:00:00,Chamoli-Gauge-1,1,sparse_vegetation,fractured_metamorphic,0,0.14045505016282664,0,LOW
2024-02-26 04:00:00,Kolkata-Gauge-1,2,urban,unconsolidated_sediment,0,0.010592099557529254,0,LOW
2024-02-26 04:00:00,Guwahati-Gauge-1,3,cropland,sedimentary,0,0.010592099557529254,0,LOW
2024-02-26 04:00:00,Sonapur-Gauge-1,4,forest,unconsolidated_sediment,0,0.010592099557529254,0,LOW
2024-02-26 05:00:00,Chamoli-Gauge-1,1,sparse_vegetation,fractured_metamorphic,0,0.04935460068011928,0,LOW
2024-02-26 05:00:00,Kolkata-Gauge-1,2,urban,unconsolidated_sediment,0,0.010592099557529254,0,LOW
2024-02-26 05:00:00,Guwahati-Gauge-1,3,cropland,sedimentary,0,0.010592099557529254,0,LOW
2024-02-26 05:00:00,Sonapur-Gauge-1,4,forest,unconsolidated_sediment,0,0.010592099557529254,0,LOW
2024-02-26 06:00:00,Chamoli-Gauge-1,1,sparse_vegetation,fractured_metamorphic,0,0.043974183858965114,0,LOW
2024-02-26 06:00:00,Kolkata-Gauge-1,2,urban,unconsolidated_sediment,0,0.010807376489727712,0,LOW
2024-02-26 06:00:00,Guwahati-Gauge-1,3,cropland,sedimentary,0,0.010592099557529254,0,LOW
2024-02-26 06:00:00,Sonapur-Gauge-1,4,forest,unconsolidated_sediment,0,0.010592099557529254,0,LOW
2024-02-26 07:00:00,Chamoli-Gauge-1,1,sparse_vegetation,fractured_metamorphic,0,0.04377277457259989,0,LOW
2024-02-26 07:00:00,Kolkata-Gauge-1,2,urban,unconsolidated_sediment,0,0.010788801069061127,0,LOW
2024-02-26 07:00:00,Guwahati-Gauge-1,3,cropland,sedimentary,0,0.010592099557529254,0,LOW
2024-02-26 07:00:00,Sonapur-Gauge-1,4,forest,unconsolidated_sediment,0,0.010592099557529254,0,LOW
2024-02-26 08:00:00,Chamoli-Gauge-1,1,sparse_vegetation,fractured_metamorphic,0,0.06034224097995186,0,LOW
2024-02-26 08:00:00,Kolkata-Gauge-1,2,urban,unconsolidated_sediment,0,0.011000017845142502,0,LOW
2024-02-26 08:00:00,Guwahati-Gauge-1,3,cropland,sedimentary,0,0.010592099557529254,0,LOW
2024-02-26 08:00:00,Sonapur-Gauge-1,4,forest,unconsolidated_sediment,0,0.010592099557529254,0,LOW
2024-02-26 09:00:00,Chamoli-Gauge-1,1,sparse_vegetation,fractured_metamorphic,0,0.09149215626896587,0,LOW
2024-02-26 09:00:00,Kolkata-Gauge-1,2,urban,unconsolidated_sediment,0,0.010592099557529254,0,LOW
2024-02-26 09:00:00,Guwahati-Gauge-1,3,cropland,sedimentary,0,0.010592099557529254,0,LOW
2024-02-26 09:00:00,Sonapur-Gauge-1,4,forest,unconsolidated_sediment,0,0.010592099557529254,0,LOW
2024-02-26 10:00:00,Chamoli-Gauge-1,1,sparse_vegetation,fractured_metamorphic,0,0.05370786077401138,0,LOW
2024-02-26 10:00:00,Kolkata-Gauge-1,2,urban,unconsolidated_sediment,0,0.010592099557529254,0,LOW
2024-02-26 10:00:00,Guwahati-Gauge-1,3,cropland,sedimentary,0,0.010592099557529254,0,LOW
2024-02-26 10:00:00,Sonapur-Gauge-1,4,forest,unconsolidated_sediment,0,0.010592099557529254,0,LOW
2024-02-26 11:00:00,Chamoli-Gauge-1,1,sparse_vegetation,fractured_metamorphic,1,0.875337819638118,1,EXTREME
2024-02-26 11:00:00,Kolkata-Gauge-1,2,urban,unconsolidated_sediment,0,0.010592099557529254,0,LOW
2024-02-26 11:00:00,Guwahati-Gauge-1,3,cropland,sedimentary,0,0.01118275550821057,0,LOW
2024-02-26 11:00:00,Sonapur-Gauge-1,4,forest,unconsolidated_sediment,0,0.010592099557529254,0,LOW
2024-02-26 12:00:00,Chamoli-Gauge-1,1,sparse_vegetation,fractured_metamorphic,1,0.8836857340046628,1,EXTREME
2024-02-26 12:00:00,Kolkata-Gauge-1,2,urban,unconsolidated_sediment,0,0.010592099557529254,0,LOW
2024-02-26 12:00:00,Guwahati-Gauge-1,3,cropland,sedimentary,0,0.011166830194955752,0,LOW
2024-02-26 12:00:00,Sonapur-Gauge-1,4,forest,unconsolidated_sediment,0,0.010592099557529254,0,LOW
2024-02-26 13:00:00,Chamoli-Gauge-1,1,sparse_vegetation,fractured_metamorphic,1,0.8811335977209845,1,EXTREME
2024-02-26 13:00:00,Kolkata-Gauge-1,2,urban,unconsolidated_sediment,0,0.010592099557529254,0,LOW
2024-02-26 13:00:00,Guwahati-Gauge-1,3,cropland,sedimentary,0,0.011166830194955752,0,LOW
2024-02-26 13:00:00,Sonapur-Gauge-1,4,forest,unconsolidated_sediment,0,0.010592099557529254,0,LOW
2024-02-26 14:00:00,Chamoli-Gauge-1,1,sparse_vegetation,fractured_metamorphic,0,0.6697353561651692,1,HIGH
2024-02-26 14:00:00,Kolkata-Gauge-1,2,urban,unconsolidated_sediment,0,0.010592099557529254,0,LOW
2024-02-26 14:00:00,Guwahati-Gauge-1,3,cropland,sedimentary,0,0.010592099557529254,0,LOW
2024-02-26 14:00:00,Sonapur-Gauge-1,4,forest,unconsolidated_sediment,0,0.010592099557529254,0,LOW
2024-02-26 15:00:00,Chamoli-Gauge-1,1,sparse_vegetation,fractured_metamorphic,0,0.6664179007854177,1,HIGH
2024-02-26 15:00:00,Kolkata-Gauge-1,2,urban,unconsolidated_sediment,0,0.010592099557529254,0,LOW
2024-02-26 15:00:00,Guwahati-Gauge-1,3,cropland,sedimentary,0,0.010592099557529254,0,LOW
2024-02-26 15:00:00,Sonapur-Gauge-1,4,forest,unconsolidated_sediment,0,0.010592099557529254,0,LOW
2024-02-26 16:00:00,Chamoli-Gauge-1,1,sparse_vegetation,fractured_metamorphic,1,0.7658345321499525,1,HIGH
2024-02-26 16:00:00,Kolkata-Gauge-1,2,urban,unconsolidated_sediment,0,0.010592099557529254,0,LOW
2024-02-26 16:00:00,Guwahati-Gauge-1,3,cropland,sedimentary,0,0.010592099557529254,0,LOW
2024-02-26 16:00:00,Sonapur-Gauge-1,4,forest,unconsolidated_sediment,0,0.010592099557529254,0,LOW
2024-02-26 17:00:00,Chamoli-Gauge-1,1,sparse_vegetation,fractured_metamorphic,1,0.865216603158053,1,EXTREME
2024-02-26 17:00:00,Kolkata-Gauge-1,2,urban,unconsolidated_sediment,0,0.010592099557529254,0,LOW
2024-02-26 17:00:00,Guwahati-Gauge-1,3,cropland,sedimentary,0,0.010592099557529254,0,LOW
2024-02-26 17:00:00,Sonapur-Gauge-1,4,forest,unconsolidated_sediment,0,0.010592099557529254,0,LOW
2024-02-26 18:00:00,Chamoli-Gauge-1,1,sparse_vegetation,fractured_metamorphic,1,0.8521098483888924,1,EXTREME
2024-02-26 18:00:00,Kolkata-Gauge-1,2,urban,unconsolidated_sediment,0,0.010592099557529254,0,LOW
2024-02-26 18:00:00,Guwahati-Gauge-1,3,cropland,sedimentary,0,0.011269305319754192,0,LOW
2024-02-26 18:00:00,Sonapur-Gauge-1,4,forest,unconsolidated_sediment,0,0.010592099557529254,0,LOW
2024-02-26 19:00:00,Chamoli-Gauge-1,1,sparse_vegetation,fractured_metamorphic,1,0.836722375418473,1,EXTREME
2024-02-26 19:00:00,Kolkata-Gauge-1,2,urban,unconsolidated_sediment,0,0.010592099557529254,0,LOW
2024-02-26 19:00:00,Guwahati-Gauge-1,3,cropland,sedimentary,0,0.010592099557529254,0,LOW
2024-02-26 19:00:00,Sonapur-Gauge-1,4,forest,unconsolidated_sediment,0,0.010592099557529254,0,LOW
2024-02-26 20:00:00,Chamoli-Gauge-1,1,sparse_vegetation,fractured_metamorphic,0,0.6673839176704884,1,HIGH
2024-02-26 20:00:00,Kolkata-Gauge-1,2,urban,unconsolidated_sediment,0,0.010592099557529254,0,LOW
2024-02-26 20:00:00,Guwahati-Gauge-1,3,cropland,sedimentary,0,0.010592099557529254,0,LOW
2024-02-26 20:00:00,Sonapur-Gauge-1,4,forest,unconsolidated_sediment,0,0.010592099557529254,0,LOW
2024-02-26 21:00:00,Chamoli-Gauge-1,1,sparse_vegetation,fractured_metamorphic,1,0.6790160565237356,1,HIGH
2024-02-26 21:00:00,Kolkata-Gauge-1,2,urban,unconsolidated_sediment,0,0.01061297605656985,0,LOW
2024-02-26 21:00:00,Guwahati-Gauge-1,3,cropland,sedimentary,0,0.010592099557529254,0,LOW
2024-02-26 21:00:00,Sonapur-Gauge-1,4,forest,unconsolidated_sediment,0,0.010592099557529254,0,LOW
2024-02-26 22:00:00,Chamoli-Gauge-1,1,sparse_vegetation,fractured_metamorphic,0,0.41556269012209607,0,MODERATE
2024-02-26 22:00:00,Kolkata-Gauge-1,2,urban,unconsolidated_sediment,0,0.010828644175414464,0,LOW
2024-02-26 22:00:00,Guwahati-Gauge-1,3,cropland,sedimentary,0,0.010592099557529254,0,LOW
2024-02-26 22:00:00,Sonapur-Gauge-1,4,forest,unconsolidated_sediment,0,0.010592099557529254,0,LOW
2024-02-26 23:00:00,Chamoli-Gauge-1,1,sparse_vegetation,fractured_metamorphic,1,0.8268899288993388,1,EXTREME
2024-02-26 23:00:00,Kolkata-Gauge-1,2,urban,unconsolidated_sediment,0,0.010828644175414464,0,LOW
2024-02-26 23:00:00,Guwahati-Gauge-1,3,cropland,sedimentary,0,0.010592099557529254,0,LOW
2024-02-26 23:00:00,Sonapur-Gauge-1,4,forest,unconsolidated_sediment,0,0.010592099557529254,0,LOW
2024-02-27 00:00:00,Chamoli-Gauge-1,1,sparse_vegetation,fractured_metamorphic,1,0.8045922168269745,1,EXTREME
2024-02-27 00:00:00,Kolkata-Gauge-1,2,urban,unconsolidated_sediment,0,0.01061297605656985,0,LOW
2024-02-27 00:00:00,Guwahati-Gauge-1,3,cropland,sedimentary,0,0.010592099557529254,0,LOW
2024-02-27 00:00:00,Sonapur-Gauge-1,4,forest,unconsolidated_sediment,0,0.010592099557529254,0,LOW
2024-02-27 01:00:00,Chamoli-Gauge-1,1,sparse_vegetation,fractured_metamorphic,0,0.4111487489508097,0,MODERATE
2024-02-27 01:00:00,Kolkata-Gauge-1,2,urban,unconsolidated_sediment,0,0.012436564882121234,0,LOW
2024-02-27 01:00:00,Guwahati-Gauge-1,3,cropland,sedimentary,0,0.010592099557529254,0,LOW
2024-02-27 01:00:00,Sonapur-Gauge-1,4,forest,unconsolidated_sediment,0,0.010592099557529254,0,LOW
2024-02-27 02:00:00,Chamoli-Gauge-1,1,sparse_vegetation,fractured_metamorphic,1,0.7283465935714483,1,HIGH
2024-02-27 02:00:00,Kolkata-Gauge-1,2,urban,unconsolidated_sediment,0,0.01061297605656985,0,LOW
2024-02-27 02:00:00,Guwahati-Gauge-1,3,cropland,sedimentary,0,0.010592099557529254,0,LOW
2024-02-27 02:00:00,Sonapur-Gauge-1,4,forest,unconsolidated_sediment,0,0.010592099557529254,0,LOW
2024-02-27 03:00:00,Chamoli-Gauge-1,1,sparse_vegetation,fractured_metamorphic,1,0.7211301891304349,1,HIGH
2024-02-27 03:00:00,Kolkata-Gauge-1,2,urban,unconsolidated_sediment,0,0.01061297605656985,0,LOW
2024-02-27 03:00:00,Guwahati-Gauge-1,3,cropland,sedimentary,0,0.010592099557529254,0,LOW
2024-02-27 03:00:00,Sonapur-Gauge-1,4,forest,unconsolidated_sediment,0,0.010592099557529254,0,LOW
2024-02-27 04:00:00,Chamoli-Gauge-1,1,sparse_vegetation,fractured_metamorphic,0,0.5110616806626467,0,MODERATE
2024-02-27 04:00:00,Kolkata-Gauge-1,2,urban,unconsolidated_sediment,0,0.01061297605656985,0,LOW
2024-02-27 04:00:00,Guwahati-Gauge-1,3,cropland,sedimentary,0,0.010592099557529254,0,LOW
2024-02-27 04:00:00,Sonapur-Gauge-1,4,forest,unconsolidated_sediment,0,0.010592099557529254,0,LOW
2024-02-27 05:00:00,Chamoli-Gauge-1,1,sparse_vegetation,fractured_metamorphic,0,0.08146185546687854,0,LOW
2024-02-27 05:00:00,Kolkata-Gauge-1,2,urban,unconsolidated_sediment,0,0.01061297605656985,0,LOW
2024-02-27 05:00:00,Guwahati-Gauge-1,3,cropland,sedimentary,0,0.010592099557529254,0,LOW
2024-02-27 05:00:00,Sonapur-Gauge-1,4,forest,unconsolidated_sediment,0,0.010592099557529254,0,LOW
2024-02-27 06:00:00,Chamoli-Gauge-1,1,sparse_vegetation,fractured_metamorphic,0,0.05162686239745461,0,LOW
2024-02-27 06:00:00,Kolkata-Gauge-1,2,urban,unconsolidated_sediment,0,0.010592099557529254,0,LOW
2024-02-27 06:00:00,Guwahati-Gauge-1,3,cropland,sedimentary,0,0.010592099557529254,0,LOW
2024-02-27 06:00:00,Sonapur-Gauge-1,4,forest,unconsolidated_sediment,0,0.010592099557529254,0,LOW
2024-02-27 07:00:00,Chamoli-Gauge-1,1,sparse_vegetation,fractured_metamorphic,0,0.04913343794376048,0,LOW
2024-02-27 07:00:00,Kolkata-Gauge-1,2,urban,unconsolidated_sediment,0,0.010592099557529254,0,LOW
2024-02-27 07:00:00,Guwahati-Gauge-1,3,cropland,sedimentary,0,0.010592099557529254,0,LOW
2024-02-27 07:00:00,Sonapur-Gauge-1,4,forest,unconsolidated_sediment,0,0.010592099557529254,0,LOW
2024-02-27 08:00:00,Chamoli-Gauge-1,1,sparse_vegetation,fractured_metamorphic,0,0.06706947116850444,0,LOW
2024-02-27 08:00:00,Kolkata-Gauge-1,2,urban,unconsolidated_sediment,0,0.010592099557529254,0,LOW
2024-02-27 08:00:00,Guwahati-Gauge-1,3,cropland,sedimentary,0,0.010592099557529254,0,LOW
2024-02-27 08:00:00,Sonapur-Gauge-1,4,forest,unconsolidated_sediment,0,0.010592099557529254,0,LOW
2024-02-27 09:00:00,Chamoli-Gauge-1,1,sparse_vegetation,fractured_metamorphic,0,0.06558430577560109,0,LOW
2024-02-27 09:00:00,Kolkata-Gauge-1,2,urban,unconsolidated_sediment,0,0.010592099557529254,0,LOW
2024-02-27 09:00:00,Guwahati-Gauge-1,3,cropland,sedimentary,0,0.010592099557529254,0,LOW
2024-02-27 09:00:00,Sonapur-Gauge-1,4,forest,unconsolidated_sediment,0,0.010592099557529254,0,LOW
2024-02-27 10:00:00,Chamoli-Gauge-1,1,sparse_vegetation,fractured_metamorphic,0,0.06912399477089691,0,LOW
2024-02-27 10:00:00,Kolkata-Gauge-1,2,urban,unconsolidated_sediment,0,0.010592099557529254,0,LOW
2024-02-27 10:00:00,Guwahati-Gauge-1,3,cropland,sedimentary,0,0.010592099557529254,0,LOW
2024-02-27 10:00:00,Sonapur-Gauge-1,4,forest,unconsolidated_sediment,0,0.010592099557529254,0,LOW
2024-02-27 11:00:00,Chamoli-Gauge-1,1,sparse_vegetation,fractured_metamorphic,0,0.07353095450966653,0,LOW
2024-02-27 11:00:00,Kolkata-Gauge-1,2,urban,unconsolidated_sediment,0,0.010592099557529254,0,LOW
2024-02-27 11:00:00,Guwahati-Gauge-1,3,cropland,sedimentary,0,0.010592099557529254,0,LOW
2024-02-27 11:00:00,Sonapur-Gauge-1,4,forest,unconsolidated_sediment,0,0.010592099557529254,0,LOW
2024-02-27 12:00:00,Chamoli-Gauge-1,1,sparse_vegetation,fractured_metamorphic,0,0.07556842852789909,0,LOW
2024-02-27 12:00:00,Kolkata-Gauge-1,2,urban,unconsolidated_sediment,0,0.010592099557529254,0,LOW
2024-02-27 12:00:00,Guwahati-Gauge-1,3,cropland,sedimentary,0,0.010592099557529254,0,LOW
2024-02-27 12:00:00,Sonapur-Gauge-1,4,forest,unconsolidated_sediment,0,0.010592099557529254,0,LOW
2024-02-27 13:00:00,Chamoli-Gauge-1,1,sparse_vegetation,fractured_metamorphic,0,0.06773325808061349,0,LOW
2024-02-27 13:00:00,Kolkata-Gauge-1,2,urban,unconsolidated_sediment,0,0.010592099557529254,0,LOW
2024-02-27 13:00:00,Guwahati-Gauge-1,3,cropland,sedimentary,0,0.010592099557529254,0,LOW
2024-02-27 13:00:00,Sonapur-Gauge-1,4,forest,unconsolidated_sediment,0,0.010592099557529254,0,LOW
2024-02-27 14:00:00,Chamoli-Gauge-1,1,sparse_vegetation,fractured_metamorphic,0,0.05118779961034172,0,LOW
2024-02-27 14:00:00,Kolkata-Gauge-1,2,urban,unconsolidated_sediment,0,0.010592099557529254,0,LOW
2024-02-27 14:00:00,Guwahati-Gauge-1,3,cropland,sedimentary,0,0.010592099557529254,0,LOW
2024-02-27 14:00:00,Sonapur-Gauge-1,4,forest,unconsolidated_sediment,0,0.010592099557529254,0,LOW
2024-02-27 15:00:00,Chamoli-Gauge-1,1,sparse_vegetation,fractured_metamorphic,0,0.031760545755087695,0,LOW
2024-02-27 15:00:00,Kolkata-Gauge-1,2,urban,unconsolidated_sediment,0,0.010592099557529254,0,LOW
2024-02-27 15:00:00,Guwahati-Gauge-1,3,cropland,sedimentary,0,0.010592099557529254,0,LOW
2024-02-27 15:00:00,Sonapur-Gauge-1,4,forest,unconsolidated_sediment,0,0.010592099557529254,0,LOW
2024-02-27 16:00:00,Chamoli-Gauge-1,1,sparse_vegetation,fractured_metamorphic,0,0.03660793905144708,0,LOW
2024-02-27 16:00:00,Kolkata-Gauge-1,2,urban,unconsolidated_sediment,0,0.010592099557529254,0,LOW
2024-02-27 16:00:00,Guwahati-Gauge-1,3,cropland,sedimentary,0,0.010592099557529254,0,LOW
2024-02-27 16:00:00,Sonapur-Gauge-1,4,forest,unconsolidated_sediment,0,0.010592099557529254,0,LOW
2024-02-27 17:00:00,Chamoli-Gauge-1,1,sparse_vegetation,fractured_metamorphic,0,0.14791683095642416,0,LOW
2024-02-27 17:00:00,Kolkata-Gauge-1,2,urban,unconsolidated_sediment,0,0.010592099557529254,0,LOW
2024-02-27 17:00:00,Guwahati-Gauge-1,3,cropland,sedimentary,0,0.010592099557529254,0,LOW
2024-02-27 17:00:00,Sonapur-Gauge-1,4,forest,unconsolidated_sediment,0,0.010592099557529254,0,LOW
2024-02-27 18:00:00,Chamoli-Gauge-1,1,sparse_vegetation,fractured_metamorphic,0,0.17556004134872996,0,LOW
2024-02-27 18:00:00,Kolkata-Gauge-1,2,urban,unconsolidated_sediment,0,0.010592099557529254,0,LOW
2024-02-27 18:00:00,Guwahati-Gauge-1,3,cropland,sedimentary,0,0.010592099557529254,0,LOW
2024-02-27 18:00:00,Sonapur-Gauge-1,4,forest,unconsolidated_sediment,0,0.010592099557529254,0,LOW
2024-02-27 19:00:00,Chamoli-Gauge-1,1,sparse_vegetation,fractured_metamorphic,0,0.09878445160739374,0,LOW
2024-02-27 19:00:00,Kolkata-Gauge-1,2,urban,unconsolidated_sediment,0,0.01061297605656985,0,LOW
2024-02-27 19:00:00,Guwahati-Gauge-1,3,cropland,sedimentary,0,0.010592099557529254,0,LOW
2024-02-27 19:00:00,Sonapur-Gauge-1,4,forest,unconsolidated_sediment,0,0.010592099557529254,0,LOW
2024-02-27 20:00:00,Chamoli-Gauge-1,1,sparse_vegetation,fractured_metamorphic,0,0.2016611527152318,0,LOW
2024-02-27 20:00:00,Kolkata-Gauge-1,2,urban,unconsolidated_sediment,0,0.01061297605656985,0,LOW
2024-02-27 20:00:00,Guwahati-Gauge-1,3,cropland,sedimentary,0,0.010592099557529254,0,LOW
2024-02-27 20:00:00,Sonapur-Gauge-1,4,forest,unconsolidated_sediment,0,0.010592099557529254,0,LOW
2024-02-27 21:00:00,Chamoli-Gauge-1,1,sparse_vegetation,fractured_metamorphic,0,0.1454691091634072,0,LOW
2024-02-27 21:00:00,Kolkata-Gauge-1,2,urban,unconsolidated_sediment,0,0.01061297605656985,0,LOW
2024-02-27 21:00:00,Guwahati-Gauge-1,3,cropland,sedimentary,0,0.010592099557529254,0,LOW
2024-02-27 21:00:00,Sonapur-Gauge-1,4,forest,unconsolidated_sediment,0,0.010592099557529254,0,LOW
2024-02-27 22:00:00,Chamoli-Gauge-1,1,sparse_vegetation,fractured_metamorphic,1,0.4274381036723989,0,MODERATE
2024-02-27 22:00:00,Kolkata-Gauge-1,2,urban,unconsolidated_sediment,0,0.01061297605656985,0,LOW
2024-02-27 22:00:00,Guwahati-Gauge-1,3,cropland,sedimentary,0,0.010592099557529254,0,LOW
2024-02-27 22:00:00,Sonapur-Gauge-1,4,forest,unconsolidated_sediment,0,0.010592099557529254,0,LOW
2024-02-27 23:00:00,Chamoli-Gauge-1,1,sparse_vegetation,fractured_metamorphic,0,0.013605839140096736,0,LOW
2024-02-27 23:00:00,Kolkata-Gauge-1,2,urban,unconsolidated_sediment,0,0.01061297605656985,0,LOW
2024-02-27 23:00:00,Guwahati-Gauge-1,3,cropland,sedimentary,0,0.010592099557529254,0,LOW
2024-02-27 23:00:00,Sonapur-Gauge-1,4,forest,unconsolidated_sediment,0,0.010592099557529254,0,LOW
2024-02-28 00:00:00,Chamoli-Gauge-1,1,sparse_vegetation,fractured_metamorphic,0,0.011484566278618751,0,LOW
2024-02-28 00:00:00,Kolkata-Gauge-1,2,urban,unconsolidated_sediment,0,0.01061297605656985,0,LOW
2024-02-28 00:00:00,Guwahati-Gauge-1,3,cropland,sedimentary,0,0.010592099557529254,0,LOW
2024-02-28 00:00:00,Sonapur-Gauge-1,4,forest,unconsolidated_sediment,0,0.010592099557529254,0,LOW
2024-02-28 01:00:00,Chamoli-Gauge-1,1,sparse_vegetation,fractured_metamorphic,0,0.015421186259507716,0,LOW
2024-02-28 01:00:00,Kolkata-Gauge-1,2,urban,unconsolidated_sediment,0,0.01061297605656985,0,LOW
2024-02-28 01:00:00,Guwahati-Gauge-1,3,cropland,sedimentary,0,0.010592099557529254,0,LOW
2024-02-28 01:00:00,Sonapur-Gauge-1,4,forest,unconsolidated_sediment,0,0.010592099557529254,0,LOW
2024-02-28 02:00:00,Chamoli-Gauge-1,1,sparse_vegetation,fractured_metamorphic,0,0.012845546163010963,0,LOW
2024-02-28 02:00:00,Kolkata-Gauge-1,2,urban,unconsolidated_sediment,0,0.01061297605656985,0,LOW
2024-02-28 02:00:00,Guwahati-Gauge-1,3,cropland,sedimentary,0,0.010592099557529254,0,LOW
2024-02-28 02:00:00,Sonapur-Gauge-1,4,forest,unconsolidated_sediment,0,0.010592099557529254,0,LOW
2024-02-28 03:00:00,Chamoli-Gauge-1,1,sparse_vegetation,fractured_metamorphic,0,0.012845546163010963,0,LOW
2024-02-28 03:00:00,Kolkata-Gauge-1,2,urban,unconsolidated_sediment,0,0.01061297605656985,0,LOW
2024-02-28 03:00:00,Guwahati-Gauge-1,3,cropland,sedimentary,0,0.010592099557529254,0,LOW
2024-02-28 03:00:00,Sonapur-Gauge-1,4,forest,unconsolidated_sediment,0,0.010592099557529254,0,LOW
2024-02-28 04:00:00,Chamoli-Gauge-1,1,sparse_vegetation,fractured_metamorphic,0,0.01422999099550887,0,LOW
2024-02-28 04:00:00,Kolkata-Gauge-1,2,urban,unconsolidated_sediment,0,0.01061297605656985,0,LOW
2024-02-28 04:00:00,Guwahati-Gauge-1,3,cropland,sedimentary,0,0.010592099557529254,0,LOW
2024-02-28 04:00:00,Sonapur-Gauge-1,4,forest,unconsolidated_sediment,0,0.010592099557529254,0,LOW
2024-02-28 05:00:00,Chamoli-Gauge-1,1,sparse_vegetation,fractured_metamorphic,0,0.01472789810820667,0,LOW
2024-02-28 05:00:00,Kolkata-Gauge-1,2,urban,unconsolidated_sediment,0,0.01061297605656985,0,LOW
2024-02-28 05:00:00,Guwahati-Gauge-1,3,cropland,sedimentary,0,0.010592099557529254,0,LOW
2024-02-28 05:00:00,Sonapur-Gauge-1,4,forest,unconsolidated_sediment,0,0.010592099557529254,0,LOW
2024-02-28 06:00:00,Chamoli-Gauge-1,1,sparse_vegetation,fractured_metamorphic,0,0.014429093831209314,0,LOW
2024-02-28 06:00:00,Kolkata-Gauge-1,2,urban,unconsolidated_sediment,0,0.01061297605656985,0,LOW
2024-02-28 06:00:00,Guwahati-Gauge-1,3,cropland,sedimentary,0,0.010592099557529254,0,LOW
2024-02-28 06:00:00,Sonapur-Gauge-1,4,forest,unconsolidated_sediment,0,0.010592099557529254,0,LOW
2024-02-28 07:00:00,Chamoli-Gauge-1,1,sparse_vegetation,fractured_metamorphic,0,0.01750563917257697,0,LOW
2024-02-28 07:00:00,Kolkata-Gauge-1,2,urban,unconsolidated_sediment,0,0.010592099557529254,0,LOW
2024-02-28 07:00:00,Guwahati-Gauge-1,3,cropland,sedimentary,0,0.010592099557529254,0,LOW
2024-02-28 07:00:00,Sonapur-Gauge-1,4,forest,unconsolidated_sediment,0,0.010592099557529254,0,LOW
2024-02-28 08:00:00,Chamoli-Gauge-1,1,sparse_vegetation,fractured_metamorphic,1,0.4379584533355553,0,MODERATE
2024-02-28 08:00:00,Kolkata-Gauge-1,2,urban,unconsolidated_sediment,0,0.010592099557529254,0,LOW
2024-02-28 08:00:00,Guwahati-Gauge-1,3,cropland,sedimentary,0,0.010592099557529254,0,LOW
2024-02-28 08:00:00,Sonapur-Gauge-1,4,forest,unconsolidated_sediment,0,0.010592099557529254,0,LOW
2024-02-28 09:00:00,Chamoli-Gauge-1,1,sparse_vegetation,fractured_metamorphic,0,0.07179560041478693,0,LOW
2024-02-28 09:00:00,Kolkata-Gauge-1,2,urban,unconsolidated_sediment,0,0.010592099557529254,0,LOW
2024-02-28 09:00:00,Guwahati-Gauge-1,3,cropland,sedimentary,0,0.010592099557529254,0,LOW
2024-02-28 09:00:00,Sonapur-Gauge-1,4,forest,unconsolidated_sediment,0,0.010592099557529254,0,LOW
2024-02-28 10:00:00,Chamoli-Gauge-1,1,sparse_vegetation,fractured_metamorphic,0,0.022866349115351868,0,LOW
2024-02-28 10:00:00,Kolkata-Gauge-1,2,urban,unconsolidated_sediment,0,0.010592099557529254,0,LOW
2024-02-28 10:00:00,Guwahati-Gauge-1,3,cropland,sedimentary,0,0.010592099557529254,0,LOW
2024-02-28 10:00:00,Sonapur-Gauge-1,4,forest,unconsolidated_sediment,0,0.010592099557529254,0,LOW
2024-02-28 11:00:00,Chamoli-Gauge-1,1,sparse_vegetation,fractured_metamorphic,0,0.04414556638629202,0,LOW
2024-02-28 11:00:00,Kolkata-Gauge-1,2,urban,unconsolidated_sediment,0,0.010592099557529254,0,LOW
2024-02-28 11:00:00,Guwahati-Gauge-1,3,cropland,sedimentary,0,0.010592099557529254,0,LOW
2024-02-28 11:00:00,Sonapur-Gauge-1,4,forest,unconsolidated_sediment,0,0.010592099557529254,0,LOW
2024-02-28 12:00:00,Chamoli-Gauge-1,1,sparse_vegetation,fractured_metamorphic,0,0.04679303456174464,0,LOW
2024-02-28 12:00:00,Kolkata-Gauge-1,2,urban,unconsolidated_sediment,0,0.010592099557529254,0,LOW
2024-02-28 12:00:00,Guwahati-Gauge-1,3,cropland,sedimentary,0,0.010592099557529254,0,LOW
2024-02-28 12:00:00,Sonapur-Gauge-1,4,forest,unconsolidated_sediment,0,0.010592099557529254,0,LOW
2024-02-28 13:00:00,Chamoli-Gauge-1,1,sparse_vegetation,fractured_metamorphic,1,0.3250365970001802,0,MODERATE
2024-02-28 13:00:00,Kolkata-Gauge-1,2,urban,unconsolidated_sediment,0,0.010592099557529254,0,LOW
2024-02-28 13:00:00,Guwahati-Gauge-1,3,cropland,sedimentary,0,0.010592099557529254,0,LOW
2024-02-28 13:00:00,Sonapur-Gauge-1,4,forest,unconsolidated_sediment,0,0.010592099557529254,0,LOW
2024-02-28 14:00:00,Chamoli-Gauge-1,1,sparse_vegetation,fractured_metamorphic,0,0.02770652716953617,0,LOW
2024-02-28 14:00:00,Kolkata-Gauge-1,2,urban,unconsolidated_sediment,0,0.010592099557529254,0,LOW
2024-02-28 14:00:00,Guwahati-Gauge-1,3,cropland,sedimentary,0,0.010776467464744515,0,LOW
2024-02-28 14:00:00,Sonapur-Gauge-1,4,forest,unconsolidated_sediment,0,0.010592099557529254,0,LOW
2024-02-28 15:00:00,Chamoli-Gauge-1,1,sparse_vegetation,fractured_metamorphic,0,0.02509441716631442,0,LOW
2024-02-28 15:00:00,Kolkata-Gauge-1,2,urban,unconsolidated_sediment,0,0.010592099557529254,0,LOW
2024-02-28 15:00:00,Guwahati-Gauge-1,3,cropland,sedimentary,0,0.01113252521997293,0,LOW
2024-02-28 15:00:00,Sonapur-Gauge-1,4,forest,unconsolidated_sediment,0,0.010781952189229454,0,LOW
2024-02-28 16:00:00,Chamoli-Gauge-1,1,sparse_vegetation,fractured_metamorphic,0,0.011786114910579615,0,LOW
2024-02-28 16:00:00,Kolkata-Gauge-1,2,urban,unconsolidated_sediment,0,0.010592099557529254,0,LOW
2024-02-28 16:00:00,Guwahati-Gauge-1,3,cropland,sedimentary,0,0.01113284119432132,0,LOW
2024-02-28 16:00:00,Sonapur-Gauge-1,4,forest,unconsolidated_sediment,0,0.010781952189229454,0,LOW
2024-02-28 17:00:00,Chamoli-Gauge-1,1,sparse_vegetation,fractured_metamorphic,0,0.012781321910740426,0,LOW
2024-02-28 17:00:00,Kolkata-Gauge-1,2,urban,unconsolidated_sediment,0,0.010592099557529254,0,LOW
2024-02-28 17:00:00,Guwahati-Gauge-1,3,cropland,sedimentary,0,0.010592099557529254,0,LOW
2024-02-28 17:00:00,Sonapur-Gauge-1,4,forest,unconsolidated_sediment,0,0.010993133435431459,0,LOW
2024-02-28 18:00:00,Chamoli-Gauge-1,1,sparse_vegetation,fractured_metamorphic,0,0.012781321910740426,0,LOW
2024-02-28 18:00:00,Kolkata-Gauge-1,2,urban,unconsolidated_sediment,0,0.010592099557529254,0,LOW
2024-02-28 18:00:00,Guwahati-Gauge-1,3,cropland,sedimentary,0,0.011183958439696877,0,LOW
2024-02-28 18:00:00,Sonapur-Gauge-1,4,forest,unconsolidated_sediment,0,0.011159283706458275,0,LOW
2024-02-28 19:00:00,Chamoli-Gauge-1,1,sparse_vegetation,fractured_metamorphic,0,0.02434943570117637,0,LOW
2024-02-28 19:00:00,Kolkata-Gauge-1,2,urban,unconsolidated_sediment,0,0.010592099557529254,0,LOW
2024-02-28 19:00:00,Guwahati-Gauge-1,3,cropland,sedimentary,0,0.010592099557529254,0,LOW
2024-02-28 19:00:00,Sonapur-Gauge-1,4,forest,unconsolidated_sediment,0,0.011159283706458275,0,LOW
2024-02-28 20:00:00,Chamoli-Gauge-1,1,sparse_vegetation,fractured_metamorphic,0,0.018724988884611878,0,LOW
2024-02-28 20:00:00,Kolkata-Gauge-1,2,urban,unconsolidated_sediment,0,0.010592099557529254,0,LOW
2024-02-28 20:00:00,Guwahati-Gauge-1,3,cropland,sedimentary,0,0.010592099557529254,0,LOW
2024-02-28 20:00:00,Sonapur-Gauge-1,4,forest,unconsolidated_sediment,0,0.010995008336403237,0,LOW
2024-02-28 21:00:00,Chamoli-Gauge-1,1,sparse_vegetation,fractured_metamorphic,0,0.017642009405803006,0,LOW
2024-02-28 21:00:00,Kolkata-Gauge-1,2,urban,unconsolidated_sediment,0,0.010592099557529254,0,LOW
2024-02-28 21:00:00,Guwahati-Gauge-1,3,cropland,sedimentary,0,0.010592099557529254,0,LOW
2024-02-28 21:00:00,Sonapur-Gauge-1,4,forest,unconsolidated_sediment,0,0.010592099557529254,0,LOW
2024-02-28 22:00:00,Chamoli-Gauge-1,1,sparse_vegetation,fractured_metamorphic,0,0.012450565800168999,0,LOW
2024-02-28 22:00:00,Kolkata-Gauge-1,2,urban,unconsolidated_sediment,0,0.010592099557529254,0,LOW
2024-02-28 22:00:00,Guwahati-Gauge-1,3,cropland,sedimentary,0,0.010592099557529254,0,LOW
2024-02-28 22:00:00,Sonapur-Gauge-1,4,forest,unconsolidated_sediment,0,0.010592099557529254,0,LOW
2024-02-28 23:00:00,Chamoli-Gauge-1,1,sparse_vegetation,fractured_metamorphic,0,0.011906054338281413,0,LOW
2024-02-28 23:00:00,Kolkata-Gauge-1,2,urban,unconsolidated_sediment,0,0.010592099557529254,0,LOW
2024-02-28 23:00:00,Guwahati-Gauge-1,3,cropland,sedimentary,0,0.010592099557529254,0,LOW
2024-02-28 23:00:00,Sonapur-Gauge-1,4,forest,unconsolidated_sediment,0,0.010592099557529254,0,LOW
2024-02-29 00:00:00,Chamoli-Gauge-1,1,sparse_vegetation,fractured_metamorphic,0,0.011662107595732383,0,LOW
2024-02-29 00:00:00,Kolkata-Gauge-1,2,urban,unconsolidated_sediment,0,0.010592099557529254,0,LOW
2024-02-29 00:00:00,Guwahati-Gauge-1,3,cropland,sedimentary,0,0.010592099557529254,0,LOW
2024-02-29 00:00:00,Sonapur-Gauge-1,4,forest,unconsolidated_sediment,0,0.010807660636388914,0,LOW
2024-02-29 01:00:00,Chamoli-Gauge-1,1,sparse_vegetation,fractured_metamorphic,0,0.02338905600683271,0,LOW
2024-02-29 01:00:00,Kolkata-Gauge-1,2,urban,unconsolidated_sediment,0,0.010592099557529254,0,LOW
2024-02-29 01:00:00,Guwahati-Gauge-1,3,cropland,sedimentary,0,0.010592099557529254,0,LOW
2024-02-29 01:00:00,Sonapur-Gauge-1,4,forest,unconsolidated_sediment,0,0.010807660636388914,0,LOW
2024-02-29 02:00:00,Chamoli-Gauge-1,1,sparse_vegetation,fractured_metamorphic,0,0.013906303324563732,0,LOW
2024-02-29 02:00:00,Kolkata-Gauge-1,2,urban,unconsolidated_sediment,0,0.010592099557529254,0,LOW
2024-02-29 02:00:00,Guwahati-Gauge-1,3,cropland,sedimentary,0,0.010592099557529254,0,LOW
2024-02-29 02:00:00,Sonapur-Gauge-1,4,forest,unconsolidated_sediment,0,0.010592099557529254,0,LOW
2024-02-29 03:00:00,Chamoli-Gauge-1,1,sparse_vegetation,fractured_metamorphic,0,0.013237101891304524,0,LOW
2024-02-29 03:00:00,Kolkata-Gauge-1,2,urban,unconsolidated_sediment,0,0.010592099557529254,0,LOW
2024-02-29 03:00:00,Guwahati-Gauge-1,3,cropland,sedimentary,0,0.010592099557529254,0,LOW
2024-02-29 03:00:00,Sonapur-Gauge-1,4,forest,unconsolidated_sediment,0,0.010592099557529254,0,LOW
2024-02-29 04:00:00,Chamoli-Gauge-1,1,sparse_vegetation,fractured_metamorphic,0,0.013737821011550216,0,LOW
2024-02-29 04:00:00,Kolkata-Gauge-1,2,urban,unconsolidated_sediment,0,0.010592099557529254,0,LOW
2024-02-29 04:00:00,Guwahati-Gauge-1,3,cropland,sedimentary,0,0.010592099557529254,0,LOW
2024-02-29 04:00:00,Sonapur-Gauge-1,4,forest,unconsolidated_sediment,0,0.010592099557529254,0,LOW
2024-02-29 05:00:00,Chamoli-Gauge-1,1,sparse_vegetation,fractured_metamorphic,0,0.014190747820755528,0,LOW
2024-02-29 05:00:00,Kolkata-Gauge-1,2,urban,unconsolidated_sediment,0,0.010592099557529254,0,LOW
2024-02-29 05:00:00,Guwahati-Gauge-1,3,cropland,sedimentary,0,0.010592099557529254,0,LOW
2024-02-29 05:00:00,Sonapur-Gauge-1,4,forest,unconsolidated_sediment,0,0.010592099557529254,0,LOW
2024-02-29 06:00:00,Chamoli-Gauge-1,1,sparse_vegetation,fractured_metamorphic,0,0.014415450387428894,0,LOW
2024-02-29 06:00:00,Kolkata-Gauge-1,2,urban,unconsolidated_sediment,0,0.010592099557529254,0,LOW
2024-02-29 06:00:00,Guwahati-Gauge-1,3,cropland,sedimentary,0,0.010592099557529254,0,LOW
2024-02-29 06:00:00,Sonapur-Gauge-1,4,forest,unconsolidated_sediment,0,0.010592099557529254,0,LOW
2024-02-29 07:00:00,Chamoli-Gauge-1,1,sparse_vegetation,fractured_metamorphic,0,0.04953385065963127,0,LOW
2024-02-29 07:00:00,Kolkata-Gauge-1,2,urban,unconsolidated_sediment,0,0.010592099557529254,0,LOW
2024-02-29 07:00:00,Guwahati-Gauge-1,3,cropland,sedimentary,0,0.010592099557529254,0,LOW
2024-02-29 07:00:00,Sonapur-Gauge-1,4,forest,unconsolidated_sediment,0,0.010592099557529254,0,LOW
2024-02-29 08:00:00,Chamoli-Gauge-1,1,sparse_vegetation,fractured_metamorphic,0,0.05395884444326912,0,LOW
2024-02-29 08:00:00,Kolkata-Gauge-1,2,urban,unconsolidated_sediment,0,0.010592099557529254,0,LOW
2024-02-29 08:00:00,Guwahati-Gauge-1,3,cropland,sedimentary,0,0.010592099557529254,0,LOW
2024-02-29 08:00:00,Sonapur-Gauge-1,4,forest,unconsolidated_sediment,0,0.010592099557529254,0,LOW
2024-02-29 09:00:00,Chamoli-Gauge-1,1,sparse_vegetation,fractured_metamorphic,0,0.044947153388882645,0,LOW
2024-02-29 09:00:00,Kolkata-Gauge-1,2,urban,unconsolidated_sediment,0,0.010592099557529254,0,LOW
2024-02-29 09:00:00,Guwahati-Gauge-1,3,cropland,sedimentary,0,0.010592099557529254,0,LOW
2024-02-29 09:00:00,Sonapur-Gauge-1,4,forest,unconsolidated_sediment,0,0.010592099557529254,0,LOW
2024-02-29 10:00:00,Chamoli-Gauge-1,1,sparse_vegetation,fractured_metamorphic,0,0.01849346288146403,0,LOW
2024-02-29 10:00:00,Kolkata-Gauge-1,2,urban,unconsolidated_sediment,0,0.010592099557529254,0,LOW
2024-02-29 10:00:00,Guwahati-Gauge-1,3,cropland,sedimentary,0,0.010592099557529254,0,LOW
2024-02-29 10:00:00,Sonapur-Gauge-1,4,forest,unconsolidated_sediment,0,0.010592099557529254,0,LOW
2024-02-29 11:00:00,Chamoli-Gauge-1,1,sparse_vegetation,fractured_metamorphic,0,0.01820601606624479,0,LOW
2024-02-29 11:00:00,Kolkata-Gauge-1,2,urban,unconsolidated_sediment,0,0.010592099557529254,0,LOW
2024-02-29 11:00:00,Guwahati-Gauge-1,3,cropland,sedimentary,0,0.010592099557529254,0,LOW
2024-02-29 11:00:00,Sonapur-Gauge-1,4,forest,unconsolidated_sediment,0,0.017540922588630804,0,LOW
2024-02-29 12:00:00,Chamoli-Gauge-1,1,sparse_vegetation,fractured_metamorphic,0,0.014837714942379687,0,LOW
2024-02-29 12:00:00,Kolkata-Gauge-1,2,urban,unconsolidated_sediment,0,0.010592099557529254,0,LOW
2024-02-29 12:00:00,Guwahati-Gauge-1,3,cropland,sedimentary,0,0.010592099557529254,0,LOW
2024-02-29 12:00:00,Sonapur-Gauge-1,4,forest,unconsolidated_sediment,0,0.01770901741650166,0,LOW
2024-02-29 13:00:00,Chamoli-Gauge-1,1,sparse_vegetation,fractured_metamorphic,0,0.014310030228233973,0,LOW
2024-02-29 13:00:00,Kolkata-Gauge-1,2,urban,unconsolidated_sediment,0,0.010592099557529254,0,LOW
2024-02-29 13:00:00,Guwahati-Gauge-1,3,cropland,sedimentary,0,0.010592099557529254,0,LOW
2024-02-29 13:00:00,Sonapur-Gauge-1,4,forest,unconsolidated_sediment,0,0.020037740623135736,0,LOW
2024-02-29 14:00:00,Chamoli-Gauge-1,1,sparse_vegetation,fractured_metamorphic,0,0.0187207853823454,0,LOW
2024-02-29 14:00:00,Kolkata-Gauge-1,2,urban,unconsolidated_sediment,0,0.010592099557529254,0,LOW
2024-02-29 14:00:00,Guwahati-Gauge-1,3,cropland,sedimentary,0,0.010592099557529254,0,LOW
2024-02-29 14:00:00,Sonapur-Gauge-1,4,forest,unconsolidated_sediment,1,0.22927085475169842,0,LOW
2024-02-29 15:00:00,Chamoli-Gauge-1,1,sparse_vegetation,fractured_metamorphic,0,0.014108136824470829,0,LOW
2024-02-29 15:00:00,Kolkata-Gauge-1,2,urban,unconsolidated_sediment,0,0.010592099557529254,0,LOW
2024-02-29 15:00:00,Guwahati-Gauge-1,3,cropland,sedimentary,0,0.010592099557529254,0,LOW
2024-02-29 15:00:00,Sonapur-Gauge-1,4,forest,unconsolidated_sediment,0,0.039889522712645675,0,LOW
2024-02-29 16:00:00,Chamoli-Gauge-1,1,sparse_vegetation,fractured_metamorphic,0,0.012099930449963867,0,LOW
2024-02-29 16:00:00,Kolkata-Gauge-1,2,urban,unconsolidated_sediment,0,0.010592099557529254,0,LOW
2024-02-29 16:00:00,Guwahati-Gauge-1,3,cropland,sedimentary,0,0.010592099557529254,0,LOW
2024-02-29 16:00:00,Sonapur-Gauge-1,4,forest,unconsolidated_sediment,0,0.02280192165834368,0,LOW
2024-02-29 17:00:00,Chamoli-Gauge-1,1,sparse_vegetation,fractured_metamorphic,0,0.011899929146221002,0,LOW
2024-02-29 17:00:00,Kolkata-Gauge-1,2,urban,unconsolidated_sediment,0,0.010592099557529254,0,LOW
2024-02-29 17:00:00,Guwahati-Gauge-1,3,cropland,sedimentary,0,0.010592099557529254,0,LOW
2024-02-29 17:00:00,Sonapur-Gauge-1,4,forest,unconsolidated_sediment,0,0.02143796172514432,0,LOW
2024-02-29 18:00:00,Chamoli-Gauge-1,1,sparse_vegetation,fractured_metamorphic,0,0.011899929146221002,0,LOW
2024-02-29 18:00:00,Kolkata-Gauge-1,2,urban,unconsolidated_sediment,0,0.010592099557529254,0,LOW
2024-02-29 18:00:00,Guwahati-Gauge-1,3,cropland,sedimentary,0,0.010592099557529254,0,LOW
2024-02-29 18:00:00,Sonapur-Gauge-1,4,forest,unconsolidated_sediment,0,0.012388392568753407,0,LOW
2024-02-29 19:00:00,Chamoli-Gauge-1,1,sparse_vegetation,fractured_metamorphic,0,0.013296416719886635,0,LOW
2024-02-29 19:00:00,Kolkata-Gauge-1,2,urban,unconsolidated_sediment,0,0.010592099557529254,0,LOW
2024-02-29 19:00:00,Guwahati-Gauge-1,3,cropland,sedimentary,0,0.010592099557529254,0,LOW
2024-02-29 19:00:00,Sonapur-Gauge-1,4,forest,unconsolidated_sediment,0,0.013095537603607973,0,LOW
2024-02-29 20:00:00,Chamoli-Gauge-1,1,sparse_vegetation,fractured_metamorphic,0,0.013808693712793108,0,LOW
2024-02-29 20:00:00,Kolkata-Gauge-1,2,urban,unconsolidated_sediment,0,0.010592099557529254,0,LOW
2024-02-29 20:00:00,Guwahati-Gauge-1,3,cropland,sedimentary,0,0.010592099557529254,0,LOW
2024-02-29 20:00:00,Sonapur-Gauge-1,4,forest,unconsolidated_sediment,0,0.015137295646571642,0,LOW
2024-02-29 21:00:00,Chamoli-Gauge-1,1,sparse_vegetation,fractured_metamorphic,0,0.014827260383405242,0,LOW
2024-02-29 21:00:00,Kolkata-Gauge-1,2,urban,unconsolidated_sediment,0,0.010592099557529254,0,LOW
2024-02-29 21:00:00,Guwahati-Gauge-1,3,cropland,sedimentary,0,0.010970973370845514,0,LOW
2024-02-29 21:00:00,Sonapur-Gauge-1,4,forest,unconsolidated_sediment,0,0.018517746104264845,0,LOW
2024-02-29 22:00:00,Chamoli-Gauge-1,1,sparse_vegetation,fractured_metamorphic,0,0.0354705025954018,0,LOW
2024-02-29 22:00:00,Kolkata-Gauge-1,2,urban,unconsolidated_sediment,0,0.01061297605656985,0,LOW
2024-02-29 22:00:00,Guwahati-Gauge-1,3,cropland,sedimentary,0,0.010592099557529254,0,LOW
2024-02-29 22:00:00,Sonapur-Gauge-1,4,forest,unconsolidated_sediment,0,0.01636840181390115,0,LOW
2024-02-29 23:00:00,Chamoli-Gauge-1,1,sparse_vegetation,fractured_metamorphic,0,0.057406663327332574,0,LOW
2024-02-29 23:00:00,Kolkata-Gauge-1,2,urban,unconsolidated_sediment,0,0.01061297605656985,0,LOW
2024-02-29 23:00:00,Guwahati-Gauge-1,3,cropland,sedimentary,0,0.010760023368261172,0,LOW
2024-02-29 23:00:00,Sonapur-Gauge-1,4,forest,unconsolidated_sediment,0,0.010700315899914157,0,LOW
2024-03-01 00:00:00,Chamoli-Gauge-1,1,sparse_vegetation,fractured_metamorphic,1,0.2287509045064318,0,LOW
2024-03-01 00:00:00,Kolkata-Gauge-1,2,urban,unconsolidated_sediment,0,0.01061297605656985,0,LOW
2024-03-01 00:00:00,Guwahati-Gauge-1,3,cropland,sedimentary,0,0.010592099557529254,0,LOW
2024-03-01 00:00:00,Sonapur-Gauge-1,4,forest,unconsolidated_sediment,0,0.010592099557529254,0,LOW
2024-03-01 01:00:00,Chamoli-Gauge-1,1,sparse_vegetation,fractured_metamorphic,0,0.025308508430631517,0,LOW
2024-03-01 01:00:00,Kolkata-Gauge-1,2,urban,unconsolidated_sediment,0,0.01061297605656985,0,LOW
2024-03-01 01:00:00,Guwahati-Gauge-1,3,cropland,sedimentary,0,0.010592099557529254,0,LOW
2024-03-01 01:00:00,Sonapur-Gauge-1,4,forest,unconsolidated_sediment,0,0.010800659246182514,0,LOW
2024-03-01 02:00:00,Chamoli-Gauge-1,1,sparse_vegetation,fractured_metamorphic,0,0.024096599534567904,0,LOW
2024-03-01 02:00:00,Kolkata-Gauge-1,2,urban,unconsolidated_sediment,0,0.01061297605656985,0,LOW
2024-03-01 02:00:00,Guwahati-Gauge-1,3,cropland,sedimentary,0,0.010592099557529254,0,LOW
2024-03-01 02:00:00,Sonapur-Gauge-1,4,forest,unconsolidated_sediment,0,0.010800659246182514,0,LOW
2024-03-01 03:00:00,Chamoli-Gauge-1,1,sparse_vegetation,fractured_metamorphic,0,0.023233453077945,0,LOW
2024-03-01 03:00:00,Kolkata-Gauge-1,2,urban,unconsolidated_sediment,0,0.01061297605656985,0,LOW
2024-03-01 03:00:00,Guwahati-Gauge-1,3,cropland,sedimentary,0,0.010592099557529254,0,LOW
2024-03-01 03:00:00,Sonapur-Gauge-1,4,forest,unconsolidated_sediment,0,0.010790475567197567,0,LOW
2024-03-01 04:00:00,Chamoli-Gauge-1,1,sparse_vegetation,fractured_metamorphic,0,0.011036764043018555,0,LOW
2024-03-01 04:00:00,Kolkata-Gauge-1,2,urban,unconsolidated_sediment,0,0.01061297605656985,0,LOW
2024-03-01 04:00:00,Guwahati-Gauge-1,3,cropland,sedimentary,0,0.010592099557529254,0,LOW
2024-03-01 04:00:00,Sonapur-Gauge-1,4,forest,unconsolidated_sediment,0,0.012198419867042776,0,LOW
2024-03-01 05:00:00,Chamoli-Gauge-1,1,sparse_vegetation,fractured_metamorphic,0,0.011784188794635803,0,LOW
2024-03-01 05:00:00,Kolkata-Gauge-1,2,urban,unconsolidated_sediment,0,0.010592099557529254,0,LOW
2024-03-01 05:00:00,Guwahati-Gauge-1,3,cropland,sedimentary,0,0.010592099557529254,0,LOW
2024-03-01 05:00:00,Sonapur-Gauge-1,4,forest,unconsolidated_sediment,0,0.010982944278776665,0,LOW
2024-03-01 06:00:00,Chamoli-Gauge-1,1,sparse_vegetation,fractured_metamorphic,0,0.011377604226798559,0,LOW
2024-03-01 06:00:00,Kolkata-Gauge-1,2,urban,unconsolidated_sediment,0,0.010592099557529254,0,LOW
2024-03-01 06:00:00,Guwahati-Gauge-1,3,cropland,sedimentary,0,0.010592099557529254,0,LOW
2024-03-01 06:00:00,Sonapur-Gauge-1,4,forest,unconsolidated_sediment,0,0.011205338640830951,0,LOW
2024-03-01 07:00:00,Chamoli-Gauge-1,1,sparse_vegetation,fractured_metamorphic,0,0.011326963508816268,0,LOW
2024-03-01 07:00:00,Kolkata-Gauge-1,2,urban,unconsolidated_sediment,0,0.010592099557529254,0,LOW
2024-03-01 07:00:00,Guwahati-Gauge-1,3,cropland,sedimentary,0,0.010592099557529254,0,LOW
2024-03-01 07:00:00,Sonapur-Gauge-1,4,forest,unconsolidated_sediment,0,0.010592099557529254,0,LOW
2024-03-01 08:00:00,Chamoli-Gauge-1,1,sparse_vegetation,fractured_metamorphic,0,0.01173640898652324,0,LOW
2024-03-01 08:00:00,Kolkata-Gauge-1,2,urban,unconsolidated_sediment,0,0.010592099557529254,0,LOW
2024-03-01 08:00:00,Guwahati-Gauge-1,3,cropland,sedimentary,0,0.010592099557529254,0,LOW
2024-03-01 08:00:00,Sonapur-Gauge-1,4,forest,unconsolidated_sediment,0,0.010592099557529254,0,LOW
2024-03-01 09:00:00,Chamoli-Gauge-1,1,sparse_vegetation,fractured_metamorphic,0,0.010592099557529254,0,LOW
2024-03-01 09:00:00,Kolkata-Gauge-1,2,urban,unconsolidated_sediment,0,0.010592099557529254,0,LOW
2024-03-01 09:00:00,Guwahati-Gauge-1,3,cropland,sedimentary,0,0.010592099557529254,0,LOW
2024-03-01 09:00:00,Sonapur-Gauge-1,4,forest,unconsolidated_sediment,0,0.010592099557529254,0,LOW
2024-03-01 10:00:00,Chamoli-Gauge-1,1,sparse_vegetation,fractured_metamorphic,0,0.010592099557529254,0,LOW
2024-03-01 10:00:00,Kolkata-Gauge-1,2,urban,unconsolidated_sediment,0,0.010592099557529254,0,LOW
2024-03-01 10:00:00,Guwahati-Gauge-1,3,cropland,sedimentary,0,0.010592099557529254,0,LOW
2024-03-01 10:00:00,Sonapur-Gauge-1,4,forest,unconsolidated_sediment,0,0.01090113340438593,0,LOW
2024-03-01 11:00:00,Chamoli-Gauge-1,1,sparse_vegetation,fractured_metamorphic,0,0.010592099557529254,0,LOW
2024-03-01 11:00:00,Kolkata-Gauge-1,2,urban,unconsolidated_sediment,0,0.010592099557529254,0,LOW
2024-03-01 11:00:00,Guwahati-Gauge-1,3,cropland,sedimentary,0,0.010592099557529254,0,LOW
2024-03-01 11:00:00,Sonapur-Gauge-1,4,forest,unconsolidated_sediment,0,0.010592099557529254,0,LOW
2024-03-01 12:00:00,Chamoli-Gauge-1,1,sparse_vegetation,fractured_metamorphic,0,0.010778662270844789,0,LOW
2024-03-01 12:00:00,Kolkata-Gauge-1,2,urban,unconsolidated_sediment,0,0.013640515042499178,0,LOW
2024-03-01 12:00:00,Guwahati-Gauge-1,3,cropland,sedimentary,0,0.010592099557529254,0,LOW
2024-03-01 12:00:00,Sonapur-Gauge-1,4,forest,unconsolidated_sediment,0,0.010592099557529254,0,LOW
2024-03-01 13:00:00,Chamoli-Gauge-1,1,sparse_vegetation,fractured_metamorphic,0,0.010778662270844789,0,LOW
2024-03-01 13:00:00,Kolkata-Gauge-1,2,urban,unconsolidated_sediment,0,0.0116091548764517,0,LOW
2024-03-01 13:00:00,Guwahati-Gauge-1,3,cropland,sedimentary,0,0.010592099557529254,0,LOW
2024-03-01 13:00:00,Sonapur-Gauge-1,4,forest,unconsolidated_sediment,0,0.010592099557529254,0,LOW
2024-03-01 14:00:00,Chamoli-Gauge-1,1,sparse_vegetation,fractured_metamorphic,0,0.010778662270844789,0,LOW
2024-03-01 14:00:00,Kolkata-Gauge-1,2,urban,unconsolidated_sediment,0,0.010808882551233606,0,LOW
2024-03-01 14:00:00,Guwahati-Gauge-1,3,cropland,sedimentary,0,0.010592099557529254,0,LOW
2024-03-01 14:00:00,Sonapur-Gauge-1,4,forest,unconsolidated_sediment,0,0.010592099557529254,0,LOW
2024-03-01 15:00:00,Chamoli-Gauge-1,1,sparse_vegetation,fractured_metamorphic,0,0.010778662270844789,0,LOW
2024-03-01 15:00:00,Kolkata-Gauge-1,2,urban,unconsolidated_sediment,0,0.011661600025507408,0,LOW
2024-03-01 15:00:00,Guwahati-Gauge-1,3,cropland,sedimentary,0,0.010592099557529254,0,LOW
2024-03-01 15:00:00,Sonapur-Gauge-1,4,forest,unconsolidated_sediment,0,0.015381386318562895,0,LOW
2024-03-01 16:00:00,Chamoli-Gauge-1,1,sparse_vegetation,fractured_metamorphic,0,0.010778662270844789,0,LOW
2024-03-01 16:00:00,Kolkata-Gauge-1,2,urban,unconsolidated_sediment,0,0.011441369118403951,0,LOW
2024-03-01 16:00:00,Guwahati-Gauge-1,3,cropland,sedimentary,0,0.010592099557529254,0,LOW
2024-03-01 16:00:00,Sonapur-Gauge-1,4,forest,unconsolidated_sediment,1,0.3378507182340612,0,MODERATE
2024-03-01 17:00:00,Chamoli-Gauge-1,1,sparse_vegetation,fractured_metamorphic,0,0.010778662270844789,0,LOW
2024-03-01 17:00:00,Kolkata-Gauge-1,2,urban,unconsolidated_sediment,0,0.011441369118403951,0,LOW
2024-03-01 17:00:00,Guwahati-Gauge-1,3,cropland,sedimentary,0,0.010592099557529254,0,LOW
2024-03-01 17:00:00,Sonapur-Gauge-1,4,forest,unconsolidated_sediment,0,0.014752761345564983,0,LOW
2024-03-01 18:00:00,Chamoli-Gauge-1,1,sparse_vegetation,fractured_metamorphic,0,0.010778662270844789,0,LOW
2024-03-01 18:00:00,Kolkata-Gauge-1,2,urban,unconsolidated_sediment,0,0.011603706017628956,0,LOW
2024-03-01 18:00:00,Guwahati-Gauge-1,3,cropland,sedimentary,0,0.010592099557529254,0,LOW
2024-03-01 18:00:00,Sonapur-Gauge-1,4,forest,unconsolidated_sediment,0,0.01679661377043525,0,LOW
2024-03-01 19:00:00,Chamoli-Gauge-1,1,sparse_vegetation,fractured_metamorphic,0,0.010778662270844789,0,LOW
2024-03-01 19:00:00,Kolkata-Gauge-1,2,urban,unconsolidated_sediment,0,0.01252245999078191,0,LOW
2024-03-01 19:00:00,Guwahati-Gauge-1,3,cropland,sedimentary,0,0.010592099557529254,0,LOW
2024-03-01 19:00:00,Sonapur-Gauge-1,4,forest,unconsolidated_sediment,0,0.013552864910700829,0,LOW
2024-03-01 20:00:00,Chamoli-Gauge-1,1,sparse_vegetation,fractured_metamorphic,0,0.010778662270844789,0,LOW
2024-03-01 20:00:00,Kolkata-Gauge-1,2,urban,unconsolidated_sediment,0,0.011817712947097606,0,LOW
2024-03-01 20:00:00,Guwahati-Gauge-1,3,cropland,sedimentary,0,0.010592099557529254,0,LOW
2024-03-01 20:00:00,Sonapur-Gauge-1,4,forest,unconsolidated_sediment,0,0.011134373804397224,0,LOW
2024-03-01 21:00:00,Chamoli-Gauge-1,1,sparse_vegetation,fractured_metamorphic,0,0.010680610133130352,0,LOW
2024-03-01 21:00:00,Kolkata-Gauge-1,2,urban,unconsolidated_sediment,0,0.023532383157206908,0,LOW
2024-03-01 21:00:00,Guwahati-Gauge-1,3,cropland,sedimentary,0,0.010592099557529254,0,LOW
2024-03-01 21:00:00,Sonapur-Gauge-1,4,forest,unconsolidated_sediment,0,0.010992663114956315,0,LOW
2024-03-01 22:00:00,Chamoli-Gauge-1,1,sparse_vegetation,fractured_metamorphic,0,0.010680610133130352,0,LOW
2024-03-01 22:00:00,Kolkata-Gauge-1,2,urban,unconsolidated_sediment,0,0.012450214353008662,0,LOW
2024-03-01 22:00:00,Guwahati-Gauge-1,3,cropland,sedimentary,0,0.010592099557529254,0,LOW
2024-03-01 22:00:00,Sonapur-Gauge-1,4,forest,unconsolidated_sediment,0,0.010992663114956315,0,LOW
2024-03-01 23:00:00,Chamoli-Gauge-1,1,sparse_vegetation,fractured_metamorphic,0,0.010680610133130352,0,LOW
2024-03-01 23:00:00,Kolkata-Gauge-1,2,urban,unconsolidated_sediment,0,0.012450214353008662,0,LOW
2024-03-01 23:00:00,Guwahati-Gauge-1,3,cropland,sedimentary,0,0.0107495785695255,0,LOW
2024-03-01 23:00:00,Sonapur-Gauge-1,4,forest,unconsolidated_sediment,0,0.011026139469829341,0,LOW
2024-03-02 00:00:00,Chamoli-Gauge-1,1,sparse_vegetation,fractured_metamorphic,0,0.010680610133130352,0,LOW
2024-03-02 00:00:00,Kolkata-Gauge-1,2,urban,unconsolidated_sediment,0,0.010592099557529254,0,LOW
2024-03-02 00:00:00,Guwahati-Gauge-1,3,cropland,sedimentary,0,0.010592099557529254,0,LOW
2024-03-02 00:00:00,Sonapur-Gauge-1,4,forest,unconsolidated_sediment,0,0.011579284074804946,0,LOW
2024-03-02 01:00:00,Chamoli-Gauge-1,1,sparse_vegetation,fractured_metamorphic,0,0.010680610133130352,0,LOW
2024-03-02 01:00:00,Kolkata-Gauge-1,2,urban,unconsolidated_sediment,0,0.010592099557529254,0,LOW
2024-03-02 01:00:00,Guwahati-Gauge-1,3,cropland,sedimentary,0,0.010592099557529254,0,LOW
2024-03-02 01:00:00,Sonapur-Gauge-1,4,forest,unconsolidated_sediment,0,0.01293495865282678,0,LOW
2024-03-02 02:00:00,Chamoli-Gauge-1,1,sparse_vegetation,fractured_metamorphic,0,0.010680610133130352,0,LOW
2024-03-02 02:00:00,Kolkata-Gauge-1,2,urban,unconsolidated_sediment,0,0.010790908271378939,0,LOW
2024-03-02 02:00:00,Guwahati-Gauge-1,3,cropland,sedimentary,0,0.010592099557529254,0,LOW
2024-03-02 02:00:00,Sonapur-Gauge-1,4,forest,unconsolidated_sediment,0,0.010885135482600363,0,LOW
2024-03-02 03:00:00,Chamoli-Gauge-1,1,sparse_vegetation,fractured_metamorphic,0,0.010680610133130352,0,LOW
2024-03-02 03:00:00,Kolkata-Gauge-1,2,urban,unconsolidated_sediment,0,0.010700315899914157,0,LOW
2024-03-02 03:00:00,Guwahati-Gauge-1,3,cropland,sedimentary,0,0.010592099557529254,0,LOW
2024-03-02 03:00:00,Sonapur-Gauge-1,4,forest,unconsolidated_sediment,0,0.010752515320112408,0,LOW
2024-03-02 04:00:00,Chamoli-Gauge-1,1,sparse_vegetation,fractured_metamorphic,0,0.010680610133130352,0,LOW
2024-03-02 04:00:00,Kolkata-Gauge-1,2,urban,unconsolidated_sediment,0,0.010875264055203823,0,LOW
2024-03-02 04:00:00,Guwahati-Gauge-1,3,cropland,sedimentary,0,0.010592099557529254,0,LOW
2024-03-02 04:00:00,Sonapur-Gauge-1,4,forest,unconsolidated_sediment,0,0.010752515320112408,0,LOW
2024-03-02 05:00:00,Chamoli-Gauge-1,1,sparse_vegetation,fractured_metamorphic,0,0.010698977657704077,0,LOW
2024-03-02 05:00:00,Kolkata-Gauge-1,2,urban,unconsolidated_sediment,0,0.010700315899914157,0,LOW
2024-03-02 05:00:00,Guwahati-Gauge-1,3,cropland,sedimentary,0,0.010592099557529254,0,LOW
2024-03-02 05:00:00,Sonapur-Gauge-1,4,forest,unconsolidated_sediment,0,0.010752515320112408,0,LOW
2024-03-02 06:00:00,Chamoli-Gauge-1,1,sparse_vegetation,fractured_metamorphic,0,0.010698977657704077,0,LOW
2024-03-02 06:00:00,Kolkata-Gauge-1,2,urban,unconsolidated_sediment,0,0.010700315899914157,0,LOW
2024-03-02 06:00:00,Guwahati-Gauge-1,3,cropland,sedimentary,0,0.010592099557529254,0,LOW
2024-03-02 06:00:00,Sonapur-Gauge-1,4,forest,unconsolidated_sediment,0,0.010592099557529254,0,LOW
2024-03-02 07:00:00,Chamoli-Gauge-1,1,sparse_vegetation,fractured_metamorphic,0,0.014396351768600334,0,LOW
2024-03-02 07:00:00,Kolkata-Gauge-1,2,urban,unconsolidated_sediment,0,0.011279146209285273,0,LOW
2024-03-02 07:00:00,Guwahati-Gauge-1,3,cropland,sedimentary,0,0.010592099557529254,0,LOW
2024-03-02 07:00:00,Sonapur-Gauge-1,4,forest,unconsolidated_sediment,0,0.010592099557529254,0,LOW
2024-03-02 08:00:00,Chamoli-Gauge-1,1,sparse_vegetation,fractured_metamorphic,0,0.012056986442960953,0,LOW
2024-03-02 08:00:00,Kolkata-Gauge-1,2,urban,unconsolidated_sediment,0,0.010700315899914157,0,LOW
2024-03-02 08:00:00,Guwahati-Gauge-1,3,cropland,sedimentary,0,0.010592099557529254,0,LOW
2024-03-02 08:00:00,Sonapur-Gauge-1,4,forest,unconsolidated_sediment,0,0.0108145927600548,0,LOW
2024-03-02 09:00:00,Chamoli-Gauge-1,1,sparse_vegetation,fractured_metamorphic,0,0.012302602555091123,0,LOW
2024-03-02 09:00:00,Kolkata-Gauge-1,2,urban,unconsolidated_sediment,0,0.015795111174904928,0,LOW
2024-03-02 09:00:00,Guwahati-Gauge-1,3,cropland,sedimentary,0,0.010592099557529254,0,LOW
2024-03-02 09:00:00,Sonapur-Gauge-1,4,forest,unconsolidated_sediment,0,0.010592099557529254,0,LOW
2024-03-02 10:00:00,Chamoli-Gauge-1,1,sparse_vegetation,fractured_metamorphic,0,0.011174764439742949,0,LOW
2024-03-02 10:00:00,Kolkata-Gauge-1,2,urban,unconsolidated_sediment,0,0.011528124882932606,0,LOW
2024-03-02 10:00:00,Guwahati-Gauge-1,3,cropland,sedimentary,0,0.010592099557529254,0,LOW
2024-03-02 10:00:00,Sonapur-Gauge-1,4,forest,unconsolidated_sediment,0,0.010592099557529254,0,LOW
2024-03-02 11:00:00,Chamoli-Gauge-1,1,sparse_vegetation,fractured_metamorphic,0,0.011174764439742949,0,LOW
2024-03-02 11:00:00,Kolkata-Gauge-1,2,urban,unconsolidated_sediment,0,0.01100750068273625,0,LOW
2024-03-02 11:00:00,Guwahati-Gauge-1,3,cropland,sedimentary,0,0.010592099557529254,0,LOW
2024-03-02 11:00:00,Sonapur-Gauge-1,4,forest,unconsolidated_sediment,0,0.010592099557529254,0,LOW
2024-03-02 12:00:00,Chamoli-Gauge-1,1,sparse_vegetation,fractured_metamorphic,0,0.011174764439742949,0,LOW
2024-03-02 12:00:00,Kolkata-Gauge-1,2,urban,unconsolidated_sediment,0,0.010592099557529254,0,LOW
2024-03-02 12:00:00,Guwahati-Gauge-1,3,cropland,sedimentary,0,0.010592099557529254,0,LOW
2024-03-02 12:00:00,Sonapur-Gauge-1,4,forest,unconsolidated_sediment,0,0.010592099557529254,0,LOW
2024-03-02 13:00:00,Chamoli-Gauge-1,1,sparse_vegetation,fractured_metamorphic,0,0.010928028108592287,0,LOW
2024-03-02 13:00:00,Kolkata-Gauge-1,2,urban,unconsolidated_sediment,0,0.010592099557529254,0,LOW
2024-03-02 13:00:00,Guwahati-Gauge-1,3,cropland,sedimentary,0,0.010592099557529254,0,LOW
2024-03-02 13:00:00,Sonapur-Gauge-1,4,forest,unconsolidated_sediment,0,0.010592099557529254,0,LOW
2024-03-02 14:00:00,Chamoli-Gauge-1,1,sparse_vegetation,fractured_metamorphic,0,0.010928028108592287,0,LOW
2024-03-02 14:00:00,Kolkata-Gauge-1,2,urban,unconsolidated_sediment,0,0.010592099557529254,0,LOW
2024-03-02 14:00:00,Guwahati-Gauge-1,3,cropland,sedimentary,0,0.010592099557529254,0,LOW
2024-03-02 14:00:00,Sonapur-Gauge-1,4,forest,unconsolidated_sediment,0,0.010592099557529254,0,LOW
2024-03-02 15:00:00,Chamoli-Gauge-1,1,sparse_vegetation,fractured_metamorphic,0,0.010928028108592287,0,LOW
2024-03-02 15:00:00,Kolkata-Gauge-1,2,urban,unconsolidated_sediment,0,0.010592099557529254,0,LOW
2024-03-02 15:00:00,Guwahati-Gauge-1,3,cropland,sedimentary,0,0.010592099557529254,0,LOW
2024-03-02 15:00:00,Sonapur-Gauge-1,4,forest,unconsolidated_sediment,0,0.010592099557529254,0,LOW
2024-03-02 16:00:00,Chamoli-Gauge-1,1,sparse_vegetation,fractured_metamorphic,0,0.010928028108592287,0,LOW
2024-03-02 16:00:00,Kolkata-Gauge-1,2,urban,unconsolidated_sediment,1,0.3472565643562018,0,MODERATE
2024-03-02 16:00:00,Guwahati-Gauge-1,3,cropland,sedimentary,0,0.010592099557529254,0,LOW
2024-03-02 16:00:00,Sonapur-Gauge-1,4,forest,unconsolidated_sediment,0,0.010592099557529254,0,LOW
2024-03-02 17:00:00,Chamoli-Gauge-1,1,sparse_vegetation,fractured_metamorphic,0,0.010928028108592287,0,LOW
2024-03-02 17:00:00,Kolkata-Gauge-1,2,urban,unconsolidated_sediment,0,0.060034206560292486,0,LOW
2024-03-02 17:00:00,Guwahati-Gauge-1,3,cropland,sedimentary,0,0.010592099557529254,0,LOW
2024-03-02 17:00:00,Sonapur-Gauge-1,4,forest,unconsolidated_sediment,0,0.010592099557529254,0,LOW
2024-03-02 18:00:00,Chamoli-Gauge-1,1,sparse_vegetation,fractured_metamorphic,0,0.010762624868922113,0,LOW
2024-03-02 18:00:00,Kolkata-Gauge-1,2,urban,unconsolidated_sediment,0,0.07178052452957598,0,LOW
2024-03-02 18:00:00,Guwahati-Gauge-1,3,cropland,sedimentary,0,0.010592099557529254,0,LOW
2024-03-02 18:00:00,Sonapur-Gauge-1,4,forest,unconsolidated_sediment,0,0.010592099557529254,0,LOW
2024-03-02 19:00:00,Chamoli-Gauge-1,1,sparse_vegetation,fractured_metamorphic,0,0.010592099557529254,0,LOW
2024-03-02 19:00:00,Kolkata-Gauge-1,2,urban,unconsolidated_sediment,0,0.5447330348793138,1,MODERATE
2024-03-02 19:00:00,Guwahati-Gauge-1,3,cropland,sedimentary,0,0.010592099557529254,0,LOW
2024-03-02 19:00:00,Sonapur-Gauge-1,4,forest,unconsolidated_sediment,0,0.010592099557529254,0,LOW
2024-03-02 20:00:00,Chamoli-Gauge-1,1,sparse_vegetation,fractured_metamorphic,0,0.010592099557529254,0,LOW
2024-03-02 20:00:00,Kolkata-Gauge-1,2,urban,unconsolidated_sediment,1,0.5780672594699944,1,MODERATE
2024-03-02 20:00:00,Guwahati-Gauge-1,3,cropland,sedimentary,0,0.010592099557529254,0,LOW
2024-03-02 20:00:00,Sonapur-Gauge-1,4,forest,unconsolidated_sediment,0,0.010592099557529254,0,LOW
2024-03-02 21:00:00,Chamoli-Gauge-1,1,sparse_vegetation,fractured_metamorphic,0,0.010592099557529254,0,LOW
2024-03-02 21:00:00,Kolkata-Gauge-1,2,urban,unconsolidated_sediment,0,0.4244087994486524,0,MODERATE
2024-03-02 21:00:00,Guwahati-Gauge-1,3,cropland,sedimentary,0,0.010592099557529254,0,LOW
2024-03-02 21:00:00,Sonapur-Gauge-1,4,forest,unconsolidated_sediment,0,0.010592099557529254,0,LOW
2024-03-02 22:00:00,Chamoli-Gauge-1,1,sparse_vegetation,fractured_metamorphic,0,0.010592099557529254,0,LOW
2024-03-02 22:00:00,Kolkata-Gauge-1,2,urban,unconsolidated_sediment,0,0.5057771130715965,0,MODERATE
2024-03-02 22:00:00,Guwahati-Gauge-1,3,cropland,sedimentary,0,0.010592099557529254,0,LOW
2024-03-02 22:00:00,Sonapur-Gauge-1,4,forest,unconsolidated_sediment,0,0.011955147723448602,0,LOW
2024-03-02 23:00:00,Chamoli-Gauge-1,1,sparse_vegetation,fractured_metamorphic,0,0.010592099557529254,0,LOW
2024-03-02 23:00:00,Kolkata-Gauge-1,2,urban,unconsolidated_sediment,1,0.5057771130715965,0,MODERATE
2024-03-02 23:00:00,Guwahati-Gauge-1,3,cropland,sedimentary,0,0.010592099557529254,0,LOW
2024-03-02 23:00:00,Sonapur-Gauge-1,4,forest,unconsolidated_sediment,0,0.010592099557529254,0,LOW
2024-03-03 00:00:00,Chamoli-Gauge-1,1,sparse_vegetation,fractured_metamorphic,0,0.010592099557529254,0,LOW
2024-03-03 00:00:00,Kolkata-Gauge-1,2,urban,unconsolidated_sediment,0,0.577462350420948,1,MODERATE
2024-03-03 00:00:00,Guwahati-Gauge-1,3,cropland,sedimentary,0,0.010592099557529254,0,LOW
2024-03-03 00:00:00,Sonapur-Gauge-1,4,forest,unconsolidated_sediment,0,0.010592099557529254,0,LOW
2024-03-03 01:00:00,Chamoli-Gauge-1,1,sparse_vegetation,fractured_metamorphic,0,0.010592099557529254,0,LOW
2024-03-03 01:00:00,Kolkata-Gauge-1,2,urban,unconsolidated_sediment,1,0.577462350420948,1,MODERATE
2024-03-03 01:00:00,Guwahati-Gauge-1,3,cropland,sedimentary,0,0.010592099557529254,0,LOW
2024-03-03 01:00:00,Sonapur-Gauge-1,4,forest,unconsolidated_sediment,0,0.010748894535704035,0,LOW
2024-03-03 02:00:00,Chamoli-Gauge-1,1,sparse_vegetation,fractured_metamorphic,0,0.010782327715854443,0,LOW
2024-03-03 02:00:00,Kolkata-Gauge-1,2,urban,unconsolidated_sediment,0,0.577462350420948,1,MODERATE
2024-03-03 02:00:00,Guwahati-Gauge-1,3,cropland,sedimentary,0,0.010592099557529254,0,LOW
2024-03-03 02:00:00,Sonapur-Gauge-1,4,forest,unconsolidated_sediment,0,0.010748894535704035,0,LOW
2024-03-03 03:00:00,Chamoli-Gauge-1,1,sparse_vegetation,fractured_metamorphic,0,0.010592099557529254,0,LOW
2024-03-03 03:00:00,Kolkata-Gauge-1,2,urban,unconsolidated_sediment,1,0.7519544677210037,1,HIGH
2024-03-03 03:00:00,Guwahati-Gauge-1,3,cropland,sedimentary,0,0.010592099557529254,0,LOW
2024-03-03 03:00:00,Sonapur-Gauge-1,4,forest,unconsolidated_sediment,0,0.010642074571047832,0,LOW
2024-03-03 04:00:00,Chamoli-Gauge-1,1,sparse_vegetation,fractured_metamorphic,0,0.010592099557529254,0,LOW
2024-03-03 04:00:00,Kolkata-Gauge-1,2,urban,unconsolidated_sediment,1,0.7692697503260287,1,HIGH
2024-03-03 04:00:00,Guwahati-Gauge-1,3,cropland,sedimentary,0,0.010592099557529254,0,LOW
2024-03-03 04:00:00,Sonapur-Gauge-1,4,forest,unconsolidated_sediment,0,0.010642074571047832,0,LOW
2024-03-03 05:00:00,Chamoli-Gauge-1,1,sparse_vegetation,fractured_metamorphic,0,0.010919603378466041,0,LOW
2024-03-03 05:00:00,Kolkata-Gauge-1,2,urban,unconsolidated_sediment,0,0.7692697503260287,1,HIGH
2024-03-03 05:00:00,Guwahati-Gauge-1,3,cropland,sedimentary,0,0.010592099557529254,0,LOW
2024-03-03 05:00:00,Sonapur-Gauge-1,4,forest,unconsolidated_sediment,0,0.01082513766149792,0,LOW
2024-03-03 06:00:00,Chamoli-Gauge-1,1,sparse_vegetation,fractured_metamorphic,0,0.010592099557529254,0,LOW
2024-03-03 06:00:00,Kolkata-Gauge-1,2,urban,unconsolidated_sediment,0,0.7873629487600671,1,HIGH
2024-03-03 06:00:00,Guwahati-Gauge-1,3,cropland,sedimentary,0,0.010592099557529254,0,LOW
2024-03-03 06:00:00,Sonapur-Gauge-1,4,forest,unconsolidated_sediment,0,0.010592099557529254,0,LOW
2024-03-03 07:00:00,Chamoli-Gauge-1,1,sparse_vegetation,fractured_metamorphic,0,0.010592099557529254,0,LOW
2024-03-03 07:00:00,Kolkata-Gauge-1,2,urban,unconsolidated_sediment,1,0.7873629487600671,1,HIGH
2024-03-03 07:00:00,Guwahati-Gauge-1,3,cropland,sedimentary,0,0.010592099557529254,0,LOW
2024-03-03 07:00:00,Sonapur-Gauge-1,4,forest,unconsolidated_sediment,0,0.010592099557529254,0,LOW
2024-03-03 08:00:00,Chamoli-Gauge-1,1,sparse_vegetation,fractured_metamorphic,0,0.010592099557529254,0,LOW
2024-03-03 08:00:00,Kolkata-Gauge-1,2,urban,unconsolidated_sediment,1,0.7873629487600671,1,HIGH
2024-03-03 08:00:00,Guwahati-Gauge-1,3,cropland,sedimentary,0,0.010592099557529254,0,LOW
2024-03-03 08:00:00,Sonapur-Gauge-1,4,forest,unconsolidated_sediment,0,0.010592099557529254,0,LOW
2024-03-03 09:00:00,Chamoli-Gauge-1,1,sparse_vegetation,fractured_metamorphic,0,0.010763480473220387,0,LOW
2024-03-03 09:00:00,Kolkata-Gauge-1,2,urban,unconsolidated_sediment,0,0.17938933453755002,0,LOW
2024-03-03 09:00:00,Guwahati-Gauge-1,3,cropland,sedimentary,0,0.010592099557529254,0,LOW
2024-03-03 09:00:00,Sonapur-Gauge-1,4,forest,unconsolidated_sediment,0,0.010592099557529254,0,LOW
2024-03-03 10:00:00,Chamoli-Gauge-1,1,sparse_vegetation,fractured_metamorphic,0,0.011127657193591581,0,LOW
2024-03-03 10:00:00,Kolkata-Gauge-1,2,urban,unconsolidated_sediment,0,0.13031154021232866,0,LOW
2024-03-03 10:00:00,Guwahati-Gauge-1,3,cropland,sedimentary,0,0.010592099557529254,0,LOW
2024-03-03 10:00:00,Sonapur-Gauge-1,4,forest,unconsolidated_sediment,0,0.010592099557529254,0,LOW
2024-03-03 11:00:00,Chamoli-Gauge-1,1,sparse_vegetation,fractured_metamorphic,0,0.011127657193591581,0,LOW
2024-03-03 11:00:00,Kolkata-Gauge-1,2,urban,unconsolidated_sediment,1,0.26906908629849896,0,LOW
2024-03-03 11:00:00,Guwahati-Gauge-1,3,cropland,sedimentary,0,0.010592099557529254,0,LOW
2024-03-03 11:00:00,Sonapur-Gauge-1,4,forest,unconsolidated_sediment,0,0.010592099557529254,0,LOW
2024-03-03 12:00:00,Chamoli-Gauge-1,1,sparse_vegetation,fractured_metamorphic,0,0.011261843741538245,0,LOW
2024-03-03 12:00:00,Kolkata-Gauge-1,2,urban,unconsolidated_sediment,0,0.11748026712656617,0,LOW
2024-03-03 12:00:00,Guwahati-Gauge-1,3,cropland,sedimentary,0,0.010592099557529254,0,LOW
2024-03-03 12:00:00,Sonapur-Gauge-1,4,forest,unconsolidated_sediment,0,0.010592099557529254,0,LOW
2024-03-03 13:00:00,Chamoli-Gauge-1,1,sparse_vegetation,fractured_metamorphic,0,0.011261843741538245,0,LOW
2024-03-03 13:00:00,Kolkata-Gauge-1,2,urban,unconsolidated_sediment,0,0.09298374474622725,0,LOW
2024-03-03 13:00:00,Guwahati-Gauge-1,3,cropland,sedimentary,0,0.010592099557529254,0,LOW
2024-03-03 13:00:00,Sonapur-Gauge-1,4,forest,unconsolidated_sediment,0,0.010592099557529254,0,LOW
2024-03-03 14:00:00,Chamoli-Gauge-1,1,sparse_vegetation,fractured_metamorphic,0,0.011230447316356008,0,LOW
2024-03-03 14:00:00,Kolkata-Gauge-1,2,urban,unconsolidated_sediment,0,0.12496994822411028,0,LOW
2024-03-03 14:00:00,Guwahati-Gauge-1,3,cropland,sedimentary,0,0.010592099557529254,0,LOW
2024-03-03 14:00:00,Sonapur-Gauge-1,4,forest,unconsolidated_sediment,0,0.010592099557529254,0,LOW
2024-03-03 15:00:00,Chamoli-Gauge-1,1,sparse_vegetation,fractured_metamorphic,0,0.01071995079309388,0,LOW
2024-03-03 15:00:00,Kolkata-Gauge-1,2,urban,unconsolidated_sediment,0,0.06590874865234247,0,LOW
2024-03-03 15:00:00,Guwahati-Gauge-1,3,cropland,sedimentary,0,0.010592099557529254,0,LOW
2024-03-03 15:00:00,Sonapur-Gauge-1,4,forest,unconsolidated_sediment,0,0.010592099557529254,0,LOW
2024-03-03 16:00:00,Chamoli-Gauge-1,1,sparse_vegetation,fractured_metamorphic,0,0.01071995079309388,0,LOW
2024-03-03 16:00:00,Kolkata-Gauge-1,2,urban,unconsolidated_sediment,0,0.011378821768188033,0,LOW
2024-03-03 16:00:00,Guwahati-Gauge-1,3,cropland,sedimentary,0,0.010592099557529254,0,LOW
2024-03-03 16:00:00,Sonapur-Gauge-1,4,forest,unconsolidated_sediment,0,0.010592099557529254,0,LOW
2024-03-03 17:00:00,Chamoli-Gauge-1,1,sparse_vegetation,fractured_metamorphic,0,0.01071995079309388,0,LOW
2024-03-03 17:00:00,Kolkata-Gauge-1,2,urban,unconsolidated_sediment,0,0.1783335704256902,0,LOW
2024-03-03 17:00:00,Guwahati-Gauge-1,3,cropland,sedimentary,0,0.010592099557529254,0,LOW
2024-03-03 17:00:00,Sonapur-Gauge-1,4,forest,unconsolidated_sediment,0,0.010592099557529254,0,LOW
2024-03-03 18:00:00,Chamoli-Gauge-1,1,sparse_vegetation,fractured_metamorphic,0,0.01071995079309388,0,LOW
2024-03-03 18:00:00,Kolkata-Gauge-1,2,urban,unconsolidated_sediment,0,0.024528267327504825,0,LOW
2024-03-03 18:00:00,Guwahati-Gauge-1,3,cropland,sedimentary,0,0.010777094258274915,0,LOW
2024-03-03 18:00:00,Sonapur-Gauge-1,4,forest,unconsolidated_sediment,0,0.010592099557529254,0,LOW
2024-03-03 19:00:00,Chamoli-Gauge-1,1,sparse_vegetation,fractured_metamorphic,0,0.01071995079309388,0,LOW
2024-03-03 19:00:00,Kolkata-Gauge-1,2,urban,unconsolidated_sediment,0,0.022363245920672008,0,LOW
2024-03-03 19:00:00,Guwahati-Gauge-1,3,cropland,sedimentary,0,0.010777094258274915,0,LOW
2024-03-03 19:00:00,Sonapur-Gauge-1,4,forest,unconsolidated_sediment,0,0.010592099557529254,0,LOW
2024-03-03 20:00:00,Chamoli-Gauge-1,1,sparse_vegetation,fractured_metamorphic,0,0.01071995079309388,0,LOW
2024-03-03 20:00:00,Kolkata-Gauge-1,2,urban,unconsolidated_sediment,0,0.03930792092587614,0,LOW
2024-03-03 20:00:00,Guwahati-Gauge-1,3,cropland,sedimentary,0,0.010592099557529254,0,LOW
2024-03-03 20:00:00,Sonapur-Gauge-1,4,forest,unconsolidated_sediment,0,0.010592099557529254,0,LOW
2024-03-03 21:00:00,Chamoli-Gauge-1,1,sparse_vegetation,fractured_metamorphic,0,0.010680610133130352,0,LOW
2024-03-03 21:00:00,Kolkata-Gauge-1,2,urban,unconsolidated_sediment,0,0.0435241945315457,0,LOW
2024-03-03 21:00:00,Guwahati-Gauge-1,3,cropland,sedimentary,0,0.010592099557529254,0,LOW
2024-03-03 21:00:00,Sonapur-Gauge-1,4,forest,unconsolidated_sediment,0,0.010592099557529254,0,LOW
2024-03-03 22:00:00,Chamoli-Gauge-1,1,sparse_vegetation,fractured_metamorphic,0,0.010680610133130352,0,LOW
2024-03-03 22:00:00,Kolkata-Gauge-1,2,urban,unconsolidated_sediment,0,0.0435241945315457,0,LOW
2024-03-03 22:00:00,Guwahati-Gauge-1,3,cropland,sedimentary,0,0.010592099557529254,0,LOW
2024-03-03 22:00:00,Sonapur-Gauge-1,4,forest,unconsolidated_sediment,0,0.010592099557529254,0,LOW
2024-03-03 23:00:00,Chamoli-Gauge-1,1,sparse_vegetation,fractured_metamorphic,0,0.010680610133130352,0,LOW
2024-03-03 23:00:00,Kolkata-Gauge-1,2,urban,unconsolidated_sediment,0,0.3830691158061182,0,MODERATE
2024-03-03 23:00:00,Guwahati-Gauge-1,3,cropland,sedimentary,0,0.010592099557529254,0,LOW
2024-03-03 23:00:00,Sonapur-Gauge-1,4,forest,unconsolidated_sediment,0,0.010592099557529254,0,LOW
2024-03-04 00:00:00,Chamoli-Gauge-1,1,sparse_vegetation,fractured_metamorphic,0,0.010680610133130352,0,LOW
2024-03-04 00:00:00,Kolkata-Gauge-1,2,urban,unconsolidated_sediment,0,0.3830691158061182,0,MODERATE
2024-03-04 00:00:00,Guwahati-Gauge-1,3,cropland,sedimentary,0,0.010960948633688966,0,LOW
2024-03-04 00:00:00,Sonapur-Gauge-1,4,forest,unconsolidated_sediment,0,0.010592099557529254,0,LOW
2024-03-04 01:00:00,Chamoli-Gauge-1,1,sparse_vegetation,fractured_metamorphic,0,0.010680610133130352,0,LOW
2024-03-04 01:00:00,Kolkata-Gauge-1,2,urban,unconsolidated_sediment,1,0.3830691158061182,0,MODERATE
2024-03-04 01:00:00,Guwahati-Gauge-1,3,cropland,sedimentary,0,0.010592099557529254,0,LOW
2024-03-04 01:00:00,Sonapur-Gauge-1,4,forest,unconsolidated_sediment,0,0.010592099557529254,0,LOW
2024-03-04 02:00:00,Chamoli-Gauge-1,1,sparse_vegetation,fractured_metamorphic,0,0.010680610133130352,0,LOW
2024-03-04 02:00:00,Kolkata-Gauge-1,2,urban,unconsolidated_sediment,0,0.12938901672610728,0,LOW
2024-03-04 02:00:00,Guwahati-Gauge-1,3,cropland,sedimentary,0,0.010592099557529254,0,LOW
2024-03-04 02:00:00,Sonapur-Gauge-1,4,forest,unconsolidated_sediment,0,0.010592099557529254,0,LOW
2024-03-04 03:00:00,Chamoli-Gauge-1,1,sparse_vegetation,fractured_metamorphic,0,0.010680610133130352,0,LOW
2024-03-04 03:00:00,Kolkata-Gauge-1,2,urban,unconsolidated_sediment,0,0.04195198742534099,0,LOW
2024-03-04 03:00:00,Guwahati-Gauge-1,3,cropland,sedimentary,0,0.010592099557529254,0,LOW
2024-03-04 03:00:00,Sonapur-Gauge-1,4,forest,unconsolidated_sediment,0,0.010592099557529254,0,LOW
2024-03-04 04:00:00,Chamoli-Gauge-1,1,sparse_vegetation,fractured_metamorphic,0,0.010680610133130352,0,LOW
2024-03-04 04:00:00,Kolkata-Gauge-1,2,urban,unconsolidated_sediment,0,0.04195198742534099,0,LOW
2024-03-04 04:00:00,Guwahati-Gauge-1,3,cropland,sedimentary,0,0.010592099557529254,0,LOW
2024-03-04 04:00:00,Sonapur-Gauge-1,4,forest,unconsolidated_sediment,0,0.010592099557529254,0,LOW
2024-03-04 05:00:00,Chamoli-Gauge-1,1,sparse_vegetation,fractured_metamorphic,0,0.010680610133130352,0,LOW
2024-03-04 05:00:00,Kolkata-Gauge-1,2,urban,unconsolidated_sediment,0,0.03337155252652275,0,LOW
2024-03-04 05:00:00,Guwahati-Gauge-1,3,cropland,sedimentary,0,0.010789612764288723,0,LOW
2024-03-04 05:00:00,Sonapur-Gauge-1,4,forest,unconsolidated_sediment,0,0.010592099557529254,0,LOW
2024-03-04 06:00:00,Chamoli-Gauge-1,1,sparse_vegetation,fractured_metamorphic,0,0.010680610133130352,0,LOW
2024-03-04 06:00:00,Kolkata-Gauge-1,2,urban,unconsolidated_sediment,0,0.03337155252652275,0,LOW
2024-03-04 06:00:00,Guwahati-Gauge-1,3,cropland,sedimentary,0,0.010592099557529254,0,LOW
2024-03-04 06:00:00,Sonapur-Gauge-1,4,forest,unconsolidated_sediment,0,0.010592099557529254,0,LOW
2024-03-04 07:00:00,Chamoli-Gauge-1,1,sparse_vegetation,fractured_metamorphic,0,0.015579748632179263,0,LOW
2024-03-04 07:00:00,Kolkata-Gauge-1,2,urban,unconsolidated_sediment,0,0.03337155252652275,0,LOW
2024-03-04 07:00:00,Guwahati-Gauge-1,3,cropland,sedimentary,0,0.010592099557529254,0,LOW
2024-03-04 07:00:00,Sonapur-Gauge-1,4,forest,unconsolidated_sediment,0,0.011079244805197189,0,LOW
2024-03-04 08:00:00,Chamoli-Gauge-1,1,sparse_vegetation,fractured_metamorphic,0,0.013155178940981685,0,LOW
2024-03-04 08:00:00,Kolkata-Gauge-1,2,urban,unconsolidated_sediment,0,0.023661483763386115,0,LOW
2024-03-04 08:00:00,Guwahati-Gauge-1,3,cropland,sedimentary,0,0.010592099557529254,0,LOW
2024-03-04 08:00:00,Sonapur-Gauge-1,4,forest,unconsolidated_sediment,0,0.010592099557529254,0,LOW
2024-03-04 09:00:00,Chamoli-Gauge-1,1,sparse_vegetation,fractured_metamorphic,0,0.011042565302961478,0,LOW
2024-03-04 09:00:00,Kolkata-Gauge-1,2,urban,unconsolidated_sediment,0,0.0216409189946991,0,LOW
2024-03-04 09:00:00,Guwahati-Gauge-1,3,cropland,sedimentary,0,0.010592099557529254,0,LOW
2024-03-04 09:00:00,Sonapur-Gauge-1,4,forest,unconsolidated_sediment,0,0.010592099557529254,0,LOW
2024-03-04 10:00:00,Chamoli-Gauge-1,1,sparse_vegetation,fractured_metamorphic,0,0.011018324802941864,0,LOW
2024-03-04 10:00:00,Kolkata-Gauge-1,2,urban,unconsolidated_sediment,0,0.018528081173687098,0,LOW
2024-03-04 10:00:00,Guwahati-Gauge-1,3,cropland,sedimentary,0,0.010592099557529254,0,LOW
2024-03-04 10:00:00,Sonapur-Gauge-1,4,forest,unconsolidated_sediment,0,0.010592099557529254,0,LOW
2024-03-04 11:00:00,Chamoli-Gauge-1,1,sparse_vegetation,fractured_metamorphic,0,0.011018324802941864,0,LOW
2024-03-04 11:00:00,Kolkata-Gauge-1,2,urban,unconsolidated_sediment,0,0.08526503591020389,0,LOW
2024-03-04 11:00:00,Guwahati-Gauge-1,3,cropland,sedimentary,0,0.010592099557529254,0,LOW
2024-03-04 11:00:00,Sonapur-Gauge-1,4,forest,unconsolidated_sediment,0,0.010592099557529254,0,LOW
2024-03-04 12:00:00,Chamoli-Gauge-1,1,sparse_vegetation,fractured_metamorphic,0,0.011018324802941864,0,LOW
2024-03-04 12:00:00,Kolkata-Gauge-1,2,urban,unconsolidated_sediment,0,0.05898305600455484,0,LOW
2024-03-04 12:00:00,Guwahati-Gauge-1,3,cropland,sedimentary,0,0.010592099557529254,0,LOW
2024-03-04 12:00:00,Sonapur-Gauge-1,4,forest,unconsolidated_sediment,0,0.010592099557529254,0,LOW
2024-03-04 13:00:00,Chamoli-Gauge-1,1,sparse_vegetation,fractured_metamorphic,0,0.01071995079309388,0,LOW
2024-03-04 13:00:00,Kolkata-Gauge-1,2,urban,unconsolidated_sediment,0,0.061399569933581234,0,LOW
2024-03-04 13:00:00,Guwahati-Gauge-1,3,cropland,sedimentary,0,0.010592099557529254,0,LOW
2024-03-04 13:00:00,Sonapur-Gauge-1,4,forest,unconsolidated_sediment,0,0.010592099557529254,0,LOW
2024-03-04 14:00:00,Chamoli-Gauge-1,1,sparse_vegetation,fractured_metamorphic,0,0.01071995079309388,0,LOW
2024-03-04 14:00:00,Kolkata-Gauge-1,2,urban,unconsolidated_sediment,0,0.13409246801994967,0,LOW
2024-03-04 14:00:00,Guwahati-Gauge-1,3,cropland,sedimentary,0,0.010592099557529254,0,LOW
2024-03-04 14:00:00,Sonapur-Gauge-1,4,forest,unconsolidated_sediment,0,0.010592099557529254,0,LOW
2024-03-04 15:00:00,Chamoli-Gauge-1,1,sparse_vegetation,fractured_metamorphic,0,0.01076058122429819,0,LOW
2024-03-04 15:00:00,Kolkata-Gauge-1,2,urban,unconsolidated_sediment,0,0.13409246801994967,0,LOW
2024-03-04 15:00:00,Guwahati-Gauge-1,3,cropland,sedimentary,0,0.010592099557529254,0,LOW
2024-03-04 15:00:00,Sonapur-Gauge-1,4,forest,unconsolidated_sediment,0,0.010592099557529254,0,LOW
2024-03-04 16:00:00,Chamoli-Gauge-1,1,sparse_vegetation,fractured_metamorphic,0,0.01076058122429819,0,LOW
2024-03-04 16:00:00,Kolkata-Gauge-1,2,urban,unconsolidated_sediment,0,0.0944609267947115,0,LOW
2024-03-04 16:00:00,Guwahati-Gauge-1,3,cropland,sedimentary,0,0.010592099557529254,0,LOW
2024-03-04 16:00:00,Sonapur-Gauge-1,4,forest,unconsolidated_sediment,0,0.010592099557529254,0,LOW
2024-03-04 17:00:00,Chamoli-Gauge-1,1,sparse_vegetation,fractured_metamorphic,0,0.01076058122429819,0,LOW
2024-03-04 17:00:00,Kolkata-Gauge-1,2,urban,unconsolidated_sediment,0,0.3569165738327939,0,MODERATE
2024-03-04 17:00:00,Guwahati-Gauge-1,3,cropland,sedimentary,0,0.010592099557529254,0,LOW
2024-03-04 17:00:00,Sonapur-Gauge-1,4,forest,unconsolidated_sediment,0,0.010592099557529254,0,LOW
2024-03-04 18:00:00,Chamoli-Gauge-1,1,sparse_vegetation,fractured_metamorphic,0,0.010890443722239131,0,LOW
2024-03-04 18:00:00,Kolkata-Gauge-1,2,urban,unconsolidated_sediment,1,0.5504835006975342,1,MODERATE
2024-03-04 18:00:00,Guwahati-Gauge-1,3,cropland,sedimentary,0,0.010592099557529254,0,LOW
2024-03-04 18:00:00,Sonapur-Gauge-1,4,forest,unconsolidated_sediment,0,0.010592099557529254,0,LOW
2024-03-04 19:00:00,Chamoli-Gauge-1,1,sparse_vegetation,fractured_metamorphic,0,0.010649585855802923,0,LOW
2024-03-04 19:00:00,Kolkata-Gauge-1,2,urban,unconsolidated_sediment,0,0.4492163762814391,0,MODERATE
2024-03-04 19:00:00,Guwahati-Gauge-1,3,cropland,sedimentary,0,0.010592099557529254,0,LOW
2024-03-04 19:00:00,Sonapur-Gauge-1,4,forest,unconsolidated_sediment,0,0.010592099557529254,0,LOW
2024-03-04 20:00:00,Chamoli-Gauge-1,1,sparse_vegetation,fractured_metamorphic,0,0.010649585855802923,0,LOW
2024-03-04 20:00:00,Kolkata-Gauge-1,2,urban,unconsolidated_sediment,0,0.1142844524697082,0,LOW
2024-03-04 20:00:00,Guwahati-Gauge-1,3,cropland,sedimentary,0,0.010592099557529254,0,LOW
2024-03-04 20:00:00,Sonapur-Gauge-1,4,forest,unconsolidated_sediment,0,0.010592099557529254,0,LOW
2024-03-04 21:00:00,Chamoli-Gauge-1,1,sparse_vegetation,fractured_metamorphic,0,0.010649585855802923,0,LOW
2024-03-04 21:00:00,Kolkata-Gauge-1,2,urban,unconsolidated_sediment,0,0.1142844524697082,0,LOW
2024-03-04 21:00:00,Guwahati-Gauge-1,3,cropland,sedimentary,0,0.010592099557529254,0,LOW
2024-03-04 21:00:00,Sonapur-Gauge-1,4,forest,unconsolidated_sediment,0,0.010592099557529254,0,LOW
2024-03-04 22:00:00,Chamoli-Gauge-1,1,sparse_vegetation,fractured_metamorphic,0,0.010649585855802923,0,LOW
2024-03-04 22:00:00,Kolkata-Gauge-1,2,urban,unconsolidated_sediment,0,0.10325347290656177,0,LOW
2024-03-04 22:00:00,Guwahati-Gauge-1,3,cropland,sedimentary,0,0.010592099557529254,0,LOW
2024-03-04 22:00:00,Sonapur-Gauge-1,4,forest,unconsolidated_sediment,0,0.010592099557529254,0,LOW
2024-03-04 23:00:00,Chamoli-Gauge-1,1,sparse_vegetation,fractured_metamorphic,0,0.010649585855802923,0,LOW
2024-03-04 23:00:00,Kolkata-Gauge-1,2,urban,unconsolidated_sediment,0,0.3058547816892216,0,MODERATE
2024-03-04 23:00:00,Guwahati-Gauge-1,3,cropland,sedimentary,0,0.010592099557529254,0,LOW
2024-03-04 23:00:00,Sonapur-Gauge-1,4,forest,unconsolidated_sediment,0,0.010790523602460769,0,LOW
2024-03-05 00:00:00,Chamoli-Gauge-1,1,sparse_vegetation,fractured_metamorphic,0,0.010649585855802923,0,LOW
2024-03-05 00:00:00,Kolkata-Gauge-1,2,urban,unconsolidated_sediment,0,0.3058547816892216,0,MODERATE
2024-03-05 00:00:00,Guwahati-Gauge-1,3,cropland,sedimentary,0,0.010592099557529254,0,LOW
2024-03-05 00:00:00,Sonapur-Gauge-1,4,forest,unconsolidated_sediment,0,0.010592099557529254,0,LOW
2024-03-05 01:00:00,Chamoli-Gauge-1,1,sparse_vegetation,fractured_metamorphic,0,0.010649585855802923,0,LOW
2024-03-05 01:00:00,Kolkata-Gauge-1,2,urban,unconsolidated_sediment,1,0.3058547816892216,0,MODERATE
2024-03-05 01:00:00,Guwahati-Gauge-1,3,cropland,sedimentary,0,0.010592099557529254,0,LOW
2024-03-05 01:00:00,Sonapur-Gauge-1,4,forest,unconsolidated_sediment,0,0.010592099557529254,0,LOW
2024-03-05 02:00:00,Chamoli-Gauge-1,1,sparse_vegetation,fractured_metamorphic,0,0.010649585855802923,0,LOW
2024-03-05 02:00:00,Kolkata-Gauge-1,2,urban,unconsolidated_sediment,0,0.061436913101060454,0,LOW
2024-03-05 02:00:00,Guwahati-Gauge-1,3,cropland,sedimentary,0,0.010592099557529254,0,LOW
2024-03-05 02:00:00,Sonapur-Gauge-1,4,forest,unconsolidated_sediment,0,0.010592099557529254,0,LOW
2024-03-05 03:00:00,Chamoli-Gauge-1,1,sparse_vegetation,fractured_metamorphic,0,0.010680610133130352,0,LOW
2024-03-05 03:00:00,Kolkata-Gauge-1,2,urban,unconsolidated_sediment,0,0.12042882214706901,0,LOW
2024-03-05 03:00:00,Guwahati-Gauge-1,3,cropland,sedimentary,0,0.010592099557529254,0,LOW
2024-03-05 03:00:00,Sonapur-Gauge-1,4,forest,unconsolidated_sediment,0,0.010701183301041754,0,LOW
2024-03-05 04:00:00,Chamoli-Gauge-1,1,sparse_vegetation,fractured_metamorphic,0,0.010680610133130352,0,LOW
2024-03-05 04:00:00,Kolkata-Gauge-1,2,urban,unconsolidated_sediment,0,0.1243907378980417,0,LOW
2024-03-05 04:00:00,Guwahati-Gauge-1,3,cropland,sedimentary,0,0.010592099557529254,0,LOW
2024-03-05 04:00:00,Sonapur-Gauge-1,4,forest,unconsolidated_sediment,0,0.010592099557529254,0,LOW
2024-03-05 05:00:00,Chamoli-Gauge-1,1,sparse_vegetation,fractured_metamorphic,0,0.010680610133130352,0,LOW
2024-03-05 05:00:00,Kolkata-Gauge-1,2,urban,unconsolidated_sediment,0,0.3258148737257222,0,MODERATE
2024-03-05 05:00:00,Guwahati-Gauge-1,3,cropland,sedimentary,0,0.010592099557529254,0,LOW
2024-03-05 05:00:00,Sonapur-Gauge-1,4,forest,unconsolidated_sediment,0,0.010592099557529254,0,LOW
2024-03-05 06:00:00,Chamoli-Gauge-1,1,sparse_vegetation,fractured_metamorphic,0,0.010680610133130352,0,LOW
2024-03-05 06:00:00,Kolkata-Gauge-1,2,urban,unconsolidated_sediment,1,0.3258148737257222,0,MODERATE
2024-03-05 06:00:00,Guwahati-Gauge-1,3,cropland,sedimentary,0,0.010592099557529254,0,LOW
2024-03-05 06:00:00,Sonapur-Gauge-1,4,forest,unconsolidated_sediment,0,0.010592099557529254,0,LOW
2024-03-05 07:00:00,Chamoli-Gauge-1,1,sparse_vegetation,fractured_metamorphic,0,0.010698977657704077,0,LOW
2024-03-05 07:00:00,Kolkata-Gauge-1,2,urban,unconsolidated_sediment,0,0.3258148737257222,0,MODERATE
2024-03-05 07:00:00,Guwahati-Gauge-1,3,cropland,sedimentary,0,0.010592099557529254,0,LOW
2024-03-05 07:00:00,Sonapur-Gauge-1,4,forest,unconsolidated_sediment,0,0.010592099557529254,0,LOW
2024-03-05 08:00:00,Chamoli-Gauge-1,1,sparse_vegetation,fractured_metamorphic,0,0.010698977657704077,0,LOW
2024-03-05 08:00:00,Kolkata-Gauge-1,2,urban,unconsolidated_sediment,0,0.18946213952463592,0,LOW
2024-03-05 08:00:00,Guwahati-Gauge-1,3,cropland,sedimentary,0,0.010592099557529254,0,LOW
2024-03-05 08:00:00,Sonapur-Gauge-1,4,forest,unconsolidated_sediment,0,0.010592099557529254,0,LOW
2024-03-05 09:00:00,Chamoli-Gauge-1,1,sparse_vegetation,fractured_metamorphic,0,0.010698977657704077,0,LOW
2024-03-05 09:00:00,Kolkata-Gauge-1,2,urban,unconsolidated_sediment,0,0.18946213952463592,0,LOW
2024-03-05 09:00:00,Guwahati-Gauge-1,3,cropland,sedimentary,0,0.010592099557529254,0,LOW
2024-03-05 09:00:00,Sonapur-Gauge-1,4,forest,unconsolidated_sediment,0,0.010592099557529254,0,LOW
2024-03-05 10:00:00,Chamoli-Gauge-1,1,sparse_vegetation,fractured_metamorphic,0,0.010698977657704077,0,LOW
2024-03-05 10:00:00,Kolkata-Gauge-1,2,urban,unconsolidated_sediment,0,0.08312181522918718,0,LOW
2024-03-05 10:00:00,Guwahati-Gauge-1,3,cropland,sedimentary,0,0.010592099557529254,0,LOW
2024-03-05 10:00:00,Sonapur-Gauge-1,4,forest,unconsolidated_sediment,0,0.010592099557529254,0,LOW
2024-03-05 11:00:00,Chamoli-Gauge-1,1,sparse_vegetation,fractured_metamorphic,0,0.010698977657704077,0,LOW
2024-03-05 11:00:00,Kolkata-Gauge-1,2,urban,unconsolidated_sediment,0,0.01722427250654836,0,LOW
2024-03-05 11:00:00,Guwahati-Gauge-1,3,cropland,sedimentary,0,0.011095485295718216,0,LOW
2024-03-05 11:00:00,Sonapur-Gauge-1,4,forest,unconsolidated_sediment,0,0.010592099557529254,0,LOW
2024-03-05 12:00:00,Chamoli-Gauge-1,1,sparse_vegetation,fractured_metamorphic,0,0.010698977657704077,0,LOW
2024-03-05 12:00:00,Kolkata-Gauge-1,2,urban,unconsolidated_sediment,0,0.015527526630824667,0,LOW
2024-03-05 12:00:00,Guwahati-Gauge-1,3,cropland,sedimentary,0,0.01108031547889073,0,LOW
2024-03-05 12:00:00,Sonapur-Gauge-1,4,forest,unconsolidated_sediment,0,0.010592099557529254,0,LOW
2024-03-05 13:00:00,Chamoli-Gauge-1,1,sparse_vegetation,fractured_metamorphic,0,0.010698977657704077,0,LOW
2024-03-05 13:00:00,Kolkata-Gauge-1,2,urban,unconsolidated_sediment,0,0.012159521521067237,0,LOW
2024-03-05 13:00:00,Guwahati-Gauge-1,3,cropland,sedimentary,0,0.01108031547889073,0,LOW
2024-03-05 13:00:00,Sonapur-Gauge-1,4,forest,unconsolidated_sediment,0,0.010592099557529254,0,LOW
2024-03-05 14:00:00,Chamoli-Gauge-1,1,sparse_vegetation,fractured_metamorphic,0,0.010698977657704077,0,LOW
2024-03-05 14:00:00,Kolkata-Gauge-1,2,urban,unconsolidated_sediment,0,0.01320818334607952,0,LOW
2024-03-05 14:00:00,Guwahati-Gauge-1,3,cropland,sedimentary,0,0.012183732512485834,0,LOW
2024-03-05 14:00:00,Sonapur-Gauge-1,4,forest,unconsolidated_sediment,0,0.010592099557529254,0,LOW
2024-03-05 15:00:00,Chamoli-Gauge-1,1,sparse_vegetation,fractured_metamorphic,0,0.010785578281126834,0,LOW
2024-03-05 15:00:00,Kolkata-Gauge-1,2,urban,unconsolidated_sediment,0,0.012685487918317185,0,LOW
2024-03-05 15:00:00,Guwahati-Gauge-1,3,cropland,sedimentary,0,0.012183732512485834,0,LOW
2024-03-05 15:00:00,Sonapur-Gauge-1,4,forest,unconsolidated_sediment,0,0.010790283533436732,0,LOW
2024-03-05 16:00:00,Chamoli-Gauge-1,1,sparse_vegetation,fractured_metamorphic,0,0.010785578281126834,0,LOW
2024-03-05 16:00:00,Kolkata-Gauge-1,2,urban,unconsolidated_sediment,0,0.012705293669180254,0,LOW
2024-03-05 16:00:00,Guwahati-Gauge-1,3,cropland,sedimentary,0,0.012183732512485834,0,LOW
2024-03-05 16:00:00,Sonapur-Gauge-1,4,forest,unconsolidated_sediment,0,0.010592099557529254,0,LOW
2024-03-05 17:00:00,Chamoli-Gauge-1,1,sparse_vegetation,fractured_metamorphic,0,0.010785578281126834,0,LOW
2024-03-05 17:00:00,Kolkata-Gauge-1,2,urban,unconsolidated_sediment,0,0.012505053880982785,0,LOW
2024-03-05 17:00:00,Guwahati-Gauge-1,3,cropland,sedimentary,0,0.010592099557529254,0,LOW
2024-03-05 17:00:00,Sonapur-Gauge-1,4,forest,unconsolidated_sediment,0,0.010592099557529254,0,LOW
2024-03-05 18:00:00,Chamoli-Gauge-1,1,sparse_vegetation,fractured_metamorphic,0,0.010785578281126834,0,LOW
2024-03-05 18:00:00,Kolkata-Gauge-1,2,urban,unconsolidated_sediment,0,0.012505053880982785,0,LOW
2024-03-05 18:00:00,Guwahati-Gauge-1,3,cropland,sedimentary,0,0.011767746874198726,0,LOW
2024-03-05 18:00:00,Sonapur-Gauge-1,4,forest,unconsolidated_sediment,0,0.010592099557529254,0,LOW
2024-03-05 19:00:00,Chamoli-Gauge-1,1,sparse_vegetation,fractured_metamorphic,0,0.010785578281126834,0,LOW
2024-03-05 19:00:00,Kolkata-Gauge-1,2,urban,unconsolidated_sediment,0,0.01475885137277176,0,LOW
2024-03-05 19:00:00,Guwahati-Gauge-1,3,cropland,sedimentary,0,0.010764486162566814,0,LOW
2024-03-05 19:00:00,Sonapur-Gauge-1,4,forest,unconsolidated_sediment,0,0.010592099557529254,0,LOW
2024-03-05 20:00:00,Chamoli-Gauge-1,1,sparse_vegetation,fractured_metamorphic,0,0.010785578281126834,0,LOW
2024-03-05 20:00:00,Kolkata-Gauge-1,2,urban,unconsolidated_sediment,0,0.01261390805095982,0,LOW
2024-03-05 20:00:00,Guwahati-Gauge-1,3,cropland,sedimentary,0,0.010764486162566814,0,LOW
2024-03-05 20:00:00,Sonapur-Gauge-1,4,forest,unconsolidated_sediment,0,0.010592099557529254,0,LOW
2024-03-05 21:00:00,Chamoli-Gauge-1,1,sparse_vegetation,fractured_metamorphic,0,0.010785578281126834,0,LOW
2024-03-05 21:00:00,Kolkata-Gauge-1,2,urban,unconsolidated_sediment,0,0.012150894467684274,0,LOW
2024-03-05 21:00:00,Guwahati-Gauge-1,3,cropland,sedimentary,0,0.010764486162566814,0,LOW
2024-03-05 21:00:00,Sonapur-Gauge-1,4,forest,unconsolidated_sediment,0,0.010592099557529254,0,LOW
2024-03-05 22:00:00,Chamoli-Gauge-1,1,sparse_vegetation,fractured_metamorphic,0,0.010785578281126834,0,LOW
2024-03-05 22:00:00,Kolkata-Gauge-1,2,urban,unconsolidated_sediment,0,0.011902907571451363,0,LOW
2024-03-05 22:00:00,Guwahati-Gauge-1,3,cropland,sedimentary,0,0.010764486162566814,0,LOW
2024-03-05 22:00:00,Sonapur-Gauge-1,4,forest,unconsolidated_sediment,0,0.010592099557529254,0,LOW
2024-03-05 23:00:00,Chamoli-Gauge-1,1,sparse_vegetation,fractured_metamorphic,0,0.014553093441477837,0,LOW
2024-03-05 23:00:00,Kolkata-Gauge-1,2,urban,unconsolidated_sediment,0,0.011875544821821422,0,LOW
2024-03-05 23:00:00,Guwahati-Gauge-1,3,cropland,sedimentary,0,0.010592099557529254,0,LOW
2024-03-05 23:00:00,Sonapur-Gauge-1,4,forest,unconsolidated_sediment,0,0.010592099557529254,0,LOW
2024-03-06 00:00:00,Chamoli-Gauge-1,1,sparse_vegetation,fractured_metamorphic,0,0.013909912010156006,0,LOW
2024-03-06 00:00:00,Kolkata-Gauge-1,2,urban,unconsolidated_sediment,0,0.011659263319655238,0,LOW
2024-03-06 00:00:00,Guwahati-Gauge-1,3,cropland,sedimentary,0,0.010592099557529254,0,LOW
2024-03-06 00:00:00,Sonapur-Gauge-1,4,forest,unconsolidated_sediment,0,0.010592099557529254,0,LOW
2024-03-06 01:00:00,Chamoli-Gauge-1,1,sparse_vegetation,fractured_metamorphic,0,0.015287094927723066,0,LOW
2024-03-06 01:00:00,Kolkata-Gauge-1,2,urban,unconsolidated_sediment,0,0.01202339883868001,0,LOW
2024-03-06 01:00:00,Guwahati-Gauge-1,3,cropland,sedimentary,0,0.010592099557529254,0,LOW
2024-03-06 01:00:00,Sonapur-Gauge-1,4,forest,unconsolidated_sediment,0,0.010592099557529254,0,LOW
2024-03-06 02:00:00,Chamoli-Gauge-1,1,sparse_vegetation,fractured_metamorphic,0,0.012298115190994812,0,LOW
2024-03-06 02:00:00,Kolkata-Gauge-1,2,urban,unconsolidated_sediment,0,0.015267398155259466,0,LOW
2024-03-06 02:00:00,Guwahati-Gauge-1,3,cropland,sedimentary,0,0.010592099557529254,0,LOW
2024-03-06 02:00:00,Sonapur-Gauge-1,4,forest,unconsolidated_sediment,0,0.010592099557529254,0,LOW
2024-03-06 03:00:00,Chamoli-Gauge-1,1,sparse_vegetation,fractured_metamorphic,0,0.012298115190994812,0,LOW
2024-03-06 03:00:00,Kolkata-Gauge-1,2,urban,unconsolidated_sediment,0,0.01633465626909354,0,LOW
2024-03-06 03:00:00,Guwahati-Gauge-1,3,cropland,sedimentary,0,0.010592099557529254,0,LOW
2024-03-06 03:00:00,Sonapur-Gauge-1,4,forest,unconsolidated_sediment,0,0.010592099557529254,0,LOW
2024-03-06 04:00:00,Chamoli-Gauge-1,1,sparse_vegetation,fractured_metamorphic,0,0.011645177458636987,0,LOW
2024-03-06 04:00:00,Kolkata-Gauge-1,2,urban,unconsolidated_sediment,0,0.016640341939787577,0,LOW
2024-03-06 04:00:00,Guwahati-Gauge-1,3,cropland,sedimentary,0,0.010592099557529254,0,LOW
2024-03-06 04:00:00,Sonapur-Gauge-1,4,forest,unconsolidated_sediment,0,0.010592099557529254,0,LOW
2024-03-06 05:00:00,Chamoli-Gauge-1,1,sparse_vegetation,fractured_metamorphic,0,0.011044252745430758,0,LOW
2024-03-06 05:00:00,Kolkata-Gauge-1,2,urban,unconsolidated_sediment,0,0.01719732514533828,0,LOW
2024-03-06 05:00:00,Guwahati-Gauge-1,3,cropland,sedimentary,0,0.010592099557529254,0,LOW
2024-03-06 05:00:00,Sonapur-Gauge-1,4,forest,unconsolidated_sediment,0,0.010592099557529254,0,LOW
2024-03-06 06:00:00,Chamoli-Gauge-1,1,sparse_vegetation,fractured_metamorphic,0,0.011044252745430758,0,LOW
2024-03-06 06:00:00,Kolkata-Gauge-1,2,urban,unconsolidated_sediment,0,0.021150723939361085,0,LOW
2024-03-06 06:00:00,Guwahati-Gauge-1,3,cropland,sedimentary,0,0.010592099557529254,0,LOW
2024-03-06 06:00:00,Sonapur-Gauge-1,4,forest,unconsolidated_sediment,0,0.010592099557529254,0,LOW
2024-03-06 07:00:00,Chamoli-Gauge-1,1,sparse_vegetation,fractured_metamorphic,0,0.1370819497323408,0,LOW
2024-03-06 07:00:00,Kolkata-Gauge-1,2,urban,unconsolidated_sediment,0,0.032747264071366494,0,LOW
2024-03-06 07:00:00,Guwahati-Gauge-1,3,cropland,sedimentary,0,0.010592099557529254,0,LOW
2024-03-06 07:00:00,Sonapur-Gauge-1,4,forest,unconsolidated_sediment,0,0.010592099557529254,0,LOW
2024-03-06 08:00:00,Chamoli-Gauge-1,1,sparse_vegetation,fractured_metamorphic,0,0.034800011555457415,0,LOW
2024-03-06 08:00:00,Kolkata-Gauge-1,2,urban,unconsolidated_sediment,1,0.20092061946014303,0,LOW
2024-03-06 08:00:00,Guwahati-Gauge-1,3,cropland,sedimentary,0,0.010592099557529254,0,LOW
2024-03-06 08:00:00,Sonapur-Gauge-1,4,forest,unconsolidated_sediment,0,0.010592099557529254,0,LOW
2024-03-06 09:00:00,Chamoli-Gauge-1,1,sparse_vegetation,fractured_metamorphic,0,0.0342146084311637,0,LOW
2024-03-06 09:00:00,Kolkata-Gauge-1,2,urban,unconsolidated_sediment,0,0.014238265529359244,0,LOW
2024-03-06 09:00:00,Guwahati-Gauge-1,3,cropland,sedimentary,0,0.010592099557529254,0,LOW
2024-03-06 09:00:00,Sonapur-Gauge-1,4,forest,unconsolidated_sediment,0,0.010592099557529254,0,LOW
2024-03-06 10:00:00,Chamoli-Gauge-1,1,sparse_vegetation,fractured_metamorphic,0,0.029109968698052338,0,LOW
2024-03-06 10:00:00,Kolkata-Gauge-1,2,urban,unconsolidated_sediment,0,0.013031294871430319,0,LOW
2024-03-06 10:00:00,Guwahati-Gauge-1,3,cropland,sedimentary,0,0.010592099557529254,0,LOW
2024-03-06 10:00:00,Sonapur-Gauge-1,4,forest,unconsolidated_sediment,0,0.010592099557529254,0,LOW
2024-03-06 11:00:00,Chamoli-Gauge-1,1,sparse_vegetation,fractured_metamorphic,0,0.028474718673322734,0,LOW
2024-03-06 11:00:00,Kolkata-Gauge-1,2,urban,unconsolidated_sediment,0,0.012811986237956388,0,LOW
2024-03-06 11:00:00,Guwahati-Gauge-1,3,cropland,sedimentary,0,0.010592099557529254,0,LOW
2024-03-06 11:00:00,Sonapur-Gauge-1,4,forest,unconsolidated_sediment,0,0.010592099557529254,0,LOW
2024-03-06 12:00:00,Chamoli-Gauge-1,1,sparse_vegetation,fractured_metamorphic,0,0.03128415612157341,0,LOW
2024-03-06 12:00:00,Kolkata-Gauge-1,2,urban,unconsolidated_sediment,0,0.012811986237956388,0,LOW
2024-03-06 12:00:00,Guwahati-Gauge-1,3,cropland,sedimentary,0,0.010592099557529254,0,LOW
2024-03-06 12:00:00,Sonapur-Gauge-1,4,forest,unconsolidated_sediment,0,0.010592099557529254,0,LOW
2024-03-06 13:00:00,Chamoli-Gauge-1,1,sparse_vegetation,fractured_metamorphic,0,0.3013340653760966,0,MODERATE
2024-03-06 13:00:00,Kolkata-Gauge-1,2,urban,unconsolidated_sediment,0,0.010592099557529254,0,LOW
2024-03-06 13:00:00,Guwahati-Gauge-1,3,cropland,sedimentary,0,0.010592099557529254,0,LOW
2024-03-06 13:00:00,Sonapur-Gauge-1,4,forest,unconsolidated_sediment,0,0.010592099557529254,0,LOW
2024-03-06 14:00:00,Chamoli-Gauge-1,1,sparse_vegetation,fractured_metamorphic,0,0.3152936796090059,0,MODERATE
2024-03-06 14:00:00,Kolkata-Gauge-1,2,urban,unconsolidated_sediment,0,0.010592099557529254,0,LOW
2024-03-06 14:00:00,Guwahati-Gauge-1,3,cropland,sedimentary,0,0.010592099557529254,0,LOW
2024-03-06 14:00:00,Sonapur-Gauge-1,4,forest,unconsolidated_sediment,0,0.010592099557529254,0,LOW
2024-03-06 15:00:00,Chamoli-Gauge-1,1,sparse_vegetation,fractured_metamorphic,1,0.5227827101990687,1,MODERATE
2024-03-06 15:00:00,Kolkata-Gauge-1,2,urban,unconsolidated_sediment,0,0.010592099557529254,0,LOW
2024-03-06 15:00:00,Guwahati-Gauge-1,3,cropland,sedimentary,0,0.010592099557529254,0,LOW
2024-03-06 15:00:00,Sonapur-Gauge-1,4,forest,unconsolidated_sediment,0,0.010592099557529254,0,LOW
2024-03-06 16:00:00,Chamoli-Gauge-1,1,sparse_vegetation,fractured_metamorphic,0,0.547342201395001,1,MODERATE
2024-03-06 16:00:00,Kolkata-Gauge-1,2,urban,unconsolidated_sediment,0,0.010592099557529254,0,LOW
2024-03-06 16:00:00,Guwahati-Gauge-1,3,cropland,sedimentary,0,0.010592099557529254,0,LOW
2024-03-06 16:00:00,Sonapur-Gauge-1,4,forest,unconsolidated_sediment,0,0.010592099557529254,0,LOW
2024-03-06 17:00:00,Chamoli-Gauge-1,1,sparse_vegetation,fractured_metamorphic,1,0.5346473547253139,1,MODERATE
2024-03-06 17:00:00,Kolkata-Gauge-1,2,urban,unconsolidated_sediment,0,0.010592099557529254,0,LOW
2024-03-06 17:00:00,Guwahati-Gauge-1,3,cropland,sedimentary,0,0.010592099557529254,0,LOW
2024-03-06 17:00:00,Sonapur-Gauge-1,4,forest,unconsolidated_sediment,0,0.010592099557529254,0,LOW
2024-03-06 18:00:00,Chamoli-Gauge-1,1,sparse_vegetation,fractured_metamorphic,0,0.253063021906485,0,LOW
2024-03-06 18:00:00,Kolkata-Gauge-1,2,urban,unconsolidated_sediment,0,0.010592099557529254,0,LOW
2024-03-06 18:00:00,Guwahati-Gauge-1,3,cropland,sedimentary,0,0.010592099557529254,0,LOW
2024-03-06 18:00:00,Sonapur-Gauge-1,4,forest,unconsolidated_sediment,0,0.010592099557529254,0,LOW
2024-03-06 19:00:00,Chamoli-Gauge-1,1,sparse_vegetation,fractured_metamorphic,0,0.03539807765299806,0,LOW
2024-03-06 19:00:00,Kolkata-Gauge-1,2,urban,unconsolidated_sediment,0,0.010592099557529254,0,LOW
2024-03-06 19:00:00,Guwahati-Gauge-1,3,cropland,sedimentary,0,0.010592099557529254,0,LOW
2024-03-06 19:00:00,Sonapur-Gauge-1,4,forest,unconsolidated_sediment,0,0.010592099557529254,0,LOW
2024-03-06 20:00:00,Chamoli-Gauge-1,1,sparse_vegetation,fractured_metamorphic,0,0.03682023240819544,0,LOW
2024-03-06 20:00:00,Kolkata-Gauge-1,2,urban,unconsolidated_sediment,0,0.010592099557529254,0,LOW
2024-03-06 20:00:00,Guwahati-Gauge-1,3,cropland,sedimentary,0,0.010592099557529254,0,LOW
2024-03-06 20:00:00,Sonapur-Gauge-1,4,forest,unconsolidated_sediment,0,0.010592099557529254,0,LOW
2024-03-06 21:00:00,Chamoli-Gauge-1,1,sparse_vegetation,fractured_metamorphic,0,0.026667762779862627,0,LOW
2024-03-06 21:00:00,Kolkata-Gauge-1,2,urban,unconsolidated_sediment,0,0.010592099557529254,0,LOW
2024-03-06 21:00:00,Guwahati-Gauge-1,3,cropland,sedimentary,0,0.010592099557529254,0,LOW
2024-03-06 21:00:00,Sonapur-Gauge-1,4,forest,unconsolidated_sediment,0,0.010592099557529254,0,LOW
2024-03-06 22:00:00,Chamoli-Gauge-1,1,sparse_vegetation,fractured_metamorphic,0,0.05507544912238399,0,LOW
2024-03-06 22:00:00,Kolkata-Gauge-1,2,urban,unconsolidated_sediment,0,0.010592099557529254,0,LOW
2024-03-06 22:00:00,Guwahati-Gauge-1,3,cropland,sedimentary,0,0.010592099557529254,0,LOW
2024-03-06 22:00:00,Sonapur-Gauge-1,4,forest,unconsolidated_sediment,0,0.010592099557529254,0,LOW
2024-03-06 23:00:00,Chamoli-Gauge-1,1,sparse_vegetation,fractured_metamorphic,0,0.04531507310099701,0,LOW
2024-03-06 23:00:00,Kolkata-Gauge-1,2,urban,unconsolidated_sediment,0,0.010592099557529254,0,LOW
2024-03-06 23:00:00,Guwahati-Gauge-1,3,cropland,sedimentary,0,0.010592099557529254,0,LOW
2024-03-06 23:00:00,Sonapur-Gauge-1,4,forest,unconsolidated_sediment,0,0.010592099557529254,0,LOW
2024-03-07 00:00:00,Chamoli-Gauge-1,1,sparse_vegetation,fractured_metamorphic,0,0.026832202795578214,0,LOW
2024-03-07 00:00:00,Kolkata-Gauge-1,2,urban,unconsolidated_sediment,0,0.010592099557529254,0,LOW
2024-03-07 00:00:00,Guwahati-Gauge-1,3,cropland,sedimentary,0,0.010592099557529254,0,LOW
2024-03-07 00:00:00,Sonapur-Gauge-1,4,forest,unconsolidated_sediment,0,0.010592099557529254,0,LOW
2024-03-07 01:00:00,Chamoli-Gauge-1,1,sparse_vegetation,fractured_metamorphic,0,0.027465815919429752,0,LOW
2024-03-07 01:00:00,Kolkata-Gauge-1,2,urban,unconsolidated_sediment,0,0.010592099557529254,0,LOW
2024-03-07 01:00:00,Guwahati-Gauge-1,3,cropland,sedimentary,0,0.010592099557529254,0,LOW
2024-03-07 01:00:00,Sonapur-Gauge-1,4,forest,unconsolidated_sediment,0,0.010592099557529254,0,LOW
2024-03-07 02:00:00,Chamoli-Gauge-1,1,sparse_vegetation,fractured_metamorphic,0,0.02077232739089579,0,LOW
2024-03-07 02:00:00,Kolkata-Gauge-1,2,urban,unconsolidated_sediment,0,0.010592099557529254,0,LOW
2024-03-07 02:00:00,Guwahati-Gauge-1,3,cropland,sedimentary,0,0.010592099557529254,0,LOW
2024-03-07 02:00:00,Sonapur-Gauge-1,4,forest,unconsolidated_sediment,0,0.010592099557529254,0,LOW
2024-03-07 03:00:00,Chamoli-Gauge-1,1,sparse_vegetation,fractured_metamorphic,0,0.10660299003541915,0,LOW
2024-03-07 03:00:00,Kolkata-Gauge-1,2,urban,unconsolidated_sediment,0,0.010592099557529254,0,LOW
2024-03-07 03:00:00,Guwahati-Gauge-1,3,cropland,sedimentary,0,0.010592099557529254,0,LOW
2024-03-07 03:00:00,Sonapur-Gauge-1,4,forest,unconsolidated_sediment,0,0.010592099557529254,0,LOW
2024-03-07 04:00:00,Chamoli-Gauge-1,1,sparse_vegetation,fractured_metamorphic,1,0.27823308993919843,0,LOW
2024-03-07 04:00:00,Kolkata-Gauge-1,2,urban,unconsolidated_sediment,0,0.010592099557529254,0,LOW
2024-03-07 04:00:00,Guwahati-Gauge-1,3,cropland,sedimentary,0,0.010592099557529254,0,LOW
2024-03-07 04:00:00,Sonapur-Gauge-1,4,forest,unconsolidated_sediment,0,0.010592099557529254,0,LOW
2024-03-07 05:00:00,Chamoli-Gauge-1,1,sparse_vegetation,fractured_metamorphic,0,0.10850236990226611,0,LOW
2024-03-07 05:00:00,Kolkata-Gauge-1,2,urban,unconsolidated_sediment,0,0.010592099557529254,0,LOW
2024-03-07 05:00:00,Guwahati-Gauge-1,3,cropland,sedimentary,0,0.010592099557529254,0,LOW
2024-03-07 05:00:00,Sonapur-Gauge-1,4,forest,unconsolidated_sediment,0,0.010592099557529254,0,LOW
2024-03-07 06:00:00,Chamoli-Gauge-1,1,sparse_vegetation,fractured_metamorphic,0,0.031141953052964147,0,LOW
2024-03-07 06:00:00,Kolkata-Gauge-1,2,urban,unconsolidated_sediment,0,0.010592099557529254,0,LOW
2024-03-07 06:00:00,Guwahati-Gauge-1,3,cropland,sedimentary,0,0.010592099557529254,0,LOW
2024-03-07 06:00:00,Sonapur-Gauge-1,4,forest,unconsolidated_sediment,0,0.010592099557529254,0,LOW
2024-03-07 07:00:00,Chamoli-Gauge-1,1,sparse_vegetation,fractured_metamorphic,0,0.011570467213129307,0,LOW
2024-03-07 07:00:00,Kolkata-Gauge-1,2,urban,unconsolidated_sediment,0,0.010592099557529254,0,LOW
2024-03-07 07:00:00,Guwahati-Gauge-1,3,cropland,sedimentary,0,0.010592099557529254,0,LOW
2024-03-07 07:00:00,Sonapur-Gauge-1,4,forest,unconsolidated_sediment,0,0.010592099557529254,0,LOW
2024-03-07 08:00:00,Chamoli-Gauge-1,1,sparse_vegetation,fractured_metamorphic,0,0.011625887552625946,0,LOW
2024-03-07 08:00:00,Kolkata-Gauge-1,2,urban,unconsolidated_sediment,0,0.010807348075467989,0,LOW
2024-03-07 08:00:00,Guwahati-Gauge-1,3,cropland,sedimentary,0,0.010592099557529254,0,LOW
2024-03-07 08:00:00,Sonapur-Gauge-1,4,forest,unconsolidated_sediment,0,0.010592099557529254,0,LOW
2024-03-07 09:00:00,Chamoli-Gauge-1,1,sparse_vegetation,fractured_metamorphic,0,0.011569580605951799,0,LOW
2024-03-07 09:00:00,Kolkata-Gauge-1,2,urban,unconsolidated_sediment,0,0.010807348075467989,0,LOW
2024-03-07 09:00:00,Guwahati-Gauge-1,3,cropland,sedimentary,0,0.010592099557529254,0,LOW
2024-03-07 09:00:00,Sonapur-Gauge-1,4,forest,unconsolidated_sediment,0,0.011385762548133834,0,LOW
2024-03-07 10:00:00,Chamoli-Gauge-1,1,sparse_vegetation,fractured_metamorphic,0,0.01133638940366088,0,LOW
2024-03-07 10:00:00,Kolkata-Gauge-1,2,urban,unconsolidated_sediment,0,0.010592099557529254,0,LOW
2024-03-07 10:00:00,Guwahati-Gauge-1,3,cropland,sedimentary,0,0.010592099557529254,0,LOW
2024-03-07 10:00:00,Sonapur-Gauge-1,4,forest,unconsolidated_sediment,0,0.011181771789302648,0,LOW
2024-03-07 11:00:00,Chamoli-Gauge-1,1,sparse_vegetation,fractured_metamorphic,0,0.011538896505900335,0,LOW
2024-03-07 11:00:00,Kolkata-Gauge-1,2,urban,unconsolidated_sediment,0,0.010592099557529254,0,LOW
2024-03-07 11:00:00,Guwahati-Gauge-1,3,cropland,sedimentary,0,0.010592099557529254,0,LOW
2024-03-07 11:00:00,Sonapur-Gauge-1,4,forest,unconsolidated_sediment,0,0.010781952189229454,0,LOW
2024-03-07 12:00:00,Chamoli-Gauge-1,1,sparse_vegetation,fractured_metamorphic,0,0.011116111357428857,0,LOW
2024-03-07 12:00:00,Kolkata-Gauge-1,2,urban,unconsolidated_sediment,0,0.010592099557529254,0,LOW
2024-03-07 12:00:00,Guwahati-Gauge-1,3,cropland,sedimentary,0,0.010592099557529254,0,LOW
2024-03-07 12:00:00,Sonapur-Gauge-1,4,forest,unconsolidated_sediment,0,0.010592099557529254,0,LOW
2024-03-07 13:00:00,Chamoli-Gauge-1,1,sparse_vegetation,fractured_metamorphic,0,0.01796522139902979,0,LOW
2024-03-07 13:00:00,Kolkata-Gauge-1,2,urban,unconsolidated_sediment,0,0.010592099557529254,0,LOW
2024-03-07 13:00:00,Guwahati-Gauge-1,3,cropland,sedimentary,0,0.010592099557529254,0,LOW
2024-03-07 13:00:00,Sonapur-Gauge-1,4,forest,unconsolidated_sediment,0,0.010592099557529254,0,LOW
2024-03-07 14:00:00,Chamoli-Gauge-1,1,sparse_vegetation,fractured_metamorphic,0,0.010604891303550018,0,LOW
2024-03-07 14:00:00,Kolkata-Gauge-1,2,urban,unconsolidated_sediment,0,0.010592099557529254,0,LOW
2024-03-07 14:00:00,Guwahati-Gauge-1,3,cropland,sedimentary,0,0.010592099557529254,0,LOW
2024-03-07 14:00:00,Sonapur-Gauge-1,4,forest,unconsolidated_sediment,0,0.01078942150044859,0,LOW
2024-03-07 15:00:00,Chamoli-Gauge-1,1,sparse_vegetation,fractured_metamorphic,0,0.010693507615312533,0,LOW
2024-03-07 15:00:00,Kolkata-Gauge-1,2,urban,unconsolidated_sediment,0,0.010592099557529254,0,LOW
2024-03-07 15:00:00,Guwahati-Gauge-1,3,cropland,sedimentary,0,0.010592099557529254,0,LOW
2024-03-07 15:00:00,Sonapur-Gauge-1,4,forest,unconsolidated_sediment,0,0.010592099557529254,0,LOW
2024-03-07 16:00:00,Chamoli-Gauge-1,1,sparse_vegetation,fractured_metamorphic,0,0.010693507615312533,0,LOW
2024-03-07 16:00:00,Kolkata-Gauge-1,2,urban,unconsolidated_sediment,0,0.010592099557529254,0,LOW
2024-03-07 16:00:00,Guwahati-Gauge-1,3,cropland,sedimentary,0,0.010592099557529254,0,LOW
2024-03-07 16:00:00,Sonapur-Gauge-1,4,forest,unconsolidated_sediment,0,0.010592099557529254,0,LOW
2024-03-07 17:00:00,Chamoli-Gauge-1,1,sparse_vegetation,fractured_metamorphic,0,0.010693507615312533,0,LOW
2024-03-07 17:00:00,Kolkata-Gauge-1,2,urban,unconsolidated_sediment,0,0.010592099557529254,0,LOW
2024-03-07 17:00:00,Guwahati-Gauge-1,3,cropland,sedimentary,0,0.010592099557529254,0,LOW
2024-03-07 17:00:00,Sonapur-Gauge-1,4,forest,unconsolidated_sediment,0,0.010592099557529254,0,LOW
2024-03-07 18:00:00,Chamoli-Gauge-1,1,sparse_vegetation,fractured_metamorphic,0,0.010693507615312533,0,LOW
2024-03-07 18:00:00,Kolkata-Gauge-1,2,urban,unconsolidated_sediment,0,0.010592099557529254,0,LOW
2024-03-07 18:00:00,Guwahati-Gauge-1,3,cropland,sedimentary,0,0.010592099557529254,0,LOW
2024-03-07 18:00:00,Sonapur-Gauge-1,4,forest,unconsolidated_sediment,0,0.010592099557529254,0,LOW
2024-03-07 19:00:00,Chamoli-Gauge-1,1,sparse_vegetation,fractured_metamorphic,0,0.010693507615312533,0,LOW
2024-03-07 19:00:00,Kolkata-Gauge-1,2,urban,unconsolidated_sediment,0,0.010592099557529254,0,LOW
2024-03-07 19:00:00,Guwahati-Gauge-1,3,cropland,sedimentary,0,0.010592099557529254,0,LOW
2024-03-07 19:00:00,Sonapur-Gauge-1,4,forest,unconsolidated_sediment,0,0.010592099557529254,0,LOW
2024-03-07 20:00:00,Chamoli-Gauge-1,1,sparse_vegetation,fractured_metamorphic,0,0.010893180916500407,0,LOW
2024-03-07 20:00:00,Kolkata-Gauge-1,2,urban,unconsolidated_sediment,0,0.010592099557529254,0,LOW
2024-03-07 20:00:00,Guwahati-Gauge-1,3,cropland,sedimentary,0,0.010592099557529254,0,LOW
2024-03-07 20:00:00,Sonapur-Gauge-1,4,forest,unconsolidated_sediment,0,0.010592099557529254,0,LOW
2024-03-07 21:00:00,Chamoli-Gauge-1,1,sparse_vegetation,fractured_metamorphic,0,0.010680610133130352,0,LOW
2024-03-07 21:00:00,Kolkata-Gauge-1,2,urban,unconsolidated_sediment,0,0.010592099557529254,0,LOW
2024-03-07 21:00:00,Guwahati-Gauge-1,3,cropland,sedimentary,0,0.010592099557529254,0,LOW
2024-03-07 21:00:00,Sonapur-Gauge-1,4,forest,unconsolidated_sediment,0,0.010592099557529254,0,LOW
2024-03-07 22:00:00,Chamoli-Gauge-1,1,sparse_vegetation,fractured_metamorphic,0,0.010680610133130352,0,LOW
2024-03-07 22:00:00,Kolkata-Gauge-1,2,urban,unconsolidated_sediment,0,0.010592099557529254,0,LOW
2024-03-07 22:00:00,Guwahati-Gauge-1,3,cropland,sedimentary,0,0.010592099557529254,0,LOW
2024-03-07 22:00:00,Sonapur-Gauge-1,4,forest,unconsolidated_sediment,0,0.010592099557529254,0,LOW
2024-03-07 23:00:00,Chamoli-Gauge-1,1,sparse_vegetation,fractured_metamorphic,0,0.010680610133130352,0,LOW
2024-03-07 23:00:00,Kolkata-Gauge-1,2,urban,unconsolidated_sediment,0,0.010592099557529254,0,LOW
2024-03-07 23:00:00,Guwahati-Gauge-1,3,cropland,sedimentary,0,0.010592099557529254,0,LOW
2024-03-07 23:00:00,Sonapur-Gauge-1,4,forest,unconsolidated_sediment,0,0.010592099557529254,0,LOW
2024-03-08 00:00:00,Chamoli-Gauge-1,1,sparse_vegetation,fractured_metamorphic,0,0.010680610133130352,0,LOW
2024-03-08 00:00:00,Kolkata-Gauge-1,2,urban,unconsolidated_sediment,0,0.010592099557529254,0,LOW
2024-03-08 00:00:00,Guwahati-Gauge-1,3,cropland,sedimentary,0,0.010592099557529254,0,LOW
2024-03-08 00:00:00,Sonapur-Gauge-1,4,forest,unconsolidated_sediment,0,0.010592099557529254,0,LOW
2024-03-08 01:00:00,Chamoli-Gauge-1,1,sparse_vegetation,fractured_metamorphic,0,0.010680610133130352,0,LOW
2024-03-08 01:00:00,Kolkata-Gauge-1,2,urban,unconsolidated_sediment,0,0.010592099557529254,0,LOW
2024-03-08 01:00:00,Guwahati-Gauge-1,3,cropland,sedimentary,0,0.010592099557529254,0,LOW
2024-03-08 01:00:00,Sonapur-Gauge-1,4,forest,unconsolidated_sediment,0,0.010592099557529254,0,LOW
2024-03-08 02:00:00,Chamoli-Gauge-1,1,sparse_vegetation,fractured_metamorphic,0,0.010592099557529254,0,LOW
2024-03-08 02:00:00,Kolkata-Gauge-1,2,urban,unconsolidated_sediment,0,0.010592099557529254,0,LOW
2024-03-08 02:00:00,Guwahati-Gauge-1,3,cropland,sedimentary,0,0.010592099557529254,0,LOW
2024-03-08 02:00:00,Sonapur-Gauge-1,4,forest,unconsolidated_sediment,0,0.010592099557529254,0,LOW
2024-03-08 03:00:00,Chamoli-Gauge-1,1,sparse_vegetation,fractured_metamorphic,0,0.010592099557529254,0,LOW
2024-03-08 03:00:00,Kolkata-Gauge-1,2,urban,unconsolidated_sediment,0,0.010592099557529254,0,LOW
2024-03-08 03:00:00,Guwahati-Gauge-1,3,cropland,sedimentary,0,0.010592099557529254,0,LOW
2024-03-08 03:00:00,Sonapur-Gauge-1,4,forest,unconsolidated_sediment,0,0.010592099557529254,0,LOW
2024-03-08 04:00:00,Chamoli-Gauge-1,1,sparse_vegetation,fractured_metamorphic,0,0.010592099557529254,0,LOW
2024-03-08 04:00:00,Kolkata-Gauge-1,2,urban,unconsolidated_sediment,0,0.010592099557529254,0,LOW
2024-03-08 04:00:00,Guwahati-Gauge-1,3,cropland,sedimentary,0,0.010592099557529254,0,LOW
2024-03-08 04:00:00,Sonapur-Gauge-1,4,forest,unconsolidated_sediment,0,0.010762411885434989,0,LOW
2024-03-08 05:00:00,Chamoli-Gauge-1,1,sparse_vegetation,fractured_metamorphic,0,0.010985158020761953,0,LOW
2024-03-08 05:00:00,Kolkata-Gauge-1,2,urban,unconsolidated_sediment,0,0.010592099557529254,0,LOW
2024-03-08 05:00:00,Guwahati-Gauge-1,3,cropland,sedimentary,0,0.010592099557529254,0,LOW
2024-03-08 05:00:00,Sonapur-Gauge-1,4,forest,unconsolidated_sediment,0,0.010592099557529254,0,LOW
2024-03-08 06:00:00,Chamoli-Gauge-1,1,sparse_vegetation,fractured_metamorphic,0,0.011532788895795973,0,LOW
2024-03-08 06:00:00,Kolkata-Gauge-1,2,urban,unconsolidated_sediment,0,0.010592099557529254,0,LOW
2024-03-08 06:00:00,Guwahati-Gauge-1,3,cropland,sedimentary,0,0.010592099557529254,0,LOW
2024-03-08 06:00:00,Sonapur-Gauge-1,4,forest,unconsolidated_sediment,0,0.010592099557529254,0,LOW
2024-03-08 07:00:00,Chamoli-Gauge-1,1,sparse_vegetation,fractured_metamorphic,0,0.012640144146623001,0,LOW
2024-03-08 07:00:00,Kolkata-Gauge-1,2,urban,unconsolidated_sediment,0,0.010592099557529254,0,LOW
2024-03-08 07:00:00,Guwahati-Gauge-1,3,cropland,sedimentary,0,0.010592099557529254,0,LOW
2024-03-08 07:00:00,Sonapur-Gauge-1,4,forest,unconsolidated_sediment,0,0.010592099557529254,0,LOW
2024-03-08 08:00:00,Chamoli-Gauge-1,1,sparse_vegetation,fractured_metamorphic,1,0.8897156112321369,1,EXTREME
2024-03-08 08:00:00,Kolkata-Gauge-1,2,urban,unconsolidated_sediment,0,0.010592099557529254,0,LOW
2024-03-08 08:00:00,Guwahati-Gauge-1,3,cropland,sedimentary,0,0.010592099557529254,0,LOW
2024-03-08 08:00:00,Sonapur-Gauge-1,4,forest,unconsolidated_sediment,0,0.010592099557529254,0,LOW
2024-03-08 09:00:00,Chamoli-Gauge-1,1,sparse_vegetation,fractured_metamorphic,1,0.8934903904818391,1,EXTREME
2024-03-08 09:00:00,Kolkata-Gauge-1,2,urban,unconsolidated_sediment,0,0.010592099557529254,0,LOW
2024-03-08 09:00:00,Guwahati-Gauge-1,3,cropland,sedimentary,0,0.010592099557529254,0,LOW
2024-03-08 09:00:00,Sonapur-Gauge-1,4,forest,unconsolidated_sediment,0,0.010812471061204256,0,LOW
2024-03-08 10:00:00,Chamoli-Gauge-1,1,sparse_vegetation,fractured_metamorphic,1,0.8928746455775155,1,EXTREME
2024-03-08 10:00:00,Kolkata-Gauge-1,2,urban,unconsolidated_sediment,0,0.010592099557529254,0,LOW
2024-03-08 10:00:00,Guwahati-Gauge-1,3,cropland,sedimentary,0,0.010592099557529254,0,LOW
2024-03-08 10:00:00,Sonapur-Gauge-1,4,forest,unconsolidated_sediment,0,0.010980274894914521,0,LOW
2024-03-08 11:00:00,Chamoli-Gauge-1,1,sparse_vegetation,fractured_metamorphic,1,0.8726359231186581,1,EXTREME
2024-03-08 11:00:00,Kolkata-Gauge-1,2,urban,unconsolidated_sediment,0,0.010592099557529254,0,LOW
2024-03-08 11:00:00,Guwahati-Gauge-1,3,cropland,sedimentary,0,0.010592099557529254,0,LOW
2024-03-08 11:00:00,Sonapur-Gauge-1,4,forest,unconsolidated_sediment,0,0.011507452122210108,0,LOW
2024-03-08 12:00:00,Chamoli-Gauge-1,1,sparse_vegetation,fractured_metamorphic,1,0.8671636434806441,1,EXTREME
2024-03-08 12:00:00,Kolkata-Gauge-1,2,urban,unconsolidated_sediment,0,0.010592099557529254,0,LOW
2024-03-08 12:00:00,Guwahati-Gauge-1,3,cropland,sedimentary,0,0.010592099557529254,0,LOW
2024-03-08 12:00:00,Sonapur-Gauge-1,4,forest,unconsolidated_sediment,0,0.010731254931137997,0,LOW
2024-03-08 13:00:00,Chamoli-Gauge-1,1,sparse_vegetation,fractured_metamorphic,1,0.8309297660067947,1,EXTREME
2024-03-08 13:00:00,Kolkata-Gauge-1,2,urban,unconsolidated_sediment,0,0.010592099557529254,0,LOW
2024-03-08 13:00:00,Guwahati-Gauge-1,3,cropland,sedimentary,0,0.010592099557529254,0,LOW
2024-03-08 13:00:00,Sonapur-Gauge-1,4,forest,unconsolidated_sediment,0,0.010592099557529254,0,LOW
2024-03-08 14:00:00,Chamoli-Gauge-1,1,sparse_vegetation,fractured_metamorphic,0,0.22168331801390923,0,LOW
2024-03-08 14:00:00,Kolkata-Gauge-1,2,urban,unconsolidated_sediment,0,0.010592099557529254,0,LOW
2024-03-08 14:00:00,Guwahati-Gauge-1,3,cropland,sedimentary,0,0.010592099557529254,0,LOW
2024-03-08 14:00:00,Sonapur-Gauge-1,4,forest,unconsolidated_sediment,0,0.010592099557529254,0,LOW
2024-03-08 15:00:00,Chamoli-Gauge-1,1,sparse_vegetation,fractured_metamorphic,0,0.5688807603463446,1,MODERATE
2024-03-08 15:00:00,Kolkata-Gauge-1,2,urban,unconsolidated_sediment,0,0.010592099557529254,0,LOW
2024-03-08 15:00:00,Guwahati-Gauge-1,3,cropland,sedimentary,0,0.010592099557529254,0,LOW
2024-03-08 15:00:00,Sonapur-Gauge-1,4,forest,unconsolidated_sediment,0,0.010592099557529254,0,LOW
2024-03-08 16:00:00,Chamoli-Gauge-1,1,sparse_vegetation,fractured_metamorphic,1,0.8362514957366761,1,EXTREME
2024-03-08 16:00:00,Kolkata-Gauge-1,2,urban,unconsolidated_sediment,0,0.010592099557529254,0,LOW
2024-03-08 16:00:00,Guwahati-Gauge-1,3,cropland,sedimentary,0,0.010592099557529254,0,LOW
2024-03-08 16:00:00,Sonapur-Gauge-1,4,forest,unconsolidated_sediment,0,0.010592099557529254,0,LOW
2024-03-08 17:00:00,Chamoli-Gauge-1,1,sparse_vegetation,fractured_metamorphic,1,0.8402625673420444,1,EXTREME
2024-03-08 17:00:00,Kolkata-Gauge-1,2,urban,unconsolidated_sediment,0,0.010592099557529254,0,LOW
2024-03-08 17:00:00,Guwahati-Gauge-1,3,cropland,sedimentary,0,0.010592099557529254,0,LOW
2024-03-08 17:00:00,Sonapur-Gauge-1,4,forest,unconsolidated_sediment,0,0.010592099557529254,0,LOW
2024-03-08 18:00:00,Chamoli-Gauge-1,1,sparse_vegetation,fractured_metamorphic,1,0.7324730263708121,1,HIGH
2024-03-08 18:00:00,Kolkata-Gauge-1,2,urban,unconsolidated_sediment,0,0.010592099557529254,0,LOW
2024-03-08 18:00:00,Guwahati-Gauge-1,3,cropland,sedimentary,0,0.010592099557529254,0,LOW
2024-03-08 18:00:00,Sonapur-Gauge-1,4,forest,unconsolidated_sediment,0,0.010592099557529254,0,LOW
2024-03-08 19:00:00,Chamoli-Gauge-1,1,sparse_vegetation,fractured_metamorphic,0,0.6985054765560903,1,HIGH
2024-03-08 19:00:00,Kolkata-Gauge-1,2,urban,unconsolidated_sediment,0,0.010592099557529254,0,LOW
2024-03-08 19:00:00,Guwahati-Gauge-1,3,cropland,sedimentary,0,0.010592099557529254,0,LOW
2024-03-08 19:00:00,Sonapur-Gauge-1,4,forest,unconsolidated_sediment,0,0.010592099557529254,0,LOW
2024-03-08 20:00:00,Chamoli-Gauge-1,1,sparse_vegetation,fractured_metamorphic,1,0.7788825682216631,1,HIGH
2024-03-08 20:00:00,Kolkata-Gauge-1,2,urban,unconsolidated_sediment,0,0.010592099557529254,0,LOW
2024-03-08 20:00:00,Guwahati-Gauge-1,3,cropland,sedimentary,0,0.010592099557529254,0,LOW
2024-03-08 20:00:00,Sonapur-Gauge-1,4,forest,unconsolidated_sediment,0,0.010592099557529254,0,LOW
2024-03-08 21:00:00,Chamoli-Gauge-1,1,sparse_vegetation,fractured_metamorphic,0,0.6831475164781561,1,HIGH
2024-03-08 21:00:00,Kolkata-Gauge-1,2,urban,unconsolidated_sediment,0,0.010592099557529254,0,LOW
2024-03-08 21:00:00,Guwahati-Gauge-1,3,cropland,sedimentary,0,0.010592099557529254,0,LOW
2024-03-08 21:00:00,Sonapur-Gauge-1,4,forest,unconsolidated_sediment,0,0.010592099557529254,0,LOW
2024-03-08 22:00:00,Chamoli-Gauge-1,1,sparse_vegetation,fractured_metamorphic,1,0.8265474949192188,1,EXTREME
2024-03-08 22:00:00,Kolkata-Gauge-1,2,urban,unconsolidated_sediment,0,0.01061297605656985,0,LOW
2024-03-08 22:00:00,Guwahati-Gauge-1,3,cropland,sedimentary,0,0.010592099557529254,0,LOW
2024-03-08 22:00:00,Sonapur-Gauge-1,4,forest,unconsolidated_sediment,0,0.010592099557529254,0,LOW
2024-03-08 23:00:00,Chamoli-Gauge-1,1,sparse_vegetation,fractured_metamorphic,1,0.8237850940267251,1,EXTREME
2024-03-08 23:00:00,Kolkata-Gauge-1,2,urban,unconsolidated_sediment,0,0.01061297605656985,0,LOW
2024-03-08 23:00:00,Guwahati-Gauge-1,3,cropland,sedimentary,0,0.010592099557529254,0,LOW
2024-03-08 23:00:00,Sonapur-Gauge-1,4,forest,unconsolidated_sediment,0,0.010592099557529254,0,LOW
2024-03-09 00:00:00,Chamoli-Gauge-1,1,sparse_vegetation,fractured_metamorphic,1,0.8490165428458314,1,EXTREME
2024-03-09 00:00:00,Kolkata-Gauge-1,2,urban,unconsolidated_sediment,0,0.01061297605656985,0,LOW
2024-03-09 00:00:00,Guwahati-Gauge-1,3,cropland,sedimentary,0,0.010592099557529254,0,LOW
2024-03-09 00:00:00,Sonapur-Gauge-1,4,forest,unconsolidated_sediment,0,0.010592099557529254,0,LOW
2024-03-09 01:00:00,Chamoli-Gauge-1,1,sparse_vegetation,fractured_metamorphic,1,0.8484210230406265,1,EXTREME
2024-03-09 01:00:00,Kolkata-Gauge-1,2,urban,unconsolidated_sediment,0,0.01061297605656985,0,LOW
2024-03-09 01:00:00,Guwahati-Gauge-1,3,cropland,sedimentary,0,0.010592099557529254,0,LOW
2024-03-09 01:00:00,Sonapur-Gauge-1,4,forest,unconsolidated_sediment,0,0.010592099557529254,0,LOW
2024-03-09 02:00:00,Chamoli-Gauge-1,1,sparse_vegetation,fractured_metamorphic,0,0.1228361922422979,0,LOW
2024-03-09 02:00:00,Kolkata-Gauge-1,2,urban,unconsolidated_sediment,0,0.010592099557529254,0,LOW
2024-03-09 02:00:00,Guwahati-Gauge-1,3,cropland,sedimentary,0,0.010592099557529254,0,LOW
2024-03-09 02:00:00,Sonapur-Gauge-1,4,forest,unconsolidated_sediment,0,0.010592099557529254,0,LOW
2024-03-09 03:00:00,Chamoli-Gauge-1,1,sparse_vegetation,fractured_metamorphic,0,0.14086043747842913,0,LOW
2024-03-09 03:00:00,Kolkata-Gauge-1,2,urban,unconsolidated_sediment,0,0.010592099557529254,0,LOW
2024-03-09 03:00:00,Guwahati-Gauge-1,3,cropland,sedimentary,0,0.010592099557529254,0,LOW
2024-03-09 03:00:00,Sonapur-Gauge-1,4,forest,unconsolidated_sediment,0,0.010592099557529254,0,LOW
2024-03-09 04:00:00,Chamoli-Gauge-1,1,sparse_vegetation,fractured_metamorphic,0,0.1554805682786668,0,LOW
2024-03-09 04:00:00,Kolkata-Gauge-1,2,urban,unconsolidated_sediment,0,0.010592099557529254,0,LOW
2024-03-09 04:00:00,Guwahati-Gauge-1,3,cropland,sedimentary,0,0.010592099557529254,0,LOW
2024-03-09 04:00:00,Sonapur-Gauge-1,4,forest,unconsolidated_sediment,0,0.010592099557529254,0,LOW
2024-03-09 05:00:00,Chamoli-Gauge-1,1,sparse_vegetation,fractured_metamorphic,0,0.2736874724494264,0,LOW
2024-03-09 05:00:00,Kolkata-Gauge-1,2,urban,unconsolidated_sediment,0,0.010592099557529254,0,LOW
2024-03-09 05:00:00,Guwahati-Gauge-1,3,cropland,sedimentary,0,0.010592099557529254,0,LOW
2024-03-09 05:00:00,Sonapur-Gauge-1,4,forest,unconsolidated_sediment,0,0.010592099557529254,0,LOW
2024-03-09 06:00:00,Chamoli-Gauge-1,1,sparse_vegetation,fractured_metamorphic,0,0.45357142298185726,0,MODERATE
2024-03-09 06:00:00,Kolkata-Gauge-1,2,urban,unconsolidated_sediment,0,0.010592099557529254,0,LOW
2024-03-09 06:00:00,Guwahati-Gauge-1,3,cropland,sedimentary,0,0.010592099557529254,0,LOW
2024-03-09 06:00:00,Sonapur-Gauge-1,4,forest,unconsolidated_sediment,0,0.010592099557529254,0,LOW
2024-03-09 07:00:00,Chamoli-Gauge-1,1,sparse_vegetation,fractured_metamorphic,1,0.5235281996202228,1,MODERATE
2024-03-09 07:00:00,Kolkata-Gauge-1,2,urban,unconsolidated_sediment,0,0.010592099557529254,0,LOW
2024-03-09 07:00:00,Guwahati-Gauge-1,3,cropland,sedimentary,0,0.010592099557529254,0,LOW
2024-03-09 07:00:00,Sonapur-Gauge-1,4,forest,unconsolidated_sediment,0,0.010592099557529254,0,LOW
2024-03-09 08:00:00,Chamoli-Gauge-1,1,sparse_vegetation,fractured_metamorphic,0,0.36696290241843177,0,MODERATE
2024-03-09 08:00:00,Kolkata-Gauge-1,2,urban,unconsolidated_sediment,0,0.010592099557529254,0,LOW
2024-03-09 08:00:00,Guwahati-Gauge-1,3,cropland,sedimentary,0,0.010592099557529254,0,LOW
2024-03-09 08:00:00,Sonapur-Gauge-1,4,forest,unconsolidated_sediment,0,0.010592099557529254,0,LOW
2024-03-09 09:00:00,Chamoli-Gauge-1,1,sparse_vegetation,fractured_metamorphic,1,0.5668379826985016,1,MODERATE
2024-03-09 09:00:00,Kolkata-Gauge-1,2,urban,unconsolidated_sediment,0,0.010592099557529254,0,LOW
2024-03-09 09:00:00,Guwahati-Gauge-1,3,cropland,sedimentary,0,0.010592099557529254,0,LOW
2024-03-09 09:00:00,Sonapur-Gauge-1,4,forest,unconsolidated_sediment,0,0.010592099557529254,0,LOW
2024-03-09 10:00:00,Chamoli-Gauge-1,1,sparse_vegetation,fractured_metamorphic,0,0.40157030904502633,0,MODERATE
2024-03-09 10:00:00,Kolkata-Gauge-1,2,urban,unconsolidated_sediment,0,0.010592099557529254,0,LOW
2024-03-09 10:00:00,Guwahati-Gauge-1,3,cropland,sedimentary,0,0.010592099557529254,0,LOW
2024-03-09 10:00:00,Sonapur-Gauge-1,4,forest,unconsolidated_sediment,0,0.010592099557529254,0,LOW
2024-03-09 11:00:00,Chamoli-Gauge-1,1,sparse_vegetation,fractured_metamorphic,1,0.38076095388400133,0,MODERATE
2024-03-09 11:00:00,Kolkata-Gauge-1,2,urban,unconsolidated_sediment,0,0.010592099557529254,0,LOW
2024-03-09 11:00:00,Guwahati-Gauge-1,3,cropland,sedimentary,0,0.010592099557529254,0,LOW
2024-03-09 11:00:00,Sonapur-Gauge-1,4,forest,unconsolidated_sediment,0,0.010592099557529254,0,LOW
2024-03-09 12:00:00,Chamoli-Gauge-1,1,sparse_vegetation,fractured_metamorphic,0,0.18142476229082877,0,LOW
2024-03-09 12:00:00,Kolkata-Gauge-1,2,urban,unconsolidated_sediment,0,0.010592099557529254,0,LOW
2024-03-09 12:00:00,Guwahati-Gauge-1,3,cropland,sedimentary,0,0.010592099557529254,0,LOW
2024-03-09 12:00:00,Sonapur-Gauge-1,4,forest,unconsolidated_sediment,0,0.010592099557529254,0,LOW
2024-03-09 13:00:00,Chamoli-Gauge-1,1,sparse_vegetation,fractured_metamorphic,0,0.09055663466691813,0,LOW
2024-03-09 13:00:00,Kolkata-Gauge-1,2,urban,unconsolidated_sediment,0,0.010592099557529254,0,LOW
2024-03-09 13:00:00,Guwahati-Gauge-1,3,cropland,sedimentary,0,0.010592099557529254,0,LOW
2024-03-09 13:00:00,Sonapur-Gauge-1,4,forest,unconsolidated_sediment,0,0.010592099557529254,0,LOW
2024-03-09 14:00:00,Chamoli-Gauge-1,1,sparse_vegetation,fractured_metamorphic,0,0.028560747787386306,0,LOW
2024-03-09 14:00:00,Kolkata-Gauge-1,2,urban,unconsolidated_sediment,0,0.010592099557529254,0,LOW
2024-03-09 14:00:00,Guwahati-Gauge-1,3,cropland,sedimentary,0,0.010592099557529254,0,LOW
2024-03-09 14:00:00,Sonapur-Gauge-1,4,forest,unconsolidated_sediment,0,0.010780413350576695,0,LOW
2024-03-09 15:00:00,Chamoli-Gauge-1,1,sparse_vegetation,fractured_metamorphic,0,0.013732287366271863,0,LOW
2024-03-09 15:00:00,Kolkata-Gauge-1,2,urban,unconsolidated_sediment,0,0.010592099557529254,0,LOW
2024-03-09 15:00:00,Guwahati-Gauge-1,3,cropland,sedimentary,0,0.010592099557529254,0,LOW
2024-03-09 15:00:00,Sonapur-Gauge-1,4,forest,unconsolidated_sediment,0,0.010780413350576695,0,LOW
2024-03-09 16:00:00,Chamoli-Gauge-1,1,sparse_vegetation,fractured_metamorphic,0,0.012671995676776421,0,LOW
2024-03-09 16:00:00,Kolkata-Gauge-1,2,urban,unconsolidated_sediment,0,0.010592099557529254,0,LOW
2024-03-09 16:00:00,Guwahati-Gauge-1,3,cropland,sedimentary,0,0.010592099557529254,0,LOW
2024-03-09 16:00:00,Sonapur-Gauge-1,4,forest,unconsolidated_sediment,0,0.010780413350576695,0,LOW
2024-03-09 17:00:00,Chamoli-Gauge-1,1,sparse_vegetation,fractured_metamorphic,0,0.011873077535091734,0,LOW
2024-03-09 17:00:00,Kolkata-Gauge-1,2,urban,unconsolidated_sediment,0,0.010592099557529254,0,LOW
2024-03-09 17:00:00,Guwahati-Gauge-1,3,cropland,sedimentary,0,0.010592099557529254,0,LOW
2024-03-09 17:00:00,Sonapur-Gauge-1,4,forest,unconsolidated_sediment,0,0.010592099557529254,0,LOW
2024-03-09 18:00:00,Chamoli-Gauge-1,1,sparse_vegetation,fractured_metamorphic,0,0.011873077535091734,0,LOW
2024-03-09 18:00:00,Kolkata-Gauge-1,2,urban,unconsolidated_sediment,0,0.010592099557529254,0,LOW
2024-03-09 18:00:00,Guwahati-Gauge-1,3,cropland,sedimentary,0,0.010592099557529254,0,LOW
2024-03-09 18:00:00,Sonapur-Gauge-1,4,forest,unconsolidated_sediment,0,0.010592099557529254,0,LOW
2024-03-09 19:00:00,Chamoli-Gauge-1,1,sparse_vegetation,fractured_metamorphic,0,0.011873077535091734,0,LOW
2024-03-09 19:00:00,Kolkata-Gauge-1,2,urban,unconsolidated_sediment,0,0.010592099557529254,0,LOW
2024-03-09 19:00:00,Guwahati-Gauge-1,3,cropland,sedimentary,0,0.010592099557529254,0,LOW
2024-03-09 19:00:00,Sonapur-Gauge-1,4,forest,unconsolidated_sediment,0,0.010592099557529254,0,LOW
2024-03-09 20:00:00,Chamoli-Gauge-1,1,sparse_vegetation,fractured_metamorphic,0,0.011873077535091734,0,LOW
2024-03-09 20:00:00,Kolkata-Gauge-1,2,urban,unconsolidated_sediment,0,0.010592099557529254,0,LOW
2024-03-09 20:00:00,Guwahati-Gauge-1,3,cropland,sedimentary,0,0.010592099557529254,0,LOW
2024-03-09 20:00:00,Sonapur-Gauge-1,4,forest,unconsolidated_sediment,0,0.010592099557529254,0,LOW
2024-03-09 21:00:00,Chamoli-Gauge-1,1,sparse_vegetation,fractured_metamorphic,0,0.011873077535091734,0,LOW
2024-03-09 21:00:00,Kolkata-Gauge-1,2,urban,unconsolidated_sediment,0,0.010592099557529254,0,LOW
2024-03-09 21:00:00,Guwahati-Gauge-1,3,cropland,sedimentary,0,0.010592099557529254,0,LOW
2024-03-09 21:00:00,Sonapur-Gauge-1,4,forest,unconsolidated_sediment,0,0.010592099557529254,0,LOW
2024-03-09 22:00:00,Chamoli-Gauge-1,1,sparse_vegetation,fractured_metamorphic,0,0.011873077535091734,0,LOW
2024-03-09 22:00:00,Kolkata-Gauge-1,2,urban,unconsolidated_sediment,0,0.010592099557529254,0,LOW
2024-03-09 22:00:00,Guwahati-Gauge-1,3,cropland,sedimentary,0,0.010592099557529254,0,LOW
2024-03-09 22:00:00,Sonapur-Gauge-1,4,forest,unconsolidated_sediment,0,0.010592099557529254,0,LOW
2024-03-09 23:00:00,Chamoli-Gauge-1,1,sparse_vegetation,fractured_metamorphic,0,0.012473716562383528,0,LOW
2024-03-09 23:00:00,Kolkata-Gauge-1,2,urban,unconsolidated_sediment,0,0.010592099557529254,0,LOW
2024-03-09 23:00:00,Guwahati-Gauge-1,3,cropland,sedimentary,0,0.010592099557529254,0,LOW
2024-03-09 23:00:00,Sonapur-Gauge-1,4,forest,unconsolidated_sediment,0,0.010592099557529254,0,LOW
2024-03-10 00:00:00,Chamoli-Gauge-1,1,sparse_vegetation,fractured_metamorphic,0,0.012252845887094146,0,LOW
2024-03-10 00:00:00,Kolkata-Gauge-1,2,urban,unconsolidated_sediment,0,0.010592099557529254,0,LOW
2024-03-10 00:00:00,Guwahati-Gauge-1,3,cropland,sedimentary,0,0.010592099557529254,0,LOW
2024-03-10 00:00:00,Sonapur-Gauge-1,4,forest,unconsolidated_sediment,0,0.010592099557529254,0,LOW
2024-03-10 01:00:00,Chamoli-Gauge-1,1,sparse_vegetation,fractured_metamorphic,0,0.01275566860768954,0,LOW
2024-03-10 01:00:00,Kolkata-Gauge-1,2,urban,unconsolidated_sediment,0,0.010592099557529254,0,LOW
2024-03-10 01:00:00,Guwahati-Gauge-1,3,cropland,sedimentary,0,0.010592099557529254,0,LOW
2024-03-10 01:00:00,Sonapur-Gauge-1,4,forest,unconsolidated_sediment,0,0.010592099557529254,0,LOW
2024-03-10 02:00:00,Chamoli-Gauge-1,1,sparse_vegetation,fractured_metamorphic,0,0.027434200139259856,0,LOW
2024-03-10 02:00:00,Kolkata-Gauge-1,2,urban,unconsolidated_sediment,0,0.010592099557529254,0,LOW
2024-03-10 02:00:00,Guwahati-Gauge-1,3,cropland,sedimentary,0,0.010592099557529254,0,LOW
2024-03-10 02:00:00,Sonapur-Gauge-1,4,forest,unconsolidated_sediment,0,0.010592099557529254,0,LOW
2024-03-10 03:00:00,Chamoli-Gauge-1,1,sparse_vegetation,fractured_metamorphic,0,0.051506610251955284,0,LOW
2024-03-10 03:00:00,Kolkata-Gauge-1,2,urban,unconsolidated_sediment,0,0.010592099557529254,0,LOW
2024-03-10 03:00:00,Guwahati-Gauge-1,3,cropland,sedimentary,0,0.010592099557529254,0,LOW
2024-03-10 03:00:00,Sonapur-Gauge-1,4,forest,unconsolidated_sediment,0,0.010592099557529254,0,LOW
2024-03-10 04:00:00,Chamoli-Gauge-1,1,sparse_vegetation,fractured_metamorphic,0,0.026396355097949225,0,LOW
2024-03-10 04:00:00,Kolkata-Gauge-1,2,urban,unconsolidated_sediment,0,0.010592099557529254,0,LOW
2024-03-10 04:00:00,Guwahati-Gauge-1,3,cropland,sedimentary,0,0.010592099557529254,0,LOW
2024-03-10 04:00:00,Sonapur-Gauge-1,4,forest,unconsolidated_sediment,0,0.010592099557529254,0,LOW
2024-03-10 05:00:00,Chamoli-Gauge-1,1,sparse_vegetation,fractured_metamorphic,0,0.01439583122450546,0,LOW
2024-03-10 05:00:00,Kolkata-Gauge-1,2,urban,unconsolidated_sediment,0,0.010592099557529254,0,LOW
2024-03-10 05:00:00,Guwahati-Gauge-1,3,cropland,sedimentary,0,0.010592099557529254,0,LOW
2024-03-10 05:00:00,Sonapur-Gauge-1,4,forest,unconsolidated_sediment,0,0.010592099557529254,0,LOW
2024-03-10 06:00:00,Chamoli-Gauge-1,1,sparse_vegetation,fractured_metamorphic,0,0.020995404502891172,0,LOW
2024-03-10 06:00:00,Kolkata-Gauge-1,2,urban,unconsolidated_sediment,0,0.010592099557529254,0,LOW
2024-03-10 06:00:00,Guwahati-Gauge-1,3,cropland,sedimentary,0,0.010592099557529254,0,LOW
2024-03-10 06:00:00,Sonapur-Gauge-1,4,forest,unconsolidated_sediment,0,0.010592099557529254,0,LOW
2024-03-10 07:00:00,Chamoli-Gauge-1,1,sparse_vegetation,fractured_metamorphic,0,0.02376489282152422,0,LOW
2024-03-10 07:00:00,Kolkata-Gauge-1,2,urban,unconsolidated_sediment,0,0.010592099557529254,0,LOW
2024-03-10 07:00:00,Guwahati-Gauge-1,3,cropland,sedimentary,0,0.010592099557529254,0,LOW
2024-03-10 07:00:00,Sonapur-Gauge-1,4,forest,unconsolidated_sediment,0,0.010592099557529254,0,LOW
2024-03-10 08:00:00,Chamoli-Gauge-1,1,sparse_vegetation,fractured_metamorphic,0,0.02406723771135854,0,LOW
2024-03-10 08:00:00,Kolkata-Gauge-1,2,urban,unconsolidated_sediment,0,0.01075243701362935,0,LOW
2024-03-10 08:00:00,Guwahati-Gauge-1,3,cropland,sedimentary,0,0.010764486162566814,0,LOW
2024-03-10 08:00:00,Sonapur-Gauge-1,4,forest,unconsolidated_sediment,0,0.010592099557529254,0,LOW
2024-03-10 09:00:00,Chamoli-Gauge-1,1,sparse_vegetation,fractured_metamorphic,1,0.19435399375225654,0,LOW
2024-03-10 09:00:00,Kolkata-Gauge-1,2,urban,unconsolidated_sediment,0,0.010592099557529254,0,LOW
2024-03-10 09:00:00,Guwahati-Gauge-1,3,cropland,sedimentary,0,0.010764486162566814,0,LOW
2024-03-10 09:00:00,Sonapur-Gauge-1,4,forest,unconsolidated_sediment,0,0.010592099557529254,0,LOW
2024-03-10 10:00:00,Chamoli-Gauge-1,1,sparse_vegetation,fractured_metamorphic,0,0.033102437474065396,0,LOW
2024-03-10 10:00:00,Kolkata-Gauge-1,2,urban,unconsolidated_sediment,0,0.010592099557529254,0,LOW
2024-03-10 10:00:00,Guwahati-Gauge-1,3,cropland,sedimentary,0,0.010592099557529254,0,LOW
2024-03-10 10:00:00,Sonapur-Gauge-1,4,forest,unconsolidated_sediment,0,0.010592099557529254,0,LOW
2024-03-10 11:00:00,Chamoli-Gauge-1,1,sparse_vegetation,fractured_metamorphic,0,0.03130886647844331,0,LOW
2024-03-10 11:00:00,Kolkata-Gauge-1,2,urban,unconsolidated_sediment,0,0.010592099557529254,0,LOW
2024-03-10 11:00:00,Guwahati-Gauge-1,3,cropland,sedimentary,0,0.010814532492452955,0,LOW
2024-03-10 11:00:00,Sonapur-Gauge-1,4,forest,unconsolidated_sediment,0,0.010592099557529254,0,LOW
2024-03-10 12:00:00,Chamoli-Gauge-1,1,sparse_vegetation,fractured_metamorphic,0,0.013454506103142258,0,LOW
2024-03-10 12:00:00,Kolkata-Gauge-1,2,urban,unconsolidated_sediment,0,0.011480148155069616,0,LOW
2024-03-10 12:00:00,Guwahati-Gauge-1,3,cropland,sedimentary,0,0.010814532492452955,0,LOW
2024-03-10 12:00:00,Sonapur-Gauge-1,4,forest,unconsolidated_sediment,0,0.010592099557529254,0,LOW
2024-03-10 13:00:00,Chamoli-Gauge-1,1,sparse_vegetation,fractured_metamorphic,0,0.011388547046903395,0,LOW
2024-03-10 13:00:00,Kolkata-Gauge-1,2,urban,unconsolidated_sediment,0,0.011238181542607216,0,LOW
2024-03-10 13:00:00,Guwahati-Gauge-1,3,cropland,sedimentary,0,0.010814532492452955,0,LOW
2024-03-10 13:00:00,Sonapur-Gauge-1,4,forest,unconsolidated_sediment,0,0.010592099557529254,0,LOW
2024-03-10 14:00:00,Chamoli-Gauge-1,1,sparse_vegetation,fractured_metamorphic,0,0.011388547046903395,0,LOW
2024-03-10 14:00:00,Kolkata-Gauge-1,2,urban,unconsolidated_sediment,0,0.0110143319075841,0,LOW
2024-03-10 14:00:00,Guwahati-Gauge-1,3,cropland,sedimentary,0,0.010592099557529254,0,LOW
2024-03-10 14:00:00,Sonapur-Gauge-1,4,forest,unconsolidated_sediment,0,0.010592099557529254,0,LOW
2024-03-10 15:00:00,Chamoli-Gauge-1,1,sparse_vegetation,fractured_metamorphic,0,0.011388547046903395,0,LOW
2024-03-10 15:00:00,Kolkata-Gauge-1,2,urban,unconsolidated_sediment,0,0.010592099557529254,0,LOW
2024-03-10 15:00:00,Guwahati-Gauge-1,3,cropland,sedimentary,0,0.010592099557529254,0,LOW
2024-03-10 15:00:00,Sonapur-Gauge-1,4,forest,unconsolidated_sediment,0,0.010592099557529254,0,LOW
2024-03-10 16:00:00,Chamoli-Gauge-1,1,sparse_vegetation,fractured_metamorphic,0,0.011388547046903395,0,LOW
2024-03-10 16:00:00,Kolkata-Gauge-1,2,urban,unconsolidated_sediment,0,0.010592099557529254,0,LOW
2024-03-10 16:00:00,Guwahati-Gauge-1,3,cropland,sedimentary,0,0.010807234419167986,0,LOW
2024-03-10 16:00:00,Sonapur-Gauge-1,4,forest,unconsolidated_sediment,0,0.010592099557529254,0,LOW
2024-03-10 17:00:00,Chamoli-Gauge-1,1,sparse_vegetation,fractured_metamorphic,0,0.011388547046903395,0,LOW
2024-03-10 17:00:00,Kolkata-Gauge-1,2,urban,unconsolidated_sediment,0,0.010592099557529254,0,LOW
2024-03-10 17:00:00,Guwahati-Gauge-1,3,cropland,sedimentary,0,0.01154551393987971,0,LOW
2024-03-10 17:00:00,Sonapur-Gauge-1,4,forest,unconsolidated_sediment,0,0.010592099557529254,0,LOW
2024-03-10 18:00:00,Chamoli-Gauge-1,1,sparse_vegetation,fractured_metamorphic,0,0.01084665270240028,0,LOW
2024-03-10 18:00:00,Kolkata-Gauge-1,2,urban,unconsolidated_sediment,0,0.011014374758647806,0,LOW
2024-03-10 18:00:00,Guwahati-Gauge-1,3,cropland,sedimentary,0,0.011241475094077226,0,LOW
2024-03-10 18:00:00,Sonapur-Gauge-1,4,forest,unconsolidated_sediment,0,0.010592099557529254,0,LOW
2024-03-10 19:00:00,Chamoli-Gauge-1,1,sparse_vegetation,fractured_metamorphic,0,0.01084665270240028,0,LOW
2024-03-10 19:00:00,Kolkata-Gauge-1,2,urban,unconsolidated_sediment,0,0.012023763907037447,0,LOW
2024-03-10 19:00:00,Guwahati-Gauge-1,3,cropland,sedimentary,0,0.011412563098737068,0,LOW
2024-03-10 19:00:00,Sonapur-Gauge-1,4,forest,unconsolidated_sediment,0,0.010592099557529254,0,LOW
2024-03-10 20:00:00,Chamoli-Gauge-1,1,sparse_vegetation,fractured_metamorphic,0,0.012285541938311427,0,LOW
2024-03-10 20:00:00,Kolkata-Gauge-1,2,urban,unconsolidated_sediment,0,0.010592099557529254,0,LOW
2024-03-10 20:00:00,Guwahati-Gauge-1,3,cropland,sedimentary,0,0.011528606112763627,0,LOW
2024-03-10 20:00:00,Sonapur-Gauge-1,4,forest,unconsolidated_sediment,0,0.010592099557529254,0,LOW
2024-03-10 21:00:00,Chamoli-Gauge-1,1,sparse_vegetation,fractured_metamorphic,0,0.016831269390304555,0,LOW
2024-03-10 21:00:00,Kolkata-Gauge-1,2,urban,unconsolidated_sediment,0,0.010592099557529254,0,LOW
2024-03-10 21:00:00,Guwahati-Gauge-1,3,cropland,sedimentary,0,0.011528606112763627,0,LOW
2024-03-10 21:00:00,Sonapur-Gauge-1,4,forest,unconsolidated_sediment,0,0.010592099557529254,0,LOW
2024-03-10 22:00:00,Chamoli-Gauge-1,1,sparse_vegetation,fractured_metamorphic,0,0.01184543664263888,0,LOW
2024-03-10 22:00:00,Kolkata-Gauge-1,2,urban,unconsolidated_sediment,0,0.010592099557529254,0,LOW
2024-03-10 22:00:00,Guwahati-Gauge-1,3,cropland,sedimentary,0,0.01782019411521306,0,LOW
2024-03-10 22:00:00,Sonapur-Gauge-1,4,forest,unconsolidated_sediment,0,0.010592099557529254,0,LOW
2024-03-10 23:00:00,Chamoli-Gauge-1,1,sparse_vegetation,fractured_metamorphic,0,0.010870522575532468,0,LOW
2024-03-10 23:00:00,Kolkata-Gauge-1,2,urban,unconsolidated_sediment,0,0.010592099557529254,0,LOW
2024-03-10 23:00:00,Guwahati-Gauge-1,3,cropland,sedimentary,0,0.01563096354764387,0,LOW
2024-03-10 23:00:00,Sonapur-Gauge-1,4,forest,unconsolidated_sediment,0,0.010592099557529254,0,LOW
2024-03-11 00:00:00,Chamoli-Gauge-1,1,sparse_vegetation,fractured_metamorphic,0,0.011169759774831766,0,LOW
2024-03-11 00:00:00,Kolkata-Gauge-1,2,urban,unconsolidated_sediment,0,0.010592099557529254,0,LOW
2024-03-11 00:00:00,Guwahati-Gauge-1,3,cropland,sedimentary,0,0.01663775486756547,0,LOW
2024-03-11 00:00:00,Sonapur-Gauge-1,4,forest,unconsolidated_sediment,0,0.010592099557529254,0,LOW
2024-03-11 01:00:00,Chamoli-Gauge-1,1,sparse_vegetation,fractured_metamorphic,0,0.011169759774831766,0,LOW
2024-03-11 01:00:00,Kolkata-Gauge-1,2,urban,unconsolidated_sediment,0,0.01079621257172582,0,LOW
2024-03-11 01:00:00,Guwahati-Gauge-1,3,cropland,sedimentary,0,0.011791935500728015,0,LOW
2024-03-11 01:00:00,Sonapur-Gauge-1,4,forest,unconsolidated_sediment,0,0.010592099557529254,0,LOW
2024-03-11 02:00:00,Chamoli-Gauge-1,1,sparse_vegetation,fractured_metamorphic,0,0.011169759774831766,0,LOW
2024-03-11 02:00:00,Kolkata-Gauge-1,2,urban,unconsolidated_sediment,0,0.01079621257172582,0,LOW
2024-03-11 02:00:00,Guwahati-Gauge-1,3,cropland,sedimentary,0,0.01180896641899079,0,LOW
2024-03-11 02:00:00,Sonapur-Gauge-1,4,forest,unconsolidated_sediment,0,0.010592099557529254,0,LOW
2024-03-11 03:00:00,Chamoli-Gauge-1,1,sparse_vegetation,fractured_metamorphic,0,0.011167651802060268,0,LOW
2024-03-11 03:00:00,Kolkata-Gauge-1,2,urban,unconsolidated_sediment,0,0.01079621257172582,0,LOW
2024-03-11 03:00:00,Guwahati-Gauge-1,3,cropland,sedimentary,0,0.01180896641899079,0,LOW
2024-03-11 03:00:00,Sonapur-Gauge-1,4,forest,unconsolidated_sediment,0,0.010592099557529254,0,LOW
2024-03-11 04:00:00,Chamoli-Gauge-1,1,sparse_vegetation,fractured_metamorphic,0,0.011167651802060268,0,LOW
2024-03-11 04:00:00,Kolkata-Gauge-1,2,urban,unconsolidated_sediment,0,0.010740436247258166,0,LOW
2024-03-11 04:00:00,Guwahati-Gauge-1,3,cropland,sedimentary,0,0.011925615251076995,0,LOW
2024-03-11 04:00:00,Sonapur-Gauge-1,4,forest,unconsolidated_sediment,0,0.010592099557529254,0,LOW
2024-03-11 05:00:00,Chamoli-Gauge-1,1,sparse_vegetation,fractured_metamorphic,0,0.011167651802060268,0,LOW
2024-03-11 05:00:00,Kolkata-Gauge-1,2,urban,unconsolidated_sediment,0,0.010740436247258166,0,LOW
2024-03-11 05:00:00,Guwahati-Gauge-1,3,cropland,sedimentary,0,0.011371438503602541,0,LOW
2024-03-11 05:00:00,Sonapur-Gauge-1,4,forest,unconsolidated_sediment,0,0.010592099557529254,0,LOW
2024-03-11 06:00:00,Chamoli-Gauge-1,1,sparse_vegetation,fractured_metamorphic,0,0.01099316285177152,0,LOW
2024-03-11 06:00:00,Kolkata-Gauge-1,2,urban,unconsolidated_sediment,0,0.01099882621645718,0,LOW
2024-03-11 06:00:00,Guwahati-Gauge-1,3,cropland,sedimentary,0,0.011002609122815967,0,LOW
2024-03-11 06:00:00,Sonapur-Gauge-1,4,forest,unconsolidated_sediment,0,0.010592099557529254,0,LOW
2024-03-11 07:00:00,Chamoli-Gauge-1,1,sparse_vegetation,fractured_metamorphic,0,0.010778662270844789,0,LOW
2024-03-11 07:00:00,Kolkata-Gauge-1,2,urban,unconsolidated_sediment,0,0.010592099557529254,0,LOW
2024-03-11 07:00:00,Guwahati-Gauge-1,3,cropland,sedimentary,0,0.011002609122815967,0,LOW
2024-03-11 07:00:00,Sonapur-Gauge-1,4,forest,unconsolidated_sediment,0,0.010592099557529254,0,LOW
2024-03-11 08:00:00,Chamoli-Gauge-1,1,sparse_vegetation,fractured_metamorphic,0,0.010778662270844789,0,LOW
2024-03-11 08:00:00,Kolkata-Gauge-1,2,urban,unconsolidated_sediment,0,0.014857393534856045,0,LOW
2024-03-11 08:00:00,Guwahati-Gauge-1,3,cropland,sedimentary,0,0.010592099557529254,0,LOW
2024-03-11 08:00:00,Sonapur-Gauge-1,4,forest,unconsolidated_sediment,0,0.010592099557529254,0,LOW
2024-03-11 09:00:00,Chamoli-Gauge-1,1,sparse_vegetation,fractured_metamorphic,0,0.010778662270844789,0,LOW
2024-03-11 09:00:00,Kolkata-Gauge-1,2,urban,unconsolidated_sediment,0,0.011804406929928218,0,LOW
2024-03-11 09:00:00,Guwahati-Gauge-1,3,cropland,sedimentary,0,0.010592099557529254,0,LOW
2024-03-11 09:00:00,Sonapur-Gauge-1,4,forest,unconsolidated_sediment,0,0.010592099557529254,0,LOW
2024-03-11 10:00:00,Chamoli-Gauge-1,1,sparse_vegetation,fractured_metamorphic,0,0.010778662270844789,0,LOW
2024-03-11 10:00:00,Kolkata-Gauge-1,2,urban,unconsolidated_sediment,0,0.014004639314517656,0,LOW
2024-03-11 10:00:00,Guwahati-Gauge-1,3,cropland,sedimentary,0,0.010761422775426518,0,LOW
2024-03-11 10:00:00,Sonapur-Gauge-1,4,forest,unconsolidated_sediment,0,0.010592099557529254,0,LOW
2024-03-11 11:00:00,Chamoli-Gauge-1,1,sparse_vegetation,fractured_metamorphic,0,0.010778662270844789,0,LOW
2024-03-11 11:00:00,Kolkata-Gauge-1,2,urban,unconsolidated_sediment,0,0.015256562595328751,0,LOW
2024-03-11 11:00:00,Guwahati-Gauge-1,3,cropland,sedimentary,0,0.010761422775426518,0,LOW
2024-03-11 11:00:00,Sonapur-Gauge-1,4,forest,unconsolidated_sediment,0,0.010592099557529254,0,LOW
2024-03-11 12:00:00,Chamoli-Gauge-1,1,sparse_vegetation,fractured_metamorphic,0,0.013749023465064646,0,LOW
2024-03-11 12:00:00,Kolkata-Gauge-1,2,urban,unconsolidated_sediment,0,0.012070772095194714,0,LOW
2024-03-11 12:00:00,Guwahati-Gauge-1,3,cropland,sedimentary,0,0.011111342944397404,0,LOW
2024-03-11 12:00:00,Sonapur-Gauge-1,4,forest,unconsolidated_sediment,0,0.010592099557529254,0,LOW
2024-03-11 13:00:00,Chamoli-Gauge-1,1,sparse_vegetation,fractured_metamorphic,0,0.01269615216640685,0,LOW
2024-03-11 13:00:00,Kolkata-Gauge-1,2,urban,unconsolidated_sediment,0,0.010785611737268089,0,LOW
2024-03-11 13:00:00,Guwahati-Gauge-1,3,cropland,sedimentary,0,0.010592099557529254,0,LOW
2024-03-11 13:00:00,Sonapur-Gauge-1,4,forest,unconsolidated_sediment,0,0.010592099557529254,0,LOW
2024-03-11 14:00:00,Chamoli-Gauge-1,1,sparse_vegetation,fractured_metamorphic,0,0.01227020564558319,0,LOW
2024-03-11 14:00:00,Kolkata-Gauge-1,2,urban,unconsolidated_sediment,0,0.010659976586713518,0,LOW
2024-03-11 14:00:00,Guwahati-Gauge-1,3,cropland,sedimentary,0,0.010592099557529254,0,LOW
2024-03-11 14:00:00,Sonapur-Gauge-1,4,forest,unconsolidated_sediment,0,0.010592099557529254,0,LOW
2024-03-11 15:00:00,Chamoli-Gauge-1,1,sparse_vegetation,fractured_metamorphic,0,0.011536914153196716,0,LOW
2024-03-11 15:00:00,Kolkata-Gauge-1,2,urban,unconsolidated_sediment,0,0.010875073919970285,0,LOW
2024-03-11 15:00:00,Guwahati-Gauge-1,3,cropland,sedimentary,0,0.010951025908904925,0,LOW
2024-03-11 15:00:00,Sonapur-Gauge-1,4,forest,unconsolidated_sediment,0,0.010592099557529254,0,LOW
2024-03-11 16:00:00,Chamoli-Gauge-1,1,sparse_vegetation,fractured_metamorphic,0,0.011184215361262259,0,LOW
2024-03-11 16:00:00,Kolkata-Gauge-1,2,urban,unconsolidated_sediment,0,0.012323312624808356,0,LOW
2024-03-11 16:00:00,Guwahati-Gauge-1,3,cropland,sedimentary,0,0.010592099557529254,0,LOW
2024-03-11 16:00:00,Sonapur-Gauge-1,4,forest,unconsolidated_sediment,0,0.010592099557529254,0,LOW
2024-03-11 17:00:00,Chamoli-Gauge-1,1,sparse_vegetation,fractured_metamorphic,0,0.011184215361262259,0,LOW
2024-03-11 17:00:00,Kolkata-Gauge-1,2,urban,unconsolidated_sediment,0,0.011826554111599007,0,LOW
2024-03-11 17:00:00,Guwahati-Gauge-1,3,cropland,sedimentary,0,0.010843957544667337,0,LOW
2024-03-11 17:00:00,Sonapur-Gauge-1,4,forest,unconsolidated_sediment,0,0.010592099557529254,0,LOW
2024-03-11 18:00:00,Chamoli-Gauge-1,1,sparse_vegetation,fractured_metamorphic,0,0.011085056107893345,0,LOW
2024-03-11 18:00:00,Kolkata-Gauge-1,2,urban,unconsolidated_sediment,0,0.012198654788394192,0,LOW
2024-03-11 18:00:00,Guwahati-Gauge-1,3,cropland,sedimentary,0,0.010843957544667337,0,LOW
2024-03-11 18:00:00,Sonapur-Gauge-1,4,forest,unconsolidated_sediment,0,0.010592099557529254,0,LOW
2024-03-11 19:00:00,Chamoli-Gauge-1,1,sparse_vegetation,fractured_metamorphic,0,0.011291957104148136,0,LOW
2024-03-11 19:00:00,Kolkata-Gauge-1,2,urban,unconsolidated_sediment,0,0.010753710231071306,0,LOW
2024-03-11 19:00:00,Guwahati-Gauge-1,3,cropland,sedimentary,0,0.010843957544667337,0,LOW
2024-03-11 19:00:00,Sonapur-Gauge-1,4,forest,unconsolidated_sediment,0,0.010592099557529254,0,LOW
2024-03-11 20:00:00,Chamoli-Gauge-1,1,sparse_vegetation,fractured_metamorphic,0,0.01088339691125823,0,LOW
2024-03-11 20:00:00,Kolkata-Gauge-1,2,urban,unconsolidated_sediment,0,0.010740436247258166,0,LOW
2024-03-11 20:00:00,Guwahati-Gauge-1,3,cropland,sedimentary,0,0.010843957544667337,0,LOW
2024-03-11 20:00:00,Sonapur-Gauge-1,4,forest,unconsolidated_sediment,0,0.010592099557529254,0,LOW
2024-03-11 21:00:00,Chamoli-Gauge-1,1,sparse_vegetation,fractured_metamorphic,0,0.01098749663459027,0,LOW
2024-03-11 21:00:00,Kolkata-Gauge-1,2,urban,unconsolidated_sediment,0,0.010740436247258166,0,LOW
2024-03-11 21:00:00,Guwahati-Gauge-1,3,cropland,sedimentary,0,0.010843957544667337,0,LOW
2024-03-11 21:00:00,Sonapur-Gauge-1,4,forest,unconsolidated_sediment,0,0.010592099557529254,0,LOW
2024-03-11 22:00:00,Chamoli-Gauge-1,1,sparse_vegetation,fractured_metamorphic,0,0.01098749663459027,0,LOW
2024-03-11 22:00:00,Kolkata-Gauge-1,2,urban,unconsolidated_sediment,0,0.010592099557529254,0,LOW
2024-03-11 22:00:00,Guwahati-Gauge-1,3,cropland,sedimentary,0,0.010592099557529254,0,LOW
2024-03-11 22:00:00,Sonapur-Gauge-1,4,forest,unconsolidated_sediment,0,0.010592099557529254,0,LOW
2024-03-11 23:00:00,Chamoli-Gauge-1,1,sparse_vegetation,fractured_metamorphic,0,0.01098749663459027,0,LOW
2024-03-11 23:00:00,Kolkata-Gauge-1,2,urban,unconsolidated_sediment,0,0.010908532143831891,0,LOW
2024-03-11 23:00:00,Guwahati-Gauge-1,3,cropland,sedimentary,0,0.010592099557529254,0,LOW
2024-03-11 23:00:00,Sonapur-Gauge-1,4,forest,unconsolidated_sediment,0,0.010592099557529254,0,LOW
2024-03-12 00:00:00,Chamoli-Gauge-1,1,sparse_vegetation,fractured_metamorphic,0,0.010649585855802923,0,LOW
2024-03-12 00:00:00,Kolkata-Gauge-1,2,urban,unconsolidated_sediment,0,0.010592099557529254,0,LOW
2024-03-12 00:00:00,Guwahati-Gauge-1,3,cropland,sedimentary,0,0.010592099557529254,0,LOW
2024-03-12 00:00:00,Sonapur-Gauge-1,4,forest,unconsolidated_sediment,0,0.010592099557529254,0,LOW
2024-03-12 01:00:00,Chamoli-Gauge-1,1,sparse_vegetation,fractured_metamorphic,0,0.010649585855802923,0,LOW
2024-03-12 01:00:00,Kolkata-Gauge-1,2,urban,unconsolidated_sediment,0,0.010592099557529254,0,LOW
2024-03-12 01:00:00,Guwahati-Gauge-1,3,cropland,sedimentary,0,0.010592099557529254,0,LOW
2024-03-12 01:00:00,Sonapur-Gauge-1,4,forest,unconsolidated_sediment,0,0.010592099557529254,0,LOW
2024-03-12 02:00:00,Chamoli-Gauge-1,1,sparse_vegetation,fractured_metamorphic,0,0.010774557082936146,0,LOW
2024-03-12 02:00:00,Kolkata-Gauge-1,2,urban,unconsolidated_sediment,0,0.010760651134509696,0,LOW
2024-03-12 02:00:00,Guwahati-Gauge-1,3,cropland,sedimentary,0,0.010592099557529254,0,LOW
2024-03-12 02:00:00,Sonapur-Gauge-1,4,forest,unconsolidated_sediment,0,0.010592099557529254,0,LOW
2024-03-12 03:00:00,Chamoli-Gauge-1,1,sparse_vegetation,fractured_metamorphic,0,0.010968088084620124,0,LOW
2024-03-12 03:00:00,Kolkata-Gauge-1,2,urban,unconsolidated_sediment,0,0.010592099557529254,0,LOW
2024-03-12 03:00:00,Guwahati-Gauge-1,3,cropland,sedimentary,0,0.010592099557529254,0,LOW
2024-03-12 03:00:00,Sonapur-Gauge-1,4,forest,unconsolidated_sediment,0,0.010592099557529254,0,LOW
2024-03-12 04:00:00,Chamoli-Gauge-1,1,sparse_vegetation,fractured_metamorphic,0,0.010774618329244963,0,LOW
2024-03-12 04:00:00,Kolkata-Gauge-1,2,urban,unconsolidated_sediment,0,0.010592099557529254,0,LOW
2024-03-12 04:00:00,Guwahati-Gauge-1,3,cropland,sedimentary,0,0.010592099557529254,0,LOW
2024-03-12 04:00:00,Sonapur-Gauge-1,4,forest,unconsolidated_sediment,0,0.010592099557529254,0,LOW
2024-03-12 05:00:00,Chamoli-Gauge-1,1,sparse_vegetation,fractured_metamorphic,0,0.010592099557529254,0,LOW
2024-03-12 05:00:00,Kolkata-Gauge-1,2,urban,unconsolidated_sediment,0,0.011165142003918205,0,LOW
2024-03-12 05:00:00,Guwahati-Gauge-1,3,cropland,sedimentary,0,0.010592099557529254,0,LOW
2024-03-12 05:00:00,Sonapur-Gauge-1,4,forest,unconsolidated_sediment,0,0.010592099557529254,0,LOW
2024-03-12 06:00:00,Chamoli-Gauge-1,1,sparse_vegetation,fractured_metamorphic,0,0.010592099557529254,0,LOW
2024-03-12 06:00:00,Kolkata-Gauge-1,2,urban,unconsolidated_sediment,0,0.010592099557529254,0,LOW
2024-03-12 06:00:00,Guwahati-Gauge-1,3,cropland,sedimentary,0,0.010790908271378939,0,LOW
2024-03-12 06:00:00,Sonapur-Gauge-1,4,forest,unconsolidated_sediment,0,0.010592099557529254,0,LOW
2024-03-12 07:00:00,Chamoli-Gauge-1,1,sparse_vegetation,fractured_metamorphic,0,0.010592099557529254,0,LOW
2024-03-12 07:00:00,Kolkata-Gauge-1,2,urban,unconsolidated_sediment,0,0.010592099557529254,0,LOW
2024-03-12 07:00:00,Guwahati-Gauge-1,3,cropland,sedimentary,0,0.010592099557529254,0,LOW
2024-03-12 07:00:00,Sonapur-Gauge-1,4,forest,unconsolidated_sediment,0,0.010592099557529254,0,LOW
2024-03-12 08:00:00,Chamoli-Gauge-1,1,sparse_vegetation,fractured_metamorphic,0,0.010775848549256227,0,LOW
2024-03-12 08:00:00,Kolkata-Gauge-1,2,urban,unconsolidated_sediment,0,0.01061297605656985,0,LOW
2024-03-12 08:00:00,Guwahati-Gauge-1,3,cropland,sedimentary,0,0.010592099557529254,0,LOW
2024-03-12 08:00:00,Sonapur-Gauge-1,4,forest,unconsolidated_sediment,0,0.010592099557529254,0,LOW
2024-03-12 09:00:00,Chamoli-Gauge-1,1,sparse_vegetation,fractured_metamorphic,0,0.01163412777607522,0,LOW
2024-03-12 09:00:00,Kolkata-Gauge-1,2,urban,unconsolidated_sediment,0,0.01061297605656985,0,LOW
2024-03-12 09:00:00,Guwahati-Gauge-1,3,cropland,sedimentary,0,0.010592099557529254,0,LOW
2024-03-12 09:00:00,Sonapur-Gauge-1,4,forest,unconsolidated_sediment,0,0.010592099557529254,0,LOW
2024-03-12 10:00:00,Chamoli-Gauge-1,1,sparse_vegetation,fractured_metamorphic,0,0.010894424771572335,0,LOW
2024-03-12 10:00:00,Kolkata-Gauge-1,2,urban,unconsolidated_sediment,0,0.010592099557529254,0,LOW
2024-03-12 10:00:00,Guwahati-Gauge-1,3,cropland,sedimentary,0,0.010592099557529254,0,LOW
2024-03-12 10:00:00,Sonapur-Gauge-1,4,forest,unconsolidated_sediment,0,0.010592099557529254,0,LOW
2024-03-12 11:00:00,Chamoli-Gauge-1,1,sparse_vegetation,fractured_metamorphic,0,0.010894424771572335,0,LOW
2024-03-12 11:00:00,Kolkata-Gauge-1,2,urban,unconsolidated_sediment,0,0.010592099557529254,0,LOW
2024-03-12 11:00:00,Guwahati-Gauge-1,3,cropland,sedimentary,0,0.010592099557529254,0,LOW
2024-03-12 11:00:00,Sonapur-Gauge-1,4,forest,unconsolidated_sediment,0,0.010592099557529254,0,LOW
2024-03-12 12:00:00,Chamoli-Gauge-1,1,sparse_vegetation,fractured_metamorphic,0,0.010592099557529254,0,LOW
2024-03-12 12:00:00,Kolkata-Gauge-1,2,urban,unconsolidated_sediment,0,0.010592099557529254,0,LOW
2024-03-12 12:00:00,Guwahati-Gauge-1,3,cropland,sedimentary,0,0.010592099557529254,0,LOW
2024-03-12 12:00:00,Sonapur-Gauge-1,4,forest,unconsolidated_sediment,0,0.010592099557529254,0,LOW
2024-03-12 13:00:00,Chamoli-Gauge-1,1,sparse_vegetation,fractured_metamorphic,0,0.010592099557529254,0,LOW
2024-03-12 13:00:00,Kolkata-Gauge-1,2,urban,unconsolidated_sediment,0,0.010592099557529254,0,LOW
2024-03-12 13:00:00,Guwahati-Gauge-1,3,cropland,sedimentary,0,0.010592099557529254,0,LOW
2024-03-12 13:00:00,Sonapur-Gauge-1,4,forest,unconsolidated_sediment,0,0.010592099557529254,0,LOW
2024-03-12 14:00:00,Chamoli-Gauge-1,1,sparse_vegetation,fractured_metamorphic,0,0.010649585855802923,0,LOW
2024-03-12 14:00:00,Kolkata-Gauge-1,2,urban,unconsolidated_sediment,0,0.010592099557529254,0,LOW
2024-03-12 14:00:00,Guwahati-Gauge-1,3,cropland,sedimentary,0,0.010592099557529254,0,LOW
2024-03-12 14:00:00,Sonapur-Gauge-1,4,forest,unconsolidated_sediment,0,0.010592099557529254,0,LOW
2024-03-12 15:00:00,Chamoli-Gauge-1,1,sparse_vegetation,fractured_metamorphic,0,0.010680610133130352,0,LOW
2024-03-12 15:00:00,Kolkata-Gauge-1,2,urban,unconsolidated_sediment,0,0.010592099557529254,0,LOW
2024-03-12 15:00:00,Guwahati-Gauge-1,3,cropland,sedimentary,0,0.010592099557529254,0,LOW
2024-03-12 15:00:00,Sonapur-Gauge-1,4,forest,unconsolidated_sediment,0,0.010592099557529254,0,LOW
2024-03-12 16:00:00,Chamoli-Gauge-1,1,sparse_vegetation,fractured_metamorphic,0,0.0576608969392369,0,LOW
2024-03-12 16:00:00,Kolkata-Gauge-1,2,urban,unconsolidated_sediment,0,0.010592099557529254,0,LOW
2024-03-12 16:00:00,Guwahati-Gauge-1,3,cropland,sedimentary,0,0.010592099557529254,0,LOW
2024-03-12 16:00:00,Sonapur-Gauge-1,4,forest,unconsolidated_sediment,0,0.010592099557529254,0,LOW
2024-03-12 17:00:00,Chamoli-Gauge-1,1,sparse_vegetation,fractured_metamorphic,0,0.014378875583966977,0,LOW
2024-03-12 17:00:00,Kolkata-Gauge-1,2,urban,unconsolidated_sediment,0,0.010592099557529254,0,LOW
2024-03-12 17:00:00,Guwahati-Gauge-1,3,cropland,sedimentary,0,0.010592099557529254,0,LOW
2024-03-12 17:00:00,Sonapur-Gauge-1,4,forest,unconsolidated_sediment,0,0.010592099557529254,0,LOW
2024-03-12 18:00:00,Chamoli-Gauge-1,1,sparse_vegetation,fractured_metamorphic,0,0.014410656062055095,0,LOW
2024-03-12 18:00:00,Kolkata-Gauge-1,2,urban,unconsolidated_sediment,0,0.010592099557529254,0,LOW
2024-03-12 18:00:00,Guwahati-Gauge-1,3,cropland,sedimentary,0,0.010592099557529254,0,LOW
2024-03-12 18:00:00,Sonapur-Gauge-1,4,forest,unconsolidated_sediment,0,0.010592099557529254,0,LOW
2024-03-12 19:00:00,Chamoli-Gauge-1,1,sparse_vegetation,fractured_metamorphic,0,0.02650298133137195,0,LOW
2024-03-12 19:00:00,Kolkata-Gauge-1,2,urban,unconsolidated_sediment,0,0.010592099557529254,0,LOW
2024-03-12 19:00:00,Guwahati-Gauge-1,3,cropland,sedimentary,0,0.010592099557529254,0,LOW
2024-03-12 19:00:00,Sonapur-Gauge-1,4,forest,unconsolidated_sediment,0,0.010592099557529254,0,LOW
2024-03-12 20:00:00,Chamoli-Gauge-1,1,sparse_vegetation,fractured_metamorphic,0,0.025368210247971496,0,LOW
2024-03-12 20:00:00,Kolkata-Gauge-1,2,urban,unconsolidated_sediment,0,0.010592099557529254,0,LOW
2024-03-12 20:00:00,Guwahati-Gauge-1,3,cropland,sedimentary,0,0.010592099557529254,0,LOW
2024-03-12 20:00:00,Sonapur-Gauge-1,4,forest,unconsolidated_sediment,0,0.010592099557529254,0,LOW
2024-03-12 21:00:00,Chamoli-Gauge-1,1,sparse_vegetation,fractured_metamorphic,0,0.02198705384433779,0,LOW
2024-03-12 21:00:00,Kolkata-Gauge-1,2,urban,unconsolidated_sediment,0,0.010592099557529254,0,LOW
2024-03-12 21:00:00,Guwahati-Gauge-1,3,cropland,sedimentary,0,0.010592099557529254,0,LOW
2024-03-12 21:00:00,Sonapur-Gauge-1,4,forest,unconsolidated_sediment,0,0.010592099557529254,0,LOW
2024-03-12 22:00:00,Chamoli-Gauge-1,1,sparse_vegetation,fractured_metamorphic,0,0.20383618269988033,0,LOW
2024-03-12 22:00:00,Kolkata-Gauge-1,2,urban,unconsolidated_sediment,0,0.010592099557529254,0,LOW
2024-03-12 22:00:00,Guwahati-Gauge-1,3,cropland,sedimentary,0,0.010592099557529254,0,LOW
2024-03-12 22:00:00,Sonapur-Gauge-1,4,forest,unconsolidated_sediment,0,0.010960018373529164,0,LOW
2024-03-12 23:00:00,Chamoli-Gauge-1,1,sparse_vegetation,fractured_metamorphic,0,0.03584941359945089,0,LOW
2024-03-12 23:00:00,Kolkata-Gauge-1,2,urban,unconsolidated_sediment,0,0.010592099557529254,0,LOW
2024-03-12 23:00:00,Guwahati-Gauge-1,3,cropland,sedimentary,0,0.010592099557529254,0,LOW
2024-03-12 23:00:00,Sonapur-Gauge-1,4,forest,unconsolidated_sediment,0,0.01211741245470766,0,LOW
2024-03-13 00:00:00,Chamoli-Gauge-1,1,sparse_vegetation,fractured_metamorphic,0,0.04694624472341686,0,LOW
2024-03-13 00:00:00,Kolkata-Gauge-1,2,urban,unconsolidated_sediment,0,0.010592099557529254,0,LOW
2024-03-13 00:00:00,Guwahati-Gauge-1,3,cropland,sedimentary,0,0.010592099557529254,0,LOW
2024-03-13 00:00:00,Sonapur-Gauge-1,4,forest,unconsolidated_sediment,0,0.01211741245470766,0,LOW
2024-03-13 01:00:00,Chamoli-Gauge-1,1,sparse_vegetation,fractured_metamorphic,0,0.055537852549000274,0,LOW
2024-03-13 01:00:00,Kolkata-Gauge-1,2,urban,unconsolidated_sediment,0,0.010592099557529254,0,LOW
2024-03-13 01:00:00,Guwahati-Gauge-1,3,cropland,sedimentary,0,0.010592099557529254,0,LOW
2024-03-13 01:00:00,Sonapur-Gauge-1,4,forest,unconsolidated_sediment,0,0.010592099557529254,0,LOW
2024-03-13 02:00:00,Chamoli-Gauge-1,1,sparse_vegetation,fractured_metamorphic,1,0.5308690090369718,1,MODERATE
2024-03-13 02:00:00,Kolkata-Gauge-1,2,urban,unconsolidated_sediment,0,0.010592099557529254,0,LOW
2024-03-13 02:00:00,Guwahati-Gauge-1,3,cropland,sedimentary,0,0.010592099557529254,0,LOW
2024-03-13 02:00:00,Sonapur-Gauge-1,4,forest,unconsolidated_sediment,0,0.010592099557529254,0,LOW
2024-03-13 03:00:00,Chamoli-Gauge-1,1,sparse_vegetation,fractured_metamorphic,0,0.1895286638663778,0,LOW
2024-03-13 03:00:00,Kolkata-Gauge-1,2,urban,unconsolidated_sediment,0,0.010592099557529254,0,LOW
2024-03-13 03:00:00,Guwahati-Gauge-1,3,cropland,sedimentary,0,0.010592099557529254,0,LOW
2024-03-13 03:00:00,Sonapur-Gauge-1,4,forest,unconsolidated_sediment,0,0.010592099557529254,0,LOW
2024-03-13 04:00:00,Chamoli-Gauge-1,1,sparse_vegetation,fractured_metamorphic,0,0.023392863337293446,0,LOW
2024-03-13 04:00:00,Kolkata-Gauge-1,2,urban,unconsolidated_sediment,0,0.010592099557529254,0,LOW
2024-03-13 04:00:00,Guwahati-Gauge-1,3,cropland,sedimentary,0,0.010592099557529254,0,LOW
2024-03-13 04:00:00,Sonapur-Gauge-1,4,forest,unconsolidated_sediment,0,0.010592099557529254,0,LOW
2024-03-13 05:00:00,Chamoli-Gauge-1,1,sparse_vegetation,fractured_metamorphic,0,0.02477035757286873,0,LOW
2024-03-13 05:00:00,Kolkata-Gauge-1,2,urban,unconsolidated_sediment,0,0.010592099557529254,0,LOW
2024-03-13 05:00:00,Guwahati-Gauge-1,3,cropland,sedimentary,0,0.010775786797787214,0,LOW
2024-03-13 05:00:00,Sonapur-Gauge-1,4,forest,unconsolidated_sediment,0,0.010592099557529254,0,LOW
2024-03-13 06:00:00,Chamoli-Gauge-1,1,sparse_vegetation,fractured_metamorphic,0,0.016441100736776806,0,LOW
2024-03-13 06:00:00,Kolkata-Gauge-1,2,urban,unconsolidated_sediment,0,0.010592099557529254,0,LOW
2024-03-13 06:00:00,Guwahati-Gauge-1,3,cropland,sedimentary,0,0.010592099557529254,0,LOW
2024-03-13 06:00:00,Sonapur-Gauge-1,4,forest,unconsolidated_sediment,0,0.010592099557529254,0,LOW
2024-03-13 07:00:00,Chamoli-Gauge-1,1,sparse_vegetation,fractured_metamorphic,0,0.020655001282782408,0,LOW
2024-03-13 07:00:00,Kolkata-Gauge-1,2,urban,unconsolidated_sediment,0,0.010592099557529254,0,LOW
2024-03-13 07:00:00,Guwahati-Gauge-1,3,cropland,sedimentary,0,0.010592099557529254,0,LOW
2024-03-13 07:00:00,Sonapur-Gauge-1,4,forest,unconsolidated_sediment,0,0.010807461732950222,0,LOW
2024-03-13 08:00:00,Chamoli-Gauge-1,1,sparse_vegetation,fractured_metamorphic,0,0.01723196840504114,0,LOW
2024-03-13 08:00:00,Kolkata-Gauge-1,2,urban,unconsolidated_sediment,0,0.010592099557529254,0,LOW
2024-03-13 08:00:00,Guwahati-Gauge-1,3,cropland,sedimentary,0,0.010592099557529254,0,LOW
2024-03-13 08:00:00,Sonapur-Gauge-1,4,forest,unconsolidated_sediment,1,0.6120117550638469,1,HIGH
2024-03-13 09:00:00,Chamoli-Gauge-1,1,sparse_vegetation,fractured_metamorphic,0,0.01213196059053129,0,LOW
2024-03-13 09:00:00,Kolkata-Gauge-1,2,urban,unconsolidated_sediment,0,0.010592099557529254,0,LOW
2024-03-13 09:00:00,Guwahati-Gauge-1,3,cropland,sedimentary,0,0.010592099557529254,0,LOW
2024-03-13 09:00:00,Sonapur-Gauge-1,4,forest,unconsolidated_sediment,1,0.5560497463652001,1,MODERATE
2024-03-13 10:00:00,Chamoli-Gauge-1,1,sparse_vegetation,fractured_metamorphic,0,0.01213196059053129,0,LOW
2024-03-13 10:00:00,Kolkata-Gauge-1,2,urban,unconsolidated_sediment,0,0.010592099557529254,0,LOW
2024-03-13 10:00:00,Guwahati-Gauge-1,3,cropland,sedimentary,0,0.010592099557529254,0,LOW
2024-03-13 10:00:00,Sonapur-Gauge-1,4,forest,unconsolidated_sediment,0,0.19225763266964477,0,LOW
2024-03-13 11:00:00,Chamoli-Gauge-1,1,sparse_vegetation,fractured_metamorphic,0,0.015845657303822373,0,LOW
2024-03-13 11:00:00,Kolkata-Gauge-1,2,urban,unconsolidated_sediment,0,0.010592099557529254,0,LOW
2024-03-13 11:00:00,Guwahati-Gauge-1,3,cropland,sedimentary,0,0.010592099557529254,0,LOW
2024-03-13 11:00:00,Sonapur-Gauge-1,4,forest,unconsolidated_sediment,0,0.04763178556830463,0,LOW
2024-03-13 12:00:00,Chamoli-Gauge-1,1,sparse_vegetation,fractured_metamorphic,0,0.015157854122023955,0,LOW
2024-03-13 12:00:00,Kolkata-Gauge-1,2,urban,unconsolidated_sediment,0,0.010592099557529254,0,LOW
2024-03-13 12:00:00,Guwahati-Gauge-1,3,cropland,sedimentary,0,0.010592099557529254,0,LOW
2024-03-13 12:00:00,Sonapur-Gauge-1,4,forest,unconsolidated_sediment,0,0.04561942641642977,0,LOW
2024-03-13 13:00:00,Chamoli-Gauge-1,1,sparse_vegetation,fractured_metamorphic,0,0.015157854122023955,0,LOW
2024-03-13 13:00:00,Kolkata-Gauge-1,2,urban,unconsolidated_sediment,0,0.010592099557529254,0,LOW
2024-03-13 13:00:00,Guwahati-Gauge-1,3,cropland,sedimentary,0,0.010878709472813816,0,LOW
2024-03-13 13:00:00,Sonapur-Gauge-1,4,forest,unconsolidated_sediment,0,0.06888358630606435,0,LOW
2024-03-13 14:00:00,Chamoli-Gauge-1,1,sparse_vegetation,fractured_metamorphic,1,0.4273001557007698,0,MODERATE
2024-03-13 14:00:00,Kolkata-Gauge-1,2,urban,unconsolidated_sediment,0,0.010592099557529254,0,LOW
2024-03-13 14:00:00,Guwahati-Gauge-1,3,cropland,sedimentary,0,0.010592099557529254,0,LOW
2024-03-13 14:00:00,Sonapur-Gauge-1,4,forest,unconsolidated_sediment,1,0.4392951858096799,0,MODERATE
2024-03-13 15:00:00,Chamoli-Gauge-1,1,sparse_vegetation,fractured_metamorphic,0,0.08910944843203485,0,LOW
2024-03-13 15:00:00,Kolkata-Gauge-1,2,urban,unconsolidated_sediment,0,0.010592099557529254,0,LOW
2024-03-13 15:00:00,Guwahati-Gauge-1,3,cropland,sedimentary,0,0.010592099557529254,0,LOW
2024-03-13 15:00:00,Sonapur-Gauge-1,4,forest,unconsolidated_sediment,0,0.14489339255592593,0,LOW
2024-03-13 16:00:00,Chamoli-Gauge-1,1,sparse_vegetation,fractured_metamorphic,0,0.050877959770635195,0,LOW
2024-03-13 16:00:00,Kolkata-Gauge-1,2,urban,unconsolidated_sediment,0,0.010592099557529254,0,LOW
2024-03-13 16:00:00,Guwahati-Gauge-1,3,cropland,sedimentary,0,0.010592099557529254,0,LOW
2024-03-13 16:00:00,Sonapur-Gauge-1,4,forest,unconsolidated_sediment,0,0.031717272277784335,0,LOW
2024-03-13 17:00:00,Chamoli-Gauge-1,1,sparse_vegetation,fractured_metamorphic,1,0.32651685009469666,0,MODERATE
2024-03-13 17:00:00,Kolkata-Gauge-1,2,urban,unconsolidated_sediment,0,0.010592099557529254,0,LOW
2024-03-13 17:00:00,Guwahati-Gauge-1,3,cropland,sedimentary,0,0.010592099557529254,0,LOW
2024-03-13 17:00:00,Sonapur-Gauge-1,4,forest,unconsolidated_sediment,0,0.028249176698848043,0,LOW
2024-03-13 18:00:00,Chamoli-Gauge-1,1,sparse_vegetation,fractured_metamorphic,0,0.08417582351634324,0,LOW
2024-03-13 18:00:00,Kolkata-Gauge-1,2,urban,unconsolidated_sediment,0,0.010592099557529254,0,LOW
2024-03-13 18:00:00,Guwahati-Gauge-1,3,cropland,sedimentary,0,0.010592099557529254,0,LOW
2024-03-13 18:00:00,Sonapur-Gauge-1,4,forest,unconsolidated_sediment,0,0.022120556850313212,0,LOW
2024-03-13 19:00:00,Chamoli-Gauge-1,1,sparse_vegetation,fractured_metamorphic,0,0.04482414346804736,0,LOW
2024-03-13 19:00:00,Kolkata-Gauge-1,2,urban,unconsolidated_sediment,0,0.010592099557529254,0,LOW
2024-03-13 19:00:00,Guwahati-Gauge-1,3,cropland,sedimentary,0,0.010592099557529254,0,LOW
2024-03-13 19:00:00,Sonapur-Gauge-1,4,forest,unconsolidated_sediment,1,0.7461491553879069,1,HIGH
2024-03-13 20:00:00,Chamoli-Gauge-1,1,sparse_vegetation,fractured_metamorphic,0,0.021905287412998797,0,LOW
2024-03-13 20:00:00,Kolkata-Gauge-1,2,urban,unconsolidated_sediment,0,0.010592099557529254,0,LOW
2024-03-13 20:00:00,Guwahati-Gauge-1,3,cropland,sedimentary,0,0.010592099557529254,0,LOW
2024-03-13 20:00:00,Sonapur-Gauge-1,4,forest,unconsolidated_sediment,1,0.5679257711313745,1,MODERATE
2024-03-13 21:00:00,Chamoli-Gauge-1,1,sparse_vegetation,fractured_metamorphic,0,0.018269143018091967,0,LOW
2024-03-13 21:00:00,Kolkata-Gauge-1,2,urban,unconsolidated_sediment,0,0.010592099557529254,0,LOW
2024-03-13 21:00:00,Guwahati-Gauge-1,3,cropland,sedimentary,0,0.010592099557529254,0,LOW
2024-03-13 21:00:00,Sonapur-Gauge-1,4,forest,unconsolidated_sediment,0,0.2607949585004831,0,LOW
2024-03-13 22:00:00,Chamoli-Gauge-1,1,sparse_vegetation,fractured_metamorphic,0,0.018445731423782218,0,LOW
2024-03-13 22:00:00,Kolkata-Gauge-1,2,urban,unconsolidated_sediment,0,0.010592099557529254,0,LOW
2024-03-13 22:00:00,Guwahati-Gauge-1,3,cropland,sedimentary,0,0.010592099557529254,0,LOW
2024-03-13 22:00:00,Sonapur-Gauge-1,4,forest,unconsolidated_sediment,0,0.10298562255297128,0,LOW
2024-03-13 23:00:00,Chamoli-Gauge-1,1,sparse_vegetation,fractured_metamorphic,0,0.015143074798310136,0,LOW
2024-03-13 23:00:00,Kolkata-Gauge-1,2,urban,unconsolidated_sediment,0,0.010592099557529254,0,LOW
2024-03-13 23:00:00,Guwahati-Gauge-1,3,cropland,sedimentary,0,0.010592099557529254,0,LOW
2024-03-13 23:00:00,Sonapur-Gauge-1,4,forest,unconsolidated_sediment,0,0.09008424279924228,0,LOW
2024-03-14 00:00:00,Chamoli-Gauge-1,1,sparse_vegetation,fractured_metamorphic,0,0.013699959514258632,0,LOW
2024-03-14 00:00:00,Kolkata-Gauge-1,2,urban,unconsolidated_sediment,0,0.010592099557529254,0,LOW
2024-03-14 00:00:00,Guwahati-Gauge-1,3,cropland,sedimentary,0,0.010592099557529254,0,LOW
2024-03-14 00:00:00,Sonapur-Gauge-1,4,forest,unconsolidated_sediment,0,0.0862756579380152,0,LOW
2024-03-14 01:00:00,Chamoli-Gauge-1,1,sparse_vegetation,fractured_metamorphic,0,0.012478583599651998,0,LOW
2024-03-14 01:00:00,Kolkata-Gauge-1,2,urban,unconsolidated_sediment,0,0.010592099557529254,0,LOW
2024-03-14 01:00:00,Guwahati-Gauge-1,3,cropland,sedimentary,0,0.010592099557529254,0,LOW
2024-03-14 01:00:00,Sonapur-Gauge-1,4,forest,unconsolidated_sediment,0,0.12818028180638003,0,LOW
2024-03-14 02:00:00,Chamoli-Gauge-1,1,sparse_vegetation,fractured_metamorphic,0,0.013320442749081889,0,LOW
2024-03-14 02:00:00,Kolkata-Gauge-1,2,urban,unconsolidated_sediment,0,0.010592099557529254,0,LOW
2024-03-14 02:00:00,Guwahati-Gauge-1,3,cropland,sedimentary,0,0.010592099557529254,0,LOW
2024-03-14 02:00:00,Sonapur-Gauge-1,4,forest,unconsolidated_sediment,0,0.20357467318812825,0,LOW
2024-03-14 03:00:00,Chamoli-Gauge-1,1,sparse_vegetation,fractured_metamorphic,0,0.012834427435521403,0,LOW
2024-03-14 03:00:00,Kolkata-Gauge-1,2,urban,unconsolidated_sediment,0,0.010592099557529254,0,LOW
2024-03-14 03:00:00,Guwahati-Gauge-1,3,cropland,sedimentary,0,0.010592099557529254,0,LOW
2024-03-14 03:00:00,Sonapur-Gauge-1,4,forest,unconsolidated_sediment,1,0.5013008503537094,0,MODERATE
2024-03-14 04:00:00,Chamoli-Gauge-1,1,sparse_vegetation,fractured_metamorphic,0,0.012570977343068173,0,LOW
2024-03-14 04:00:00,Kolkata-Gauge-1,2,urban,unconsolidated_sediment,0,0.010592099557529254,0,LOW
2024-03-14 04:00:00,Guwahati-Gauge-1,3,cropland,sedimentary,0,0.010592099557529254,0,LOW
2024-03-14 04:00:00,Sonapur-Gauge-1,4,forest,unconsolidated_sediment,0,0.35813530105595454,0,MODERATE
2024-03-14 05:00:00,Chamoli-Gauge-1,1,sparse_vegetation,fractured_metamorphic,0,0.012570977343068173,0,LOW
2024-03-14 05:00:00,Kolkata-Gauge-1,2,urban,unconsolidated_sediment,0,0.010592099557529254,0,LOW
2024-03-14 05:00:00,Guwahati-Gauge-1,3,cropland,sedimentary,0,0.010592099557529254,0,LOW
2024-03-14 05:00:00,Sonapur-Gauge-1,4,forest,unconsolidated_sediment,1,0.509356419609679,0,MODERATE
2024-03-14 06:00:00,Chamoli-Gauge-1,1,sparse_vegetation,fractured_metamorphic,0,0.015967531713782835,0,LOW
2024-03-14 06:00:00,Kolkata-Gauge-1,2,urban,unconsolidated_sediment,0,0.010592099557529254,0,LOW
2024-03-14 06:00:00,Guwahati-Gauge-1,3,cropland,sedimentary,0,0.010592099557529254,0,LOW
2024-03-14 06:00:00,Sonapur-Gauge-1,4,forest,unconsolidated_sediment,0,0.2622193116387196,0,LOW
2024-03-14 07:00:00,Chamoli-Gauge-1,1,sparse_vegetation,fractured_metamorphic,0,0.019660879906235457,0,LOW
2024-03-14 07:00:00,Kolkata-Gauge-1,2,urban,unconsolidated_sediment,0,0.010592099557529254,0,LOW
2024-03-14 07:00:00,Guwahati-Gauge-1,3,cropland,sedimentary,0,0.010592099557529254,0,LOW
2024-03-14 07:00:00,Sonapur-Gauge-1,4,forest,unconsolidated_sediment,0,0.13672386627567595,0,LOW
2024-03-14 08:00:00,Chamoli-Gauge-1,1,sparse_vegetation,fractured_metamorphic,0,0.01751869222272658,0,LOW
2024-03-14 08:00:00,Kolkata-Gauge-1,2,urban,unconsolidated_sediment,0,0.010592099557529254,0,LOW
2024-03-14 08:00:00,Guwahati-Gauge-1,3,cropland,sedimentary,0,0.010592099557529254,0,LOW
2024-03-14 08:00:00,Sonapur-Gauge-1,4,forest,unconsolidated_sediment,1,0.2415657640495635,0,LOW
2024-03-14 09:00:00,Chamoli-Gauge-1,1,sparse_vegetation,fractured_metamorphic,0,0.024342643279912504,0,LOW
2024-03-14 09:00:00,Kolkata-Gauge-1,2,urban,unconsolidated_sediment,0,0.010592099557529254,0,LOW
2024-03-14 09:00:00,Guwahati-Gauge-1,3,cropland,sedimentary,0,0.010592099557529254,0,LOW
2024-03-14 09:00:00,Sonapur-Gauge-1,4,forest,unconsolidated_sediment,0,0.0306600618672387,0,LOW
2024-03-14 10:00:00,Chamoli-Gauge-1,1,sparse_vegetation,fractured_metamorphic,0,0.035547428118293214,0,LOW
2024-03-14 10:00:00,Kolkata-Gauge-1,2,urban,unconsolidated_sediment,0,0.010592099557529254,0,LOW
2024-03-14 10:00:00,Guwahati-Gauge-1,3,cropland,sedimentary,0,0.010592099557529254,0,LOW
2024-03-14 10:00:00,Sonapur-Gauge-1,4,forest,unconsolidated_sediment,0,0.018598184301649008,0,LOW
2024-03-14 11:00:00,Chamoli-Gauge-1,1,sparse_vegetation,fractured_metamorphic,0,0.04863944640903022,0,LOW
2024-03-14 11:00:00,Kolkata-Gauge-1,2,urban,unconsolidated_sediment,0,0.010592099557529254,0,LOW
2024-03-14 11:00:00,Guwahati-Gauge-1,3,cropland,sedimentary,0,0.010592099557529254,0,LOW
2024-03-14 11:00:00,Sonapur-Gauge-1,4,forest,unconsolidated_sediment,0,0.01418945926329661,0,LOW
2024-03-14 12:00:00,Chamoli-Gauge-1,1,sparse_vegetation,fractured_metamorphic,1,0.26840213765454374,0,LOW
2024-03-14 12:00:00,Kolkata-Gauge-1,2,urban,unconsolidated_sediment,0,0.010592099557529254,0,LOW
2024-03-14 12:00:00,Guwahati-Gauge-1,3,cropland,sedimentary,0,0.010592099557529254,0,LOW
2024-03-14 12:00:00,Sonapur-Gauge-1,4,forest,unconsolidated_sediment,0,0.01255155694336786,0,LOW
2024-03-14 13:00:00,Chamoli-Gauge-1,1,sparse_vegetation,fractured_metamorphic,0,0.082088759207364,0,LOW
2024-03-14 13:00:00,Kolkata-Gauge-1,2,urban,unconsolidated_sediment,0,0.010592099557529254,0,LOW
2024-03-14 13:00:00,Guwahati-Gauge-1,3,cropland,sedimentary,0,0.010592099557529254,0,LOW
2024-03-14 13:00:00,Sonapur-Gauge-1,4,forest,unconsolidated_sediment,0,0.023452895573225288,0,LOW
2024-03-14 14:00:00,Chamoli-Gauge-1,1,sparse_vegetation,fractured_metamorphic,0,0.01149016950012696,0,LOW
2024-03-14 14:00:00,Kolkata-Gauge-1,2,urban,unconsolidated_sediment,0,0.010592099557529254,0,LOW
2024-03-14 14:00:00,Guwahati-Gauge-1,3,cropland,sedimentary,0,0.010592099557529254,0,LOW
2024-03-14 14:00:00,Sonapur-Gauge-1,4,forest,unconsolidated_sediment,0,0.010763408947661425,0,LOW
2024-03-14 15:00:00,Chamoli-Gauge-1,1,sparse_vegetation,fractured_metamorphic,0,0.011114203427036064,0,LOW
2024-03-14 15:00:00,Kolkata-Gauge-1,2,urban,unconsolidated_sediment,0,0.010592099557529254,0,LOW
2024-03-14 15:00:00,Guwahati-Gauge-1,3,cropland,sedimentary,0,0.010592099557529254,0,LOW
2024-03-14 15:00:00,Sonapur-Gauge-1,4,forest,unconsolidated_sediment,0,0.010592099557529254,0,LOW
2024-03-14 16:00:00,Chamoli-Gauge-1,1,sparse_vegetation,fractured_metamorphic,0,0.011114203427036064,0,LOW
2024-03-14 16:00:00,Kolkata-Gauge-1,2,urban,unconsolidated_sediment,0,0.010592099557529254,0,LOW
2024-03-14 16:00:00,Guwahati-Gauge-1,3,cropland,sedimentary,0,0.010760023368261172,0,LOW
2024-03-14 16:00:00,Sonapur-Gauge-1,4,forest,unconsolidated_sediment,0,0.010592099557529254,0,LOW
2024-03-14 17:00:00,Chamoli-Gauge-1,1,sparse_vegetation,fractured_metamorphic,0,0.011114203427036064,0,LOW
2024-03-14 17:00:00,Kolkata-Gauge-1,2,urban,unconsolidated_sediment,0,0.010592099557529254,0,LOW
2024-03-14 17:00:00,Guwahati-Gauge-1,3,cropland,sedimentary,0,0.010592099557529254,0,LOW
2024-03-14 17:00:00,Sonapur-Gauge-1,4,forest,unconsolidated_sediment,0,0.010592099557529254,0,LOW
2024-03-14 18:00:00,Chamoli-Gauge-1,1,sparse_vegetation,fractured_metamorphic,0,0.010662446278062452,0,LOW
2024-03-14 18:00:00,Kolkata-Gauge-1,2,urban,unconsolidated_sediment,0,0.010592099557529254,0,LOW
2024-03-14 18:00:00,Guwahati-Gauge-1,3,cropland,sedimentary,0,0.010592099557529254,0,LOW
2024-03-14 18:00:00,Sonapur-Gauge-1,4,forest,unconsolidated_sediment,0,0.010790283533436732,0,LOW
2024-03-14 19:00:00,Chamoli-Gauge-1,1,sparse_vegetation,fractured_metamorphic,0,0.010693507615312533,0,LOW
2024-03-14 19:00:00,Kolkata-Gauge-1,2,urban,unconsolidated_sediment,0,0.010592099557529254,0,LOW
2024-03-14 19:00:00,Guwahati-Gauge-1,3,cropland,sedimentary,0,0.010592099557529254,0,LOW
2024-03-14 19:00:00,Sonapur-Gauge-1,4,forest,unconsolidated_sediment,0,0.011847536900973009,0,LOW
2024-03-14 20:00:00,Chamoli-Gauge-1,1,sparse_vegetation,fractured_metamorphic,0,0.011295976582614392,0,LOW
2024-03-14 20:00:00,Kolkata-Gauge-1,2,urban,unconsolidated_sediment,0,0.010592099557529254,0,LOW
2024-03-14 20:00:00,Guwahati-Gauge-1,3,cropland,sedimentary,0,0.010592099557529254,0,LOW
2024-03-14 20:00:00,Sonapur-Gauge-1,4,forest,unconsolidated_sediment,0,0.011108367608647871,0,LOW
2024-03-14 21:00:00,Chamoli-Gauge-1,1,sparse_vegetation,fractured_metamorphic,0,0.01110535519174396,0,LOW
2024-03-14 21:00:00,Kolkata-Gauge-1,2,urban,unconsolidated_sediment,0,0.010592099557529254,0,LOW
2024-03-14 21:00:00,Guwahati-Gauge-1,3,cropland,sedimentary,0,0.010592099557529254,0,LOW
2024-03-14 21:00:00,Sonapur-Gauge-1,4,forest,unconsolidated_sediment,0,0.010592099557529254,0,LOW
2024-03-14 22:00:00,Chamoli-Gauge-1,1,sparse_vegetation,fractured_metamorphic,0,0.01110535519174396,0,LOW
2024-03-14 22:00:00,Kolkata-Gauge-1,2,urban,unconsolidated_sediment,0,0.010592099557529254,0,LOW
2024-03-14 22:00:00,Guwahati-Gauge-1,3,cropland,sedimentary,0,0.010592099557529254,0,LOW
2024-03-14 22:00:00,Sonapur-Gauge-1,4,forest,unconsolidated_sediment,0,0.010592099557529254,0,LOW
2024-03-14 23:00:00,Chamoli-Gauge-1,1,sparse_vegetation,fractured_metamorphic,0,0.011278045792567989,0,LOW
2024-03-14 23:00:00,Kolkata-Gauge-1,2,urban,unconsolidated_sediment,0,0.01097622122501959,0,LOW
2024-03-14 23:00:00,Guwahati-Gauge-1,3,cropland,sedimentary,0,0.010592099557529254,0,LOW
2024-03-14 23:00:00,Sonapur-Gauge-1,4,forest,unconsolidated_sediment,0,0.011150265760279235,0,LOW
2024-03-15 00:00:00,Chamoli-Gauge-1,1,sparse_vegetation,fractured_metamorphic,0,0.010883778796472628,0,LOW
2024-03-15 00:00:00,Kolkata-Gauge-1,2,urban,unconsolidated_sediment,0,0.01097622122501959,0,LOW
2024-03-15 00:00:00,Guwahati-Gauge-1,3,cropland,sedimentary,0,0.010592099557529254,0,LOW
2024-03-15 00:00:00,Sonapur-Gauge-1,4,forest,unconsolidated_sediment,0,0.010592099557529254,0,LOW
2024-03-15 01:00:00,Chamoli-Gauge-1,1,sparse_vegetation,fractured_metamorphic,0,0.010883778796472628,0,LOW
2024-03-15 01:00:00,Kolkata-Gauge-1,2,urban,unconsolidated_sediment,0,0.011118911332330561,0,LOW
2024-03-15 01:00:00,Guwahati-Gauge-1,3,cropland,sedimentary,0,0.010592099557529254,0,LOW
2024-03-15 01:00:00,Sonapur-Gauge-1,4,forest,unconsolidated_sediment,0,0.010592099557529254,0,LOW
2024-03-15 02:00:00,Chamoli-Gauge-1,1,sparse_vegetation,fractured_metamorphic,0,0.010592099557529254,0,LOW
2024-03-15 02:00:00,Kolkata-Gauge-1,2,urban,unconsolidated_sediment,0,0.010789278164448432,0,LOW
2024-03-15 02:00:00,Guwahati-Gauge-1,3,cropland,sedimentary,0,0.010592099557529254,0,LOW
2024-03-15 02:00:00,Sonapur-Gauge-1,4,forest,unconsolidated_sediment,0,0.03364381644668038,0,LOW
2024-03-15 03:00:00,Chamoli-Gauge-1,1,sparse_vegetation,fractured_metamorphic,0,0.010592099557529254,0,LOW
2024-03-15 03:00:00,Kolkata-Gauge-1,2,urban,unconsolidated_sediment,0,0.010592099557529254,0,LOW
2024-03-15 03:00:00,Guwahati-Gauge-1,3,cropland,sedimentary,0,0.010592099557529254,0,LOW
2024-03-15 03:00:00,Sonapur-Gauge-1,4,forest,unconsolidated_sediment,0,0.022923199080801072,0,LOW
2024-03-15 04:00:00,Chamoli-Gauge-1,1,sparse_vegetation,fractured_metamorphic,0,0.010592099557529254,0,LOW
2024-03-15 04:00:00,Kolkata-Gauge-1,2,urban,unconsolidated_sediment,0,0.010592099557529254,0,LOW
2024-03-15 04:00:00,Guwahati-Gauge-1,3,cropland,sedimentary,0,0.010592099557529254,0,LOW
2024-03-15 04:00:00,Sonapur-Gauge-1,4,forest,unconsolidated_sediment,0,0.021146021688476374,0,LOW
2024-03-15 05:00:00,Chamoli-Gauge-1,1,sparse_vegetation,fractured_metamorphic,0,0.01663278680890754,0,LOW
2024-03-15 05:00:00,Kolkata-Gauge-1,2,urban,unconsolidated_sediment,0,0.010592099557529254,0,LOW
2024-03-15 05:00:00,Guwahati-Gauge-1,3,cropland,sedimentary,0,0.010592099557529254,0,LOW
2024-03-15 05:00:00,Sonapur-Gauge-1,4,forest,unconsolidated_sediment,0,0.09345332818384987,0,LOW
2024-03-15 06:00:00,Chamoli-Gauge-1,1,sparse_vegetation,fractured_metamorphic,0,0.01195011852954209,0,LOW
2024-03-15 06:00:00,Kolkata-Gauge-1,2,urban,unconsolidated_sediment,0,0.011888405094429993,0,LOW
2024-03-15 06:00:00,Guwahati-Gauge-1,3,cropland,sedimentary,0,0.010592099557529254,0,LOW
2024-03-15 06:00:00,Sonapur-Gauge-1,4,forest,unconsolidated_sediment,0,0.17063161145675307,0,LOW
2024-03-15 07:00:00,Chamoli-Gauge-1,1,sparse_vegetation,fractured_metamorphic,0,0.01215444444022035,0,LOW
2024-03-15 07:00:00,Kolkata-Gauge-1,2,urban,unconsolidated_sediment,0,0.011223594771765145,0,LOW
2024-03-15 07:00:00,Guwahati-Gauge-1,3,cropland,sedimentary,0,0.010592099557529254,0,LOW
2024-03-15 07:00:00,Sonapur-Gauge-1,4,forest,unconsolidated_sediment,1,0.3365764428454439,0,MODERATE
2024-03-15 08:00:00,Chamoli-Gauge-1,1,sparse_vegetation,fractured_metamorphic,0,0.011635891158028286,0,LOW
2024-03-15 08:00:00,Kolkata-Gauge-1,2,urban,unconsolidated_sediment,0,0.011223594771765145,0,LOW
2024-03-15 08:00:00,Guwahati-Gauge-1,3,cropland,sedimentary,0,0.010592099557529254,0,LOW
2024-03-15 08:00:00,Sonapur-Gauge-1,4,forest,unconsolidated_sediment,0,0.07730092787780467,0,LOW
2024-03-15 09:00:00,Chamoli-Gauge-1,1,sparse_vegetation,fractured_metamorphic,0,0.011021158502437779,0,LOW
2024-03-15 09:00:00,Kolkata-Gauge-1,2,urban,unconsolidated_sediment,0,0.010841814059445527,0,LOW
2024-03-15 09:00:00,Guwahati-Gauge-1,3,cropland,sedimentary,0,0.010592099557529254,0,LOW
2024-03-15 09:00:00,Sonapur-Gauge-1,4,forest,unconsolidated_sediment,0,0.015650896003643982,0,LOW
2024-03-15 10:00:00,Chamoli-Gauge-1,1,sparse_vegetation,fractured_metamorphic,0,0.011021158502437779,0,LOW
2024-03-15 10:00:00,Kolkata-Gauge-1,2,urban,unconsolidated_sediment,0,0.010841814059445527,0,LOW
2024-03-15 10:00:00,Guwahati-Gauge-1,3,cropland,sedimentary,0,0.010592099557529254,0,LOW
2024-03-15 10:00:00,Sonapur-Gauge-1,4,forest,unconsolidated_sediment,0,0.01216747152992871,0,LOW
2024-03-15 11:00:00,Chamoli-Gauge-1,1,sparse_vegetation,fractured_metamorphic,0,0.010862813007987663,0,LOW
2024-03-15 11:00:00,Kolkata-Gauge-1,2,urban,unconsolidated_sediment,0,0.010973539771614072,0,LOW
2024-03-15 11:00:00,Guwahati-Gauge-1,3,cropland,sedimentary,0,0.010592099557529254,0,LOW
2024-03-15 11:00:00,Sonapur-Gauge-1,4,forest,unconsolidated_sediment,0,0.013512751448561252,0,LOW
2024-03-15 12:00:00,Chamoli-Gauge-1,1,sparse_vegetation,fractured_metamorphic,0,0.010862813007987663,0,LOW
2024-03-15 12:00:00,Kolkata-Gauge-1,2,urban,unconsolidated_sediment,0,0.010774190131541683,0,LOW
2024-03-15 12:00:00,Guwahati-Gauge-1,3,cropland,sedimentary,0,0.010592099557529254,0,LOW
2024-03-15 12:00:00,Sonapur-Gauge-1,4,forest,unconsolidated_sediment,0,0.01571606427890523,0,LOW
2024-03-15 13:00:00,Chamoli-Gauge-1,1,sparse_vegetation,fractured_metamorphic,0,0.010862813007987663,0,LOW
2024-03-15 13:00:00,Kolkata-Gauge-1,2,urban,unconsolidated_sediment,0,0.010725326945740948,0,LOW
2024-03-15 13:00:00,Guwahati-Gauge-1,3,cropland,sedimentary,0,0.010592099557529254,0,LOW
2024-03-15 13:00:00,Sonapur-Gauge-1,4,forest,unconsolidated_sediment,0,0.014428432166004859,0,LOW
2024-03-15 14:00:00,Chamoli-Gauge-1,1,sparse_vegetation,fractured_metamorphic,0,0.010592099557529254,0,LOW
2024-03-15 14:00:00,Kolkata-Gauge-1,2,urban,unconsolidated_sediment,0,0.010725326945740948,0,LOW
2024-03-15 14:00:00,Guwahati-Gauge-1,3,cropland,sedimentary,0,0.010977684258786313,0,LOW
2024-03-15 14:00:00,Sonapur-Gauge-1,4,forest,unconsolidated_sediment,0,0.0141635837967572,0,LOW
2024-03-15 15:00:00,Chamoli-Gauge-1,1,sparse_vegetation,fractured_metamorphic,0,0.02002016979190406,0,LOW
2024-03-15 15:00:00,Kolkata-Gauge-1,2,urban,unconsolidated_sediment,0,0.010725326945740948,0,LOW
2024-03-15 15:00:00,Guwahati-Gauge-1,3,cropland,sedimentary,0,0.010592099557529254,0,LOW
2024-03-15 15:00:00,Sonapur-Gauge-1,4,forest,unconsolidated_sediment,0,0.018258579536370178,0,LOW
2024-03-15 16:00:00,Chamoli-Gauge-1,1,sparse_vegetation,fractured_metamorphic,0,0.019136985905701377,0,LOW
2024-03-15 16:00:00,Kolkata-Gauge-1,2,urban,unconsolidated_sediment,0,0.010725326945740948,0,LOW
2024-03-15 16:00:00,Guwahati-Gauge-1,3,cropland,sedimentary,0,0.010592099557529254,0,LOW
2024-03-15 16:00:00,Sonapur-Gauge-1,4,forest,unconsolidated_sediment,0,0.013287269139922146,0,LOW
2024-03-15 17:00:00,Chamoli-Gauge-1,1,sparse_vegetation,fractured_metamorphic,0,0.012321216645139953,0,LOW
2024-03-15 17:00:00,Kolkata-Gauge-1,2,urban,unconsolidated_sediment,0,0.010592099557529254,0,LOW
2024-03-15 17:00:00,Guwahati-Gauge-1,3,cropland,sedimentary,0,0.010592099557529254,0,LOW
2024-03-15 17:00:00,Sonapur-Gauge-1,4,forest,unconsolidated_sediment,0,0.013335737988201486,0,LOW
2024-03-15 18:00:00,Chamoli-Gauge-1,1,sparse_vegetation,fractured_metamorphic,0,0.011571023347352124,0,LOW
2024-03-15 18:00:00,Kolkata-Gauge-1,2,urban,unconsolidated_sediment,0,0.010592099557529254,0,LOW
2024-03-15 18:00:00,Guwahati-Gauge-1,3,cropland,sedimentary,0,0.010592099557529254,0,LOW
2024-03-15 18:00:00,Sonapur-Gauge-1,4,forest,unconsolidated_sediment,0,0.01202976080206116,0,LOW
2024-03-15 19:00:00,Chamoli-Gauge-1,1,sparse_vegetation,fractured_metamorphic,0,0.011357905758541913,0,LOW
2024-03-15 19:00:00,Kolkata-Gauge-1,2,urban,unconsolidated_sediment,0,0.010592099557529254,0,LOW
2024-03-15 19:00:00,Guwahati-Gauge-1,3,cropland,sedimentary,0,0.010592099557529254,0,LOW
2024-03-15 19:00:00,Sonapur-Gauge-1,4,forest,unconsolidated_sediment,0,0.013513975505274993,0,LOW
2024-03-15 20:00:00,Chamoli-Gauge-1,1,sparse_vegetation,fractured_metamorphic,0,0.011346991233654466,0,LOW
2024-03-15 20:00:00,Kolkata-Gauge-1,2,urban,unconsolidated_sediment,0,0.010592099557529254,0,LOW
2024-03-15 20:00:00,Guwahati-Gauge-1,3,cropland,sedimentary,0,0.010592099557529254,0,LOW
2024-03-15 20:00:00,Sonapur-Gauge-1,4,forest,unconsolidated_sediment,0,0.012622828124303282,0,LOW
2024-03-15 21:00:00,Chamoli-Gauge-1,1,sparse_vegetation,fractured_metamorphic,0,0.012226348216862505,0,LOW
2024-03-15 21:00:00,Kolkata-Gauge-1,2,urban,unconsolidated_sediment,0,0.010592099557529254,0,LOW
2024-03-15 21:00:00,Guwahati-Gauge-1,3,cropland,sedimentary,0,0.010592099557529254,0,LOW
2024-03-15 21:00:00,Sonapur-Gauge-1,4,forest,unconsolidated_sediment,0,0.018131988687976778,0,LOW
2024-03-15 22:00:00,Chamoli-Gauge-1,1,sparse_vegetation,fractured_metamorphic,0,0.0112659746401929,0,LOW
2024-03-15 22:00:00,Kolkata-Gauge-1,2,urban,unconsolidated_sediment,0,0.010592099557529254,0,LOW
2024-03-15 22:00:00,Guwahati-Gauge-1,3,cropland,sedimentary,0,0.010592099557529254,0,LOW
2024-03-15 22:00:00,Sonapur-Gauge-1,4,forest,unconsolidated_sediment,0,0.016992722262617107,0,LOW
2024-03-15 23:00:00,Chamoli-Gauge-1,1,sparse_vegetation,fractured_metamorphic,0,0.012034139235910016,0,LOW
2024-03-15 23:00:00,Kolkata-Gauge-1,2,urban,unconsolidated_sediment,0,0.010592099557529254,0,LOW
2024-03-15 23:00:00,Guwahati-Gauge-1,3,cropland,sedimentary,0,0.010592099557529254,0,LOW
2024-03-15 23:00:00,Sonapur-Gauge-1,4,forest,unconsolidated_sediment,0,0.015336033411429098,0,LOW
2024-03-16 00:00:00,Chamoli-Gauge-1,1,sparse_vegetation,fractured_metamorphic,0,0.011573460236537532,0,LOW
2024-03-16 00:00:00,Kolkata-Gauge-1,2,urban,unconsolidated_sediment,0,0.010592099557529254,0,LOW
2024-03-16 00:00:00,Guwahati-Gauge-1,3,cropland,sedimentary,0,0.010592099557529254,0,LOW
2024-03-16 00:00:00,Sonapur-Gauge-1,4,forest,unconsolidated_sediment,0,0.014087679788685116,0,LOW
2024-03-16 01:00:00,Chamoli-Gauge-1,1,sparse_vegetation,fractured_metamorphic,0,0.011573460236537532,0,LOW
2024-03-16 01:00:00,Kolkata-Gauge-1,2,urban,unconsolidated_sediment,0,0.010592099557529254,0,LOW
2024-03-16 01:00:00,Guwahati-Gauge-1,3,cropland,sedimentary,0,0.010592099557529254,0,LOW
2024-03-16 01:00:00,Sonapur-Gauge-1,4,forest,unconsolidated_sediment,0,0.014173987540334174,0,LOW
2024-03-16 02:00:00,Chamoli-Gauge-1,1,sparse_vegetation,fractured_metamorphic,0,0.012678856093739511,0,LOW
2024-03-16 02:00:00,Kolkata-Gauge-1,2,urban,unconsolidated_sediment,0,0.010592099557529254,0,LOW
2024-03-16 02:00:00,Guwahati-Gauge-1,3,cropland,sedimentary,0,0.010592099557529254,0,LOW
2024-03-16 02:00:00,Sonapur-Gauge-1,4,forest,unconsolidated_sediment,0,0.011664263548746808,0,LOW
2024-03-16 03:00:00,Chamoli-Gauge-1,1,sparse_vegetation,fractured_metamorphic,0,0.0124034882035887,0,LOW
2024-03-16 03:00:00,Kolkata-Gauge-1,2,urban,unconsolidated_sediment,0,0.010592099557529254,0,LOW
2024-03-16 03:00:00,Guwahati-Gauge-1,3,cropland,sedimentary,0,0.010592099557529254,0,LOW
2024-03-16 03:00:00,Sonapur-Gauge-1,4,forest,unconsolidated_sediment,0,0.011389544082939105,0,LOW
2024-03-16 04:00:00,Chamoli-Gauge-1,1,sparse_vegetation,fractured_metamorphic,0,0.0124034882035887,0,LOW
2024-03-16 04:00:00,Kolkata-Gauge-1,2,urban,unconsolidated_sediment,0,0.010592099557529254,0,LOW
2024-03-16 04:00:00,Guwahati-Gauge-1,3,cropland,sedimentary,0,0.010592099557529254,0,LOW
2024-03-16 04:00:00,Sonapur-Gauge-1,4,forest,unconsolidated_sediment,0,0.010592099557529254,0,LOW
2024-03-16 05:00:00,Chamoli-Gauge-1,1,sparse_vegetation,fractured_metamorphic,0,0.01071995079309388,0,LOW
2024-03-16 05:00:00,Kolkata-Gauge-1,2,urban,unconsolidated_sediment,0,0.010592099557529254,0,LOW
2024-03-16 05:00:00,Guwahati-Gauge-1,3,cropland,sedimentary,0,0.010592099557529254,0,LOW
2024-03-16 05:00:00,Sonapur-Gauge-1,4,forest,unconsolidated_sediment,0,0.010592099557529254,0,LOW
2024-03-16 06:00:00,Chamoli-Gauge-1,1,sparse_vegetation,fractured_metamorphic,0,0.01071995079309388,0,LOW
2024-03-16 06:00:00,Kolkata-Gauge-1,2,urban,unconsolidated_sediment,0,0.010592099557529254,0,LOW
2024-03-16 06:00:00,Guwahati-Gauge-1,3,cropland,sedimentary,0,0.010592099557529254,0,LOW
2024-03-16 06:00:00,Sonapur-Gauge-1,4,forest,unconsolidated_sediment,0,0.01538990649362371,0,LOW
2024-03-16 07:00:00,Chamoli-Gauge-1,1,sparse_vegetation,fractured_metamorphic,0,0.01071995079309388,0,LOW
2024-03-16 07:00:00,Kolkata-Gauge-1,2,urban,unconsolidated_sediment,0,0.010592099557529254,0,LOW
2024-03-16 07:00:00,Guwahati-Gauge-1,3,cropland,sedimentary,0,0.010592099557529254,0,LOW
2024-03-16 07:00:00,Sonapur-Gauge-1,4,forest,unconsolidated_sediment,1,0.7004697327105502,1,HIGH
2024-03-16 08:00:00,Chamoli-Gauge-1,1,sparse_vegetation,fractured_metamorphic,0,0.01071995079309388,0,LOW
2024-03-16 08:00:00,Kolkata-Gauge-1,2,urban,unconsolidated_sediment,0,0.010592099557529254,0,LOW
2024-03-16 08:00:00,Guwahati-Gauge-1,3,cropland,sedimentary,0,0.010592099557529254,0,LOW
2024-03-16 08:00:00,Sonapur-Gauge-1,4,forest,unconsolidated_sediment,1,0.6664127160201055,1,HIGH
2024-03-16 09:00:00,Chamoli-Gauge-1,1,sparse_vegetation,fractured_metamorphic,0,0.01071995079309388,0,LOW
2024-03-16 09:00:00,Kolkata-Gauge-1,2,urban,unconsolidated_sediment,0,0.010592099557529254,0,LOW
2024-03-16 09:00:00,Guwahati-Gauge-1,3,cropland,sedimentary,0,0.010592099557529254,0,LOW
2024-03-16 09:00:00,Sonapur-Gauge-1,4,forest,unconsolidated_sediment,0,0.24158221043321262,0,LOW
2024-03-16 10:00:00,Chamoli-Gauge-1,1,sparse_vegetation,fractured_metamorphic,0,0.01071995079309388,0,LOW
2024-03-16 10:00:00,Kolkata-Gauge-1,2,urban,unconsolidated_sediment,0,0.010592099557529254,0,LOW
2024-03-16 10:00:00,Guwahati-Gauge-1,3,cropland,sedimentary,0,0.010592099557529254,0,LOW
2024-03-16 10:00:00,Sonapur-Gauge-1,4,forest,unconsolidated_sediment,0,0.5004642027743028,0,MODERATE
2024-03-16 11:00:00,Chamoli-Gauge-1,1,sparse_vegetation,fractured_metamorphic,0,0.010913494843054752,0,LOW
2024-03-16 11:00:00,Kolkata-Gauge-1,2,urban,unconsolidated_sediment,0,0.010592099557529254,0,LOW
2024-03-16 11:00:00,Guwahati-Gauge-1,3,cropland,sedimentary,0,0.010592099557529254,0,LOW
2024-03-16 11:00:00,Sonapur-Gauge-1,4,forest,unconsolidated_sediment,1,0.5004642027743028,0,MODERATE
2024-03-16 12:00:00,Chamoli-Gauge-1,1,sparse_vegetation,fractured_metamorphic,0,0.010728710047765828,0,LOW
2024-03-16 12:00:00,Kolkata-Gauge-1,2,urban,unconsolidated_sediment,0,0.010592099557529254,0,LOW
2024-03-16 12:00:00,Guwahati-Gauge-1,3,cropland,sedimentary,0,0.010592099557529254,0,LOW
2024-03-16 12:00:00,Sonapur-Gauge-1,4,forest,unconsolidated_sediment,0,0.17632114925199105,0,LOW
2024-03-16 13:00:00,Chamoli-Gauge-1,1,sparse_vegetation,fractured_metamorphic,0,0.010728710047765828,0,LOW
2024-03-16 13:00:00,Kolkata-Gauge-1,2,urban,unconsolidated_sediment,0,0.010592099557529254,0,LOW
2024-03-16 13:00:00,Guwahati-Gauge-1,3,cropland,sedimentary,0,0.010592099557529254,0,LOW
2024-03-16 13:00:00,Sonapur-Gauge-1,4,forest,unconsolidated_sediment,0,0.15515550027452593,0,LOW
2024-03-16 14:00:00,Chamoli-Gauge-1,1,sparse_vegetation,fractured_metamorphic,0,0.010753775894820322,0,LOW
2024-03-16 14:00:00,Kolkata-Gauge-1,2,urban,unconsolidated_sediment,0,0.010592099557529254,0,LOW
2024-03-16 14:00:00,Guwahati-Gauge-1,3,cropland,sedimentary,0,0.010592099557529254,0,LOW
2024-03-16 14:00:00,Sonapur-Gauge-1,4,forest,unconsolidated_sediment,0,0.15515550027452593,0,LOW
2024-03-16 15:00:00,Chamoli-Gauge-1,1,sparse_vegetation,fractured_metamorphic,0,0.010592099557529254,0,LOW
2024-03-16 15:00:00,Kolkata-Gauge-1,2,urban,unconsolidated_sediment,0,0.010592099557529254,0,LOW
2024-03-16 15:00:00,Guwahati-Gauge-1,3,cropland,sedimentary,0,0.010592099557529254,0,LOW
2024-03-16 15:00:00,Sonapur-Gauge-1,4,forest,unconsolidated_sediment,0,0.7354835653397078,1,HIGH
2024-03-16 16:00:00,Chamoli-Gauge-1,1,sparse_vegetation,fractured_metamorphic,0,0.010592099557529254,0,LOW
2024-03-16 16:00:00,Kolkata-Gauge-1,2,urban,unconsolidated_sediment,0,0.010592099557529254,0,LOW
2024-03-16 16:00:00,Guwahati-Gauge-1,3,cropland,sedimentary,0,0.010592099557529254,0,LOW
2024-03-16 16:00:00,Sonapur-Gauge-1,4,forest,unconsolidated_sediment,1,0.7354835653397078,1,HIGH
2024-03-16 17:00:00,Chamoli-Gauge-1,1,sparse_vegetation,fractured_metamorphic,0,0.010592099557529254,0,LOW
2024-03-16 17:00:00,Kolkata-Gauge-1,2,urban,unconsolidated_sediment,0,0.010592099557529254,0,LOW
2024-03-16 17:00:00,Guwahati-Gauge-1,3,cropland,sedimentary,0,0.010592099557529254,0,LOW
2024-03-16 17:00:00,Sonapur-Gauge-1,4,forest,unconsolidated_sediment,1,0.7354835653397078,1,HIGH
2024-03-16 18:00:00,Chamoli-Gauge-1,1,sparse_vegetation,fractured_metamorphic,0,0.010592099557529254,0,LOW
2024-03-16 18:00:00,Kolkata-Gauge-1,2,urban,unconsolidated_sediment,0,0.010592099557529254,0,LOW
2024-03-16 18:00:00,Guwahati-Gauge-1,3,cropland,sedimentary,0,0.010592099557529254,0,LOW
2024-03-16 18:00:00,Sonapur-Gauge-1,4,forest,unconsolidated_sediment,0,0.6352169666084065,1,HIGH
2024-03-16 19:00:00,Chamoli-Gauge-1,1,sparse_vegetation,fractured_metamorphic,0,0.010592099557529254,0,LOW
2024-03-16 19:00:00,Kolkata-Gauge-1,2,urban,unconsolidated_sediment,0,0.010592099557529254,0,LOW
2024-03-16 19:00:00,Guwahati-Gauge-1,3,cropland,sedimentary,0,0.010592099557529254,0,LOW
2024-03-16 19:00:00,Sonapur-Gauge-1,4,forest,unconsolidated_sediment,1,0.7492776640784338,1,HIGH
2024-03-16 20:00:00,Chamoli-Gauge-1,1,sparse_vegetation,fractured_metamorphic,0,0.010592099557529254,0,LOW
2024-03-16 20:00:00,Kolkata-Gauge-1,2,urban,unconsolidated_sediment,0,0.010592099557529254,0,LOW
2024-03-16 20:00:00,Guwahati-Gauge-1,3,cropland,sedimentary,0,0.010948901736679157,0,LOW
2024-03-16 20:00:00,Sonapur-Gauge-1,4,forest,unconsolidated_sediment,0,0.35094512430097735,0,MODERATE
2024-03-16 21:00:00,Chamoli-Gauge-1,1,sparse_vegetation,fractured_metamorphic,0,0.010592099557529254,0,LOW
2024-03-16 21:00:00,Kolkata-Gauge-1,2,urban,unconsolidated_sediment,0,0.010592099557529254,0,LOW
2024-03-16 21:00:00,Guwahati-Gauge-1,3,cropland,sedimentary,0,0.010592099557529254,0,LOW
2024-03-16 21:00:00,Sonapur-Gauge-1,4,forest,unconsolidated_sediment,1,0.6970655707707849,1,HIGH
2024-03-16 22:00:00,Chamoli-Gauge-1,1,sparse_vegetation,fractured_metamorphic,0,0.010592099557529254,0,LOW
2024-03-16 22:00:00,Kolkata-Gauge-1,2,urban,unconsolidated_sediment,0,0.010592099557529254,0,LOW
2024-03-16 22:00:00,Guwahati-Gauge-1,3,cropland,sedimentary,0,0.010592099557529254,0,LOW
2024-03-16 22:00:00,Sonapur-Gauge-1,4,forest,unconsolidated_sediment,0,0.6970655707707849,1,HIGH
2024-03-16 23:00:00,Chamoli-Gauge-1,1,sparse_vegetation,fractured_metamorphic,0,0.010680610133130352,0,LOW
2024-03-16 23:00:00,Kolkata-Gauge-1,2,urban,unconsolidated_sediment,0,0.010592099557529254,0,LOW
2024-03-16 23:00:00,Guwahati-Gauge-1,3,cropland,sedimentary,0,0.010592099557529254,0,LOW
2024-03-16 23:00:00,Sonapur-Gauge-1,4,forest,unconsolidated_sediment,1,0.7299970074604979,1,HIGH
2024-03-17 00:00:00,Chamoli-Gauge-1,1,sparse_vegetation,fractured_metamorphic,0,0.010680610133130352,0,LOW
2024-03-17 00:00:00,Kolkata-Gauge-1,2,urban,unconsolidated_sediment,0,0.010592099557529254,0,LOW
2024-03-17 00:00:00,Guwahati-Gauge-1,3,cropland,sedimentary,0,0.010814130339096633,0,LOW
2024-03-17 00:00:00,Sonapur-Gauge-1,4,forest,unconsolidated_sediment,0,0.4521364428752401,0,MODERATE
2024-03-17 01:00:00,Chamoli-Gauge-1,1,sparse_vegetation,fractured_metamorphic,0,0.010680610133130352,0,LOW
2024-03-17 01:00:00,Kolkata-Gauge-1,2,urban,unconsolidated_sediment,0,0.010592099557529254,0,LOW
2024-03-17 01:00:00,Guwahati-Gauge-1,3,cropland,sedimentary,0,0.010592099557529254,0,LOW
2024-03-17 01:00:00,Sonapur-Gauge-1,4,forest,unconsolidated_sediment,0,0.4521364428752401,0,MODERATE
2024-03-17 02:00:00,Chamoli-Gauge-1,1,sparse_vegetation,fractured_metamorphic,0,0.010680610133130352,0,LOW
2024-03-17 02:00:00,Kolkata-Gauge-1,2,urban,unconsolidated_sediment,0,0.010592099557529254,0,LOW
2024-03-17 02:00:00,Guwahati-Gauge-1,3,cropland,sedimentary,0,0.01078975632417354,0,LOW
2024-03-17 02:00:00,Sonapur-Gauge-1,4,forest,unconsolidated_sediment,0,0.36549798596427235,0,MODERATE
2024-03-17 03:00:00,Chamoli-Gauge-1,1,sparse_vegetation,fractured_metamorphic,0,0.010680610133130352,0,LOW
2024-03-17 03:00:00,Kolkata-Gauge-1,2,urban,unconsolidated_sediment,0,0.010592099557529254,0,LOW
2024-03-17 03:00:00,Guwahati-Gauge-1,3,cropland,sedimentary,0,0.010814130339096633,0,LOW
2024-03-17 03:00:00,Sonapur-Gauge-1,4,forest,unconsolidated_sediment,1,0.6141840452627693,1,HIGH
2024-03-17 04:00:00,Chamoli-Gauge-1,1,sparse_vegetation,fractured_metamorphic,0,0.010680610133130352,0,LOW
2024-03-17 04:00:00,Kolkata-Gauge-1,2,urban,unconsolidated_sediment,0,0.010592099557529254,0,LOW
2024-03-17 04:00:00,Guwahati-Gauge-1,3,cropland,sedimentary,0,0.010592099557529254,0,LOW
2024-03-17 04:00:00,Sonapur-Gauge-1,4,forest,unconsolidated_sediment,0,0.28522304202574855,0,LOW
2024-03-17 05:00:00,Chamoli-Gauge-1,1,sparse_vegetation,fractured_metamorphic,0,0.010680610133130352,0,LOW
2024-03-17 05:00:00,Kolkata-Gauge-1,2,urban,unconsolidated_sediment,0,0.010592099557529254,0,LOW
2024-03-17 05:00:00,Guwahati-Gauge-1,3,cropland,sedimentary,0,0.010592099557529254,0,LOW
2024-03-17 05:00:00,Sonapur-Gauge-1,4,forest,unconsolidated_sediment,0,0.35119602479658635,0,MODERATE
2024-03-17 06:00:00,Chamoli-Gauge-1,1,sparse_vegetation,fractured_metamorphic,0,0.010680610133130352,0,LOW
2024-03-17 06:00:00,Kolkata-Gauge-1,2,urban,unconsolidated_sediment,0,0.010592099557529254,0,LOW
2024-03-17 06:00:00,Guwahati-Gauge-1,3,cropland,sedimentary,0,0.010592099557529254,0,LOW
2024-03-17 06:00:00,Sonapur-Gauge-1,4,forest,unconsolidated_sediment,1,0.4988274605775382,0,MODERATE
2024-03-17 07:00:00,Chamoli-Gauge-1,1,sparse_vegetation,fractured_metamorphic,0,0.010680610133130352,0,LOW
2024-03-17 07:00:00,Kolkata-Gauge-1,2,urban,unconsolidated_sediment,0,0.010592099557529254,0,LOW
2024-03-17 07:00:00,Guwahati-Gauge-1,3,cropland,sedimentary,0,0.010592099557529254,0,LOW
2024-03-17 07:00:00,Sonapur-Gauge-1,4,forest,unconsolidated_sediment,0,0.2170675563006867,0,LOW
2024-03-17 08:00:00,Chamoli-Gauge-1,1,sparse_vegetation,fractured_metamorphic,0,0.010680610133130352,0,LOW
2024-03-17 08:00:00,Kolkata-Gauge-1,2,urban,unconsolidated_sediment,0,0.010592099557529254,0,LOW
2024-03-17 08:00:00,Guwahati-Gauge-1,3,cropland,sedimentary,0,0.010592099557529254,0,LOW
2024-03-17 08:00:00,Sonapur-Gauge-1,4,forest,unconsolidated_sediment,1,0.34791019282594005,0,MODERATE
2024-03-17 09:00:00,Chamoli-Gauge-1,1,sparse_vegetation,fractured_metamorphic,0,0.010680610133130352,0,LOW
2024-03-17 09:00:00,Kolkata-Gauge-1,2,urban,unconsolidated_sediment,0,0.010592099557529254,0,LOW
2024-03-17 09:00:00,Guwahati-Gauge-1,3,cropland,sedimentary,0,0.010592099557529254,0,LOW
2024-03-17 09:00:00,Sonapur-Gauge-1,4,forest,unconsolidated_sediment,0,0.04730898055366696,0,LOW
2024-03-17 10:00:00,Chamoli-Gauge-1,1,sparse_vegetation,fractured_metamorphic,0,0.010680610133130352,0,LOW
2024-03-17 10:00:00,Kolkata-Gauge-1,2,urban,unconsolidated_sediment,0,0.010592099557529254,0,LOW
2024-03-17 10:00:00,Guwahati-Gauge-1,3,cropland,sedimentary,0,0.010592099557529254,0,LOW
2024-03-17 10:00:00,Sonapur-Gauge-1,4,forest,unconsolidated_sediment,0,0.041929285003535335,0,LOW
2024-03-17 11:00:00,Chamoli-Gauge-1,1,sparse_vegetation,fractured_metamorphic,0,0.010785578281126834,0,LOW
2024-03-17 11:00:00,Kolkata-Gauge-1,2,urban,unconsolidated_sediment,0,0.010592099557529254,0,LOW
2024-03-17 11:00:00,Guwahati-Gauge-1,3,cropland,sedimentary,0,0.010592099557529254,0,LOW
2024-03-17 11:00:00,Sonapur-Gauge-1,4,forest,unconsolidated_sediment,0,0.014117744844483294,0,LOW
2024-03-17 12:00:00,Chamoli-Gauge-1,1,sparse_vegetation,fractured_metamorphic,0,0.014229207084170442,0,LOW
2024-03-17 12:00:00,Kolkata-Gauge-1,2,urban,unconsolidated_sediment,0,0.010592099557529254,0,LOW
2024-03-17 12:00:00,Guwahati-Gauge-1,3,cropland,sedimentary,0,0.010592099557529254,0,LOW
2024-03-17 12:00:00,Sonapur-Gauge-1,4,forest,unconsolidated_sediment,0,0.013903644124206017,0,LOW
2024-03-17 13:00:00,Chamoli-Gauge-1,1,sparse_vegetation,fractured_metamorphic,0,0.011023472156746764,0,LOW
2024-03-17 13:00:00,Kolkata-Gauge-1,2,urban,unconsolidated_sediment,0,0.010592099557529254,0,LOW
2024-03-17 13:00:00,Guwahati-Gauge-1,3,cropland,sedimentary,0,0.010592099557529254,0,LOW
2024-03-17 13:00:00,Sonapur-Gauge-1,4,forest,unconsolidated_sediment,0,0.013611218862623226,0,LOW
2024-03-17 14:00:00,Chamoli-Gauge-1,1,sparse_vegetation,fractured_metamorphic,0,0.011023472156746764,0,LOW
2024-03-17 14:00:00,Kolkata-Gauge-1,2,urban,unconsolidated_sediment,0,0.010592099557529254,0,LOW
2024-03-17 14:00:00,Guwahati-Gauge-1,3,cropland,sedimentary,0,0.010592099557529254,0,LOW
2024-03-17 14:00:00,Sonapur-Gauge-1,4,forest,unconsolidated_sediment,0,0.02053004945327899,0,LOW
2024-03-17 15:00:00,Chamoli-Gauge-1,1,sparse_vegetation,fractured_metamorphic,0,0.010866845619645397,0,LOW
2024-03-17 15:00:00,Kolkata-Gauge-1,2,urban,unconsolidated_sediment,0,0.010592099557529254,0,LOW
2024-03-17 15:00:00,Guwahati-Gauge-1,3,cropland,sedimentary,0,0.010592099557529254,0,LOW
2024-03-17 15:00:00,Sonapur-Gauge-1,4,forest,unconsolidated_sediment,0,0.023159575544567292,0,LOW
2024-03-17 16:00:00,Chamoli-Gauge-1,1,sparse_vegetation,fractured_metamorphic,0,0.010866845619645397,0,LOW
2024-03-17 16:00:00,Kolkata-Gauge-1,2,urban,unconsolidated_sediment,0,0.010592099557529254,0,LOW
2024-03-17 16:00:00,Guwahati-Gauge-1,3,cropland,sedimentary,0,0.010592099557529254,0,LOW
2024-03-17 16:00:00,Sonapur-Gauge-1,4,forest,unconsolidated_sediment,0,0.022363303645013533,0,LOW
2024-03-17 17:00:00,Chamoli-Gauge-1,1,sparse_vegetation,fractured_metamorphic,0,0.010866845619645397,0,LOW
2024-03-17 17:00:00,Kolkata-Gauge-1,2,urban,unconsolidated_sediment,0,0.010592099557529254,0,LOW
2024-03-17 17:00:00,Guwahati-Gauge-1,3,cropland,sedimentary,0,0.010592099557529254,0,LOW
2024-03-17 17:00:00,Sonapur-Gauge-1,4,forest,unconsolidated_sediment,0,0.013026926045489379,0,LOW
2024-03-17 18:00:00,Chamoli-Gauge-1,1,sparse_vegetation,fractured_metamorphic,0,0.01071995079309388,0,LOW
2024-03-17 18:00:00,Kolkata-Gauge-1,2,urban,unconsolidated_sediment,0,0.010592099557529254,0,LOW
2024-03-17 18:00:00,Guwahati-Gauge-1,3,cropland,sedimentary,0,0.010592099557529254,0,LOW
2024-03-17 18:00:00,Sonapur-Gauge-1,4,forest,unconsolidated_sediment,0,0.012455569956647636,0,LOW
2024-03-17 19:00:00,Chamoli-Gauge-1,1,sparse_vegetation,fractured_metamorphic,0,0.01071995079309388,0,LOW
2024-03-17 19:00:00,Kolkata-Gauge-1,2,urban,unconsolidated_sediment,0,0.010791149039205597,0,LOW
2024-03-17 19:00:00,Guwahati-Gauge-1,3,cropland,sedimentary,0,0.01097589301585408,0,LOW
2024-03-17 19:00:00,Sonapur-Gauge-1,4,forest,unconsolidated_sediment,0,0.011234060552575264,0,LOW
2024-03-17 20:00:00,Chamoli-Gauge-1,1,sparse_vegetation,fractured_metamorphic,0,0.01071995079309388,0,LOW
2024-03-17 20:00:00,Kolkata-Gauge-1,2,urban,unconsolidated_sediment,0,0.010791149039205597,0,LOW
2024-03-17 20:00:00,Guwahati-Gauge-1,3,cropland,sedimentary,0,0.010592099557529254,0,LOW
2024-03-17 20:00:00,Sonapur-Gauge-1,4,forest,unconsolidated_sediment,0,0.01487572915217628,0,LOW
2024-03-17 21:00:00,Chamoli-Gauge-1,1,sparse_vegetation,fractured_metamorphic,0,0.01071995079309388,0,LOW
2024-03-17 21:00:00,Kolkata-Gauge-1,2,urban,unconsolidated_sediment,0,0.010592099557529254,0,LOW
2024-03-17 21:00:00,Guwahati-Gauge-1,3,cropland,sedimentary,0,0.010592099557529254,0,LOW
2024-03-17 21:00:00,Sonapur-Gauge-1,4,forest,unconsolidated_sediment,0,0.019738627521610038,0,LOW
2024-03-17 22:00:00,Chamoli-Gauge-1,1,sparse_vegetation,fractured_metamorphic,0,0.01071995079309388,0,LOW
2024-03-17 22:00:00,Kolkata-Gauge-1,2,urban,unconsolidated_sediment,0,0.010774129060575382,0,LOW
2024-03-17 22:00:00,Guwahati-Gauge-1,3,cropland,sedimentary,0,0.010592099557529254,0,LOW
2024-03-17 22:00:00,Sonapur-Gauge-1,4,forest,unconsolidated_sediment,0,0.02513379047243712,0,LOW
2024-03-17 23:00:00,Chamoli-Gauge-1,1,sparse_vegetation,fractured_metamorphic,0,0.01071995079309388,0,LOW
2024-03-17 23:00:00,Kolkata-Gauge-1,2,urban,unconsolidated_sediment,0,0.010774129060575382,0,LOW
2024-03-17 23:00:00,Guwahati-Gauge-1,3,cropland,sedimentary,0,0.010592099557529254,0,LOW
2024-03-17 23:00:00,Sonapur-Gauge-1,4,forest,unconsolidated_sediment,0,0.02453067883035824,0,LOW
2024-03-18 00:00:00,Chamoli-Gauge-1,1,sparse_vegetation,fractured_metamorphic,0,0.010680610133130352,0,LOW
2024-03-18 00:00:00,Kolkata-Gauge-1,2,urban,unconsolidated_sediment,0,0.010592099557529254,0,LOW
2024-03-18 00:00:00,Guwahati-Gauge-1,3,cropland,sedimentary,0,0.010592099557529254,0,LOW
2024-03-18 00:00:00,Sonapur-Gauge-1,4,forest,unconsolidated_sediment,0,0.020574195571965336,0,LOW
2024-03-18 01:00:00,Chamoli-Gauge-1,1,sparse_vegetation,fractured_metamorphic,0,0.010680610133130352,0,LOW
2024-03-18 01:00:00,Kolkata-Gauge-1,2,urban,unconsolidated_sediment,0,0.010774924937756484,0,LOW
2024-03-18 01:00:00,Guwahati-Gauge-1,3,cropland,sedimentary,0,0.010592099557529254,0,LOW
2024-03-18 01:00:00,Sonapur-Gauge-1,4,forest,unconsolidated_sediment,0,0.014618711020908799,0,LOW
2024-03-18 02:00:00,Chamoli-Gauge-1,1,sparse_vegetation,fractured_metamorphic,0,0.010680610133130352,0,LOW
2024-03-18 02:00:00,Kolkata-Gauge-1,2,urban,unconsolidated_sediment,0,0.010774924937756484,0,LOW
2024-03-18 02:00:00,Guwahati-Gauge-1,3,cropland,sedimentary,0,0.010592099557529254,0,LOW
2024-03-18 02:00:00,Sonapur-Gauge-1,4,forest,unconsolidated_sediment,0,0.011854255692297698,0,LOW
2024-03-18 03:00:00,Chamoli-Gauge-1,1,sparse_vegetation,fractured_metamorphic,0,0.010680610133130352,0,LOW
2024-03-18 03:00:00,Kolkata-Gauge-1,2,urban,unconsolidated_sediment,0,0.010592099557529254,0,LOW
2024-03-18 03:00:00,Guwahati-Gauge-1,3,cropland,sedimentary,0,0.010592099557529254,0,LOW
2024-03-18 03:00:00,Sonapur-Gauge-1,4,forest,unconsolidated_sediment,0,0.011582214219717,0,LOW
2024-03-18 04:00:00,Chamoli-Gauge-1,1,sparse_vegetation,fractured_metamorphic,0,0.010680610133130352,0,LOW
2024-03-18 04:00:00,Kolkata-Gauge-1,2,urban,unconsolidated_sediment,0,0.010592099557529254,0,LOW
2024-03-18 04:00:00,Guwahati-Gauge-1,3,cropland,sedimentary,0,0.010878709472813816,0,LOW
2024-03-18 04:00:00,Sonapur-Gauge-1,4,forest,unconsolidated_sediment,0,0.011356420189627313,0,LOW
2024-03-18 05:00:00,Chamoli-Gauge-1,1,sparse_vegetation,fractured_metamorphic,0,0.010680610133130352,0,LOW
2024-03-18 05:00:00,Kolkata-Gauge-1,2,urban,unconsolidated_sediment,0,0.010592099557529254,0,LOW
2024-03-18 05:00:00,Guwahati-Gauge-1,3,cropland,sedimentary,0,0.010592099557529254,0,LOW
2024-03-18 05:00:00,Sonapur-Gauge-1,4,forest,unconsolidated_sediment,0,0.011433311263375994,0,LOW
2024-03-18 06:00:00,Chamoli-Gauge-1,1,sparse_vegetation,fractured_metamorphic,0,0.010680610133130352,0,LOW
2024-03-18 06:00:00,Kolkata-Gauge-1,2,urban,unconsolidated_sediment,0,0.010592099557529254,0,LOW
2024-03-18 06:00:00,Guwahati-Gauge-1,3,cropland,sedimentary,0,0.010592099557529254,0,LOW
2024-03-18 06:00:00,Sonapur-Gauge-1,4,forest,unconsolidated_sediment,0,0.010976743577873193,0,LOW
2024-03-18 07:00:00,Chamoli-Gauge-1,1,sparse_vegetation,fractured_metamorphic,0,0.010680610133130352,0,LOW
2024-03-18 07:00:00,Kolkata-Gauge-1,2,urban,unconsolidated_sediment,0,0.010592099557529254,0,LOW
2024-03-18 07:00:00,Guwahati-Gauge-1,3,cropland,sedimentary,0,0.010592099557529254,0,LOW
2024-03-18 07:00:00,Sonapur-Gauge-1,4,forest,unconsolidated_sediment,0,0.010592099557529254,0,LOW
2024-03-18 08:00:00,Chamoli-Gauge-1,1,sparse_vegetation,fractured_metamorphic,0,0.010680610133130352,0,LOW
2024-03-18 08:00:00,Kolkata-Gauge-1,2,urban,unconsolidated_sediment,0,0.01138973004682039,0,LOW
2024-03-18 08:00:00,Guwahati-Gauge-1,3,cropland,sedimentary,0,0.010592099557529254,0,LOW
2024-03-18 08:00:00,Sonapur-Gauge-1,4,forest,unconsolidated_sediment,0,0.011136633202640127,0,LOW
2024-03-18 09:00:00,Chamoli-Gauge-1,1,sparse_vegetation,fractured_metamorphic,0,0.010680610133130352,0,LOW
2024-03-18 09:00:00,Kolkata-Gauge-1,2,urban,unconsolidated_sediment,0,0.010592099557529254,0,LOW
2024-03-18 09:00:00,Guwahati-Gauge-1,3,cropland,sedimentary,0,0.010592099557529254,0,LOW
2024-03-18 09:00:00,Sonapur-Gauge-1,4,forest,unconsolidated_sediment,0,0.010983410369867833,0,LOW
2024-03-18 10:00:00,Chamoli-Gauge-1,1,sparse_vegetation,fractured_metamorphic,0,0.010680610133130352,0,LOW
2024-03-18 10:00:00,Kolkata-Gauge-1,2,urban,unconsolidated_sediment,0,0.010592099557529254,0,LOW
2024-03-18 10:00:00,Guwahati-Gauge-1,3,cropland,sedimentary,0,0.010592099557529254,0,LOW
2024-03-18 10:00:00,Sonapur-Gauge-1,4,forest,unconsolidated_sediment,0,0.011413192738366263,0,LOW
2024-03-18 11:00:00,Chamoli-Gauge-1,1,sparse_vegetation,fractured_metamorphic,0,0.010680610133130352,0,LOW
2024-03-18 11:00:00,Kolkata-Gauge-1,2,urban,unconsolidated_sediment,0,0.010592099557529254,0,LOW
2024-03-18 11:00:00,Guwahati-Gauge-1,3,cropland,sedimentary,0,0.010592099557529254,0,LOW
2024-03-18 11:00:00,Sonapur-Gauge-1,4,forest,unconsolidated_sediment,0,0.010592099557529254,0,LOW
2024-03-18 12:00:00,Chamoli-Gauge-1,1,sparse_vegetation,fractured_metamorphic,0,0.010785578281126834,0,LOW
2024-03-18 12:00:00,Kolkata-Gauge-1,2,urban,unconsolidated_sediment,0,0.010592099557529254,0,LOW
2024-03-18 12:00:00,Guwahati-Gauge-1,3,cropland,sedimentary,0,0.010592099557529254,0,LOW
2024-03-18 12:00:00,Sonapur-Gauge-1,4,forest,unconsolidated_sediment,0,0.010592099557529254,0,LOW
2024-03-18 13:00:00,Chamoli-Gauge-1,1,sparse_vegetation,fractured_metamorphic,0,0.010785578281126834,0,LOW
2024-03-18 13:00:00,Kolkata-Gauge-1,2,urban,unconsolidated_sediment,0,0.010592099557529254,0,LOW
2024-03-18 13:00:00,Guwahati-Gauge-1,3,cropland,sedimentary,0,0.010592099557529254,0,LOW
2024-03-18 13:00:00,Sonapur-Gauge-1,4,forest,unconsolidated_sediment,0,0.010592099557529254,0,LOW
2024-03-18 14:00:00,Chamoli-Gauge-1,1,sparse_vegetation,fractured_metamorphic,0,0.010785578281126834,0,LOW
2024-03-18 14:00:00,Kolkata-Gauge-1,2,urban,unconsolidated_sediment,0,0.010592099557529254,0,LOW
2024-03-18 14:00:00,Guwahati-Gauge-1,3,cropland,sedimentary,0,0.010592099557529254,0,LOW
2024-03-18 14:00:00,Sonapur-Gauge-1,4,forest,unconsolidated_sediment,0,0.010592099557529254,0,LOW
2024-03-18 15:00:00,Chamoli-Gauge-1,1,sparse_vegetation,fractured_metamorphic,0,0.010785578281126834,0,LOW
2024-03-18 15:00:00,Kolkata-Gauge-1,2,urban,unconsolidated_sediment,0,0.010592099557529254,0,LOW
2024-03-18 15:00:00,Guwahati-Gauge-1,3,cropland,sedimentary,0,0.010592099557529254,0,LOW
2024-03-18 15:00:00,Sonapur-Gauge-1,4,forest,unconsolidated_sediment,0,0.010592099557529254,0,LOW
2024-03-18 16:00:00,Chamoli-Gauge-1,1,sparse_vegetation,fractured_metamorphic,0,0.010785578281126834,0,LOW
2024-03-18 16:00:00,Kolkata-Gauge-1,2,urban,unconsolidated_sediment,0,0.010592099557529254,0,LOW
2024-03-18 16:00:00,Guwahati-Gauge-1,3,cropland,sedimentary,0,0.010592099557529254,0,LOW
2024-03-18 16:00:00,Sonapur-Gauge-1,4,forest,unconsolidated_sediment,0,0.010592099557529254,0,LOW
2024-03-18 17:00:00,Chamoli-Gauge-1,1,sparse_vegetation,fractured_metamorphic,0,0.010785578281126834,0,LOW
2024-03-18 17:00:00,Kolkata-Gauge-1,2,urban,unconsolidated_sediment,0,0.011255688908579116,0,LOW
2024-03-18 17:00:00,Guwahati-Gauge-1,3,cropland,sedimentary,0,0.010592099557529254,0,LOW
2024-03-18 17:00:00,Sonapur-Gauge-1,4,forest,unconsolidated_sediment,0,0.010592099557529254,0,LOW
2024-03-18 18:00:00,Chamoli-Gauge-1,1,sparse_vegetation,fractured_metamorphic,0,0.010785578281126834,0,LOW
2024-03-18 18:00:00,Kolkata-Gauge-1,2,urban,unconsolidated_sediment,0,0.010810506029176093,0,LOW
2024-03-18 18:00:00,Guwahati-Gauge-1,3,cropland,sedimentary,0,0.010592099557529254,0,LOW
2024-03-18 18:00:00,Sonapur-Gauge-1,4,forest,unconsolidated_sediment,0,0.010592099557529254,0,LOW
2024-03-18 19:00:00,Chamoli-Gauge-1,1,sparse_vegetation,fractured_metamorphic,0,0.010785578281126834,0,LOW
2024-03-18 19:00:00,Kolkata-Gauge-1,2,urban,unconsolidated_sediment,0,0.01119923490591267,0,LOW
2024-03-18 19:00:00,Guwahati-Gauge-1,3,cropland,sedimentary,0,0.010592099557529254,0,LOW
2024-03-18 19:00:00,Sonapur-Gauge-1,4,forest,unconsolidated_sediment,0,0.010592099557529254,0,LOW
2024-03-18 20:00:00,Chamoli-Gauge-1,1,sparse_vegetation,fractured_metamorphic,0,0.010785578281126834,0,LOW
2024-03-18 20:00:00,Kolkata-Gauge-1,2,urban,unconsolidated_sediment,0,0.010787802617397785,0,LOW
2024-03-18 20:00:00,Guwahati-Gauge-1,3,cropland,sedimentary,0,0.010592099557529254,0,LOW
2024-03-18 20:00:00,Sonapur-Gauge-1,4,forest,unconsolidated_sediment,0,0.010592099557529254,0,LOW
2024-03-18 21:00:00,Chamoli-Gauge-1,1,sparse_vegetation,fractured_metamorphic,0,0.010785578281126834,0,LOW
2024-03-18 21:00:00,Kolkata-Gauge-1,2,urban,unconsolidated_sediment,0,0.011441339155462601,0,LOW
2024-03-18 21:00:00,Guwahati-Gauge-1,3,cropland,sedimentary,0,0.010592099557529254,0,LOW
2024-03-18 21:00:00,Sonapur-Gauge-1,4,forest,unconsolidated_sediment,0,0.010592099557529254,0,LOW
2024-03-18 22:00:00,Chamoli-Gauge-1,1,sparse_vegetation,fractured_metamorphic,0,0.010785578281126834,0,LOW
2024-03-18 22:00:00,Kolkata-Gauge-1,2,urban,unconsolidated_sediment,0,0.011212781527302063,0,LOW
2024-03-18 22:00:00,Guwahati-Gauge-1,3,cropland,sedimentary,0,0.010592099557529254,0,LOW
2024-03-18 22:00:00,Sonapur-Gauge-1,4,forest,unconsolidated_sediment,0,0.010642074571047832,0,LOW
2024-03-18 23:00:00,Chamoli-Gauge-1,1,sparse_vegetation,fractured_metamorphic,0,0.010785578281126834,0,LOW
2024-03-18 23:00:00,Kolkata-Gauge-1,2,urban,unconsolidated_sediment,0,0.010592099557529254,0,LOW
2024-03-18 23:00:00,Guwahati-Gauge-1,3,cropland,sedimentary,0,0.010592099557529254,0,LOW
2024-03-18 23:00:00,Sonapur-Gauge-1,4,forest,unconsolidated_sediment,0,0.010842198169538885,0,LOW
2024-03-19 00:00:00,Chamoli-Gauge-1,1,sparse_vegetation,fractured_metamorphic,0,0.010785578281126834,0,LOW
2024-03-19 00:00:00,Kolkata-Gauge-1,2,urban,unconsolidated_sediment,0,0.01107912283115835,0,LOW
2024-03-19 00:00:00,Guwahati-Gauge-1,3,cropland,sedimentary,0,0.010592099557529254,0,LOW
2024-03-19 00:00:00,Sonapur-Gauge-1,4,forest,unconsolidated_sediment,0,0.010842198169538885,0,LOW
2024-03-19 01:00:00,Chamoli-Gauge-1,1,sparse_vegetation,fractured_metamorphic,0,0.010785578281126834,0,LOW
2024-03-19 01:00:00,Kolkata-Gauge-1,2,urban,unconsolidated_sediment,0,0.010592099557529254,0,LOW
2024-03-19 01:00:00,Guwahati-Gauge-1,3,cropland,sedimentary,0,0.010592099557529254,0,LOW
2024-03-19 01:00:00,Sonapur-Gauge-1,4,forest,unconsolidated_sediment,0,0.010592099557529254,0,LOW
2024-03-19 02:00:00,Chamoli-Gauge-1,1,sparse_vegetation,fractured_metamorphic,0,0.010785578281126834,0,LOW
2024-03-19 02:00:00,Kolkata-Gauge-1,2,urban,unconsolidated_sediment,0,0.010592099557529254,0,LOW
2024-03-19 02:00:00,Guwahati-Gauge-1,3,cropland,sedimentary,0,0.010592099557529254,0,LOW
2024-03-19 02:00:00,Sonapur-Gauge-1,4,forest,unconsolidated_sediment,0,0.010592099557529254,0,LOW
2024-03-19 03:00:00,Chamoli-Gauge-1,1,sparse_vegetation,fractured_metamorphic,0,0.010785578281126834,0,LOW
2024-03-19 03:00:00,Kolkata-Gauge-1,2,urban,unconsolidated_sediment,0,0.010592099557529254,0,LOW
2024-03-19 03:00:00,Guwahati-Gauge-1,3,cropland,sedimentary,0,0.010592099557529254,0,LOW
2024-03-19 03:00:00,Sonapur-Gauge-1,4,forest,unconsolidated_sediment,0,0.010592099557529254,0,LOW
2024-03-19 04:00:00,Chamoli-Gauge-1,1,sparse_vegetation,fractured_metamorphic,0,0.010785578281126834,0,LOW
2024-03-19 04:00:00,Kolkata-Gauge-1,2,urban,unconsolidated_sediment,0,0.010806978696815432,0,LOW
2024-03-19 04:00:00,Guwahati-Gauge-1,3,cropland,sedimentary,0,0.010592099557529254,0,LOW
2024-03-19 04:00:00,Sonapur-Gauge-1,4,forest,unconsolidated_sediment,0,0.010642074571047832,0,LOW
2024-03-19 05:00:00,Chamoli-Gauge-1,1,sparse_vegetation,fractured_metamorphic,0,0.010785578281126834,0,LOW
2024-03-19 05:00:00,Kolkata-Gauge-1,2,urban,unconsolidated_sediment,0,0.01099309656386964,0,LOW
2024-03-19 05:00:00,Guwahati-Gauge-1,3,cropland,sedimentary,0,0.010592099557529254,0,LOW
2024-03-19 05:00:00,Sonapur-Gauge-1,4,forest,unconsolidated_sediment,0,0.010642074571047832,0,LOW
2024-03-19 06:00:00,Chamoli-Gauge-1,1,sparse_vegetation,fractured_metamorphic,0,0.010592099557529254,0,LOW
2024-03-19 06:00:00,Kolkata-Gauge-1,2,urban,unconsolidated_sediment,0,0.01099309656386964,0,LOW
2024-03-19 06:00:00,Guwahati-Gauge-1,3,cropland,sedimentary,0,0.010592099557529254,0,LOW
2024-03-19 06:00:00,Sonapur-Gauge-1,4,forest,unconsolidated_sediment,0,0.010642074571047832,0,LOW
2024-03-19 07:00:00,Chamoli-Gauge-1,1,sparse_vegetation,fractured_metamorphic,0,0.010592099557529254,0,LOW
2024-03-19 07:00:00,Kolkata-Gauge-1,2,urban,unconsolidated_sediment,0,0.011137680095606622,0,LOW
2024-03-19 07:00:00,Guwahati-Gauge-1,3,cropland,sedimentary,0,0.010592099557529254,0,LOW
2024-03-19 07:00:00,Sonapur-Gauge-1,4,forest,unconsolidated_sediment,0,0.010592099557529254,0,LOW
2024-03-19 08:00:00,Chamoli-Gauge-1,1,sparse_vegetation,fractured_metamorphic,0,0.010592099557529254,0,LOW
2024-03-19 08:00:00,Kolkata-Gauge-1,2,urban,unconsolidated_sediment,0,0.010990713956160051,0,LOW
2024-03-19 08:00:00,Guwahati-Gauge-1,3,cropland,sedimentary,0,0.010592099557529254,0,LOW
2024-03-19 08:00:00,Sonapur-Gauge-1,4,forest,unconsolidated_sediment,0,0.010592099557529254,0,LOW
2024-03-19 09:00:00,Chamoli-Gauge-1,1,sparse_vegetation,fractured_metamorphic,0,0.010592099557529254,0,LOW
2024-03-19 09:00:00,Kolkata-Gauge-1,2,urban,unconsolidated_sediment,0,0.010990713956160051,0,LOW
2024-03-19 09:00:00,Guwahati-Gauge-1,3,cropland,sedimentary,0,0.010592099557529254,0,LOW
2024-03-19 09:00:00,Sonapur-Gauge-1,4,forest,unconsolidated_sediment,0,0.01079033152579033,0,LOW
2024-03-19 10:00:00,Chamoli-Gauge-1,1,sparse_vegetation,fractured_metamorphic,0,0.010592099557529254,0,LOW
2024-03-19 10:00:00,Kolkata-Gauge-1,2,urban,unconsolidated_sediment,0,0.010761282117613501,0,LOW
2024-03-19 10:00:00,Guwahati-Gauge-1,3,cropland,sedimentary,0,0.010592099557529254,0,LOW
2024-03-19 10:00:00,Sonapur-Gauge-1,4,forest,unconsolidated_sediment,0,0.010592099557529254,0,LOW
2024-03-19 11:00:00,Chamoli-Gauge-1,1,sparse_vegetation,fractured_metamorphic,0,0.010592099557529254,0,LOW
2024-03-19 11:00:00,Kolkata-Gauge-1,2,urban,unconsolidated_sediment,0,0.010761282117613501,0,LOW
2024-03-19 11:00:00,Guwahati-Gauge-1,3,cropland,sedimentary,0,0.010592099557529254,0,LOW
2024-03-19 11:00:00,Sonapur-Gauge-1,4,forest,unconsolidated_sediment,0,0.010592099557529254,0,LOW
2024-03-19 12:00:00,Chamoli-Gauge-1,1,sparse_vegetation,fractured_metamorphic,0,0.010592099557529254,0,LOW
2024-03-19 12:00:00,Kolkata-Gauge-1,2,urban,unconsolidated_sediment,0,0.010761282117613501,0,LOW
2024-03-19 12:00:00,Guwahati-Gauge-1,3,cropland,sedimentary,0,0.010592099557529254,0,LOW
2024-03-19 12:00:00,Sonapur-Gauge-1,4,forest,unconsolidated_sediment,0,0.010592099557529254,0,LOW
2024-03-19 13:00:00,Chamoli-Gauge-1,1,sparse_vegetation,fractured_metamorphic,0,0.010592099557529254,0,LOW
2024-03-19 13:00:00,Kolkata-Gauge-1,2,urban,unconsolidated_sediment,0,0.01078709228368474,0,LOW
2024-03-19 13:00:00,Guwahati-Gauge-1,3,cropland,sedimentary,0,0.010592099557529254,0,LOW
2024-03-19 13:00:00,Sonapur-Gauge-1,4,forest,unconsolidated_sediment,0,0.010592099557529254,0,LOW
2024-03-19 14:00:00,Chamoli-Gauge-1,1,sparse_vegetation,fractured_metamorphic,0,0.010592099557529254,0,LOW
2024-03-19 14:00:00,Kolkata-Gauge-1,2,urban,unconsolidated_sediment,0,0.010592099557529254,0,LOW
2024-03-19 14:00:00,Guwahati-Gauge-1,3,cropland,sedimentary,0,0.010592099557529254,0,LOW
2024-03-19 14:00:00,Sonapur-Gauge-1,4,forest,unconsolidated_sediment,0,0.011417575558514232,0,LOW
2024-03-19 15:00:00,Chamoli-Gauge-1,1,sparse_vegetation,fractured_metamorphic,0,0.010592099557529254,0,LOW
2024-03-19 15:00:00,Kolkata-Gauge-1,2,urban,unconsolidated_sediment,0,0.010592099557529254,0,LOW
2024-03-19 15:00:00,Guwahati-Gauge-1,3,cropland,sedimentary,0,0.010592099557529254,0,LOW
2024-03-19 15:00:00,Sonapur-Gauge-1,4,forest,unconsolidated_sediment,0,0.010592099557529254,0,LOW
2024-03-19 16:00:00,Chamoli-Gauge-1,1,sparse_vegetation,fractured_metamorphic,0,0.010592099557529254,0,LOW
2024-03-19 16:00:00,Kolkata-Gauge-1,2,urban,unconsolidated_sediment,0,0.010592099557529254,0,LOW
2024-03-19 16:00:00,Guwahati-Gauge-1,3,cropland,sedimentary,0,0.010592099557529254,0,LOW
2024-03-19 16:00:00,Sonapur-Gauge-1,4,forest,unconsolidated_sediment,0,0.010592099557529254,0,LOW
2024-03-19 17:00:00,Chamoli-Gauge-1,1,sparse_vegetation,fractured_metamorphic,0,0.010592099557529254,0,LOW
2024-03-19 17:00:00,Kolkata-Gauge-1,2,urban,unconsolidated_sediment,0,0.010592099557529254,0,LOW
2024-03-19 17:00:00,Guwahati-Gauge-1,3,cropland,sedimentary,0,0.010592099557529254,0,LOW
2024-03-19 17:00:00,Sonapur-Gauge-1,4,forest,unconsolidated_sediment,0,0.010592099557529254,0,LOW
2024-03-19 18:00:00,Chamoli-Gauge-1,1,sparse_vegetation,fractured_metamorphic,0,0.010680610133130352,0,LOW
2024-03-19 18:00:00,Kolkata-Gauge-1,2,urban,unconsolidated_sediment,0,0.010592099557529254,0,LOW
2024-03-19 18:00:00,Guwahati-Gauge-1,3,cropland,sedimentary,0,0.010592099557529254,0,LOW
2024-03-19 18:00:00,Sonapur-Gauge-1,4,forest,unconsolidated_sediment,0,0.010592099557529254,0,LOW
2024-03-19 19:00:00,Chamoli-Gauge-1,1,sparse_vegetation,fractured_metamorphic,0,0.010680610133130352,0,LOW
2024-03-19 19:00:00,Kolkata-Gauge-1,2,urban,unconsolidated_sediment,0,0.010592099557529254,0,LOW
2024-03-19 19:00:00,Guwahati-Gauge-1,3,cropland,sedimentary,0,0.010592099557529254,0,LOW
2024-03-19 19:00:00,Sonapur-Gauge-1,4,forest,unconsolidated_sediment,0,0.010592099557529254,0,LOW
2024-03-19 20:00:00,Chamoli-Gauge-1,1,sparse_vegetation,fractured_metamorphic,0,0.010680610133130352,0,LOW
2024-03-19 20:00:00,Kolkata-Gauge-1,2,urban,unconsolidated_sediment,0,0.010592099557529254,0,LOW
2024-03-19 20:00:00,Guwahati-Gauge-1,3,cropland,sedimentary,0,0.010592099557529254,0,LOW
2024-03-19 20:00:00,Sonapur-Gauge-1,4,forest,unconsolidated_sediment,0,0.010592099557529254,0,LOW
2024-03-19 21:00:00,Chamoli-Gauge-1,1,sparse_vegetation,fractured_metamorphic,0,0.017867087229743128,0,LOW
2024-03-19 21:00:00,Kolkata-Gauge-1,2,urban,unconsolidated_sediment,0,0.01097825812798503,0,LOW
2024-03-19 21:00:00,Guwahati-Gauge-1,3,cropland,sedimentary,0,0.010592099557529254,0,LOW
2024-03-19 21:00:00,Sonapur-Gauge-1,4,forest,unconsolidated_sediment,0,0.010592099557529254,0,LOW
2024-03-19 22:00:00,Chamoli-Gauge-1,1,sparse_vegetation,fractured_metamorphic,0,0.01347388156385537,0,LOW
2024-03-19 22:00:00,Kolkata-Gauge-1,2,urban,unconsolidated_sediment,0,0.011184882061628054,0,LOW
2024-03-19 22:00:00,Guwahati-Gauge-1,3,cropland,sedimentary,0,0.010592099557529254,0,LOW
2024-03-19 22:00:00,Sonapur-Gauge-1,4,forest,unconsolidated_sediment,0,0.010592099557529254,0,LOW
2024-03-19 23:00:00,Chamoli-Gauge-1,1,sparse_vegetation,fractured_metamorphic,0,0.01347388156385537,0,LOW
2024-03-19 23:00:00,Kolkata-Gauge-1,2,urban,unconsolidated_sediment,0,0.011221390313690504,0,LOW
2024-03-19 23:00:00,Guwahati-Gauge-1,3,cropland,sedimentary,0,0.010592099557529254,0,LOW
2024-03-19 23:00:00,Sonapur-Gauge-1,4,forest,unconsolidated_sediment,0,0.010592099557529254,0,LOW
2024-03-20 00:00:00,Chamoli-Gauge-1,1,sparse_vegetation,fractured_metamorphic,0,0.015043974085565622,0,LOW
2024-03-20 00:00:00,Kolkata-Gauge-1,2,urban,unconsolidated_sediment,0,0.011016884704386986,0,LOW
2024-03-20 00:00:00,Guwahati-Gauge-1,3,cropland,sedimentary,0,0.010592099557529254,0,LOW
2024-03-20 00:00:00,Sonapur-Gauge-1,4,forest,unconsolidated_sediment,0,0.010592099557529254,0,LOW
2024-03-20 01:00:00,Chamoli-Gauge-1,1,sparse_vegetation,fractured_metamorphic,0,0.013611538938526546,0,LOW
2024-03-20 01:00:00,Kolkata-Gauge-1,2,urban,unconsolidated_sediment,0,0.011016884704386986,0,LOW
2024-03-20 01:00:00,Guwahati-Gauge-1,3,cropland,sedimentary,0,0.010592099557529254,0,LOW
2024-03-20 01:00:00,Sonapur-Gauge-1,4,forest,unconsolidated_sediment,0,0.010592099557529254,0,LOW
2024-03-20 02:00:00,Chamoli-Gauge-1,1,sparse_vegetation,fractured_metamorphic,0,0.013414894231898252,0,LOW
2024-03-20 02:00:00,Kolkata-Gauge-1,2,urban,unconsolidated_sediment,0,0.011863659136037204,0,LOW
2024-03-20 02:00:00,Guwahati-Gauge-1,3,cropland,sedimentary,0,0.010592099557529254,0,LOW
2024-03-20 02:00:00,Sonapur-Gauge-1,4,forest,unconsolidated_sediment,0,0.010592099557529254,0,LOW
2024-03-20 03:00:00,Chamoli-Gauge-1,1,sparse_vegetation,fractured_metamorphic,0,0.014405634080750806,0,LOW
2024-03-20 03:00:00,Kolkata-Gauge-1,2,urban,unconsolidated_sediment,0,0.010592099557529254,0,LOW
2024-03-20 03:00:00,Guwahati-Gauge-1,3,cropland,sedimentary,0,0.010592099557529254,0,LOW
2024-03-20 03:00:00,Sonapur-Gauge-1,4,forest,unconsolidated_sediment,0,0.010592099557529254,0,LOW
2024-03-20 04:00:00,Chamoli-Gauge-1,1,sparse_vegetation,fractured_metamorphic,0,0.01828430668137971,0,LOW
2024-03-20 04:00:00,Kolkata-Gauge-1,2,urban,unconsolidated_sediment,0,0.010592099557529254,0,LOW
2024-03-20 04:00:00,Guwahati-Gauge-1,3,cropland,sedimentary,0,0.010592099557529254,0,LOW
2024-03-20 04:00:00,Sonapur-Gauge-1,4,forest,unconsolidated_sediment,0,0.010592099557529254,0,LOW
2024-03-20 05:00:00,Chamoli-Gauge-1,1,sparse_vegetation,fractured_metamorphic,0,0.7403535080276066,1,HIGH
2024-03-20 05:00:00,Kolkata-Gauge-1,2,urban,unconsolidated_sediment,0,0.010592099557529254,0,LOW
2024-03-20 05:00:00,Guwahati-Gauge-1,3,cropland,sedimentary,0,0.010592099557529254,0,LOW
2024-03-20 05:00:00,Sonapur-Gauge-1,4,forest,unconsolidated_sediment,0,0.010592099557529254,0,LOW
2024-03-20 06:00:00,Chamoli-Gauge-1,1,sparse_vegetation,fractured_metamorphic,1,0.8527634674238384,1,EXTREME
2024-03-20 06:00:00,Kolkata-Gauge-1,2,urban,unconsolidated_sediment,0,0.010592099557529254,0,LOW
2024-03-20 06:00:00,Guwahati-Gauge-1,3,cropland,sedimentary,0,0.010592099557529254,0,LOW
2024-03-20 06:00:00,Sonapur-Gauge-1,4,forest,unconsolidated_sediment,0,0.010592099557529254,0,LOW
2024-03-20 07:00:00,Chamoli-Gauge-1,1,sparse_vegetation,fractured_metamorphic,1,0.8515095642343496,1,EXTREME
2024-03-20 07:00:00,Kolkata-Gauge-1,2,urban,unconsolidated_sediment,0,0.010592099557529254,0,LOW
2024-03-20 07:00:00,Guwahati-Gauge-1,3,cropland,sedimentary,0,0.010592099557529254,0,LOW
2024-03-20 07:00:00,Sonapur-Gauge-1,4,forest,unconsolidated_sediment,0,0.010592099557529254,0,LOW
2024-03-20 08:00:00,Chamoli-Gauge-1,1,sparse_vegetation,fractured_metamorphic,1,0.7971549689522859,1,HIGH
2024-03-20 08:00:00,Kolkata-Gauge-1,2,urban,unconsolidated_sediment,0,0.010592099557529254,0,LOW
2024-03-20 08:00:00,Guwahati-Gauge-1,3,cropland,sedimentary,0,0.010592099557529254,0,LOW
2024-03-20 08:00:00,Sonapur-Gauge-1,4,forest,unconsolidated_sediment,0,0.010592099557529254,0,LOW
2024-03-20 09:00:00,Chamoli-Gauge-1,1,sparse_vegetation,fractured_metamorphic,1,0.7314999444443904,1,HIGH
2024-03-20 09:00:00,Kolkata-Gauge-1,2,urban,unconsolidated_sediment,0,0.03543220086178444,0,LOW
2024-03-20 09:00:00,Guwahati-Gauge-1,3,cropland,sedimentary,0,0.010592099557529254,0,LOW
2024-03-20 09:00:00,Sonapur-Gauge-1,4,forest,unconsolidated_sediment,0,0.010592099557529254,0,LOW
2024-03-20 10:00:00,Chamoli-Gauge-1,1,sparse_vegetation,fractured_metamorphic,0,0.5189210432123001,1,MODERATE
2024-03-20 10:00:00,Kolkata-Gauge-1,2,urban,unconsolidated_sediment,0,0.025848444523519542,0,LOW
2024-03-20 10:00:00,Guwahati-Gauge-1,3,cropland,sedimentary,0,0.010592099557529254,0,LOW
2024-03-20 10:00:00,Sonapur-Gauge-1,4,forest,unconsolidated_sediment,0,0.010592099557529254,0,LOW
2024-03-20 11:00:00,Chamoli-Gauge-1,1,sparse_vegetation,fractured_metamorphic,0,0.4467031470976724,0,MODERATE
2024-03-20 11:00:00,Kolkata-Gauge-1,2,urban,unconsolidated_sediment,0,0.025420855678676798,0,LOW
2024-03-20 11:00:00,Guwahati-Gauge-1,3,cropland,sedimentary,0,0.010592099557529254,0,LOW
2024-03-20 11:00:00,Sonapur-Gauge-1,4,forest,unconsolidated_sediment,0,0.010592099557529254,0,LOW
2024-03-20 12:00:00,Chamoli-Gauge-1,1,sparse_vegetation,fractured_metamorphic,0,0.4846458388366725,0,MODERATE
2024-03-20 12:00:00,Kolkata-Gauge-1,2,urban,unconsolidated_sediment,0,0.02266171187564956,0,LOW
2024-03-20 12:00:00,Guwahati-Gauge-1,3,cropland,sedimentary,0,0.010592099557529254,0,LOW
2024-03-20 12:00:00,Sonapur-Gauge-1,4,forest,unconsolidated_sediment,0,0.010592099557529254,0,LOW
2024-03-20 13:00:00,Chamoli-Gauge-1,1,sparse_vegetation,fractured_metamorphic,1,0.6205816167393453,1,HIGH
2024-03-20 13:00:00,Kolkata-Gauge-1,2,urban,unconsolidated_sediment,0,0.01739915192758706,0,LOW
2024-03-20 13:00:00,Guwahati-Gauge-1,3,cropland,sedimentary,0,0.010592099557529254,0,LOW
2024-03-20 13:00:00,Sonapur-Gauge-1,4,forest,unconsolidated_sediment,0,0.010592099557529254,0,LOW
2024-03-20 14:00:00,Chamoli-Gauge-1,1,sparse_vegetation,fractured_metamorphic,1,0.8954733081894832,1,EXTREME
2024-03-20 14:00:00,Kolkata-Gauge-1,2,urban,unconsolidated_sediment,0,0.01837057401967332,0,LOW
2024-03-20 14:00:00,Guwahati-Gauge-1,3,cropland,sedimentary,0,0.010592099557529254,0,LOW
2024-03-20 14:00:00,Sonapur-Gauge-1,4,forest,unconsolidated_sediment,0,0.010592099557529254,0,LOW
2024-03-20 15:00:00,Chamoli-Gauge-1,1,sparse_vegetation,fractured_metamorphic,1,0.8966797464489897,1,EXTREME
2024-03-20 15:00:00,Kolkata-Gauge-1,2,urban,unconsolidated_sediment,1,0.31599026726353624,0,MODERATE
2024-03-20 15:00:00,Guwahati-Gauge-1,3,cropland,sedimentary,0,0.010592099557529254,0,LOW
2024-03-20 15:00:00,Sonapur-Gauge-1,4,forest,unconsolidated_sediment,0,0.010592099557529254,0,LOW
2024-03-20 16:00:00,Chamoli-Gauge-1,1,sparse_vegetation,fractured_metamorphic,1,0.8966797464489897,1,EXTREME
2024-03-20 16:00:00,Kolkata-Gauge-1,2,urban,unconsolidated_sediment,0,0.12144172911198295,0,LOW
2024-03-20 16:00:00,Guwahati-Gauge-1,3,cropland,sedimentary,0,0.010592099557529254,0,LOW
2024-03-20 16:00:00,Sonapur-Gauge-1,4,forest,unconsolidated_sediment,0,0.010592099557529254,0,LOW
2024-03-20 17:00:00,Chamoli-Gauge-1,1,sparse_vegetation,fractured_metamorphic,1,0.8964823742033426,1,EXTREME
2024-03-20 17:00:00,Kolkata-Gauge-1,2,urban,unconsolidated_sediment,0,0.0994253516037974,0,LOW
2024-03-20 17:00:00,Guwahati-Gauge-1,3,cropland,sedimentary,0,0.010592099557529254,0,LOW
2024-03-20 17:00:00,Sonapur-Gauge-1,4,forest,unconsolidated_sediment,0,0.010592099557529254,0,LOW
2024-03-20 18:00:00,Chamoli-Gauge-1,1,sparse_vegetation,fractured_metamorphic,1,0.8965288988676641,1,EXTREME
2024-03-20 18:00:00,Kolkata-Gauge-1,2,urban,unconsolidated_sediment,0,0.6750036518886748,1,HIGH
2024-03-20 18:00:00,Guwahati-Gauge-1,3,cropland,sedimentary,0,0.010592099557529254,0,LOW
2024-03-20 18:00:00,Sonapur-Gauge-1,4,forest,unconsolidated_sediment,0,0.010592099557529254,0,LOW
2024-03-20 19:00:00,Chamoli-Gauge-1,1,sparse_vegetation,fractured_metamorphic,1,0.8965288988676641,1,EXTREME
2024-03-20 19:00:00,Kolkata-Gauge-1,2,urban,unconsolidated_sediment,1,0.8061339816521357,1,EXTREME
2024-03-20 19:00:00,Guwahati-Gauge-1,3,cropland,sedimentary,0,0.010592099557529254,0,LOW
2024-03-20 19:00:00,Sonapur-Gauge-1,4,forest,unconsolidated_sediment,0,0.010592099557529254,0,LOW
2024-03-20 20:00:00,Chamoli-Gauge-1,1,sparse_vegetation,fractured_metamorphic,1,0.8963642463249327,1,EXTREME
2024-03-20 20:00:00,Kolkata-Gauge-1,2,urban,unconsolidated_sediment,1,0.7950724056153576,1,HIGH
2024-03-20 20:00:00,Guwahati-Gauge-1,3,cropland,sedimentary,0,0.010592099557529254,0,LOW
2024-03-20 20:00:00,Sonapur-Gauge-1,4,forest,unconsolidated_sediment,0,0.010592099557529254,0,LOW
2024-03-20 21:00:00,Chamoli-Gauge-1,1,sparse_vegetation,fractured_metamorphic,1,0.8959190778854987,1,EXTREME
2024-03-20 21:00:00,Kolkata-Gauge-1,2,urban,unconsolidated_sediment,1,0.6548492967120543,1,HIGH
2024-03-20 21:00:00,Guwahati-Gauge-1,3,cropland,sedimentary,0,0.010592099557529254,0,LOW
2024-03-20 21:00:00,Sonapur-Gauge-1,4,forest,unconsolidated_sediment,0,0.010592099557529254,0,LOW
2024-03-20 22:00:00,Chamoli-Gauge-1,1,sparse_vegetation,fractured_metamorphic,1,0.8955487433609854,1,EXTREME
2024-03-20 22:00:00,Kolkata-Gauge-1,2,urban,unconsolidated_sediment,0,0.6548492967120543,1,HIGH
2024-03-20 22:00:00,Guwahati-Gauge-1,3,cropland,sedimentary,0,0.010592099557529254,0,LOW
2024-03-20 22:00:00,Sonapur-Gauge-1,4,forest,unconsolidated_sediment,0,0.010592099557529254,0,LOW
2024-03-20 23:00:00,Chamoli-Gauge-1,1,sparse_vegetation,fractured_metamorphic,1,0.8957022949046789,1,EXTREME
2024-03-20 23:00:00,Kolkata-Gauge-1,2,urban,unconsolidated_sediment,0,0.34070007351516157,0,MODERATE
2024-03-20 23:00:00,Guwahati-Gauge-1,3,cropland,sedimentary,0,0.010592099557529254,0,LOW
2024-03-20 23:00:00,Sonapur-Gauge-1,4,forest,unconsolidated_sediment,0,0.010592099557529254,0,LOW
2024-03-21 00:00:00,Chamoli-Gauge-1,1,sparse_vegetation,fractured_metamorphic,1,0.8923306098784536,1,EXTREME
2024-03-21 00:00:00,Kolkata-Gauge-1,2,urban,unconsolidated_sediment,0,0.051187144699114714,0,LOW
2024-03-21 00:00:00,Guwahati-Gauge-1,3,cropland,sedimentary,0,0.010592099557529254,0,LOW
2024-03-21 00:00:00,Sonapur-Gauge-1,4,forest,unconsolidated_sediment,0,0.010592099557529254,0,LOW
2024-03-21 01:00:00,Chamoli-Gauge-1,1,sparse_vegetation,fractured_metamorphic,1,0.8957238129936246,1,EXTREME
2024-03-21 01:00:00,Kolkata-Gauge-1,2,urban,unconsolidated_sediment,0,0.07358989568136574,0,LOW
2024-03-21 01:00:00,Guwahati-Gauge-1,3,cropland,sedimentary,0,0.010592099557529254,0,LOW
2024-03-21 01:00:00,Sonapur-Gauge-1,4,forest,unconsolidated_sediment,0,0.010592099557529254,0,LOW
2024-03-21 02:00:00,Chamoli-Gauge-1,1,sparse_vegetation,fractured_metamorphic,1,0.8872763813406881,1,EXTREME
2024-03-21 02:00:00,Kolkata-Gauge-1,2,urban,unconsolidated_sediment,0,0.03148321501443404,0,LOW
2024-03-21 02:00:00,Guwahati-Gauge-1,3,cropland,sedimentary,0,0.010592099557529254,0,LOW
2024-03-21 02:00:00,Sonapur-Gauge-1,4,forest,unconsolidated_sediment,0,0.010592099557529254,0,LOW
2024-03-21 03:00:00,Chamoli-Gauge-1,1,sparse_vegetation,fractured_metamorphic,1,0.8836498680103988,1,EXTREME
2024-03-21 03:00:00,Kolkata-Gauge-1,2,urban,unconsolidated_sediment,0,0.029675062969522117,0,LOW
2024-03-21 03:00:00,Guwahati-Gauge-1,3,cropland,sedimentary,0,0.010592099557529254,0,LOW
2024-03-21 03:00:00,Sonapur-Gauge-1,4,forest,unconsolidated_sediment,0,0.010592099557529254,0,LOW
2024-03-21 04:00:00,Chamoli-Gauge-1,1,sparse_vegetation,fractured_metamorphic,1,0.8899918902729924,1,EXTREME
2024-03-21 04:00:00,Kolkata-Gauge-1,2,urban,unconsolidated_sediment,1,0.5153658186421345,1,MODERATE
2024-03-21 04:00:00,Guwahati-Gauge-1,3,cropland,sedimentary,0,0.010592099557529254,0,LOW
2024-03-21 04:00:00,Sonapur-Gauge-1,4,forest,unconsolidated_sediment,0,0.010592099557529254,0,LOW
2024-03-21 05:00:00,Chamoli-Gauge-1,1,sparse_vegetation,fractured_metamorphic,1,0.8904043037413644,1,EXTREME
2024-03-21 05:00:00,Kolkata-Gauge-1,2,urban,unconsolidated_sediment,0,0.08984123141173427,0,LOW
2024-03-21 05:00:00,Guwahati-Gauge-1,3,cropland,sedimentary,0,0.010592099557529254,0,LOW
2024-03-21 05:00:00,Sonapur-Gauge-1,4,forest,unconsolidated_sediment,0,0.010592099557529254,0,LOW
2024-03-21 06:00:00,Chamoli-Gauge-1,1,sparse_vegetation,fractured_metamorphic,1,0.8900427700188751,1,EXTREME
2024-03-21 06:00:00,Kolkata-Gauge-1,2,urban,unconsolidated_sediment,0,0.05743319920551466,0,LOW
2024-03-21 06:00:00,Guwahati-Gauge-1,3,cropland,sedimentary,0,0.010592099557529254,0,LOW
2024-03-21 06:00:00,Sonapur-Gauge-1,4,forest,unconsolidated_sediment,0,0.010592099557529254,0,LOW
2024-03-21 07:00:00,Chamoli-Gauge-1,1,sparse_vegetation,fractured_metamorphic,1,0.8916974271387454,1,EXTREME
2024-03-21 07:00:00,Kolkata-Gauge-1,2,urban,unconsolidated_sediment,0,0.024592421826466,0,LOW
2024-03-21 07:00:00,Guwahati-Gauge-1,3,cropland,sedimentary,0,0.010592099557529254,0,LOW
2024-03-21 07:00:00,Sonapur-Gauge-1,4,forest,unconsolidated_sediment,0,0.010592099557529254,0,LOW
2024-03-21 08:00:00,Chamoli-Gauge-1,1,sparse_vegetation,fractured_metamorphic,1,0.8919232875879574,1,EXTREME
2024-03-21 08:00:00,Kolkata-Gauge-1,2,urban,unconsolidated_sediment,0,0.04590891839494934,0,LOW
2024-03-21 08:00:00,Guwahati-Gauge-1,3,cropland,sedimentary,0,0.010592099557529254,0,LOW
2024-03-21 08:00:00,Sonapur-Gauge-1,4,forest,unconsolidated_sediment,0,0.010592099557529254,0,LOW
2024-03-21 09:00:00,Chamoli-Gauge-1,1,sparse_vegetation,fractured_metamorphic,1,0.896066401368628,1,EXTREME
2024-03-21 09:00:00,Kolkata-Gauge-1,2,urban,unconsolidated_sediment,0,0.012030791463093096,0,LOW
2024-03-21 09:00:00,Guwahati-Gauge-1,3,cropland,sedimentary,0,0.010592099557529254,0,LOW
2024-03-21 09:00:00,Sonapur-Gauge-1,4,forest,unconsolidated_sediment,0,0.010592099557529254,0,LOW
2024-03-21 10:00:00,Chamoli-Gauge-1,1,sparse_vegetation,fractured_metamorphic,1,0.895789682767953,1,EXTREME
2024-03-21 10:00:00,Kolkata-Gauge-1,2,urban,unconsolidated_sediment,0,0.01178277449265156,0,LOW
2024-03-21 10:00:00,Guwahati-Gauge-1,3,cropland,sedimentary,0,0.010592099557529254,0,LOW
2024-03-21 10:00:00,Sonapur-Gauge-1,4,forest,unconsolidated_sediment,0,0.010592099557529254,0,LOW
2024-03-21 11:00:00,Chamoli-Gauge-1,1,sparse_vegetation,fractured_metamorphic,1,0.8949489675656185,1,EXTREME
2024-03-21 11:00:00,Kolkata-Gauge-1,2,urban,unconsolidated_sediment,0,0.011500118677945126,0,LOW
2024-03-21 11:00:00,Guwahati-Gauge-1,3,cropland,sedimentary,0,0.010592099557529254,0,LOW
2024-03-21 11:00:00,Sonapur-Gauge-1,4,forest,unconsolidated_sediment,0,0.010592099557529254,0,LOW
2024-03-21 12:00:00,Chamoli-Gauge-1,1,sparse_vegetation,fractured_metamorphic,1,0.8944873633200322,1,EXTREME
2024-03-21 12:00:00,Kolkata-Gauge-1,2,urban,unconsolidated_sediment,0,0.011832275090394024,0,LOW
2024-03-21 12:00:00,Guwahati-Gauge-1,3,cropland,sedimentary,0,0.010592099557529254,0,LOW
2024-03-21 12:00:00,Sonapur-Gauge-1,4,forest,unconsolidated_sediment,0,0.010592099557529254,0,LOW
2024-03-21 13:00:00,Chamoli-Gauge-1,1,sparse_vegetation,fractured_metamorphic,1,0.8883575905606521,1,EXTREME
2024-03-21 13:00:00,Kolkata-Gauge-1,2,urban,unconsolidated_sediment,0,0.015654489991165553,0,LOW
2024-03-21 13:00:00,Guwahati-Gauge-1,3,cropland,sedimentary,0,0.010592099557529254,0,LOW
2024-03-21 13:00:00,Sonapur-Gauge-1,4,forest,unconsolidated_sediment,0,0.010592099557529254,0,LOW
2024-03-21 14:00:00,Chamoli-Gauge-1,1,sparse_vegetation,fractured_metamorphic,1,0.834230440020714,1,EXTREME
2024-03-21 14:00:00,Kolkata-Gauge-1,2,urban,unconsolidated_sediment,0,0.013587067248060978,0,LOW
2024-03-21 14:00:00,Guwahati-Gauge-1,3,cropland,sedimentary,0,0.010592099557529254,0,LOW
2024-03-21 14:00:00,Sonapur-Gauge-1,4,forest,unconsolidated_sediment,0,0.010592099557529254,0,LOW
2024-03-21 15:00:00,Chamoli-Gauge-1,1,sparse_vegetation,fractured_metamorphic,1,0.8296661481622503,1,EXTREME
2024-03-21 15:00:00,Kolkata-Gauge-1,2,urban,unconsolidated_sediment,0,0.012491716544580034,0,LOW
2024-03-21 15:00:00,Guwahati-Gauge-1,3,cropland,sedimentary,0,0.010592099557529254,0,LOW
2024-03-21 15:00:00,Sonapur-Gauge-1,4,forest,unconsolidated_sediment,0,0.010592099557529254,0,LOW
2024-03-21 16:00:00,Chamoli-Gauge-1,1,sparse_vegetation,fractured_metamorphic,0,0.6891900838463524,1,HIGH
2024-03-21 16:00:00,Kolkata-Gauge-1,2,urban,unconsolidated_sediment,0,0.011850065909734721,0,LOW
2024-03-21 16:00:00,Guwahati-Gauge-1,3,cropland,sedimentary,0,0.010592099557529254,0,LOW
2024-03-21 16:00:00,Sonapur-Gauge-1,4,forest,unconsolidated_sediment,0,0.010592099557529254,0,LOW
2024-03-21 17:00:00,Chamoli-Gauge-1,1,sparse_vegetation,fractured_metamorphic,0,0.6471302347186693,1,HIGH
2024-03-21 17:00:00,Kolkata-Gauge-1,2,urban,unconsolidated_sediment,0,0.01567731171458158,0,LOW
2024-03-21 17:00:00,Guwahati-Gauge-1,3,cropland,sedimentary,0,0.010592099557529254,0,LOW
2024-03-21 17:00:00,Sonapur-Gauge-1,4,forest,unconsolidated_sediment,0,0.010592099557529254,0,LOW
2024-03-21 18:00:00,Chamoli-Gauge-1,1,sparse_vegetation,fractured_metamorphic,0,0.7107116661041152,1,HIGH
2024-03-21 18:00:00,Kolkata-Gauge-1,2,urban,unconsolidated_sediment,0,0.013409854098702054,0,LOW
2024-03-21 18:00:00,Guwahati-Gauge-1,3,cropland,sedimentary,0,0.010592099557529254,0,LOW
2024-03-21 18:00:00,Sonapur-Gauge-1,4,forest,unconsolidated_sediment,0,0.010592099557529254,0,LOW
2024-03-21 19:00:00,Chamoli-Gauge-1,1,sparse_vegetation,fractured_metamorphic,1,0.7855639112443914,1,HIGH
2024-03-21 19:00:00,Kolkata-Gauge-1,2,urban,unconsolidated_sediment,0,0.05159264122375904,0,LOW
2024-03-21 19:00:00,Guwahati-Gauge-1,3,cropland,sedimentary,0,0.010592099557529254,0,LOW
2024-03-21 19:00:00,Sonapur-Gauge-1,4,forest,unconsolidated_sediment,0,0.010592099557529254,0,LOW
2024-03-21 20:00:00,Chamoli-Gauge-1,1,sparse_vegetation,fractured_metamorphic,1,0.8739348189013962,1,EXTREME
2024-03-21 20:00:00,Kolkata-Gauge-1,2,urban,unconsolidated_sediment,0,0.035309788690062245,0,LOW
2024-03-21 20:00:00,Guwahati-Gauge-1,3,cropland,sedimentary,0,0.010592099557529254,0,LOW
2024-03-21 20:00:00,Sonapur-Gauge-1,4,forest,unconsolidated_sediment,0,0.010592099557529254,0,LOW
2024-03-21 21:00:00,Chamoli-Gauge-1,1,sparse_vegetation,fractured_metamorphic,1,0.8713512777218019,1,EXTREME
2024-03-21 21:00:00,Kolkata-Gauge-1,2,urban,unconsolidated_sediment,0,0.03167116448727877,0,LOW
2024-03-21 21:00:00,Guwahati-Gauge-1,3,cropland,sedimentary,0,0.010592099557529254,0,LOW
2024-03-21 21:00:00,Sonapur-Gauge-1,4,forest,unconsolidated_sediment,0,0.010592099557529254,0,LOW
2024-03-21 22:00:00,Chamoli-Gauge-1,1,sparse_vegetation,fractured_metamorphic,1,0.84273241399889,1,EXTREME
2024-03-21 22:00:00,Kolkata-Gauge-1,2,urban,unconsolidated_sediment,0,0.059488416827997395,0,LOW
2024-03-21 22:00:00,Guwahati-Gauge-1,3,cropland,sedimentary,0,0.010592099557529254,0,LOW
2024-03-21 22:00:00,Sonapur-Gauge-1,4,forest,unconsolidated_sediment,0,0.010592099557529254,0,LOW
2024-03-21 23:00:00,Chamoli-Gauge-1,1,sparse_vegetation,fractured_metamorphic,0,0.7654982657199022,1,HIGH
2024-03-21 23:00:00,Kolkata-Gauge-1,2,urban,unconsolidated_sediment,0,0.05961469415952153,0,LOW
2024-03-21 23:00:00,Guwahati-Gauge-1,3,cropland,sedimentary,0,0.010592099557529254,0,LOW
2024-03-21 23:00:00,Sonapur-Gauge-1,4,forest,unconsolidated_sediment,0,0.010592099557529254,0,LOW
2024-03-22 00:00:00,Chamoli-Gauge-1,1,sparse_vegetation,fractured_metamorphic,1,0.7770022585320252,1,HIGH
2024-03-22 00:00:00,Kolkata-Gauge-1,2,urban,unconsolidated_sediment,0,0.05842757325356853,0,LOW
2024-03-22 00:00:00,Guwahati-Gauge-1,3,cropland,sedimentary,0,0.010592099557529254,0,LOW
2024-03-22 00:00:00,Sonapur-Gauge-1,4,forest,unconsolidated_sediment,0,0.010592099557529254,0,LOW
2024-03-22 01:00:00,Chamoli-Gauge-1,1,sparse_vegetation,fractured_metamorphic,1,0.70076864892171,1,HIGH
2024-03-22 01:00:00,Kolkata-Gauge-1,2,urban,unconsolidated_sediment,0,0.07469374552976707,0,LOW
2024-03-22 01:00:00,Guwahati-Gauge-1,3,cropland,sedimentary,0,0.010592099557529254,0,LOW
2024-03-22 01:00:00,Sonapur-Gauge-1,4,forest,unconsolidated_sediment,0,0.011347781843929422,0,LOW
2024-03-22 02:00:00,Chamoli-Gauge-1,1,sparse_vegetation,fractured_metamorphic,0,0.2788602035671406,0,LOW
2024-03-22 02:00:00,Kolkata-Gauge-1,2,urban,unconsolidated_sediment,1,0.25534620999904356,0,LOW
2024-03-22 02:00:00,Guwahati-Gauge-1,3,cropland,sedimentary,0,0.010592099557529254,0,LOW
2024-03-22 02:00:00,Sonapur-Gauge-1,4,forest,unconsolidated_sediment,0,0.01093178059139892,0,LOW
2024-03-22 03:00:00,Chamoli-Gauge-1,1,sparse_vegetation,fractured_metamorphic,0,0.20116573052509842,0,LOW
2024-03-22 03:00:00,Kolkata-Gauge-1,2,urban,unconsolidated_sediment,0,0.061421322186497006,0,LOW
2024-03-22 03:00:00,Guwahati-Gauge-1,3,cropland,sedimentary,0,0.01136491827408341,0,LOW
2024-03-22 03:00:00,Sonapur-Gauge-1,4,forest,unconsolidated_sediment,0,0.01093178059139892,0,LOW
2024-03-22 04:00:00,Chamoli-Gauge-1,1,sparse_vegetation,fractured_metamorphic,1,0.8921660700001104,1,EXTREME
2024-03-22 04:00:00,Kolkata-Gauge-1,2,urban,unconsolidated_sediment,0,0.02312602765180193,0,LOW
2024-03-22 04:00:00,Guwahati-Gauge-1,3,cropland,sedimentary,0,0.010592099557529254,0,LOW
2024-03-22 04:00:00,Sonapur-Gauge-1,4,forest,unconsolidated_sediment,0,0.010840770093285688,0,LOW
2024-03-22 05:00:00,Chamoli-Gauge-1,1,sparse_vegetation,fractured_metamorphic,1,0.8957711993376404,1,EXTREME
2024-03-22 05:00:00,Kolkata-Gauge-1,2,urban,unconsolidated_sediment,0,0.019978651723260167,0,LOW
2024-03-22 05:00:00,Guwahati-Gauge-1,3,cropland,sedimentary,0,0.010592099557529254,0,LOW
2024-03-22 05:00:00,Sonapur-Gauge-1,4,forest,unconsolidated_sediment,0,0.011218296163184123,0,LOW
2024-03-22 06:00:00,Chamoli-Gauge-1,1,sparse_vegetation,fractured_metamorphic,1,0.8957711993376404,1,EXTREME
2024-03-22 06:00:00,Kolkata-Gauge-1,2,urban,unconsolidated_sediment,0,0.015846381099041098,0,LOW
2024-03-22 06:00:00,Guwahati-Gauge-1,3,cropland,sedimentary,0,0.010592099557529254,0,LOW
2024-03-22 06:00:00,Sonapur-Gauge-1,4,forest,unconsolidated_sediment,0,0.010840770093285688,0,LOW
2024-03-22 07:00:00,Chamoli-Gauge-1,1,sparse_vegetation,fractured_metamorphic,1,0.8957664236271705,1,EXTREME
2024-03-22 07:00:00,Kolkata-Gauge-1,2,urban,unconsolidated_sediment,0,0.020235087971157844,0,LOW
2024-03-22 07:00:00,Guwahati-Gauge-1,3,cropland,sedimentary,0,0.010592099557529254,0,LOW
2024-03-22 07:00:00,Sonapur-Gauge-1,4,forest,unconsolidated_sediment,0,0.010592099557529254,0,LOW
2024-03-22 08:00:00,Chamoli-Gauge-1,1,sparse_vegetation,fractured_metamorphic,1,0.896337688836446,1,EXTREME
2024-03-22 08:00:00,Kolkata-Gauge-1,2,urban,unconsolidated_sediment,0,0.013013051766359024,0,LOW
2024-03-22 08:00:00,Guwahati-Gauge-1,3,cropland,sedimentary,0,0.010592099557529254,0,LOW
2024-03-22 08:00:00,Sonapur-Gauge-1,4,forest,unconsolidated_sediment,0,0.010592099557529254,0,LOW
2024-03-22 09:00:00,Chamoli-Gauge-1,1,sparse_vegetation,fractured_metamorphic,1,0.8962896074331514,1,EXTREME
2024-03-22 09:00:00,Kolkata-Gauge-1,2,urban,unconsolidated_sediment,0,0.011088169099848123,0,LOW
2024-03-22 09:00:00,Guwahati-Gauge-1,3,cropland,sedimentary,0,0.010592099557529254,0,LOW
2024-03-22 09:00:00,Sonapur-Gauge-1,4,forest,unconsolidated_sediment,0,0.010592099557529254,0,LOW
2024-03-22 10:00:00,Chamoli-Gauge-1,1,sparse_vegetation,fractured_metamorphic,1,0.8941533018394002,1,EXTREME
2024-03-22 10:00:00,Kolkata-Gauge-1,2,urban,unconsolidated_sediment,0,0.011088169099848123,0,LOW
2024-03-22 10:00:00,Guwahati-Gauge-1,3,cropland,sedimentary,0,0.010592099557529254,0,LOW
2024-03-22 10:00:00,Sonapur-Gauge-1,4,forest,unconsolidated_sediment,0,0.010592099557529254,0,LOW
2024-03-22 11:00:00,Chamoli-Gauge-1,1,sparse_vegetation,fractured_metamorphic,1,0.8906706507063397,1,EXTREME
2024-03-22 11:00:00,Kolkata-Gauge-1,2,urban,unconsolidated_sediment,0,0.01139767802012803,0,LOW
2024-03-22 11:00:00,Guwahati-Gauge-1,3,cropland,sedimentary,0,0.010592099557529254,0,LOW
2024-03-22 11:00:00,Sonapur-Gauge-1,4,forest,unconsolidated_sediment,0,0.010592099557529254,0,LOW
2024-03-22 12:00:00,Chamoli-Gauge-1,1,sparse_vegetation,fractured_metamorphic,1,0.8942319876819619,1,EXTREME
2024-03-22 12:00:00,Kolkata-Gauge-1,2,urban,unconsolidated_sediment,0,0.014489128649762484,0,LOW
2024-03-22 12:00:00,Guwahati-Gauge-1,3,cropland,sedimentary,0,0.010592099557529254,0,LOW
2024-03-22 12:00:00,Sonapur-Gauge-1,4,forest,unconsolidated_sediment,0,0.010592099557529254,0,LOW
2024-03-22 13:00:00,Chamoli-Gauge-1,1,sparse_vegetation,fractured_metamorphic,1,0.8946043289934752,1,EXTREME
2024-03-22 13:00:00,Kolkata-Gauge-1,2,urban,unconsolidated_sediment,0,0.011513469610477958,0,LOW
2024-03-22 13:00:00,Guwahati-Gauge-1,3,cropland,sedimentary,0,0.010592099557529254,0,LOW
2024-03-22 13:00:00,Sonapur-Gauge-1,4,forest,unconsolidated_sediment,0,0.01090779942774381,0,LOW
2024-03-22 14:00:00,Chamoli-Gauge-1,1,sparse_vegetation,fractured_metamorphic,1,0.8946043289934752,1,EXTREME
2024-03-22 14:00:00,Kolkata-Gauge-1,2,urban,unconsolidated_sediment,0,0.011273865411714898,0,LOW
2024-03-22 14:00:00,Guwahati-Gauge-1,3,cropland,sedimentary,0,0.010592099557529254,0,LOW
2024-03-22 14:00:00,Sonapur-Gauge-1,4,forest,unconsolidated_sediment,0,0.010592099557529254,0,LOW
2024-03-22 15:00:00,Chamoli-Gauge-1,1,sparse_vegetation,fractured_metamorphic,1,0.8946043289934752,1,EXTREME
2024-03-22 15:00:00,Kolkata-Gauge-1,2,urban,unconsolidated_sediment,0,0.011273865411714898,0,LOW
2024-03-22 15:00:00,Guwahati-Gauge-1,3,cropland,sedimentary,0,0.010592099557529254,0,LOW
2024-03-22 15:00:00,Sonapur-Gauge-1,4,forest,unconsolidated_sediment,0,0.010592099557529254,0,LOW
2024-03-22 16:00:00,Chamoli-Gauge-1,1,sparse_vegetation,fractured_metamorphic,1,0.8962935881432379,1,EXTREME
2024-03-22 16:00:00,Kolkata-Gauge-1,2,urban,unconsolidated_sediment,0,0.01074842151683572,0,LOW
2024-03-22 16:00:00,Guwahati-Gauge-1,3,cropland,sedimentary,0,0.010592099557529254,0,LOW
2024-03-22 16:00:00,Sonapur-Gauge-1,4,forest,unconsolidated_sediment,0,0.010592099557529254,0,LOW
2024-03-22 17:00:00,Chamoli-Gauge-1,1,sparse_vegetation,fractured_metamorphic,1,0.8962935881432379,1,EXTREME
2024-03-22 17:00:00,Kolkata-Gauge-1,2,urban,unconsolidated_sediment,0,0.011269930869927827,0,LOW
2024-03-22 17:00:00,Guwahati-Gauge-1,3,cropland,sedimentary,0,0.010592099557529254,0,LOW
2024-03-22 17:00:00,Sonapur-Gauge-1,4,forest,unconsolidated_sediment,0,0.010592099557529254,0,LOW
2024-03-22 18:00:00,Chamoli-Gauge-1,1,sparse_vegetation,fractured_metamorphic,1,0.8962935881432379,1,EXTREME
2024-03-22 18:00:00,Kolkata-Gauge-1,2,urban,unconsolidated_sediment,0,0.011481869820501305,0,LOW
2024-03-22 18:00:00,Guwahati-Gauge-1,3,cropland,sedimentary,0,0.010592099557529254,0,LOW
2024-03-22 18:00:00,Sonapur-Gauge-1,4,forest,unconsolidated_sediment,0,0.010592099557529254,0,LOW
2024-03-22 19:00:00,Chamoli-Gauge-1,1,sparse_vegetation,fractured_metamorphic,1,0.8949510702761415,1,EXTREME
2024-03-22 19:00:00,Kolkata-Gauge-1,2,urban,unconsolidated_sediment,0,0.012823958501020903,0,LOW
2024-03-22 19:00:00,Guwahati-Gauge-1,3,cropland,sedimentary,0,0.010592099557529254,0,LOW
2024-03-22 19:00:00,Sonapur-Gauge-1,4,forest,unconsolidated_sediment,0,0.010592099557529254,0,LOW
2024-03-22 20:00:00,Chamoli-Gauge-1,1,sparse_vegetation,fractured_metamorphic,1,0.895486227403862,1,EXTREME
2024-03-22 20:00:00,Kolkata-Gauge-1,2,urban,unconsolidated_sediment,0,0.010592099557529254,0,LOW
2024-03-22 20:00:00,Guwahati-Gauge-1,3,cropland,sedimentary,0,0.010592099557529254,0,LOW
2024-03-22 20:00:00,Sonapur-Gauge-1,4,forest,unconsolidated_sediment,0,0.010592099557529254,0,LOW
2024-03-22 21:00:00,Chamoli-Gauge-1,1,sparse_vegetation,fractured_metamorphic,1,0.89577438005102,1,EXTREME
2024-03-22 21:00:00,Kolkata-Gauge-1,2,urban,unconsolidated_sediment,0,0.010592099557529254,0,LOW
2024-03-22 21:00:00,Guwahati-Gauge-1,3,cropland,sedimentary,0,0.010592099557529254,0,LOW
2024-03-22 21:00:00,Sonapur-Gauge-1,4,forest,unconsolidated_sediment,0,0.010592099557529254,0,LOW
2024-03-22 22:00:00,Chamoli-Gauge-1,1,sparse_vegetation,fractured_metamorphic,1,0.8959785788604312,1,EXTREME
2024-03-22 22:00:00,Kolkata-Gauge-1,2,urban,unconsolidated_sediment,0,0.010592099557529254,0,LOW
2024-03-22 22:00:00,Guwahati-Gauge-1,3,cropland,sedimentary,0,0.010592099557529254,0,LOW
2024-03-22 22:00:00,Sonapur-Gauge-1,4,forest,unconsolidated_sediment,0,0.010592099557529254,0,LOW
2024-03-22 23:00:00,Chamoli-Gauge-1,1,sparse_vegetation,fractured_metamorphic,1,0.8960931725102297,1,EXTREME
2024-03-22 23:00:00,Kolkata-Gauge-1,2,urban,unconsolidated_sediment,0,0.010592099557529254,0,LOW
2024-03-22 23:00:00,Guwahati-Gauge-1,3,cropland,sedimentary,0,0.010592099557529254,0,LOW
2024-03-22 23:00:00,Sonapur-Gauge-1,4,forest,unconsolidated_sediment,0,0.010592099557529254,0,LOW
2024-03-23 00:00:00,Chamoli-Gauge-1,1,sparse_vegetation,fractured_metamorphic,1,0.896108279816362,1,EXTREME
2024-03-23 00:00:00,Kolkata-Gauge-1,2,urban,unconsolidated_sediment,0,0.012449918948176921,0,LOW
2024-03-23 00:00:00,Guwahati-Gauge-1,3,cropland,sedimentary,0,0.010592099557529254,0,LOW
2024-03-23 00:00:00,Sonapur-Gauge-1,4,forest,unconsolidated_sediment,0,0.010592099557529254,0,LOW
2024-03-23 01:00:00,Chamoli-Gauge-1,1,sparse_vegetation,fractured_metamorphic,1,0.8931068515253179,1,EXTREME
2024-03-23 01:00:00,Kolkata-Gauge-1,2,urban,unconsolidated_sediment,0,0.010711683822871411,0,LOW
2024-03-23 01:00:00,Guwahati-Gauge-1,3,cropland,sedimentary,0,0.010592099557529254,0,LOW
2024-03-23 01:00:00,Sonapur-Gauge-1,4,forest,unconsolidated_sediment,0,0.010592099557529254,0,LOW
2024-03-23 02:00:00,Chamoli-Gauge-1,1,sparse_vegetation,fractured_metamorphic,1,0.8932981873569248,1,EXTREME
2024-03-23 02:00:00,Kolkata-Gauge-1,2,urban,unconsolidated_sediment,0,0.010592099557529254,0,LOW
2024-03-23 02:00:00,Guwahati-Gauge-1,3,cropland,sedimentary,0,0.010592099557529254,0,LOW
2024-03-23 02:00:00,Sonapur-Gauge-1,4,forest,unconsolidated_sediment,0,0.010592099557529254,0,LOW
2024-03-23 03:00:00,Chamoli-Gauge-1,1,sparse_vegetation,fractured_metamorphic,1,0.8909756116402098,1,EXTREME
2024-03-23 03:00:00,Kolkata-Gauge-1,2,urban,unconsolidated_sediment,0,0.010592099557529254,0,LOW
2024-03-23 03:00:00,Guwahati-Gauge-1,3,cropland,sedimentary,0,0.010592099557529254,0,LOW
2024-03-23 03:00:00,Sonapur-Gauge-1,4,forest,unconsolidated_sediment,0,0.010592099557529254,0,LOW
2024-03-23 04:00:00,Chamoli-Gauge-1,1,sparse_vegetation,fractured_metamorphic,0,0.8363088487984455,1,EXTREME
2024-03-23 04:00:00,Kolkata-Gauge-1,2,urban,unconsolidated_sediment,0,0.010592099557529254,0,LOW
2024-03-23 04:00:00,Guwahati-Gauge-1,3,cropland,sedimentary,0,0.010592099557529254,0,LOW
2024-03-23 04:00:00,Sonapur-Gauge-1,4,forest,unconsolidated_sediment,0,0.010592099557529254,0,LOW
2024-03-23 05:00:00,Chamoli-Gauge-1,1,sparse_vegetation,fractured_metamorphic,1,0.8315460471052504,1,EXTREME
2024-03-23 05:00:00,Kolkata-Gauge-1,2,urban,unconsolidated_sediment,0,0.010592099557529254,0,LOW
2024-03-23 05:00:00,Guwahati-Gauge-1,3,cropland,sedimentary,0,0.010592099557529254,0,LOW
2024-03-23 05:00:00,Sonapur-Gauge-1,4,forest,unconsolidated_sediment,0,0.010592099557529254,0,LOW
2024-03-23 06:00:00,Chamoli-Gauge-1,1,sparse_vegetation,fractured_metamorphic,0,0.8368183525029006,1,EXTREME
2024-03-23 06:00:00,Kolkata-Gauge-1,2,urban,unconsolidated_sediment,0,0.010592099557529254,0,LOW
2024-03-23 06:00:00,Guwahati-Gauge-1,3,cropland,sedimentary,0,0.010592099557529254,0,LOW
2024-03-23 06:00:00,Sonapur-Gauge-1,4,forest,unconsolidated_sediment,0,0.010592099557529254,0,LOW
2024-03-23 07:00:00,Chamoli-Gauge-1,1,sparse_vegetation,fractured_metamorphic,0,0.23500158836901683,0,LOW
2024-03-23 07:00:00,Kolkata-Gauge-1,2,urban,unconsolidated_sediment,0,0.010592099557529254,0,LOW
2024-03-23 07:00:00,Guwahati-Gauge-1,3,cropland,sedimentary,0,0.010592099557529254,0,LOW
2024-03-23 07:00:00,Sonapur-Gauge-1,4,forest,unconsolidated_sediment,0,0.010592099557529254,0,LOW
2024-03-23 08:00:00,Chamoli-Gauge-1,1,sparse_vegetation,fractured_metamorphic,0,0.21650517084851587,0,LOW
2024-03-23 08:00:00,Kolkata-Gauge-1,2,urban,unconsolidated_sediment,0,0.010592099557529254,0,LOW
2024-03-23 08:00:00,Guwahati-Gauge-1,3,cropland,sedimentary,0,0.010592099557529254,0,LOW
2024-03-23 08:00:00,Sonapur-Gauge-1,4,forest,unconsolidated_sediment,0,0.010592099557529254,0,LOW
2024-03-23 09:00:00,Chamoli-Gauge-1,1,sparse_vegetation,fractured_metamorphic,0,0.2380128384703563,0,LOW
2024-03-23 09:00:00,Kolkata-Gauge-1,2,urban,unconsolidated_sediment,0,0.010760651134509696,0,LOW
2024-03-23 09:00:00,Guwahati-Gauge-1,3,cropland,sedimentary,0,0.010592099557529254,0,LOW
2024-03-23 09:00:00,Sonapur-Gauge-1,4,forest,unconsolidated_sediment,0,0.010592099557529254,0,LOW
2024-03-23 10:00:00,Chamoli-Gauge-1,1,sparse_vegetation,fractured_metamorphic,1,0.47807718266540056,0,MODERATE
2024-03-23 10:00:00,Kolkata-Gauge-1,2,urban,unconsolidated_sediment,0,0.010592099557529254,0,LOW
2024-03-23 10:00:00,Guwahati-Gauge-1,3,cropland,sedimentary,0,0.010592099557529254,0,LOW
2024-03-23 10:00:00,Sonapur-Gauge-1,4,forest,unconsolidated_sediment,0,0.010592099557529254,0,LOW
2024-03-23 11:00:00,Chamoli-Gauge-1,1,sparse_vegetation,fractured_metamorphic,0,0.4823942088166024,0,MODERATE
2024-03-23 11:00:00,Kolkata-Gauge-1,2,urban,unconsolidated_sediment,0,0.010592099557529254,0,LOW
2024-03-23 11:00:00,Guwahati-Gauge-1,3,cropland,sedimentary,0,0.010592099557529254,0,LOW
2024-03-23 11:00:00,Sonapur-Gauge-1,4,forest,unconsolidated_sediment,0,0.010592099557529254,0,LOW
2024-03-23 12:00:00,Chamoli-Gauge-1,1,sparse_vegetation,fractured_metamorphic,1,0.6266771788154883,1,HIGH
2024-03-23 12:00:00,Kolkata-Gauge-1,2,urban,unconsolidated_sediment,0,0.010592099557529254,0,LOW
2024-03-23 12:00:00,Guwahati-Gauge-1,3,cropland,sedimentary,0,0.010592099557529254,0,LOW
2024-03-23 12:00:00,Sonapur-Gauge-1,4,forest,unconsolidated_sediment,0,0.010592099557529254,0,LOW
2024-03-23 13:00:00,Chamoli-Gauge-1,1,sparse_vegetation,fractured_metamorphic,0,0.4815059471976715,0,MODERATE
2024-03-23 13:00:00,Kolkata-Gauge-1,2,urban,unconsolidated_sediment,0,0.010592099557529254,0,LOW
2024-03-23 13:00:00,Guwahati-Gauge-1,3,cropland,sedimentary,0,0.010592099557529254,0,LOW
2024-03-23 13:00:00,Sonapur-Gauge-1,4,forest,unconsolidated_sediment,0,0.010592099557529254,0,LOW
2024-03-23 14:00:00,Chamoli-Gauge-1,1,sparse_vegetation,fractured_metamorphic,0,0.48518087654472597,0,MODERATE
2024-03-23 14:00:00,Kolkata-Gauge-1,2,urban,unconsolidated_sediment,0,0.010592099557529254,0,LOW
2024-03-23 14:00:00,Guwahati-Gauge-1,3,cropland,sedimentary,0,0.010592099557529254,0,LOW
2024-03-23 14:00:00,Sonapur-Gauge-1,4,forest,unconsolidated_sediment,0,0.010592099557529254,0,LOW
2024-03-23 15:00:00,Chamoli-Gauge-1,1,sparse_vegetation,fractured_metamorphic,1,0.5432733485813538,1,MODERATE
2024-03-23 15:00:00,Kolkata-Gauge-1,2,urban,unconsolidated_sediment,0,0.010592099557529254,0,LOW
2024-03-23 15:00:00,Guwahati-Gauge-1,3,cropland,sedimentary,0,0.010592099557529254,0,LOW
2024-03-23 15:00:00,Sonapur-Gauge-1,4,forest,unconsolidated_sediment,0,0.010592099557529254,0,LOW
2024-03-23 16:00:00,Chamoli-Gauge-1,1,sparse_vegetation,fractured_metamorphic,0,0.3424899797867168,0,MODERATE
2024-03-23 16:00:00,Kolkata-Gauge-1,2,urban,unconsolidated_sediment,0,0.011170637324010772,0,LOW
2024-03-23 16:00:00,Guwahati-Gauge-1,3,cropland,sedimentary,0,0.010592099557529254,0,LOW
2024-03-23 16:00:00,Sonapur-Gauge-1,4,forest,unconsolidated_sediment,0,0.010592099557529254,0,LOW
2024-03-23 17:00:00,Chamoli-Gauge-1,1,sparse_vegetation,fractured_metamorphic,0,0.21876132441323892,0,LOW
2024-03-23 17:00:00,Kolkata-Gauge-1,2,urban,unconsolidated_sediment,0,0.010592099557529254,0,LOW
2024-03-23 17:00:00,Guwahati-Gauge-1,3,cropland,sedimentary,0,0.010592099557529254,0,LOW
2024-03-23 17:00:00,Sonapur-Gauge-1,4,forest,unconsolidated_sediment,0,0.010592099557529254,0,LOW
2024-03-23 18:00:00,Chamoli-Gauge-1,1,sparse_vegetation,fractured_metamorphic,0,0.09670832741831524,0,LOW
2024-03-23 18:00:00,Kolkata-Gauge-1,2,urban,unconsolidated_sediment,0,0.010592099557529254,0,LOW
2024-03-23 18:00:00,Guwahati-Gauge-1,3,cropland,sedimentary,0,0.010592099557529254,0,LOW
2024-03-23 18:00:00,Sonapur-Gauge-1,4,forest,unconsolidated_sediment,0,0.010592099557529254,0,LOW
2024-03-23 19:00:00,Chamoli-Gauge-1,1,sparse_vegetation,fractured_metamorphic,0,0.08247199701532437,0,LOW
2024-03-23 19:00:00,Kolkata-Gauge-1,2,urban,unconsolidated_sediment,0,0.010592099557529254,0,LOW
2024-03-23 19:00:00,Guwahati-Gauge-1,3,cropland,sedimentary,0,0.010592099557529254,0,LOW
2024-03-23 19:00:00,Sonapur-Gauge-1,4,forest,unconsolidated_sediment,0,0.010592099557529254,0,LOW
2024-03-23 20:00:00,Chamoli-Gauge-1,1,sparse_vegetation,fractured_metamorphic,0,0.053725773241210445,0,LOW
2024-03-23 20:00:00,Kolkata-Gauge-1,2,urban,unconsolidated_sediment,0,0.010592099557529254,0,LOW
2024-03-23 20:00:00,Guwahati-Gauge-1,3,cropland,sedimentary,0,0.010592099557529254,0,LOW
2024-03-23 20:00:00,Sonapur-Gauge-1,4,forest,unconsolidated_sediment,0,0.010592099557529254,0,LOW
2024-03-23 21:00:00,Chamoli-Gauge-1,1,sparse_vegetation,fractured_metamorphic,0,0.06515283642694733,0,LOW
2024-03-23 21:00:00,Kolkata-Gauge-1,2,urban,unconsolidated_sediment,0,0.010592099557529254,0,LOW
2024-03-23 21:00:00,Guwahati-Gauge-1,3,cropland,sedimentary,0,0.010592099557529254,0,LOW
2024-03-23 21:00:00,Sonapur-Gauge-1,4,forest,unconsolidated_sediment,0,0.010592099557529254,0,LOW
2024-03-23 22:00:00,Chamoli-Gauge-1,1,sparse_vegetation,fractured_metamorphic,0,0.06022281717505549,0,LOW
2024-03-23 22:00:00,Kolkata-Gauge-1,2,urban,unconsolidated_sediment,0,0.010592099557529254,0,LOW
2024-03-23 22:00:00,Guwahati-Gauge-1,3,cropland,sedimentary,0,0.010592099557529254,0,LOW
2024-03-23 22:00:00,Sonapur-Gauge-1,4,forest,unconsolidated_sediment,0,0.010592099557529254,0,LOW
2024-03-23 23:00:00,Chamoli-Gauge-1,1,sparse_vegetation,fractured_metamorphic,1,0.635331527156571,1,HIGH
2024-03-23 23:00:00,Kolkata-Gauge-1,2,urban,unconsolidated_sediment,0,0.010592099557529254,0,LOW
2024-03-23 23:00:00,Guwahati-Gauge-1,3,cropland,sedimentary,0,0.010592099557529254,0,LOW
2024-03-23 23:00:00,Sonapur-Gauge-1,4,forest,unconsolidated_sediment,0,0.010592099557529254,0,LOW
2024-03-24 00:00:00,Chamoli-Gauge-1,1,sparse_vegetation,fractured_metamorphic,0,0.38364629914298853,0,MODERATE
2024-03-24 00:00:00,Kolkata-Gauge-1,2,urban,unconsolidated_sediment,0,0.010592099557529254,0,LOW
2024-03-24 00:00:00,Guwahati-Gauge-1,3,cropland,sedimentary,0,0.010592099557529254,0,LOW
2024-03-24 00:00:00,Sonapur-Gauge-1,4,forest,unconsolidated_sediment,0,0.010592099557529254,0,LOW
2024-03-24 01:00:00,Chamoli-Gauge-1,1,sparse_vegetation,fractured_metamorphic,0,0.1901375243556109,0,LOW
2024-03-24 01:00:00,Kolkata-Gauge-1,2,urban,unconsolidated_sediment,0,0.010592099557529254,0,LOW
2024-03-24 01:00:00,Guwahati-Gauge-1,3,cropland,sedimentary,0,0.010592099557529254,0,LOW
2024-03-24 01:00:00,Sonapur-Gauge-1,4,forest,unconsolidated_sediment,0,0.010592099557529254,0,LOW
2024-03-24 02:00:00,Chamoli-Gauge-1,1,sparse_vegetation,fractured_metamorphic,1,0.48193433030587274,0,MODERATE
2024-03-24 02:00:00,Kolkata-Gauge-1,2,urban,unconsolidated_sediment,0,0.010592099557529254,0,LOW
2024-03-24 02:00:00,Guwahati-Gauge-1,3,cropland,sedimentary,0,0.010592099557529254,0,LOW
2024-03-24 02:00:00,Sonapur-Gauge-1,4,forest,unconsolidated_sediment,0,0.010592099557529254,0,LOW
2024-03-24 03:00:00,Chamoli-Gauge-1,1,sparse_vegetation,fractured_metamorphic,0,0.2698124671619042,0,LOW
2024-03-24 03:00:00,Kolkata-Gauge-1,2,urban,unconsolidated_sediment,0,0.010592099557529254,0,LOW
2024-03-24 03:00:00,Guwahati-Gauge-1,3,cropland,sedimentary,0,0.010592099557529254,0,LOW
2024-03-24 03:00:00,Sonapur-Gauge-1,4,forest,unconsolidated_sediment,0,0.010592099557529254,0,LOW
2024-03-24 04:00:00,Chamoli-Gauge-1,1,sparse_vegetation,fractured_metamorphic,0,0.20717645087146425,0,LOW
2024-03-24 04:00:00,Kolkata-Gauge-1,2,urban,unconsolidated_sediment,0,0.010592099557529254,0,LOW
2024-03-24 04:00:00,Guwahati-Gauge-1,3,cropland,sedimentary,0,0.010592099557529254,0,LOW
2024-03-24 04:00:00,Sonapur-Gauge-1,4,forest,unconsolidated_sediment,0,0.010592099557529254,0,LOW
2024-03-24 05:00:00,Chamoli-Gauge-1,1,sparse_vegetation,fractured_metamorphic,0,0.2899615445263247,0,LOW
2024-03-24 05:00:00,Kolkata-Gauge-1,2,urban,unconsolidated_sediment,0,0.010592099557529254,0,LOW
2024-03-24 05:00:00,Guwahati-Gauge-1,3,cropland,sedimentary,0,0.010592099557529254,0,LOW
2024-03-24 05:00:00,Sonapur-Gauge-1,4,forest,unconsolidated_sediment,0,0.010592099557529254,0,LOW
2024-03-24 06:00:00,Chamoli-Gauge-1,1,sparse_vegetation,fractured_metamorphic,1,0.7006588968224388,1,HIGH
2024-03-24 06:00:00,Kolkata-Gauge-1,2,urban,unconsolidated_sediment,0,0.010592099557529254,0,LOW
2024-03-24 06:00:00,Guwahati-Gauge-1,3,cropland,sedimentary,0,0.010592099557529254,0,LOW
2024-03-24 06:00:00,Sonapur-Gauge-1,4,forest,unconsolidated_sediment,0,0.012711392327197708,0,LOW
2024-03-24 07:00:00,Chamoli-Gauge-1,1,sparse_vegetation,fractured_metamorphic,1,0.6603341912934253,1,HIGH
2024-03-24 07:00:00,Kolkata-Gauge-1,2,urban,unconsolidated_sediment,0,0.010592099557529254,0,LOW
2024-03-24 07:00:00,Guwahati-Gauge-1,3,cropland,sedimentary,0,0.010592099557529254,0,LOW
2024-03-24 07:00:00,Sonapur-Gauge-1,4,forest,unconsolidated_sediment,0,0.011192027433572765,0,LOW
2024-03-24 08:00:00,Chamoli-Gauge-1,1,sparse_vegetation,fractured_metamorphic,0,0.06461005088404542,0,LOW
2024-03-24 08:00:00,Kolkata-Gauge-1,2,urban,unconsolidated_sediment,0,0.010592099557529254,0,LOW
2024-03-24 08:00:00,Guwahati-Gauge-1,3,cropland,sedimentary,0,0.011009807057831724,0,LOW
2024-03-24 08:00:00,Sonapur-Gauge-1,4,forest,unconsolidated_sediment,0,0.010592099557529254,0,LOW
2024-03-24 09:00:00,Chamoli-Gauge-1,1,sparse_vegetation,fractured_metamorphic,0,0.07617012923327707,0,LOW
2024-03-24 09:00:00,Kolkata-Gauge-1,2,urban,unconsolidated_sediment,0,0.010592099557529254,0,LOW
2024-03-24 09:00:00,Guwahati-Gauge-1,3,cropland,sedimentary,0,0.010592099557529254,0,LOW
2024-03-24 09:00:00,Sonapur-Gauge-1,4,forest,unconsolidated_sediment,0,0.010592099557529254,0,LOW
2024-03-24 10:00:00,Chamoli-Gauge-1,1,sparse_vegetation,fractured_metamorphic,0,0.060991965171274594,0,LOW
2024-03-24 10:00:00,Kolkata-Gauge-1,2,urban,unconsolidated_sediment,0,0.010592099557529254,0,LOW
2024-03-24 10:00:00,Guwahati-Gauge-1,3,cropland,sedimentary,0,0.010592099557529254,0,LOW
2024-03-24 10:00:00,Sonapur-Gauge-1,4,forest,unconsolidated_sediment,0,0.0109495600066678,0,LOW
2024-03-24 11:00:00,Chamoli-Gauge-1,1,sparse_vegetation,fractured_metamorphic,0,0.05546493919743063,0,LOW
2024-03-24 11:00:00,Kolkata-Gauge-1,2,urban,unconsolidated_sediment,0,0.010592099557529254,0,LOW
2024-03-24 11:00:00,Guwahati-Gauge-1,3,cropland,sedimentary,0,0.010592099557529254,0,LOW
2024-03-24 11:00:00,Sonapur-Gauge-1,4,forest,unconsolidated_sediment,0,0.01098374753663292,0,LOW
2024-03-24 12:00:00,Chamoli-Gauge-1,1,sparse_vegetation,fractured_metamorphic,0,0.13021126242353417,0,LOW
2024-03-24 12:00:00,Kolkata-Gauge-1,2,urban,unconsolidated_sediment,0,0.010592099557529254,0,LOW
2024-03-24 12:00:00,Guwahati-Gauge-1,3,cropland,sedimentary,0,0.010592099557529254,0,LOW
2024-03-24 12:00:00,Sonapur-Gauge-1,4,forest,unconsolidated_sediment,0,0.012352916823512689,0,LOW
2024-03-24 13:00:00,Chamoli-Gauge-1,1,sparse_vegetation,fractured_metamorphic,1,0.421714756121105,0,MODERATE
2024-03-24 13:00:00,Kolkata-Gauge-1,2,urban,unconsolidated_sediment,0,0.010592099557529254,0,LOW
2024-03-24 13:00:00,Guwahati-Gauge-1,3,cropland,sedimentary,0,0.010592099557529254,0,LOW
2024-03-24 13:00:00,Sonapur-Gauge-1,4,forest,unconsolidated_sediment,0,0.01155069207882392,0,LOW
2024-03-24 14:00:00,Chamoli-Gauge-1,1,sparse_vegetation,fractured_metamorphic,0,0.2518128809679412,0,LOW
2024-03-24 14:00:00,Kolkata-Gauge-1,2,urban,unconsolidated_sediment,0,0.010592099557529254,0,LOW
2024-03-24 14:00:00,Guwahati-Gauge-1,3,cropland,sedimentary,0,0.010592099557529254,0,LOW
2024-03-24 14:00:00,Sonapur-Gauge-1,4,forest,unconsolidated_sediment,0,0.011748335940731719,0,LOW
2024-03-24 15:00:00,Chamoli-Gauge-1,1,sparse_vegetation,fractured_metamorphic,0,0.10277247430292699,0,LOW
2024-03-24 15:00:00,Kolkata-Gauge-1,2,urban,unconsolidated_sediment,0,0.010592099557529254,0,LOW
2024-03-24 15:00:00,Guwahati-Gauge-1,3,cropland,sedimentary,0,0.010592099557529254,0,LOW
2024-03-24 15:00:00,Sonapur-Gauge-1,4,forest,unconsolidated_sediment,0,0.010592099557529254,0,LOW
2024-03-24 16:00:00,Chamoli-Gauge-1,1,sparse_vegetation,fractured_metamorphic,0,0.06463169388026707,0,LOW
2024-03-24 16:00:00,Kolkata-Gauge-1,2,urban,unconsolidated_sediment,0,0.010592099557529254,0,LOW
2024-03-24 16:00:00,Guwahati-Gauge-1,3,cropland,sedimentary,0,0.010592099557529254,0,LOW
2024-03-24 16:00:00,Sonapur-Gauge-1,4,forest,unconsolidated_sediment,0,0.010790908271378939,0,LOW
2024-03-24 17:00:00,Chamoli-Gauge-1,1,sparse_vegetation,fractured_metamorphic,0,0.06457325791463042,0,LOW
2024-03-24 17:00:00,Kolkata-Gauge-1,2,urban,unconsolidated_sediment,0,0.010592099557529254,0,LOW
2024-03-24 17:00:00,Guwahati-Gauge-1,3,cropland,sedimentary,0,0.010592099557529254,0,LOW
2024-03-24 17:00:00,Sonapur-Gauge-1,4,forest,unconsolidated_sediment,0,0.010790908271378939,0,LOW
2024-03-24 18:00:00,Chamoli-Gauge-1,1,sparse_vegetation,fractured_metamorphic,0,0.052895573111184487,0,LOW
2024-03-24 18:00:00,Kolkata-Gauge-1,2,urban,unconsolidated_sediment,0,0.010592099557529254,0,LOW
2024-03-24 18:00:00,Guwahati-Gauge-1,3,cropland,sedimentary,0,0.010592099557529254,0,LOW
2024-03-24 18:00:00,Sonapur-Gauge-1,4,forest,unconsolidated_sediment,0,0.010988655218680999,0,LOW
2024-03-24 19:00:00,Chamoli-Gauge-1,1,sparse_vegetation,fractured_metamorphic,0,0.02086772098545256,0,LOW
2024-03-24 19:00:00,Kolkata-Gauge-1,2,urban,unconsolidated_sediment,0,0.010592099557529254,0,LOW
2024-03-24 19:00:00,Guwahati-Gauge-1,3,cropland,sedimentary,0,0.010592099557529254,0,LOW
2024-03-24 19:00:00,Sonapur-Gauge-1,4,forest,unconsolidated_sediment,0,0.010786242995180039,0,LOW
2024-03-24 20:00:00,Chamoli-Gauge-1,1,sparse_vegetation,fractured_metamorphic,0,0.01764200193870553,0,LOW
2024-03-24 20:00:00,Kolkata-Gauge-1,2,urban,unconsolidated_sediment,0,0.010592099557529254,0,LOW
2024-03-24 20:00:00,Guwahati-Gauge-1,3,cropland,sedimentary,0,0.010592099557529254,0,LOW
2024-03-24 20:00:00,Sonapur-Gauge-1,4,forest,unconsolidated_sediment,0,0.010592099557529254,0,LOW
2024-03-24 21:00:00,Chamoli-Gauge-1,1,sparse_vegetation,fractured_metamorphic,0,0.012365625199140085,0,LOW
2024-03-24 21:00:00,Kolkata-Gauge-1,2,urban,unconsolidated_sediment,0,0.010592099557529254,0,LOW
2024-03-24 21:00:00,Guwahati-Gauge-1,3,cropland,sedimentary,0,0.010592099557529254,0,LOW
2024-03-24 21:00:00,Sonapur-Gauge-1,4,forest,unconsolidated_sediment,0,0.010592099557529254,0,LOW
2024-03-24 22:00:00,Chamoli-Gauge-1,1,sparse_vegetation,fractured_metamorphic,0,0.012365625199140085,0,LOW
2024-03-24 22:00:00,Kolkata-Gauge-1,2,urban,unconsolidated_sediment,0,0.010592099557529254,0,LOW
2024-03-24 22:00:00,Guwahati-Gauge-1,3,cropland,sedimentary,0,0.010592099557529254,0,LOW
2024-03-24 22:00:00,Sonapur-Gauge-1,4,forest,unconsolidated_sediment,0,0.010592099557529254,0,LOW
2024-03-24 23:00:00,Chamoli-Gauge-1,1,sparse_vegetation,fractured_metamorphic,0,0.01523120739828278,0,LOW
2024-03-24 23:00:00,Kolkata-Gauge-1,2,urban,unconsolidated_sediment,0,0.010592099557529254,0,LOW
2024-03-24 23:00:00,Guwahati-Gauge-1,3,cropland,sedimentary,0,0.010592099557529254,0,LOW
2024-03-24 23:00:00,Sonapur-Gauge-1,4,forest,unconsolidated_sediment,0,0.010592099557529254,0,LOW
2024-03-25 00:00:00,Chamoli-Gauge-1,1,sparse_vegetation,fractured_metamorphic,0,0.012252220416094906,0,LOW
2024-03-25 00:00:00,Kolkata-Gauge-1,2,urban,unconsolidated_sediment,0,0.010592099557529254,0,LOW
2024-03-25 00:00:00,Guwahati-Gauge-1,3,cropland,sedimentary,0,0.010592099557529254,0,LOW
2024-03-25 00:00:00,Sonapur-Gauge-1,4,forest,unconsolidated_sediment,0,0.010592099557529254,0,LOW
2024-03-25 01:00:00,Chamoli-Gauge-1,1,sparse_vegetation,fractured_metamorphic,0,0.01323938865278602,0,LOW
2024-03-25 01:00:00,Kolkata-Gauge-1,2,urban,unconsolidated_sediment,0,0.010592099557529254,0,LOW
2024-03-25 01:00:00,Guwahati-Gauge-1,3,cropland,sedimentary,0,0.010592099557529254,0,LOW
2024-03-25 01:00:00,Sonapur-Gauge-1,4,forest,unconsolidated_sediment,0,0.010592099557529254,0,LOW
2024-03-25 02:00:00,Chamoli-Gauge-1,1,sparse_vegetation,fractured_metamorphic,0,0.013758574992574733,0,LOW
2024-03-25 02:00:00,Kolkata-Gauge-1,2,urban,unconsolidated_sediment,0,0.010592099557529254,0,LOW
2024-03-25 02:00:00,Guwahati-Gauge-1,3,cropland,sedimentary,0,0.010592099557529254,0,LOW
2024-03-25 02:00:00,Sonapur-Gauge-1,4,forest,unconsolidated_sediment,0,0.010592099557529254,0,LOW
2024-03-25 03:00:00,Chamoli-Gauge-1,1,sparse_vegetation,fractured_metamorphic,0,0.014419349551767187,0,LOW
2024-03-25 03:00:00,Kolkata-Gauge-1,2,urban,unconsolidated_sediment,0,0.010592099557529254,0,LOW
2024-03-25 03:00:00,Guwahati-Gauge-1,3,cropland,sedimentary,0,0.010592099557529254,0,LOW
2024-03-25 03:00:00,Sonapur-Gauge-1,4,forest,unconsolidated_sediment,0,0.011336270550613245,0,LOW
2024-03-25 04:00:00,Chamoli-Gauge-1,1,sparse_vegetation,fractured_metamorphic,0,0.02025656757356796,0,LOW
2024-03-25 04:00:00,Kolkata-Gauge-1,2,urban,unconsolidated_sediment,0,0.010592099557529254,0,LOW
2024-03-25 04:00:00,Guwahati-Gauge-1,3,cropland,sedimentary,0,0.010592099557529254,0,LOW
2024-03-25 04:00:00,Sonapur-Gauge-1,4,forest,unconsolidated_sediment,0,0.011336270550613245,0,LOW
2024-03-25 05:00:00,Chamoli-Gauge-1,1,sparse_vegetation,fractured_metamorphic,0,0.07509140233923968,0,LOW
2024-03-25 05:00:00,Kolkata-Gauge-1,2,urban,unconsolidated_sediment,0,0.010592099557529254,0,LOW
2024-03-25 05:00:00,Guwahati-Gauge-1,3,cropland,sedimentary,0,0.010592099557529254,0,LOW
2024-03-25 05:00:00,Sonapur-Gauge-1,4,forest,unconsolidated_sediment,0,0.024181888934444395,0,LOW
2024-03-25 06:00:00,Chamoli-Gauge-1,1,sparse_vegetation,fractured_metamorphic,1,0.890112514567992,1,EXTREME
2024-03-25 06:00:00,Kolkata-Gauge-1,2,urban,unconsolidated_sediment,0,0.010592099557529254,0,LOW
2024-03-25 06:00:00,Guwahati-Gauge-1,3,cropland,sedimentary,0,0.010592099557529254,0,LOW
2024-03-25 06:00:00,Sonapur-Gauge-1,4,forest,unconsolidated_sediment,1,0.2804512604120519,0,LOW
2024-03-25 07:00:00,Chamoli-Gauge-1,1,sparse_vegetation,fractured_metamorphic,1,0.8935221308887591,1,EXTREME
2024-03-25 07:00:00,Kolkata-Gauge-1,2,urban,unconsolidated_sediment,0,0.010592099557529254,0,LOW
2024-03-25 07:00:00,Guwahati-Gauge-1,3,cropland,sedimentary,0,0.010592099557529254,0,LOW
2024-03-25 07:00:00,Sonapur-Gauge-1,4,forest,unconsolidated_sediment,0,0.02698199863191668,0,LOW
2024-03-25 08:00:00,Chamoli-Gauge-1,1,sparse_vegetation,fractured_metamorphic,1,0.8933117050768843,1,EXTREME
2024-03-25 08:00:00,Kolkata-Gauge-1,2,urban,unconsolidated_sediment,0,0.010592099557529254,0,LOW
2024-03-25 08:00:00,Guwahati-Gauge-1,3,cropland,sedimentary,0,0.010592099557529254,0,LOW
2024-03-25 08:00:00,Sonapur-Gauge-1,4,forest,unconsolidated_sediment,0,0.024985499234873258,0,LOW
2024-03-25 09:00:00,Chamoli-Gauge-1,1,sparse_vegetation,fractured_metamorphic,1,0.8771142786037034,1,EXTREME
2024-03-25 09:00:00,Kolkata-Gauge-1,2,urban,unconsolidated_sediment,0,0.010592099557529254,0,LOW
2024-03-25 09:00:00,Guwahati-Gauge-1,3,cropland,sedimentary,0,0.010592099557529254,0,LOW
2024-03-25 09:00:00,Sonapur-Gauge-1,4,forest,unconsolidated_sediment,0,0.010774924937756484,0,LOW
2024-03-25 10:00:00,Chamoli-Gauge-1,1,sparse_vegetation,fractured_metamorphic,1,0.8633303221450332,1,EXTREME
2024-03-25 10:00:00,Kolkata-Gauge-1,2,urban,unconsolidated_sediment,0,0.01061297605656985,0,LOW
2024-03-25 10:00:00,Guwahati-Gauge-1,3,cropland,sedimentary,0,0.010592099557529254,0,LOW
2024-03-25 10:00:00,Sonapur-Gauge-1,4,forest,unconsolidated_sediment,0,0.010592099557529254,0,LOW
2024-03-25 11:00:00,Chamoli-Gauge-1,1,sparse_vegetation,fractured_metamorphic,0,0.8164614033349815,1,EXTREME
2024-03-25 11:00:00,Kolkata-Gauge-1,2,urban,unconsolidated_sediment,0,0.010592099557529254,0,LOW
2024-03-25 11:00:00,Guwahati-Gauge-1,3,cropland,sedimentary,0,0.010592099557529254,0,LOW
2024-03-25 11:00:00,Sonapur-Gauge-1,4,forest,unconsolidated_sediment,0,0.010592099557529254,0,LOW
2024-03-25 12:00:00,Chamoli-Gauge-1,1,sparse_vegetation,fractured_metamorphic,1,0.8734485781951382,1,EXTREME
2024-03-25 12:00:00,Kolkata-Gauge-1,2,urban,unconsolidated_sediment,0,0.010592099557529254,0,LOW
2024-03-25 12:00:00,Guwahati-Gauge-1,3,cropland,sedimentary,0,0.010592099557529254,0,LOW
2024-03-25 12:00:00,Sonapur-Gauge-1,4,forest,unconsolidated_sediment,0,0.010592099557529254,0,LOW
2024-03-25 13:00:00,Chamoli-Gauge-1,1,sparse_vegetation,fractured_metamorphic,1,0.8504993540163049,1,EXTREME
2024-03-25 13:00:00,Kolkata-Gauge-1,2,urban,unconsolidated_sediment,0,0.01096240738287258,0,LOW
2024-03-25 13:00:00,Guwahati-Gauge-1,3,cropland,sedimentary,0,0.010592099557529254,0,LOW
2024-03-25 13:00:00,Sonapur-Gauge-1,4,forest,unconsolidated_sediment,0,0.010592099557529254,0,LOW
2024-03-25 14:00:00,Chamoli-Gauge-1,1,sparse_vegetation,fractured_metamorphic,1,0.8933219338487935,1,EXTREME
2024-03-25 14:00:00,Kolkata-Gauge-1,2,urban,unconsolidated_sediment,0,0.010810920869586517,0,LOW
2024-03-25 14:00:00,Guwahati-Gauge-1,3,cropland,sedimentary,0,0.010592099557529254,0,LOW
2024-03-25 14:00:00,Sonapur-Gauge-1,4,forest,unconsolidated_sediment,0,0.010592099557529254,0,LOW
2024-03-25 15:00:00,Chamoli-Gauge-1,1,sparse_vegetation,fractured_metamorphic,1,0.8966797464489897,1,EXTREME
2024-03-25 15:00:00,Kolkata-Gauge-1,2,urban,unconsolidated_sediment,0,0.010810920869586517,0,LOW
2024-03-25 15:00:00,Guwahati-Gauge-1,3,cropland,sedimentary,0,0.010592099557529254,0,LOW
2024-03-25 15:00:00,Sonapur-Gauge-1,4,forest,unconsolidated_sediment,0,0.011883441440959153,0,LOW
2024-03-25 16:00:00,Chamoli-Gauge-1,1,sparse_vegetation,fractured_metamorphic,1,0.8962927488454967,1,EXTREME
2024-03-25 16:00:00,Kolkata-Gauge-1,2,urban,unconsolidated_sediment,0,0.010592099557529254,0,LOW
2024-03-25 16:00:00,Guwahati-Gauge-1,3,cropland,sedimentary,0,0.010592099557529254,0,LOW
2024-03-25 16:00:00,Sonapur-Gauge-1,4,forest,unconsolidated_sediment,0,0.012096157090120765,0,LOW
2024-03-25 17:00:00,Chamoli-Gauge-1,1,sparse_vegetation,fractured_metamorphic,1,0.8954404349266378,1,EXTREME
2024-03-25 17:00:00,Kolkata-Gauge-1,2,urban,unconsolidated_sediment,0,0.010592099557529254,0,LOW
2024-03-25 17:00:00,Guwahati-Gauge-1,3,cropland,sedimentary,0,0.010592099557529254,0,LOW
2024-03-25 17:00:00,Sonapur-Gauge-1,4,forest,unconsolidated_sediment,0,0.011856356770568165,0,LOW
2024-03-25 18:00:00,Chamoli-Gauge-1,1,sparse_vegetation,fractured_metamorphic,1,0.8945300667383568,1,EXTREME
2024-03-25 18:00:00,Kolkata-Gauge-1,2,urban,unconsolidated_sediment,0,0.01070542083494296,0,LOW
2024-03-25 18:00:00,Guwahati-Gauge-1,3,cropland,sedimentary,0,0.010592099557529254,0,LOW
2024-03-25 18:00:00,Sonapur-Gauge-1,4,forest,unconsolidated_sediment,0,0.011026806099858077,0,LOW
2024-03-25 19:00:00,Chamoli-Gauge-1,1,sparse_vegetation,fractured_metamorphic,1,0.8911839771067068,1,EXTREME
2024-03-25 19:00:00,Kolkata-Gauge-1,2,urban,unconsolidated_sediment,0,0.010592099557529254,0,LOW
2024-03-25 19:00:00,Guwahati-Gauge-1,3,cropland,sedimentary,0,0.014519690133698448,0,LOW
2024-03-25 19:00:00,Sonapur-Gauge-1,4,forest,unconsolidated_sediment,0,0.011026806099858077,0,LOW
2024-03-25 20:00:00,Chamoli-Gauge-1,1,sparse_vegetation,fractured_metamorphic,1,0.8877718295899463,1,EXTREME
2024-03-25 20:00:00,Kolkata-Gauge-1,2,urban,unconsolidated_sediment,0,0.011274147430616785,0,LOW
2024-03-25 20:00:00,Guwahati-Gauge-1,3,cropland,sedimentary,0,0.011105487753432485,0,LOW
2024-03-25 20:00:00,Sonapur-Gauge-1,4,forest,unconsolidated_sediment,0,0.011026806099858077,0,LOW
2024-03-25 21:00:00,Chamoli-Gauge-1,1,sparse_vegetation,fractured_metamorphic,1,0.8936576244007962,1,EXTREME
2024-03-25 21:00:00,Kolkata-Gauge-1,2,urban,unconsolidated_sediment,0,0.011079867076317548,0,LOW
2024-03-25 21:00:00,Guwahati-Gauge-1,3,cropland,sedimentary,0,0.01153998834530585,0,LOW
2024-03-25 21:00:00,Sonapur-Gauge-1,4,forest,unconsolidated_sediment,0,0.010748894535704035,0,LOW
2024-03-25 22:00:00,Chamoli-Gauge-1,1,sparse_vegetation,fractured_metamorphic,1,0.8966797464489897,1,EXTREME
2024-03-25 22:00:00,Kolkata-Gauge-1,2,urban,unconsolidated_sediment,0,0.011333311691100299,0,LOW
2024-03-25 22:00:00,Guwahati-Gauge-1,3,cropland,sedimentary,0,0.012631771554385642,0,LOW
2024-03-25 22:00:00,Sonapur-Gauge-1,4,forest,unconsolidated_sediment,0,0.010748894535704035,0,LOW
2024-03-25 23:00:00,Chamoli-Gauge-1,1,sparse_vegetation,fractured_metamorphic,1,0.8965406541275527,1,EXTREME
2024-03-25 23:00:00,Kolkata-Gauge-1,2,urban,unconsolidated_sediment,0,0.010592099557529254,0,LOW
2024-03-25 23:00:00,Guwahati-Gauge-1,3,cropland,sedimentary,0,0.010592099557529254,0,LOW
2024-03-25 23:00:00,Sonapur-Gauge-1,4,forest,unconsolidated_sediment,0,0.011085545940566122,0,LOW
2024-03-26 00:00:00,Chamoli-Gauge-1,1,sparse_vegetation,fractured_metamorphic,1,0.894355456443115,1,EXTREME
2024-03-26 00:00:00,Kolkata-Gauge-1,2,urban,unconsolidated_sediment,0,0.010592099557529254,0,LOW
2024-03-26 00:00:00,Guwahati-Gauge-1,3,cropland,sedimentary,0,0.010592099557529254,0,LOW
2024-03-26 00:00:00,Sonapur-Gauge-1,4,forest,unconsolidated_sediment,0,0.012042366267869536,0,LOW
2024-03-26 01:00:00,Chamoli-Gauge-1,1,sparse_vegetation,fractured_metamorphic,1,0.894512778247572,1,EXTREME
2024-03-26 01:00:00,Kolkata-Gauge-1,2,urban,unconsolidated_sediment,0,0.010972524200775276,0,LOW
2024-03-26 01:00:00,Guwahati-Gauge-1,3,cropland,sedimentary,0,0.011312228152080682,0,LOW
2024-03-26 01:00:00,Sonapur-Gauge-1,4,forest,unconsolidated_sediment,0,0.010748894535704035,0,LOW
2024-03-26 02:00:00,Chamoli-Gauge-1,1,sparse_vegetation,fractured_metamorphic,1,0.8949198123917633,1,EXTREME
2024-03-26 02:00:00,Kolkata-Gauge-1,2,urban,unconsolidated_sediment,0,0.010592099557529254,0,LOW
2024-03-26 02:00:00,Guwahati-Gauge-1,3,cropland,sedimentary,0,0.011376335304407499,0,LOW
2024-03-26 02:00:00,Sonapur-Gauge-1,4,forest,unconsolidated_sediment,0,0.010748894535704035,0,LOW
2024-03-26 03:00:00,Chamoli-Gauge-1,1,sparse_vegetation,fractured_metamorphic,1,0.8959784308687337,1,EXTREME
2024-03-26 03:00:00,Kolkata-Gauge-1,2,urban,unconsolidated_sediment,0,0.010592099557529254,0,LOW
2024-03-26 03:00:00,Guwahati-Gauge-1,3,cropland,sedimentary,0,0.010592099557529254,0,LOW
2024-03-26 03:00:00,Sonapur-Gauge-1,4,forest,unconsolidated_sediment,0,0.010592099557529254,0,LOW
2024-03-26 04:00:00,Chamoli-Gauge-1,1,sparse_vegetation,fractured_metamorphic,1,0.8959784308687337,1,EXTREME
2024-03-26 04:00:00,Kolkata-Gauge-1,2,urban,unconsolidated_sediment,0,0.010592099557529254,0,LOW
2024-03-26 04:00:00,Guwahati-Gauge-1,3,cropland,sedimentary,0,0.010592099557529254,0,LOW
2024-03-26 04:00:00,Sonapur-Gauge-1,4,forest,unconsolidated_sediment,0,0.010592099557529254,0,LOW
2024-03-26 05:00:00,Chamoli-Gauge-1,1,sparse_vegetation,fractured_metamorphic,1,0.8955897824234554,1,EXTREME
2024-03-26 05:00:00,Kolkata-Gauge-1,2,urban,unconsolidated_sediment,0,0.010592099557529254,0,LOW
2024-03-26 05:00:00,Guwahati-Gauge-1,3,cropland,sedimentary,0,0.011369827267674023,0,LOW
2024-03-26 05:00:00,Sonapur-Gauge-1,4,forest,unconsolidated_sediment,0,0.010592099557529254,0,LOW
2024-03-26 06:00:00,Chamoli-Gauge-1,1,sparse_vegetation,fractured_metamorphic,1,0.8939260230243206,1,EXTREME
2024-03-26 06:00:00,Kolkata-Gauge-1,2,urban,unconsolidated_sediment,0,0.010592099557529254,0,LOW
2024-03-26 06:00:00,Guwahati-Gauge-1,3,cropland,sedimentary,0,0.011369827267674023,0,LOW
2024-03-26 06:00:00,Sonapur-Gauge-1,4,forest,unconsolidated_sediment,0,0.010989337698792418,0,LOW
2024-03-26 07:00:00,Chamoli-Gauge-1,1,sparse_vegetation,fractured_metamorphic,1,0.8931162796937826,1,EXTREME
2024-03-26 07:00:00,Kolkata-Gauge-1,2,urban,unconsolidated_sediment,0,0.010592099557529254,0,LOW
2024-03-26 07:00:00,Guwahati-Gauge-1,3,cropland,sedimentary,0,0.010592099557529254,0,LOW
2024-03-26 07:00:00,Sonapur-Gauge-1,4,forest,unconsolidated_sediment,0,0.010989337698792418,0,LOW
2024-03-26 08:00:00,Chamoli-Gauge-1,1,sparse_vegetation,fractured_metamorphic,1,0.8964706116385006,1,EXTREME
2024-03-26 08:00:00,Kolkata-Gauge-1,2,urban,unconsolidated_sediment,0,0.016487846631544407,0,LOW
2024-03-26 08:00:00,Guwahati-Gauge-1,3,cropland,sedimentary,0,0.010592099557529254,0,LOW
2024-03-26 08:00:00,Sonapur-Gauge-1,4,forest,unconsolidated_sediment,0,0.010592099557529254,0,LOW
2024-03-26 09:00:00,Chamoli-Gauge-1,1,sparse_vegetation,fractured_metamorphic,1,0.8799290630743792,1,EXTREME
2024-03-26 09:00:00,Kolkata-Gauge-1,2,urban,unconsolidated_sediment,0,0.021966826554403504,0,LOW
2024-03-26 09:00:00,Guwahati-Gauge-1,3,cropland,sedimentary,0,0.010592099557529254,0,LOW
2024-03-26 09:00:00,Sonapur-Gauge-1,4,forest,unconsolidated_sediment,0,0.010592099557529254,0,LOW
2024-03-26 10:00:00,Chamoli-Gauge-1,1,sparse_vegetation,fractured_metamorphic,1,0.8899541680567311,1,EXTREME
2024-03-26 10:00:00,Kolkata-Gauge-1,2,urban,unconsolidated_sediment,0,0.014698504482555986,0,LOW
2024-03-26 10:00:00,Guwahati-Gauge-1,3,cropland,sedimentary,0,0.010592099557529254,0,LOW
2024-03-26 10:00:00,Sonapur-Gauge-1,4,forest,unconsolidated_sediment,0,0.010592099557529254,0,LOW
2024-03-26 11:00:00,Chamoli-Gauge-1,1,sparse_vegetation,fractured_metamorphic,1,0.8940806956711508,1,EXTREME
2024-03-26 11:00:00,Kolkata-Gauge-1,2,urban,unconsolidated_sediment,0,0.013914847039175294,0,LOW
2024-03-26 11:00:00,Guwahati-Gauge-1,3,cropland,sedimentary,0,0.010775540045816382,0,LOW
2024-03-26 11:00:00,Sonapur-Gauge-1,4,forest,unconsolidated_sediment,0,0.010592099557529254,0,LOW
2024-03-26 12:00:00,Chamoli-Gauge-1,1,sparse_vegetation,fractured_metamorphic,1,0.8962737291886906,1,EXTREME
2024-03-26 12:00:00,Kolkata-Gauge-1,2,urban,unconsolidated_sediment,0,0.014390097559351979,0,LOW
2024-03-26 12:00:00,Guwahati-Gauge-1,3,cropland,sedimentary,0,0.010592099557529254,0,LOW
2024-03-26 12:00:00,Sonapur-Gauge-1,4,forest,unconsolidated_sediment,0,0.010592099557529254,0,LOW
2024-03-26 13:00:00,Chamoli-Gauge-1,1,sparse_vegetation,fractured_metamorphic,1,0.8963252943078654,1,EXTREME
2024-03-26 13:00:00,Kolkata-Gauge-1,2,urban,unconsolidated_sediment,0,0.014029925961165013,0,LOW
2024-03-26 13:00:00,Guwahati-Gauge-1,3,cropland,sedimentary,0,0.010750805430965602,0,LOW
2024-03-26 13:00:00,Sonapur-Gauge-1,4,forest,unconsolidated_sediment,0,0.010592099557529254,0,LOW
2024-03-26 14:00:00,Chamoli-Gauge-1,1,sparse_vegetation,fractured_metamorphic,1,0.8963236766857287,1,EXTREME
2024-03-26 14:00:00,Kolkata-Gauge-1,2,urban,unconsolidated_sediment,0,0.013093371306060426,0,LOW
2024-03-26 14:00:00,Guwahati-Gauge-1,3,cropland,sedimentary,0,0.010750805430965602,0,LOW
2024-03-26 14:00:00,Sonapur-Gauge-1,4,forest,unconsolidated_sediment,0,0.010592099557529254,0,LOW
2024-03-26 15:00:00,Chamoli-Gauge-1,1,sparse_vegetation,fractured_metamorphic,1,0.8963236766857287,1,EXTREME
2024-03-26 15:00:00,Kolkata-Gauge-1,2,urban,unconsolidated_sediment,0,0.011275701593818433,0,LOW
2024-03-26 15:00:00,Guwahati-Gauge-1,3,cropland,sedimentary,0,0.010750805430965602,0,LOW
2024-03-26 15:00:00,Sonapur-Gauge-1,4,forest,unconsolidated_sediment,0,0.010592099557529254,0,LOW
2024-03-26 16:00:00,Chamoli-Gauge-1,1,sparse_vegetation,fractured_metamorphic,1,0.8963236766857287,1,EXTREME
2024-03-26 16:00:00,Kolkata-Gauge-1,2,urban,unconsolidated_sediment,0,0.011275701593818433,0,LOW
2024-03-26 16:00:00,Guwahati-Gauge-1,3,cropland,sedimentary,0,0.010750805430965602,0,LOW
2024-03-26 16:00:00,Sonapur-Gauge-1,4,forest,unconsolidated_sediment,0,0.010592099557529254,0,LOW
2024-03-26 17:00:00,Chamoli-Gauge-1,1,sparse_vegetation,fractured_metamorphic,1,0.893334706347262,1,EXTREME
2024-03-26 17:00:00,Kolkata-Gauge-1,2,urban,unconsolidated_sediment,0,0.012240215437813576,0,LOW
2024-03-26 17:00:00,Guwahati-Gauge-1,3,cropland,sedimentary,0,0.010750805430965602,0,LOW
2024-03-26 17:00:00,Sonapur-Gauge-1,4,forest,unconsolidated_sediment,0,0.011031351967074523,0,LOW
2024-03-26 18:00:00,Chamoli-Gauge-1,1,sparse_vegetation,fractured_metamorphic,1,0.8926211086368184,1,EXTREME
2024-03-26 18:00:00,Kolkata-Gauge-1,2,urban,unconsolidated_sediment,0,0.012262547713012507,0,LOW
2024-03-26 18:00:00,Guwahati-Gauge-1,3,cropland,sedimentary,0,0.010750805430965602,0,LOW
2024-03-26 18:00:00,Sonapur-Gauge-1,4,forest,unconsolidated_sediment,0,0.013727133456906807,0,LOW
2024-03-26 19:00:00,Chamoli-Gauge-1,1,sparse_vegetation,fractured_metamorphic,1,0.8959903387659668,1,EXTREME
2024-03-26 19:00:00,Kolkata-Gauge-1,2,urban,unconsolidated_sediment,0,0.012355661714260023,0,LOW
2024-03-26 19:00:00,Guwahati-Gauge-1,3,cropland,sedimentary,0,0.010592099557529254,0,LOW
2024-03-26 19:00:00,Sonapur-Gauge-1,4,forest,unconsolidated_sediment,0,0.013727133456906807,0,LOW
2024-03-26 20:00:00,Chamoli-Gauge-1,1,sparse_vegetation,fractured_metamorphic,1,0.8959903387659668,1,EXTREME
2024-03-26 20:00:00,Kolkata-Gauge-1,2,urban,unconsolidated_sediment,0,0.010959751379171118,0,LOW
2024-03-26 20:00:00,Guwahati-Gauge-1,3,cropland,sedimentary,0,0.010592099557529254,0,LOW
2024-03-26 20:00:00,Sonapur-Gauge-1,4,forest,unconsolidated_sediment,0,0.013986326002141251,0,LOW
2024-03-26 21:00:00,Chamoli-Gauge-1,1,sparse_vegetation,fractured_metamorphic,1,0.859240986970871,1,EXTREME
2024-03-26 21:00:00,Kolkata-Gauge-1,2,urban,unconsolidated_sediment,0,0.010592099557529254,0,LOW
2024-03-26 21:00:00,Guwahati-Gauge-1,3,cropland,sedimentary,0,0.010592099557529254,0,LOW
2024-03-26 21:00:00,Sonapur-Gauge-1,4,forest,unconsolidated_sediment,0,0.010755291826526986,0,LOW
2024-03-26 22:00:00,Chamoli-Gauge-1,1,sparse_vegetation,fractured_metamorphic,1,0.856282846055816,1,EXTREME
2024-03-26 22:00:00,Kolkata-Gauge-1,2,urban,unconsolidated_sediment,0,0.010592099557529254,0,LOW
2024-03-26 22:00:00,Guwahati-Gauge-1,3,cropland,sedimentary,0,0.010592099557529254,0,LOW
2024-03-26 22:00:00,Sonapur-Gauge-1,4,forest,unconsolidated_sediment,0,0.010755291826526986,0,LOW
2024-03-26 23:00:00,Chamoli-Gauge-1,1,sparse_vegetation,fractured_metamorphic,1,0.8741609976389179,1,EXTREME
2024-03-26 23:00:00,Kolkata-Gauge-1,2,urban,unconsolidated_sediment,0,0.01092189001986824,0,LOW
2024-03-26 23:00:00,Guwahati-Gauge-1,3,cropland,sedimentary,0,0.010592099557529254,0,LOW
2024-03-26 23:00:00,Sonapur-Gauge-1,4,forest,unconsolidated_sediment,0,0.011130641156909727,0,LOW
2024-03-27 00:00:00,Chamoli-Gauge-1,1,sparse_vegetation,fractured_metamorphic,1,0.8839316220843204,1,EXTREME
2024-03-27 00:00:00,Kolkata-Gauge-1,2,urban,unconsolidated_sediment,0,0.01256181378044848,0,LOW
2024-03-27 00:00:00,Guwahati-Gauge-1,3,cropland,sedimentary,0,0.010592099557529254,0,LOW
2024-03-27 00:00:00,Sonapur-Gauge-1,4,forest,unconsolidated_sediment,0,0.010755291826526986,0,LOW
2024-03-27 01:00:00,Chamoli-Gauge-1,1,sparse_vegetation,fractured_metamorphic,1,0.8901535417618898,1,EXTREME
2024-03-27 01:00:00,Kolkata-Gauge-1,2,urban,unconsolidated_sediment,0,0.010592099557529254,0,LOW
2024-03-27 01:00:00,Guwahati-Gauge-1,3,cropland,sedimentary,0,0.010592099557529254,0,LOW
2024-03-27 01:00:00,Sonapur-Gauge-1,4,forest,unconsolidated_sediment,0,0.010755291826526986,0,LOW
2024-03-27 02:00:00,Chamoli-Gauge-1,1,sparse_vegetation,fractured_metamorphic,1,0.8901535417618898,1,EXTREME
2024-03-27 02:00:00,Kolkata-Gauge-1,2,urban,unconsolidated_sediment,0,0.01074919801466963,0,LOW
2024-03-27 02:00:00,Guwahati-Gauge-1,3,cropland,sedimentary,0,0.010592099557529254,0,LOW
2024-03-27 02:00:00,Sonapur-Gauge-1,4,forest,unconsolidated_sediment,0,0.010755291826526986,0,LOW
2024-03-27 03:00:00,Chamoli-Gauge-1,1,sparse_vegetation,fractured_metamorphic,1,0.8849533477917241,1,EXTREME
2024-03-27 03:00:00,Kolkata-Gauge-1,2,urban,unconsolidated_sediment,0,0.011171301682402648,0,LOW
2024-03-27 03:00:00,Guwahati-Gauge-1,3,cropland,sedimentary,0,0.01121011391503027,0,LOW
2024-03-27 03:00:00,Sonapur-Gauge-1,4,forest,unconsolidated_sediment,0,0.010592099557529254,0,LOW
2024-03-27 04:00:00,Chamoli-Gauge-1,1,sparse_vegetation,fractured_metamorphic,1,0.8638004339517511,1,EXTREME
2024-03-27 04:00:00,Kolkata-Gauge-1,2,urban,unconsolidated_sediment,0,0.010775416821954967,0,LOW
2024-03-27 04:00:00,Guwahati-Gauge-1,3,cropland,sedimentary,0,0.010592099557529254,0,LOW
2024-03-27 04:00:00,Sonapur-Gauge-1,4,forest,unconsolidated_sediment,0,0.010592099557529254,0,LOW
2024-03-27 05:00:00,Chamoli-Gauge-1,1,sparse_vegetation,fractured_metamorphic,1,0.8928520502337753,1,EXTREME
2024-03-27 05:00:00,Kolkata-Gauge-1,2,urban,unconsolidated_sediment,0,0.010592099557529254,0,LOW
2024-03-27 05:00:00,Guwahati-Gauge-1,3,cropland,sedimentary,0,0.010592099557529254,0,LOW
2024-03-27 05:00:00,Sonapur-Gauge-1,4,forest,unconsolidated_sediment,0,0.010592099557529254,0,LOW
2024-03-27 06:00:00,Chamoli-Gauge-1,1,sparse_vegetation,fractured_metamorphic,1,0.8918946973112711,1,EXTREME
2024-03-27 06:00:00,Kolkata-Gauge-1,2,urban,unconsolidated_sediment,0,0.010592099557529254,0,LOW
2024-03-27 06:00:00,Guwahati-Gauge-1,3,cropland,sedimentary,0,0.010592099557529254,0,LOW
2024-03-27 06:00:00,Sonapur-Gauge-1,4,forest,unconsolidated_sediment,0,0.010592099557529254,0,LOW
2024-03-27 07:00:00,Chamoli-Gauge-1,1,sparse_vegetation,fractured_metamorphic,1,0.8919756524418594,1,EXTREME
2024-03-27 07:00:00,Kolkata-Gauge-1,2,urban,unconsolidated_sediment,0,0.010592099557529254,0,LOW
2024-03-27 07:00:00,Guwahati-Gauge-1,3,cropland,sedimentary,0,0.010592099557529254,0,LOW
2024-03-27 07:00:00,Sonapur-Gauge-1,4,forest,unconsolidated_sediment,0,0.010891802437726137,0,LOW
2024-03-27 08:00:00,Chamoli-Gauge-1,1,sparse_vegetation,fractured_metamorphic,1,0.8919756524418594,1,EXTREME
2024-03-27 08:00:00,Kolkata-Gauge-1,2,urban,unconsolidated_sediment,0,0.010592099557529254,0,LOW
2024-03-27 08:00:00,Guwahati-Gauge-1,3,cropland,sedimentary,0,0.010592099557529254,0,LOW
2024-03-27 08:00:00,Sonapur-Gauge-1,4,forest,unconsolidated_sediment,0,0.010592099557529254,0,LOW
2024-03-27 09:00:00,Chamoli-Gauge-1,1,sparse_vegetation,fractured_metamorphic,1,0.887443439030565,1,EXTREME
2024-03-27 09:00:00,Kolkata-Gauge-1,2,urban,unconsolidated_sediment,0,0.010984396041418683,0,LOW
2024-03-27 09:00:00,Guwahati-Gauge-1,3,cropland,sedimentary,0,0.010592099557529254,0,LOW
2024-03-27 09:00:00,Sonapur-Gauge-1,4,forest,unconsolidated_sediment,0,0.010592099557529254,0,LOW
2024-03-27 10:00:00,Chamoli-Gauge-1,1,sparse_vegetation,fractured_metamorphic,1,0.8874962682482048,1,EXTREME
2024-03-27 10:00:00,Kolkata-Gauge-1,2,urban,unconsolidated_sediment,0,0.010592099557529254,0,LOW
2024-03-27 10:00:00,Guwahati-Gauge-1,3,cropland,sedimentary,0,0.010592099557529254,0,LOW
2024-03-27 10:00:00,Sonapur-Gauge-1,4,forest,unconsolidated_sediment,0,0.010592099557529254,0,LOW
2024-03-27 11:00:00,Chamoli-Gauge-1,1,sparse_vegetation,fractured_metamorphic,1,0.8691191659491599,1,EXTREME
2024-03-27 11:00:00,Kolkata-Gauge-1,2,urban,unconsolidated_sediment,0,0.010592099557529254,0,LOW
2024-03-27 11:00:00,Guwahati-Gauge-1,3,cropland,sedimentary,0,0.010592099557529254,0,LOW
2024-03-27 11:00:00,Sonapur-Gauge-1,4,forest,unconsolidated_sediment,0,0.010592099557529254,0,LOW
2024-03-27 12:00:00,Chamoli-Gauge-1,1,sparse_vegetation,fractured_metamorphic,1,0.8654836337278456,1,EXTREME
2024-03-27 12:00:00,Kolkata-Gauge-1,2,urban,unconsolidated_sediment,0,0.010592099557529254,0,LOW
2024-03-27 12:00:00,Guwahati-Gauge-1,3,cropland,sedimentary,0,0.010592099557529254,0,LOW
2024-03-27 12:00:00,Sonapur-Gauge-1,4,forest,unconsolidated_sediment,0,0.010592099557529254,0,LOW
2024-03-27 13:00:00,Chamoli-Gauge-1,1,sparse_vegetation,fractured_metamorphic,1,0.8611201790775765,1,EXTREME
2024-03-27 13:00:00,Kolkata-Gauge-1,2,urban,unconsolidated_sediment,0,0.05721129194081704,0,LOW
2024-03-27 13:00:00,Guwahati-Gauge-1,3,cropland,sedimentary,0,0.010592099557529254,0,LOW
2024-03-27 13:00:00,Sonapur-Gauge-1,4,forest,unconsolidated_sediment,0,0.010592099557529254,0,LOW
2024-03-27 14:00:00,Chamoli-Gauge-1,1,sparse_vegetation,fractured_metamorphic,1,0.8618531653406579,1,EXTREME
2024-03-27 14:00:00,Kolkata-Gauge-1,2,urban,unconsolidated_sediment,0,0.018877108047921008,0,LOW
2024-03-27 14:00:00,Guwahati-Gauge-1,3,cropland,sedimentary,0,0.010592099557529254,0,LOW
2024-03-27 14:00:00,Sonapur-Gauge-1,4,forest,unconsolidated_sediment,0,0.010592099557529254,0,LOW
2024-03-27 15:00:00,Chamoli-Gauge-1,1,sparse_vegetation,fractured_metamorphic,1,0.8808049086608074,1,EXTREME
2024-03-27 15:00:00,Kolkata-Gauge-1,2,urban,unconsolidated_sediment,0,0.022352537114912772,0,LOW
2024-03-27 15:00:00,Guwahati-Gauge-1,3,cropland,sedimentary,0,0.010592099557529254,0,LOW
2024-03-27 15:00:00,Sonapur-Gauge-1,4,forest,unconsolidated_sediment,0,0.010592099557529254,0,LOW
2024-03-27 16:00:00,Chamoli-Gauge-1,1,sparse_vegetation,fractured_metamorphic,1,0.880646093861236,1,EXTREME
2024-03-27 16:00:00,Kolkata-Gauge-1,2,urban,unconsolidated_sediment,0,0.16641669548409532,0,LOW
2024-03-27 16:00:00,Guwahati-Gauge-1,3,cropland,sedimentary,0,0.010592099557529254,0,LOW
2024-03-27 16:00:00,Sonapur-Gauge-1,4,forest,unconsolidated_sediment,0,0.010592099557529254,0,LOW
2024-03-27 17:00:00,Chamoli-Gauge-1,1,sparse_vegetation,fractured_metamorphic,1,0.8803040511247449,1,EXTREME
2024-03-27 17:00:00,Kolkata-Gauge-1,2,urban,unconsolidated_sediment,0,0.399327707076623,0,MODERATE
2024-03-27 17:00:00,Guwahati-Gauge-1,3,cropland,sedimentary,0,0.010592099557529254,0,LOW
2024-03-27 17:00:00,Sonapur-Gauge-1,4,forest,unconsolidated_sediment,0,0.010773155313012702,0,LOW
2024-03-27 18:00:00,Chamoli-Gauge-1,1,sparse_vegetation,fractured_metamorphic,1,0.854046779795152,1,EXTREME
2024-03-27 18:00:00,Kolkata-Gauge-1,2,urban,unconsolidated_sediment,1,0.399327707076623,0,MODERATE
2024-03-27 18:00:00,Guwahati-Gauge-1,3,cropland,sedimentary,0,0.010592099557529254,0,LOW
2024-03-27 18:00:00,Sonapur-Gauge-1,4,forest,unconsolidated_sediment,0,0.010592099557529254,0,LOW
2024-03-27 19:00:00,Chamoli-Gauge-1,1,sparse_vegetation,fractured_metamorphic,1,0.8759335576496764,1,EXTREME
2024-03-27 19:00:00,Kolkata-Gauge-1,2,urban,unconsolidated_sediment,1,0.6192023871164778,1,HIGH
2024-03-27 19:00:00,Guwahati-Gauge-1,3,cropland,sedimentary,0,0.010592099557529254,0,LOW
2024-03-27 19:00:00,Sonapur-Gauge-1,4,forest,unconsolidated_sediment,0,0.010592099557529254,0,LOW
2024-03-27 20:00:00,Chamoli-Gauge-1,1,sparse_vegetation,fractured_metamorphic,1,0.8807820373170474,1,EXTREME
2024-03-27 20:00:00,Kolkata-Gauge-1,2,urban,unconsolidated_sediment,0,0.226343387743752,0,LOW
2024-03-27 20:00:00,Guwahati-Gauge-1,3,cropland,sedimentary,0,0.010592099557529254,0,LOW
2024-03-27 20:00:00,Sonapur-Gauge-1,4,forest,unconsolidated_sediment,0,0.010592099557529254,0,LOW
2024-03-27 21:00:00,Chamoli-Gauge-1,1,sparse_vegetation,fractured_metamorphic,1,0.8575505227496472,1,EXTREME
2024-03-27 21:00:00,Kolkata-Gauge-1,2,urban,unconsolidated_sediment,0,0.18524120934238014,0,LOW
2024-03-27 21:00:00,Guwahati-Gauge-1,3,cropland,sedimentary,0,0.010592099557529254,0,LOW
2024-03-27 21:00:00,Sonapur-Gauge-1,4,forest,unconsolidated_sediment,0,0.010592099557529254,0,LOW
2024-03-27 22:00:00,Chamoli-Gauge-1,1,sparse_vegetation,fractured_metamorphic,0,0.4414735392409341,0,MODERATE
2024-03-27 22:00:00,Kolkata-Gauge-1,2,urban,unconsolidated_sediment,1,0.5011391129340514,0,MODERATE
2024-03-27 22:00:00,Guwahati-Gauge-1,3,cropland,sedimentary,0,0.010592099557529254,0,LOW
2024-03-27 22:00:00,Sonapur-Gauge-1,4,forest,unconsolidated_sediment,0,0.010592099557529254,0,LOW
2024-03-27 23:00:00,Chamoli-Gauge-1,1,sparse_vegetation,fractured_metamorphic,0,0.36369378463124324,0,MODERATE
2024-03-27 23:00:00,Kolkata-Gauge-1,2,urban,unconsolidated_sediment,0,0.4697766219685701,0,MODERATE
2024-03-27 23:00:00,Guwahati-Gauge-1,3,cropland,sedimentary,0,0.010592099557529254,0,LOW
2024-03-27 23:00:00,Sonapur-Gauge-1,4,forest,unconsolidated_sediment,0,0.010592099557529254,0,LOW
2024-03-28 00:00:00,Chamoli-Gauge-1,1,sparse_vegetation,fractured_metamorphic,1,0.7664583901493189,1,HIGH
2024-03-28 00:00:00,Kolkata-Gauge-1,2,urban,unconsolidated_sediment,0,0.09664979433760154,0,LOW
2024-03-28 00:00:00,Guwahati-Gauge-1,3,cropland,sedimentary,0,0.010592099557529254,0,LOW
2024-03-28 00:00:00,Sonapur-Gauge-1,4,forest,unconsolidated_sediment,0,0.010592099557529254,0,LOW
2024-03-28 01:00:00,Chamoli-Gauge-1,1,sparse_vegetation,fractured_metamorphic,0,0.48297939776627014,0,MODERATE
2024-03-28 01:00:00,Kolkata-Gauge-1,2,urban,unconsolidated_sediment,1,0.4355591854853301,0,MODERATE
2024-03-28 01:00:00,Guwahati-Gauge-1,3,cropland,sedimentary,0,0.010592099557529254,0,LOW
2024-03-28 01:00:00,Sonapur-Gauge-1,4,forest,unconsolidated_sediment,0,0.010592099557529254,0,LOW
2024-03-28 02:00:00,Chamoli-Gauge-1,1,sparse_vegetation,fractured_metamorphic,0,0.48243235964651693,0,MODERATE
2024-03-28 02:00:00,Kolkata-Gauge-1,2,urban,unconsolidated_sediment,0,0.06412348224969236,0,LOW
2024-03-28 02:00:00,Guwahati-Gauge-1,3,cropland,sedimentary,0,0.010592099557529254,0,LOW
2024-03-28 02:00:00,Sonapur-Gauge-1,4,forest,unconsolidated_sediment,0,0.010592099557529254,0,LOW
2024-03-28 03:00:00,Chamoli-Gauge-1,1,sparse_vegetation,fractured_metamorphic,1,0.8848201863818994,1,EXTREME
2024-03-28 03:00:00,Kolkata-Gauge-1,2,urban,unconsolidated_sediment,0,0.03848659476478668,0,LOW
2024-03-28 03:00:00,Guwahati-Gauge-1,3,cropland,sedimentary,0,0.010592099557529254,0,LOW
2024-03-28 03:00:00,Sonapur-Gauge-1,4,forest,unconsolidated_sediment,0,0.010592099557529254,0,LOW
2024-03-28 04:00:00,Chamoli-Gauge-1,1,sparse_vegetation,fractured_metamorphic,1,0.8749665772250642,1,EXTREME
2024-03-28 04:00:00,Kolkata-Gauge-1,2,urban,unconsolidated_sediment,0,0.353722618037336,0,MODERATE
2024-03-28 04:00:00,Guwahati-Gauge-1,3,cropland,sedimentary,0,0.010592099557529254,0,LOW
2024-03-28 04:00:00,Sonapur-Gauge-1,4,forest,unconsolidated_sediment,0,0.010592099557529254,0,LOW
2024-03-28 05:00:00,Chamoli-Gauge-1,1,sparse_vegetation,fractured_metamorphic,1,0.8750734853287474,1,EXTREME
2024-03-28 05:00:00,Kolkata-Gauge-1,2,urban,unconsolidated_sediment,1,0.5008297405504465,0,MODERATE
2024-03-28 05:00:00,Guwahati-Gauge-1,3,cropland,sedimentary,0,0.010592099557529254,0,LOW
2024-03-28 05:00:00,Sonapur-Gauge-1,4,forest,unconsolidated_sediment,0,0.010760861103563694,0,LOW
2024-03-28 06:00:00,Chamoli-Gauge-1,1,sparse_vegetation,fractured_metamorphic,0,0.24914741970319054,0,LOW
2024-03-28 06:00:00,Kolkata-Gauge-1,2,urban,unconsolidated_sediment,0,0.45944029476029863,0,MODERATE
2024-03-28 06:00:00,Guwahati-Gauge-1,3,cropland,sedimentary,0,0.010592099557529254,0,LOW
2024-03-28 06:00:00,Sonapur-Gauge-1,4,forest,unconsolidated_sediment,0,0.010760861103563694,0,LOW
2024-03-28 07:00:00,Chamoli-Gauge-1,1,sparse_vegetation,fractured_metamorphic,0,0.21610995468336758,0,LOW
2024-03-28 07:00:00,Kolkata-Gauge-1,2,urban,unconsolidated_sediment,0,0.4841568342169528,0,MODERATE
2024-03-28 07:00:00,Guwahati-Gauge-1,3,cropland,sedimentary,0,0.010592099557529254,0,LOW
2024-03-28 07:00:00,Sonapur-Gauge-1,4,forest,unconsolidated_sediment,0,0.010760861103563694,0,LOW
2024-03-28 08:00:00,Chamoli-Gauge-1,1,sparse_vegetation,fractured_metamorphic,1,0.8729329689940788,1,EXTREME
2024-03-28 08:00:00,Kolkata-Gauge-1,2,urban,unconsolidated_sediment,1,0.7531594077746561,1,HIGH
2024-03-28 08:00:00,Guwahati-Gauge-1,3,cropland,sedimentary,0,0.010592099557529254,0,LOW
2024-03-28 08:00:00,Sonapur-Gauge-1,4,forest,unconsolidated_sediment,0,0.010760861103563694,0,LOW
2024-03-28 09:00:00,Chamoli-Gauge-1,1,sparse_vegetation,fractured_metamorphic,1,0.8729310106677248,1,EXTREME
2024-03-28 09:00:00,Kolkata-Gauge-1,2,urban,unconsolidated_sediment,1,0.7680033890240963,1,HIGH
2024-03-28 09:00:00,Guwahati-Gauge-1,3,cropland,sedimentary,0,0.010592099557529254,0,LOW
2024-03-28 09:00:00,Sonapur-Gauge-1,4,forest,unconsolidated_sediment,0,0.010592099557529254,0,LOW
2024-03-28 10:00:00,Chamoli-Gauge-1,1,sparse_vegetation,fractured_metamorphic,1,0.8713551346750723,1,EXTREME
2024-03-28 10:00:00,Kolkata-Gauge-1,2,urban,unconsolidated_sediment,0,0.6453521329627678,1,HIGH
2024-03-28 10:00:00,Guwahati-Gauge-1,3,cropland,sedimentary,0,0.010592099557529254,0,LOW
2024-03-28 10:00:00,Sonapur-Gauge-1,4,forest,unconsolidated_sediment,0,0.010592099557529254,0,LOW
2024-03-28 11:00:00,Chamoli-Gauge-1,1,sparse_vegetation,fractured_metamorphic,0,0.43660386150107544,0,MODERATE
2024-03-28 11:00:00,Kolkata-Gauge-1,2,urban,unconsolidated_sediment,1,0.7399838888972685,1,HIGH
2024-03-28 11:00:00,Guwahati-Gauge-1,3,cropland,sedimentary,0,0.010592099557529254,0,LOW
2024-03-28 11:00:00,Sonapur-Gauge-1,4,forest,unconsolidated_sediment,0,0.010592099557529254,0,LOW
