timestamp,station,station_id,water_level_m,actual_1h,predicted_1h,actual_3h,predicted_3h,actual_6h,predicted_6h
2024-01-01 00:00:00,Chamoli-Gauge-1,1,1.3,1.303,1.2966182607755414,1.285,1.302993521902662,1.294,1.2842183807537926
2024-01-01 01:00:00,Chamoli-Gauge-1,1,1.303,1.277,1.2974365488059596,1.302,1.3034701127606156,1.264,1.2850551367061736
2024-01-01 02:00:00,Chamoli-Gauge-1,1,1.277,1.285,1.2744130030575462,1.322,1.2821493449416077,1.254,1.2768320986321149
2024-01-01 03:00:00,Chamoli-Gauge-1,1,1.285,1.302,1.2822981335006893,1.294,1.262376157471919,1.283,1.2617911884142434
2024-01-01 04:00:00,Chamoli-Gauge-1,1,1.302,1.322,1.298640069516195,1.264,1.2777913503168512,1.288,1.2757240735785904
2024-01-01 05:00:00,Chamoli-Gauge-1,1,1.322,1.294,1.3084690784982909,1.254,1.2967150129438991,1.273,1.289259778464056
2024-01-01 06:00:00,Chamoli-Gauge-1,1,1.294,1.264,1.283181119991882,1.283,1.2769990326758172,1.245,1.2750207894475905
2024-01-01 07:00:00,Chamoli-Gauge-1,1,1.264,1.254,1.2584045072620051,1.288,1.269481827930324,1.233,1.2470748793905824
2024-01-01 08:00:00,Chamoli-Gauge-1,1,1.254,1.283,1.2567677836160058,1.273,1.255518133042164,1.22,1.2472553737048209
2024-01-01 09:00:00,Chamoli-Gauge-1,1,1.283,1.288,1.2825178380165607,1.245,1.2647187465364278,1.241,1.2651126986238148
2024-01-01 10:00:00,Chamoli-Gauge-1,1,1.288,1.273,1.281251434700921,1.233,1.274037297546171,1.263,1.275455030275359
2024-01-01 11:00:00,Chamoli-Gauge-1,1,1.273,1.245,1.2691556558617312,1.22,1.2605328467401713,1.243,1.257244691001521
2024-01-01 12:00:00,Chamoli-Gauge-1,1,1.245,1.233,1.236147135225853,1.241,1.244070628635807,1.26,1.2523374494894646
2024-01-01 13:00:00,Chamoli-Gauge-1,1,1.233,1.22,1.2183935714790417,1.263,1.2387093758828172,1.274,1.24866289913302
2024-01-01 14:00:00,Chamoli-Gauge-1,1,1.22,1.241,1.2123095739341887,1.243,1.229251235313222,1.251,1.2314754858505785
2024-01-01 15:00:00,Chamoli-Gauge-1,1,1.241,1.263,1.2433336726625157,1.26,1.243153990148076,1.251,1.2522101553836107
2024-01-01 16:00:00,Chamoli-Gauge-1,1,1.263,1.243,1.2579934162758633,1.274,1.2620527165461608,1.262,1.2591283408319405
2024-01-01 17:00:00,Chamoli-Gauge-1,1,1.243,1.26,1.2438762697376555,1.251,1.2450444691189302,1.268,1.2551685478630614
2024-01-01 18:00:00,Chamoli-Gauge-1,1,1.26,1.274,1.2605288884702235,1.251,1.2613063226883006,1.237,1.259480920951447
2024-01-01 19:00:00,Chamoli-Gauge-1,1,1.274,1.251,1.2691923190576404,1.262,1.2661231233729116,1.244,1.2638145172875435
2024-01-01 20:00:00,Chamoli-Gauge-1,1,1.251,1.251,1.2532349534376241,1.268,1.255316659978315,1.262,1.256787623112423
2024-01-01 21:00:00,Chamoli-Gauge-1,1,1.251,1.262,1.2555317327081077,1.237,1.2541047801867307,1.298,1.2633039810516657
2024-01-01 22:00:00,Chamoli-Gauge-1,1,1.262,1.268,1.2659405478558696,1.244,1.2777332338685015,1.285,1.3003092786682733
2024-01-01 23:00:00,Chamoli-Gauge-1,1,1.268,1.237,1.2605239684182872,1.262,1.2740027807303773,1.276,1.3007940004695204
2024-01-02 00:00:00,Chamoli-Gauge-1,1,1.237,1.244,1.2376044670344737,1.298,1.2659661605046724,1.274,1.2930165363298871
2024-01-02 01:00:00,Chamoli-Gauge-1,1,1.244,1.262,1.2476046084318133,1.285,1.2588308051497399,1.281,1.2896647569423167
2024-01-02 02:00:00,Chamoli-Gauge-1,1,1.262,1.298,1.2695068906041622,1.276,1.276856506915815,1.284,1.3007085518512567
2024-01-02 03:00:00,Chamoli-Gauge-1,1,1.298,1.285,1.3034947342334107,1.274,1.3310908645200412,1.296,1.3430090922650328
2024-01-02 04:00:00,Chamoli-Gauge-1,1,1.285,1.276,1.2836108025919444,1.281,1.2936922777340705,1.274,1.3077306536897326
2024-01-02 05:00:00,Chamoli-Gauge-1,1,1.276,1.274,1.2746151012207123,1.284,1.2774653144467052,1.283,1.2942126937147327
2024-01-02 06:00:00,Chamoli-Gauge-1,1,1.274,1.281,1.2725188639894456,1.296,1.2729529762587608,1.277,1.2919188481143244
2024-01-02 07:00:00,Chamoli-Gauge-1,1,1.281,1.284,1.275305825202463,1.274,1.279773644526802,1.283,1.2986894656008174
2024-01-02 08:00:00,Chamoli-Gauge-1,1,1.284,1.296,1.2864576543900799,1.283,1.2865056109714212,1.327,1.3108146891184935
2024-01-02 09:00:00,Chamoli-Gauge-1,1,1.296,1.274,1.2931063374694238,1.277,1.315282435147815,1.306,1.3263483569906653
2024-01-02 10:00:00,Chamoli-Gauge-1,1,1.274,1.283,1.2757316348325134,1.283,1.2761282438218835,1.309,1.3057575355873874
2024-01-02 11:00:00,Chamoli-Gauge-1,1,1.283,1.277,1.285915064191095,1.327,1.2891996605860845,1.292,1.3099664862029772
2024-01-02 12:00:00,Chamoli-Gauge-1,1,1.277,1.283,1.2915915969369045,1.306,1.3130609064919385,1.295,1.3120602671008659
2024-01-02 13:00:00,Chamoli-Gauge-1,1,1.283,1.327,1.3038959957630183,1.309,1.3019122564018644,1.316,1.3164208747661692
2024-01-02 14:00:00,Chamoli-Gauge-1,1,1.327,1.306,1.3296300678727746,1.292,1.3221751610217138,1.319,1.3388169540680463
2024-01-02 15:00:00,Chamoli-Gauge-1,1,1.306,1.309,1.3064812815979268,1.295,1.316734081550596,1.316,1.330411095026954
2024-01-02 16:00:00,Chamoli-Gauge-1,1,1.309,1.292,1.3093827439460148,1.316,1.3246270063670862,1.342,1.3294536866605113
2024-01-02 17:00:00,Chamoli-Gauge-1,1,1.292,1.295,1.2904347871106965,1.319,1.3191111208176072,1.348,1.339520113528126
2024-01-02 18:00:00,Chamoli-Gauge-1,1,1.295,1.316,1.301653472668259,1.316,1.32206367366283,1.363,1.326423510276158
2024-01-02 19:00:00,Chamoli-Gauge-1,1,1.316,1.319,1.3210730268780977,1.342,1.3313978226052658,1.376,1.3277412441022136
2024-01-02 20:00:00,Chamoli-Gauge-1,1,1.319,1.316,1.321243356759798,1.348,1.3328299922307143,1.317,1.3265452113018878
2024-01-02 21:00:00,Chamoli-Gauge-1,1,1.316,1.342,1.3236439829919615,1.363,1.3331111940319147,1.35,1.326369880806257
2024-01-02 22:00:00,Chamoli-Gauge-1,1,1.342,1.348,1.3423477574734,1.376,1.332248939095895,1.361,1.3387542311241525
2024-01-02 23:00:00,Chamoli-Gauge-1,1,1.348,1.363,1.3381966891303827,1.317,1.3259946860078928,1.377,1.3465832415955523
2024-01-03 00:00:00,Chamoli-Gauge-1,1,1.363,1.376,1.3614255437580942,1.35,1.3649160868876409,1.439,1.389623106875622
2024-01-03 01:00:00,Chamoli-Gauge-1,1,1.376,1.317,1.3674460192856377,1.361,1.3787163599504164,1.46,1.4245587720907098
2024-01-03 02:00:00,Chamoli-Gauge-1,1,1.317,1.35,1.328919982738049,1.377,1.3378439882678521,1.526,1.3771127813976338
2024-01-03 03:00:00,Chamoli-Gauge-1,1,1.35,1.361,1.3772384273505147,1.439,1.4410850177143688,1.492,1.4708270720129542
2024-01-03 04:00:00,Chamoli-Gauge-1,1,1.361,1.377,1.3798561572837948,1.46,1.4594733923499463,1.465,1.4821753290779207
2024-01-03 05:00:00,Chamoli-Gauge-1,1,1.377,1.439,1.4090803813745363,1.526,1.4788509746506933,1.475,1.4893309449204113
2024-01-03 06:00:00,Chamoli-Gauge-1,1,1.439,1.46,1.4597928605731356,1.492,1.4538226594761092,1.463,1.4552304356115626
2024-01-03 07:00:00,Chamoli-Gauge-1,1,1.46,1.526,1.4919796998662904,1.465,1.4580010846980371,1.464,1.457274919563887
2024-01-03 08:00:00,Chamoli-Gauge-1,1,1.526,1.492,1.5271456342895025,1.475,1.5423848537347868,1.457,1.5274845782244026
2024-01-03 09:00:00,Chamoli-Gauge-1,1,1.492,1.465,1.4779802323517046,1.463,1.4732562617120164,1.45,1.4760083931295886
2024-01-03 10:00:00,Chamoli-Gauge-1,1,1.465,1.475,1.464041705228525,1.464,1.4574839663465615,1.451,1.4569807434349706
2024-01-03 11:00:00,Chamoli-Gauge-1,1,1.475,1.463,1.4675347811703279,1.457,1.4650165449648056,1.463,1.465014714041264
2024-01-03 12:00:00,Chamoli-Gauge-1,1,1.463,1.464,1.4674176143514084,1.45,1.4535086967569906,1.483,1.4532338302388952
2024-01-03 13:00:00,Chamoli-Gauge-1,1,1.464,1.457,1.4618128273180786,1.451,1.4476286979400108,1.522,1.449432493408973
2024-01-03 14:00:00,Chamoli-Gauge-1,1,1.457,1.45,1.4468011670737393,1.463,1.4408404687884615,1.523,1.4457210451645857
2024-01-03 15:00:00,Chamoli-Gauge-1,1,1.45,1.451,1.4449493714927801,1.483,1.4413441045481363,1.521,1.438250794293275
2024-01-03 16:00:00,Chamoli-Gauge-1,1,1.451,1.463,1.458868180597856,1.522,1.5105355534979856,1.504,1.5121507942454704
2024-01-03 17:00:00,Chamoli-Gauge-1,1,1.463,1.483,1.4825981476324597,1.523,1.5178661486212741,1.53,1.5199821797871471
2024-01-03 18:00:00,Chamoli-Gauge-1,1,1.483,1.522,1.4950949504744533,1.521,1.5183396000542688,1.539,1.5336633958514807
2024-01-03 19:00:00,Chamoli-Gauge-1,1,1.522,1.523,1.5191007406621784,1.504,1.5182238413789797,1.498,1.5156907681896876
2024-01-03 20:00:00,Chamoli-Gauge-1,1,1.523,1.521,1.5201642464301979,1.53,1.5141682312624924,1.456,1.5088660278697286
2024-01-03 21:00:00,Chamoli-Gauge-1,1,1.521,1.504,1.516864751115052,1.539,1.5120592190375988,1.439,1.5065418281717164
2024-01-03 22:00:00,Chamoli-Gauge-1,1,1.504,1.53,1.5006929874690604,1.498,1.5009746222344034,1.442,1.4956650724826355
2024-01-03 23:00:00,Chamoli-Gauge-1,1,1.53,1.539,1.5200221347373528,1.456,1.5069368082885324,1.439,1.516901812669554
2024-01-04 00:00:00,Chamoli-Gauge-1,1,1.539,1.498,1.525413574071706,1.439,1.5169601103466452,1.446,1.537934982693341
2024-01-04 01:00:00,Chamoli-Gauge-1,1,1.498,1.456,1.4845459220884114,1.442,1.4959375452860781,1.438,1.5077907991574626
2024-01-04 02:00:00,Chamoli-Gauge-1,1,1.456,1.439,1.4535027047882827,1.439,1.4561126845079275,1.462,1.4568396646397253
2024-01-04 03:00:00,Chamoli-Gauge-1,1,1.439,1.442,1.4371136599309045,1.446,1.4397435077309202,1.473,1.4419872594382537
2024-01-04 04:00:00,Chamoli-Gauge-1,1,1.442,1.439,1.4353221181576634,1.438,1.4401641403045637,1.469,1.4368297129209329
2024-01-04 05:00:00,Chamoli-Gauge-1,1,1.439,1.446,1.4386728769358617,1.462,1.4273328628757538,1.487,1.435527646052172
2024-01-04 06:00:00,Chamoli-Gauge-1,1,1.446,1.438,1.444548655417046,1.473,1.440125300124844,1.469,1.4361041029215273
2024-01-04 07:00:00,Chamoli-Gauge-1,1,1.438,1.462,1.4371802021088935,1.469,1.4250714116064362,1.483,1.4335250030653717
2024-01-04 08:00:00,Chamoli-Gauge-1,1,1.462,1.473,1.4631996025190062,1.487,1.4533812642995196,1.501,1.4462617900823844
2024-01-04 09:00:00,Chamoli-Gauge-1,1,1.473,1.469,1.4635756846152752,1.469,1.4478377242113822,1.527,1.448823907226592
2024-01-04 10:00:00,Chamoli-Gauge-1,1,1.469,1.487,1.4636388374523503,1.483,1.4476613700447156,1.507,1.4474832207940942
2024-01-04 11:00:00,Chamoli-Gauge-1,1,1.487,1.469,1.4727688405868045,1.501,1.4687740854948799,1.515,1.4516349602201544
2024-01-04 12:00:00,Chamoli-Gauge-1,1,1.469,1.483,1.490896044680693,1.527,1.5209121898556164,1.518,1.5370114062292648
2024-01-04 13:00:00,Chamoli-Gauge-1,1,1.483,1.501,1.4953674342906973,1.507,1.5164184867375743,1.521,1.5332602119898608
2024-01-04 14:00:00,Chamoli-Gauge-1,1,1.501,1.527,1.5215728186632431,1.515,1.5208912907721461,1.539,1.537061246044783
2024-01-04 15:00:00,Chamoli-Gauge-1,1,1.527,1.507,1.5192952771810768,1.518,1.5282939562351507,1.548,1.5317561912770783
2024-01-04 16:00:00,Chamoli-Gauge-1,1,1.507,1.515,1.513871985129382,1.521,1.5141728053433303,1.539,1.534254794449655
2024-01-04 17:00:00,Chamoli-Gauge-1,1,1.515,1.518,1.518065801891407,1.539,1.5210567671608897,1.546,1.5277352512800662
2024-01-04 18:00:00,Chamoli-Gauge-1,1,1.518,1.521,1.5135442508520571,1.548,1.5128037432091268,1.539,1.506543728179166
2024-01-04 19:00:00,Chamoli-Gauge-1,1,1.521,1.539,1.516345356637141,1.539,1.5135896530789734,1.539,1.5081983240426848
2024-01-04 20:00:00,Chamoli-Gauge-1,1,1.539,1.548,1.5386101144670696,1.546,1.5312195516606342,1.552,1.5496330636566447
2024-01-04 21:00:00,Chamoli-Gauge-1,1,1.548,1.539,1.5417494408692463,1.539,1.5438303573894876,1.547,1.5514891892664715
2024-01-04 22:00:00,Chamoli-Gauge-1,1,1.539,1.546,1.5288953884189571,1.539,1.5315833484807142,1.551,1.5398752351164076
2024-01-04 23:00:00,Chamoli-Gauge-1,1,1.546,1.539,1.541324595882465,1.552,1.5412294216387936,1.566,1.5404767262955554
2024-01-05 00:00:00,Chamoli-Gauge-1,1,1.539,1.539,1.5293461946014044,1.547,1.5303241754882102,1.573,1.5340372677645617
2024-01-05 01:00:00,Chamoli-Gauge-1,1,1.539,1.552,1.5301189717406867,1.551,1.5300413169927174,1.589,1.5397219477604387
2024-01-05 02:00:00,Chamoli-Gauge-1,1,1.552,1.547,1.549088843799672,1.566,1.5456780854933412,1.627,1.539397433370278
2024-01-05 03:00:00,Chamoli-Gauge-1,1,1.547,1.551,1.543294220162529,1.573,1.5462749166097998,1.634,1.5397954274106618
2024-01-05 04:00:00,Chamoli-Gauge-1,1,1.551,1.566,1.5489927441108098,1.589,1.5572836725643808,1.619,1.5448270743439934
2024-01-05 05:00:00,Chamoli-Gauge-1,1,1.566,1.573,1.563539466739521,1.627,1.5780964484806412,1.624,1.5422971565619146
2024-01-05 06:00:00,Chamoli-Gauge-1,1,1.573,1.589,1.572872923000548,1.634,1.5806193472025236,1.628,1.5464414947530927
2024-01-05 07:00:00,Chamoli-Gauge-1,1,1.589,1.627,1.5940464056724644,1.619,1.585722335839935,1.635,1.5665119995009853
2024-01-05 08:00:00,Chamoli-Gauge-1,1,1.627,1.634,1.6193496016537747,1.624,1.6033387414541151,1.659,1.609742614267238
2024-01-05 09:00:00,Chamoli-Gauge-1,1,1.634,1.619,1.6286153462271047,1.628,1.6196376129974304,1.617,1.62006706078117
2024-01-05 10:00:00,Chamoli-Gauge-1,1,1.619,1.624,1.6303497415078791,1.635,1.6339311727146517,1.638,1.615380227009765
2024-01-05 11:00:00,Chamoli-Gauge-1,1,1.624,1.628,1.6334562462035642,1.659,1.6360965331231936,1.664,1.6269858927342835
2024-01-05 12:00:00,Chamoli-Gauge-1,1,1.628,1.635,1.6342134688964334,1.617,1.627740499162058,1.665,1.6285047545486568
2024-01-05 13:00:00,Chamoli-Gauge-1,1,1.635,1.659,1.644774377130016,1.638,1.6385785944715512,1.666,1.6351876403175267
2024-01-05 14:00:00,Chamoli-Gauge-1,1,1.659,1.617,1.653079786948594,1.664,1.6555049225698473,1.65,1.654861752082785
2024-01-05 15:00:00,Chamoli-Gauge-1,1,1.617,1.638,1.6214619668286046,1.665,1.61690609563147,1.64,1.6060416492911302
2024-01-05 16:00:00,Chamoli-Gauge-1,1,1.638,1.664,1.6430760282397017,1.666,1.6379470819536646,1.644,1.630128659641549
2024-01-05 17:00:00,Chamoli-Gauge-1,1,1.664,1.665,1.6514424343522955,1.65,1.6472656030002129,1.647,1.6505735927454168
2024-01-05 18:00:00,Chamoli-Gauge-1,1,1.665,1.666,1.6649885927710062,1.64,1.6526938218747627,1.651,1.6526778022196704
2024-01-05 19:00:00,Chamoli-Gauge-1,1,1.666,1.65,1.6598130670209472,1.644,1.6510714259352035,1.653,1.6549235660343666
2024-01-05 20:00:00,Chamoli-Gauge-1,1,1.65,1.64,1.6512625089945734,1.647,1.6462264061619765,1.662,1.6385965288706872
2024-01-05 21:00:00,Chamoli-Gauge-1,1,1.64,1.644,1.6373494518932339,1.651,1.6369948408194945,1.669,1.6306336493062408
2024-01-05 22:00:00,Chamoli-Gauge-1,1,1.644,1.647,1.6448141031137176,1.653,1.638482705246258,1.639,1.625046259682294
2024-01-05 23:00:00,Chamoli-Gauge-1,1,1.647,1.651,1.6510953633362209,1.662,1.644880691705769,1.647,1.6267512191831026
2024-01-06 00:00:00,Chamoli-Gauge-1,1,1.651,1.653,1.6522351075220447,1.669,1.6509437493975239,1.677,1.650100983613606
2024-01-06 01:00:00,Chamoli-Gauge-1,1,1.653,1.662,1.652157181528593,1.639,1.6512165912785794,1.668,1.65298941798481
2024-01-06 02:00:00,Chamoli-Gauge-1,1,1.662,1.669,1.6585316332451188,1.647,1.656463352434048,1.688,1.6566098178965387
2024-01-06 03:00:00,Chamoli-Gauge-1,1,1.669,1.639,1.6583875948563624,1.677,1.6618925062723602,1.659,1.6577917932509356
2024-01-06 04:00:00,Chamoli-Gauge-1,1,1.639,1.647,1.6344600891182097,1.668,1.6397716074167654,1.649,1.644040816230358
2024-01-06 05:00:00,Chamoli-Gauge-1,1,1.647,1.677,1.65527462766252,1.688,1.6597306435926336,1.626,1.651319603441398
2024-01-06 06:00:00,Chamoli-Gauge-1,1,1.677,1.668,1.6616800421375977,1.659,1.6607713814528933,1.644,1.6635624900383772
2024-01-06 07:00:00,Chamoli-Gauge-1,1,1.668,1.688,1.6738792605602981,1.649,1.6677682252785466,1.667,1.6733682678878892
2024-01-06 08:00:00,Chamoli-Gauge-1,1,1.688,1.659,1.6789106016869924,1.626,1.6596299774775658,1.655,1.6834488046063862
2024-01-06 09:00:00,Chamoli-Gauge-1,1,1.659,1.649,1.658708141868572,1.644,1.6593387917585745,1.716,1.692030416634348
2024-01-06 10:00:00,Chamoli-Gauge-1,1,1.649,1.626,1.6473011356445648,1.667,1.6754789073936156,1.784,1.7873390899809405
2024-01-06 11:00:00,Chamoli-Gauge-1,1,1.626,1.644,1.6211789102184662,1.655,1.62357066034203,1.817,1.7068204142894774
2024-01-06 12:00:00,Chamoli-Gauge-1,1,1.644,1.667,1.6502344360276398,1.716,1.671050931785738,1.852,1.7667953715593823
2024-01-06 13:00:00,Chamoli-Gauge-1,1,1.667,1.655,1.655075269355492,1.784,1.7123836507904653,1.897,1.8199894767283362
2024-01-06 14:00:00,Chamoli-Gauge-1,1,1.655,1.716,1.6752136168793075,1.817,1.7018510840770265,1.908,1.806366894453227
2024-01-06 15:00:00,Chamoli-Gauge-1,1,1.716,1.784,1.7655150974323446,1.852,1.8456539297135761,1.895,1.892679399775204
2024-01-06 16:00:00,Chamoli-Gauge-1,1,1.784,1.817,1.804035379112162,1.897,1.8859115679672434,1.922,1.9364723574995268
2024-01-06 17:00:00,Chamoli-Gauge-1,1,1.817,1.852,1.840505243193626,1.908,1.9161193838258126,1.895,1.9107337829137094
2024-01-06 18:00:00,Chamoli-Gauge-1,1,1.852,1.897,1.8821961510284093,1.895,1.8833549806498324,1.897,1.8473593277498825
2024-01-06 19:00:00,Chamoli-Gauge-1,1,1.897,1.908,1.9123472430708983,1.922,1.9143902100294432,1.891,1.9066672118884438
2024-01-06 20:00:00,Chamoli-Gauge-1,1,1.908,1.895,1.9115829541026783,1.895,1.9137250297474067,1.872,1.8977146709449109
2024-01-06 21:00:00,Chamoli-Gauge-1,1,1.895,1.922,1.907009844951589,1.897,1.8997396832420603,1.861,1.891498065888746
2024-01-06 22:00:00,Chamoli-Gauge-1,1,1.922,1.895,1.9022008848477228,1.891,1.8865550906070254,1.88,1.8778750168337932
2024-01-06 23:00:00,Chamoli-Gauge-1,1,1.895,1.897,1.8981256369071682,1.872,1.8729660942591786,1.887,1.885835573399152
2024-01-07 00:00:00,Chamoli-Gauge-1,1,1.897,1.891,1.8937754303544616,1.861,1.8726455086410925,1.897,1.8868247469821748
2024-01-07 01:00:00,Chamoli-Gauge-1,1,1.891,1.872,1.884319647259453,1.88,1.8680639717983056,1.924,1.891563865391543
2024-01-07 02:00:00,Chamoli-Gauge-1,1,1.872,1.861,1.8549223957512853,1.887,1.8554985379851938,1.912,1.833369642220588
2024-01-07 03:00:00,Chamoli-Gauge-1,1,1.861,1.88,1.8521985109201593,1.897,1.8294440438804833,1.886,1.7878308197456465
2024-01-07 04:00:00,Chamoli-Gauge-1,1,1.88,1.887,1.8637408259935357,1.924,1.8668102384381209,1.916,1.8748076891677035
2024-01-07 05:00:00,Chamoli-Gauge-1,1,1.887,1.897,1.8962753042678855,1.912,1.901914198962121,1.902,1.862425327718442
2024-01-07 06:00:00,Chamoli-Gauge-1,1,1.897,1.924,1.9033547975901806,1.886,1.9023571514610467,1.904,1.8891194626426138
2024-01-07 07:00:00,Chamoli-Gauge-1,1,1.924,1.912,1.9106967383848459,1.916,1.9144993995193251,1.872,1.8891525750819673
2024-01-07 08:00:00,Chamoli-Gauge-1,1,1.912,1.886,1.9011988168310305,1.902,1.897256827191608,1.864,1.8654510645708737
2024-01-07 09:00:00,Chamoli-Gauge-1,1,1.886,1.916,1.8995277049778785,1.904,1.8790281358687764,1.827,1.8208991652820292
2024-01-07 10:00:00,Chamoli-Gauge-1,1,1.916,1.902,1.9036211485600458,1.872,1.8826864176802218,1.813,1.8352678491022865
2024-01-07 11:00:00,Chamoli-Gauge-1,1,1.902,1.904,1.8989559375153573,1.864,1.8653934246159418,1.786,1.809580857983836
2024-01-07 12:00:00,Chamoli-Gauge-1,1,1.904,1.872,1.8919653559951621,1.827,1.8681810156707204,1.755,1.810102573699076
2024-01-07 13:00:00,Chamoli-Gauge-1,1,1.872,1.864,1.8623572262768329,1.813,1.8341569576871588,1.737,1.751554665180241
2024-01-07 14:00:00,Chamoli-Gauge-1,1,1.864,1.827,1.8489948587736942,1.786,1.8139267175714098,1.679,1.7303022541717554
2024-01-07 15:00:00,Chamoli-Gauge-1,1,1.827,1.813,1.8138550683322958,1.755,1.781527559682334,1.646,1.7111340505445847
2024-01-07 16:00:00,Chamoli-Gauge-1,1,1.813,1.786,1.7907843048386796,1.737,1.7500059111604582,1.652,1.6862580615671043
2024-01-07 17:00:00,Chamoli-Gauge-1,1,1.786,1.755,1.7526393501227013,1.679,1.711745437719035,1.652,1.6785481226289296
2024-01-07 18:00:00,Chamoli-Gauge-1,1,1.755,1.737,1.7306676674660564,1.646,1.6864092768547354,1.622,1.6750001588254038
2024-01-07 19:00:00,Chamoli-Gauge-1,1,1.737,1.679,1.7123192035856667,1.652,1.6872408212206145,1.626,1.6772394298878772
2024-01-07 20:00:00,Chamoli-Gauge-1,1,1.679,1.646,1.6669302711747485,1.652,1.6643388047746976,1.601,1.6441895651445237
2024-01-07 21:00:00,Chamoli-Gauge-1,1,1.646,1.652,1.647186935355904,1.622,1.6263354051714114,1.608,1.6158319692621876
2024-01-07 22:00:00,Chamoli-Gauge-1,1,1.652,1.652,1.649142837592929,1.626,1.6371055916213433,1.599,1.6222867408256658
2024-01-07 23:00:00,Chamoli-Gauge-1,1,1.652,1.622,1.6456440784789883,1.601,1.632517090847919,1.583,1.6235359345752445
2024-01-08 00:00:00,Chamoli-Gauge-1,1,1.622,1.626,1.614064284215188,1.608,1.6078600073885287,1.573,1.6001040077792972
2024-01-08 01:00:00,Chamoli-Gauge-1,1,1.626,1.601,1.6139025426016436,1.599,1.6087025341301675,1.616,1.6069245620872108
2024-01-08 02:00:00,Chamoli-Gauge-1,1,1.601,1.608,1.6003482196292287,1.583,1.5902958899479076,1.591,1.5832428372141016
2024-01-08 03:00:00,Chamoli-Gauge-1,1,1.608,1.599,1.5981561917035212,1.573,1.5921512878901993,1.587,1.5805577797440236
2024-01-08 04:00:00,Chamoli-Gauge-1,1,1.599,1.583,1.5938157791851066,1.616,1.5864632158507412,1.595,1.5750739020644853
2024-01-08 05:00:00,Chamoli-Gauge-1,1,1.583,1.573,1.579400380147556,1.591,1.5657350251569746,1.567,1.5448779782289215
2024-01-08 06:00:00,Chamoli-Gauge-1,1,1.573,1.616,1.5768974684839676,1.587,1.5563611248780704,1.528,1.539416562605009
2024-01-08 07:00:00,Chamoli-Gauge-1,1,1.616,1.591,1.6085853302694886,1.595,1.5947750268431804,1.51,1.5749156392399644
2024-01-08 08:00:00,Chamoli-Gauge-1,1,1.591,1.587,1.5858262738574838,1.567,1.5690260368622644,1.52,1.5392326811533006
2024-01-08 09:00:00,Chamoli-Gauge-1,1,1.587,1.595,1.5873502157146224,1.528,1.5643379852927177,1.508,1.536669029940612
2024-01-08 10:00:00,Chamoli-Gauge-1,1,1.595,1.567,1.586366217085265,1.51,1.5678171006812287,1.498,1.5395635603674729
2024-01-08 11:00:00,Chamoli-Gauge-1,1,1.567,1.528,1.5497961296341414,1.52,1.5502781783712265,1.512,1.544230835870433
2024-01-08 12:00:00,Chamoli-Gauge-1,1,1.528,1.51,1.5174331555597704,1.508,1.5199964512590387,1.49,1.530348778465919
2024-01-08 13:00:00,Chamoli-Gauge-1,1,1.51,1.52,1.5168127372103484,1.498,1.507184110820684,1.483,1.5002047508971004
2024-01-08 14:00:00,Chamoli-Gauge-1,1,1.52,1.508,1.513131613685896,1.512,1.5085212950192677,1.448,1.4834405462472162
2024-01-08 15:00:00,Chamoli-Gauge-1,1,1.508,1.498,1.5051947865100355,1.49,1.4997612163181075,1.45,1.4733959421291491
2024-01-08 16:00:00,Chamoli-Gauge-1,1,1.498,1.512,1.4958301264504088,1.483,1.4873828802029914,1.451,1.4648674971076348
2024-01-08 17:00:00,Chamoli-Gauge-1,1,1.512,1.49,1.507633108380445,1.448,1.4941684898110477,1.463,1.488667371392172
2024-01-08 18:00:00,Chamoli-Gauge-1,1,1.49,1.483,1.4839063296706307,1.45,1.4710397417420793,1.437,1.459392588637218
2024-01-08 19:00:00,Chamoli-Gauge-1,1,1.483,1.448,1.467803404681815,1.451,1.45226542562772,1.43,1.442921669872877
2024-01-08 20:00:00,Chamoli-Gauge-1,1,1.448,1.45,1.4490399049856566,1.463,1.4505693301548364,1.401,1.4334887397578424
2024-01-08 21:00:00,Chamoli-Gauge-1,1,1.45,1.451,1.4489679675098022,1.437,1.4388926757705462,1.394,1.4314929052780296
2024-01-08 22:00:00,Chamoli-Gauge-1,1,1.451,1.463,1.4478981209434645,1.43,1.4379240586526454,1.422,1.4328607945027332
2024-01-08 23:00:00,Chamoli-Gauge-1,1,1.463,1.437,1.4585753831684967,1.401,1.446274508683962,1.412,1.4412942537057605
2024-01-09 00:00:00,Chamoli-Gauge-1,1,1.437,1.43,1.433572769714612,1.394,1.4215366202053956,1.381,1.4197562765639944
2024-01-09 01:00:00,Chamoli-Gauge-1,1,1.43,1.401,1.4234985860127412,1.422,1.4239392827702289,1.365,1.420940016347476
2024-01-09 02:00:00,Chamoli-Gauge-1,1,1.401,1.394,1.3973688021045423,1.412,1.3885131102851669,1.331,1.3838460246571955
2024-01-09 03:00:00,Chamoli-Gauge-1,1,1.394,1.422,1.3984614844093612,1.381,1.3861427695894788,1.304,1.3778958954151908
2024-01-09 04:00:00,Chamoli-Gauge-1,1,1.422,1.412,1.412621390300468,1.365,1.4021889290422784,1.317,1.4027798300940628
2024-01-09 05:00:00,Chamoli-Gauge-1,1,1.412,1.381,1.4060598167253837,1.331,1.3930448507446356,1.288,1.3893285367145911
2024-01-09 06:00:00,Chamoli-Gauge-1,1,1.381,1.365,1.3807843290738868,1.304,1.3795755273483246,1.304,1.3788749979539507
2024-01-09 07:00:00,Chamoli-Gauge-1,1,1.365,1.331,1.3568699133590927,1.317,1.3708582544135965,1.314,1.3799568636732
2024-01-09 08:00:00,Chamoli-Gauge-1,1,1.331,1.304,1.3271554064376982,1.288,1.3353855622899258,1.312,1.3567971055766734
2024-01-09 09:00:00,Chamoli-Gauge-1,1,1.304,1.317,1.3065889658933514,1.304,1.32296564654353,1.326,1.3388083916987694
2024-01-09 10:00:00,Chamoli-Gauge-1,1,1.317,1.288,1.3107199709982749,1.314,1.3317746609084906,1.316,1.3366084858151779
2024-01-09 11:00:00,Chamoli-Gauge-1,1,1.288,1.304,1.2873534350388904,1.312,1.2865832119975418,1.342,1.3210118230963066
2024-01-09 12:00:00,Chamoli-Gauge-1,1,1.304,1.314,1.3141145134259615,1.326,1.3254968183394618,1.326,1.330150626684391
2024-01-09 13:00:00,Chamoli-Gauge-1,1,1.314,1.312,1.3213390328413481,1.316,1.3277518444894172,1.319,1.3292752694361627
2024-01-09 14:00:00,Chamoli-Gauge-1,1,1.312,1.326,1.3204164231513091,1.342,1.3245210900847784,1.31,1.327970947664512
2024-01-09 15:00:00,Chamoli-Gauge-1,1,1.326,1.316,1.3257169313484476,1.326,1.3131865758151375,1.324,1.3264089856074177
2024-01-09 16:00:00,Chamoli-Gauge-1,1,1.316,1.342,1.3208245328511845,1.319,1.3107477304060018,1.336,1.3275635925400697
2024-01-09 17:00:00,Chamoli-Gauge-1,1,1.342,1.326,1.3369358377377472,1.31,1.321170108174098,1.284,1.3417710297242145
2024-01-09 18:00:00,Chamoli-Gauge-1,1,1.326,1.319,1.32337356139563,1.324,1.3148834346322076,1.291,1.3156575206748822
2024-01-09 19:00:00,Chamoli-Gauge-1,1,1.319,1.31,1.3231448340725314,1.336,1.3276570712558338,1.256,1.3038766917364626
2024-01-09 20:00:00,Chamoli-Gauge-1,1,1.31,1.324,1.3113734688009442,1.284,1.316147482290547,1.25,1.3130452430951405
2024-01-09 21:00:00,Chamoli-Gauge-1,1,1.324,1.336,1.3301343311358544,1.291,1.3167203944490735,1.254,1.3039011403899754
2024-01-09 22:00:00,Chamoli-Gauge-1,1,1.336,1.284,1.3316093043344013,1.256,1.311580029203984,1.257,1.306232781111
2024-01-09 23:00:00,Chamoli-Gauge-1,1,1.284,1.291,1.280297280622397,1.25,1.2727859679304165,1.277,1.29453031908918
2024-01-10 00:00:00,Chamoli-Gauge-1,1,1.291,1.256,1.283127954604341,1.254,1.2951124946161734,1.301,1.3119981361308242
2024-01-10 01:00:00,Chamoli-Gauge-1,1,1.256,1.25,1.256963720684403,1.257,1.2600627576383452,1.296,1.2851216706564381
2024-01-10 02:00:00,Chamoli-Gauge-1,1,1.25,1.254,1.2505360300427724,1.277,1.2539219804709474,1.291,1.2764376620500577
2024-01-10 03:00:00,Chamoli-Gauge-1,1,1.254,1.257,1.2640696125142115,1.301,1.2840762618280102,1.297,1.31836468915945
2024-01-10 04:00:00,Chamoli-Gauge-1,1,1.257,1.277,1.2717206292970291,1.296,1.2915085039224554,1.334,1.348740625916773
2024-01-10 05:00:00,Chamoli-Gauge-1,1,1.277,1.301,1.2896809467994181,1.291,1.2919207576410217,1.39,1.3647245112043214
2024-01-10 06:00:00,Chamoli-Gauge-1,1,1.301,1.296,1.306049143053936,1.297,1.3239933261190737,1.482,1.4461190224315164
2024-01-10 07:00:00,Chamoli-Gauge-1,1,1.296,1.291,1.2986772895931809,1.334,1.3490509205875396,1.511,1.4820671076258634
2024-01-10 08:00:00,Chamoli-Gauge-1,1,1.291,1.297,1.288388937237726,1.39,1.3448397728257315,1.563,1.4781541405505216
2024-01-10 09:00:00,Chamoli-Gauge-1,1,1.297,1.334,1.3104167123774058,1.482,1.35983626861587,1.608,1.4873946574550554
2024-01-10 10:00:00,Chamoli-Gauge-1,1,1.334,1.39,1.3884764033659807,1.511,1.4931333247295713,1.645,1.564071516752583
2024-01-10 11:00:00,Chamoli-Gauge-1,1,1.39,1.482,1.448604124185999,1.563,1.562031785288513,1.64,1.5972615089310906
2024-01-10 12:00:00,Chamoli-Gauge-1,1,1.482,1.511,1.5346975120590196,1.608,1.6193506221624598,1.635,1.648018759586997
2024-01-10 13:00:00,Chamoli-Gauge-1,1,1.511,1.563,1.5428485087598982,1.645,1.556948857164035,1.619,1.5556348359816097
2024-01-10 14:00:00,Chamoli-Gauge-1,1,1.563,1.608,1.5938724831076598,1.64,1.591467438109825,1.625,1.5682018489672187
2024-01-10 15:00:00,Chamoli-Gauge-1,1,1.608,1.645,1.6310130285824265,1.635,1.6174959930360244,1.635,1.6144027245053159
2024-01-10 16:00:00,Chamoli-Gauge-1,1,1.645,1.64,1.6443187702168298,1.619,1.649506323385043,1.66,1.6678325677820856
2024-01-10 17:00:00,Chamoli-Gauge-1,1,1.64,1.635,1.6351592067013005,1.625,1.6420865909633293,1.714,1.720797146915537
2024-01-10 18:00:00,Chamoli-Gauge-1,1,1.635,1.619,1.6339297879419852,1.635,1.651753862102658,1.752,1.7314519708152423
2024-01-10 19:00:00,Chamoli-Gauge-1,1,1.619,1.625,1.6291799331909058,1.66,1.6459701332383292,1.805,1.6727537278785183
2024-01-10 20:00:00,Chamoli-Gauge-1,1,1.625,1.635,1.6322512893295495,1.714,1.6549682117145865,1.832,1.6991183074962426
2024-01-10 21:00:00,Chamoli-Gauge-1,1,1.635,1.66,1.6416077306392336,1.752,1.6691679201021834,1.869,1.7251619172504404
2024-01-10 22:00:00,Chamoli-Gauge-1,1,1.66,1.714,1.7051278185329108,1.805,1.7846387580828755,1.86,1.8389762794083715
2024-01-10 23:00:00,Chamoli-Gauge-1,1,1.714,1.752,1.7634031815473035,1.832,1.8351752466217492,1.884,1.8886684446094333
2024-01-11 00:00:00,Chamoli-Gauge-1,1,1.752,1.805,1.7845689324528524,1.869,1.845091049219422,1.881,1.9019326718462708
2024-01-11 01:00:00,Chamoli-Gauge-1,1,1.805,1.832,1.8230897762106306,1.86,1.8394675140818144,1.871,1.8398044362317783
2024-01-11 02:00:00,Chamoli-Gauge-1,1,1.832,1.869,1.8685850325166826,1.884,1.8718045001349766,1.851,1.835868448140894
2024-01-11 03:00:00,Chamoli-Gauge-1,1,1.869,1.86,1.8781174100571911,1.881,1.883721248895476,1.832,1.8308450611058162
2024-01-11 04:00:00,Chamoli-Gauge-1,1,1.86,1.884,1.8689997758946493,1.871,1.8453049298305184,1.827,1.8232358682137406
2024-01-11 05:00:00,Chamoli-Gauge-1,1,1.884,1.881,1.8880080413156959,1.851,1.868413149235024,1.839,1.8533487972641178
2024-01-11 06:00:00,Chamoli-Gauge-1,1,1.881,1.871,1.8735821075843946,1.832,1.84738455752094,1.82,1.8414111631813554
2024-01-11 07:00:00,Chamoli-Gauge-1,1,1.871,1.851,1.8479250619822212,1.827,1.8291823876976643,1.818,1.8236898141742726
2024-01-11 08:00:00,Chamoli-Gauge-1,1,1.851,1.832,1.83785694476465,1.839,1.827488598541352,1.817,1.8232269916061474
2024-01-11 09:00:00,Chamoli-Gauge-1,1,1.832,1.827,1.819350609797766,1.82,1.8142395280446049,1.819,1.8160572815476876
2024-01-11 10:00:00,Chamoli-Gauge-1,1,1.827,1.839,1.8220561434940545,1.818,1.8067799367690653,1.78,1.790305890262044
2024-01-11 11:00:00,Chamoli-Gauge-1,1,1.839,1.82,1.8367479964910247,1.817,1.820370590515881,1.753,1.762222953884739
2024-01-11 12:00:00,Chamoli-Gauge-1,1,1.82,1.818,1.8227239533208235,1.819,1.8047362395608686,1.717,1.7407872162627556
2024-01-11 13:00:00,Chamoli-Gauge-1,1,1.818,1.817,1.8187011359292007,1.78,1.7942584079510802,1.711,1.7408867591331718
2024-01-11 14:00:00,Chamoli-Gauge-1,1,1.817,1.819,1.8097626153093482,1.753,1.7803517439973575,1.686,1.7374788098355995
2024-01-11 15:00:00,Chamoli-Gauge-1,1,1.819,1.78,1.8106256152260982,1.717,1.78119779767366,1.669,1.7376154926653185
2024-01-11 16:00:00,Chamoli-Gauge-1,1,1.78,1.753,1.7656206030311337,1.711,1.748706179237127,1.639,1.7050997443465137
2024-01-11 17:00:00,Chamoli-Gauge-1,1,1.753,1.717,1.7356864607475382,1.686,1.7215356756470506,1.629,1.7079778104567107
2024-01-11 18:00:00,Chamoli-Gauge-1,1,1.717,1.711,1.7106739228718295,1.669,1.696296205151078,1.603,1.6730833252182864
2024-01-11 19:00:00,Chamoli-Gauge-1,1,1.711,1.686,1.6967189534410139,1.639,1.6843819238295976,1.617,1.6653317481295662
2024-01-11 20:00:00,Chamoli-Gauge-1,1,1.686,1.669,1.6838264039421482,1.629,1.6562382718897974,1.624,1.6466206467070157
2024-01-11 21:00:00,Chamoli-Gauge-1,1,1.669,1.639,1.6547421190259486,1.603,1.6473209525374943,1.624,1.6435765247993015
2024-01-11 22:00:00,Chamoli-Gauge-1,1,1.639,1.629,1.6300690259661688,1.617,1.6176962542235727,1.614,1.6231027390895079
2024-01-11 23:00:00,Chamoli-Gauge-1,1,1.629,1.603,1.6104665490366408,1.624,1.612119363590519,1.605,1.6143738773614908
2024-01-12 00:00:00,Chamoli-Gauge-1,1,1.603,1.617,1.598221166320935,1.624,1.5992057015513665,1.627,1.5936902040603227
2024-01-12 01:00:00,Chamoli-Gauge-1,1,1.617,1.624,1.6170813287809693,1.614,1.609428978795866,1.642,1.6188831684652076
2024-01-12 02:00:00,Chamoli-Gauge-1,1,1.624,1.624,1.6182135252351273,1.605,1.6131132195988525,1.677,1.6455903326437729
2024-01-12 03:00:00,Chamoli-Gauge-1,1,1.624,1.614,1.6178522698041775,1.627,1.615441829727129,1.718,1.6457755396487204
2024-01-12 04:00:00,Chamoli-Gauge-1,1,1.614,1.605,1.6067076830553368,1.642,1.6108353267766502,1.751,1.631300405976627
2024-01-12 05:00:00,Chamoli-Gauge-1,1,1.605,1.627,1.6298990924628665,1.677,1.6957225154117892,1.77,1.739158356146168
2024-01-12 06:00:00,Chamoli-Gauge-1,1,1.627,1.642,1.6487962575030413,1.718,1.7100723064277534,1.751,1.7337865898676275
2024-01-12 07:00:00,Chamoli-Gauge-1,1,1.642,1.677,1.6638487131496131,1.751,1.733290380726534,1.731,1.7404106059909081
2024-01-12 08:00:00,Chamoli-Gauge-1,1,1.677,1.718,1.7027451490308427,1.77,1.6930520205732575,1.745,1.678377946678073
2024-01-12 09:00:00,Chamoli-Gauge-1,1,1.718,1.751,1.7257999384951217,1.751,1.7187427974149896,1.741,1.6997164324648455
2024-01-12 10:00:00,Chamoli-Gauge-1,1,1.751,1.77,1.7540852522381252,1.731,1.7372322627970604,1.728,1.746335735873164
2024-01-12 11:00:00,Chamoli-Gauge-1,1,1.77,1.751,1.7654328233983427,1.745,1.7536906375193462,1.761,1.7425718855220873
2024-01-12 12:00:00,Chamoli-Gauge-1,1,1.751,1.731,1.7390088704649367,1.741,1.737165427834533,1.767,1.7400436125922647
2024-01-12 13:00:00,Chamoli-Gauge-1,1,1.731,1.745,1.730165482621998,1.728,1.7330130071841159,1.757,1.7305709685110113
2024-01-12 14:00:00,Chamoli-Gauge-1,1,1.745,1.741,1.7426473750257858,1.761,1.742226732903895,1.737,1.736386536554979
2024-01-12 15:00:00,Chamoli-Gauge-1,1,1.741,1.728,1.7314707092610557,1.767,1.7409309656752876,1.758,1.733720164666591
2024-01-12 16:00:00,Chamoli-Gauge-1,1,1.728,1.761,1.7313628707143598,1.757,1.731434830099079,1.756,1.7280909952252859
2024-01-12 17:00:00,Chamoli-Gauge-1,1,1.761,1.767,1.761705925186857,1.737,1.7446885738868403,1.748,1.7457058322416539
2024-01-12 18:00:00,Chamoli-Gauge-1,1,1.767,1.757,1.7623795746826694,1.758,1.7540401130199683,1.752,1.7409373113178408
2024-01-12 19:00:00,Chamoli-Gauge-1,1,1.757,1.737,1.746174716810039,1.756,1.7462626069092224,1.761,1.7413726947225776
2024-01-12 20:00:00,Chamoli-Gauge-1,1,1.737,1.758,1.7329973635122766,1.748,1.7300796010876494,1.762,1.7258979615942915
2024-01-12 21:00:00,Chamoli-Gauge-1,1,1.758,1.756,1.752374769759146,1.752,1.7450494181014164,1.77,1.7406631223961675
2024-01-12 22:00:00,Chamoli-Gauge-1,1,1.756,1.748,1.7459432141428386,1.761,1.7462633567486454,1.768,1.7402856801338358
2024-01-12 23:00:00,Chamoli-Gauge-1,1,1.748,1.752,1.7453805220553353,1.762,1.7398141778609069,1.769,1.7347685671912216
2024-01-13 00:00:00,Chamoli-Gauge-1,1,1.752,1.761,1.74818550995101,1.77,1.7431755646059528,1.744,1.7367025418022275
2024-01-13 01:00:00,Chamoli-Gauge-1,1,1.761,1.762,1.7615284646729124,1.768,1.7503104648791046,1.77,1.7395461430469195
2024-01-13 02:00:00,Chamoli-Gauge-1,1,1.762,1.77,1.764121084858098,1.769,1.7526650929676484,1.735,1.7399705956543832
2024-01-13 03:00:00,Chamoli-Gauge-1,1,1.77,1.768,1.7680741174461259,1.744,1.7535773494391231,1.731,1.738589901830441
2024-01-13 04:00:00,Chamoli-Gauge-1,1,1.768,1.769,1.7664733633193217,1.77,1.7562628552303792,1.694,1.734795883392571
2024-01-13 05:00:00,Chamoli-Gauge-1,1,1.769,1.744,1.7547136122457216,1.735,1.7522080858815015,1.683,1.7183810810923996
2024-01-13 06:00:00,Chamoli-Gauge-1,1,1.744,1.77,1.7397923385705276,1.731,1.7218652042190379,1.663,1.7032836856150122
2024-01-13 07:00:00,Chamoli-Gauge-1,1,1.77,1.735,1.7535119424499057,1.694,1.7446127728831162,1.657,1.716279677227211
2024-01-13 08:00:00,Chamoli-Gauge-1,1,1.735,1.731,1.726071522088001,1.683,1.7108762404907405,1.656,1.6953601848692808
2024-01-13 09:00:00,Chamoli-Gauge-1,1,1.731,1.694,1.7195860834647076,1.663,1.7116200340283008,1.628,1.6968594250161289
2024-01-13 10:00:00,Chamoli-Gauge-1,1,1.694,1.683,1.693803741019977,1.657,1.6950836304920516,1.62,1.685510819324817
2024-01-13 11:00:00,Chamoli-Gauge-1,1,1.683,1.663,1.6790947489775172,1.656,1.6821681040151673,1.64,1.6688245336568817
2024-01-13 12:00:00,Chamoli-Gauge-1,1,1.663,1.657,1.656592407094011,1.628,1.6619690425491744,1.605,1.6612042167139867
2024-01-13 13:00:00,Chamoli-Gauge-1,1,1.657,1.656,1.653373991234461,1.62,1.6533327952317207,1.581,1.6503781175002217
2024-01-13 14:00:00,Chamoli-Gauge-1,1,1.656,1.628,1.6488855388023602,1.64,1.6554363962816212,1.591,1.6424216312400504
2024-01-13 15:00:00,Chamoli-Gauge-1,1,1.628,1.62,1.6183308776058982,1.605,1.6043724011785654,1.585,1.5952184066603832
2024-01-13 16:00:00,Chamoli-Gauge-1,1,1.62,1.64,1.6198653405996903,1.581,1.6003508892127933,1.581,1.5813178120286335
2024-01-13 17:00:00,Chamoli-Gauge-1,1,1.64,1.605,1.6266239400206435,1.591,1.6132078819559355,1.594,1.608876837576817
2024-01-13 18:00:00,Chamoli-Gauge-1,1,1.605,1.581,1.5951067599862516,1.585,1.5931253884301657,1.571,1.5741936051439462
2024-01-13 19:00:00,Chamoli-Gauge-1,1,1.581,1.591,1.5792822374691238,1.581,1.5690559812951899,1.566,1.568592070119377
2024-01-13 20:00:00,Chamoli-Gauge-1,1,1.591,1.585,1.5843182419632162,1.594,1.5773625689629769,1.558,1.571429151548153
2024-01-13 21:00:00,Chamoli-Gauge-1,1,1.585,1.581,1.5790752317195,1.571,1.5691160648618612,1.557,1.5654330401258514
2024-01-13 22:00:00,Chamoli-Gauge-1,1,1.581,1.594,1.5780743140078108,1.566,1.567022359716297,1.589,1.5727508433065458
2024-01-13 23:00:00,Chamoli-Gauge-1,1,1.594,1.571,1.5836496064648657,1.558,1.5766951434955037,1.559,1.5768494383774798
2024-01-14 00:00:00,Chamoli-Gauge-1,1,1.571,1.566,1.561033666600278,1.557,1.556255791716113,1.539,1.5474221129237662
2024-01-14 01:00:00,Chamoli-Gauge-1,1,1.566,1.558,1.5574623912050924,1.589,1.5490890842023275,1.506,1.5165379520822497
2024-01-14 02:00:00,Chamoli-Gauge-1,1,1.558,1.557,1.5574871915302568,1.559,1.5376558309477242,1.529,1.5156280962275797
2024-01-14 03:00:00,Chamoli-Gauge-1,1,1.557,1.589,1.5602338389996249,1.539,1.5379560331181275,1.511,1.5141967183595308
2024-01-14 04:00:00,Chamoli-Gauge-1,1,1.589,1.559,1.5861957599106498,1.506,1.5709565739203115,1.5,1.558743038392529
2024-01-14 05:00:00,Chamoli-Gauge-1,1,1.559,1.539,1.5500374528886658,1.529,1.5364932106118718,1.462,1.5129362520627898
2024-01-14 06:00:00,Chamoli-Gauge-1,1,1.539,1.506,1.5235407936235603,1.511,1.5142817980742793,1.453,1.5080754394044027
2024-01-14 07:00:00,Chamoli-Gauge-1,1,1.506,1.529,1.505246687510689,1.5,1.4974189800362665,1.467,1.4995093929565937
2024-01-14 08:00:00,Chamoli-Gauge-1,1,1.529,1.511,1.5146507712327186,1.462,1.502639705716188,1.467,1.4989403653294555
2024-01-14 09:00:00,Chamoli-Gauge-1,1,1.511,1.5,1.5082130340189484,1.453,1.4985084142639604,1.461,1.4946646714081708
2024-01-14 10:00:00,Chamoli-Gauge-1,1,1.5,1.462,1.4931147269889662,1.467,1.4951213639491947,1.425,1.484011071387287
2024-01-14 11:00:00,Chamoli-Gauge-1,1,1.462,1.453,1.4689211919415723,1.467,1.4733529157806606,1.415,1.463647111528435
2024-01-14 12:00:00,Chamoli-Gauge-1,1,1.453,1.467,1.4525945501087598,1.461,1.4475131629029734,1.415,1.4304649789028305
2024-01-14 13:00:00,Chamoli-Gauge-1,1,1.467,1.467,1.4685264144276269,1.425,1.4502719935273316,1.392,1.4441784719561568
2024-01-14 14:00:00,Chamoli-Gauge-1,1,1.467,1.461,1.4609271534299773,1.415,1.4457189655592149,1.402,1.4443593639946435
2024-01-14 15:00:00,Chamoli-Gauge-1,1,1.461,1.425,1.4570080555923577,1.415,1.4454515059955244,1.417,1.4418237469631712
2024-01-14 16:00:00,Chamoli-Gauge-1,1,1.425,1.415,1.417290907386737,1.392,1.4152236925085409,1.403,1.4244452633948892
2024-01-14 17:00:00,Chamoli-Gauge-1,1,1.415,1.415,1.4065038586455643,1.402,1.4090291797916523,1.414,1.425207241924428
2024-01-14 18:00:00,Chamoli-Gauge-1,1,1.415,1.392,1.4058757335368943,1.417,1.4098779087582753,1.408,1.4272578542558567
2024-01-14 19:00:00,Chamoli-Gauge-1,1,1.392,1.402,1.3858868560936473,1.403,1.4029716491246913,1.428,1.4457849108848029
2024-01-14 20:00:00,Chamoli-Gauge-1,1,1.402,1.417,1.4002238799945106,1.414,1.4047049221959786,1.465,1.446997303167399
2024-01-14 21:00:00,Chamoli-Gauge-1,1,1.417,1.403,1.4055832916181263,1.408,1.4075977956035963,1.438,1.4313011251623904
2024-01-14 22:00:00,Chamoli-Gauge-1,1,1.403,1.414,1.4007209576603608,1.428,1.4083316043430247,1.449,1.4576192260628396
2024-01-14 23:00:00,Chamoli-Gauge-1,1,1.414,1.408,1.4060506059465894,1.465,1.4110936078446947,1.471,1.4415159428038644
2024-01-15 00:00:00,Chamoli-Gauge-1,1,1.408,1.428,1.4051750885320746,1.438,1.4092034138954836,1.446,1.4661696175506966
2024-01-15 01:00:00,Chamoli-Gauge-1,1,1.428,1.465,1.4334312966031226,1.449,1.438366916552632,1.431,1.4323153549866663
2024-01-15 02:00:00,Chamoli-Gauge-1,1,1.465,1.438,1.4555096941160945,1.471,1.4573202919790438,1.415,1.452410749572496
2024-01-15 03:00:00,Chamoli-Gauge-1,1,1.438,1.449,1.4346942925777002,1.446,1.436635579821078,1.409,1.4245448468204114
2024-01-15 04:00:00,Chamoli-Gauge-1,1,1.449,1.471,1.4479204079921748,1.431,1.442106046231809,1.398,1.4392867986042186
2024-01-15 05:00:00,Chamoli-Gauge-1,1,1.471,1.446,1.455434968929524,1.415,1.446482643219299,1.391,1.4426352987902893
2024-01-15 06:00:00,Chamoli-Gauge-1,1,1.446,1.431,1.439617323183158,1.409,1.439084158366068,1.405,1.4333353617958584
2024-01-15 07:00:00,Chamoli-Gauge-1,1,1.431,1.415,1.4283732625560692,1.398,1.4268330389464248,1.364,1.4195317205556903
2024-01-15 08:00:00,Chamoli-Gauge-1,1,1.415,1.409,1.409118494038257,1.391,1.4079226558349416,1.343,1.3969144961399065
2024-01-15 09:00:00,Chamoli-Gauge-1,1,1.409,1.398,1.4022901528423193,1.405,1.3870478762616871,1.355,1.3767571272779393
2024-01-15 10:00:00,Chamoli-Gauge-1,1,1.398,1.391,1.3943923756060879,1.364,1.3794362372225328,1.365,1.3769273178158115
2024-01-15 11:00:00,Chamoli-Gauge-1,1,1.391,1.405,1.3908938630774326,1.343,1.3741555866502482,1.347,1.376934273776646
2024-01-15 12:00:00,Chamoli-Gauge-1,1,1.405,1.364,1.3964036376707214,1.355,1.3818668702215513,1.363,1.3783985187226695
2024-01-15 13:00:00,Chamoli-Gauge-1,1,1.364,1.343,1.3559270907913332,1.365,1.3735147901850804,1.393,1.3835501709812177
2024-01-15 14:00:00,Chamoli-Gauge-1,1,1.343,1.355,1.3417150546046697,1.347,1.3437632072429957,1.395,1.3633058285370414
2024-01-15 15:00:00,Chamoli-Gauge-1,1,1.355,1.365,1.353930867226855,1.363,1.3579958069528906,1.378,1.3712108595258563
2024-01-15 16:00:00,Chamoli-Gauge-1,1,1.365,1.347,1.3569950339236139,1.393,1.3736643845643235,1.398,1.3808471868508247
2024-01-15 17:00:00,Chamoli-Gauge-1,1,1.347,1.363,1.3474772790658456,1.395,1.3471684625218878,1.43,1.3731005265648308
2024-01-15 18:00:00,Chamoli-Gauge-1,1,1.363,1.393,1.3714683887001407,1.378,1.3856838017529214,1.408,1.402404434564904
2024-01-15 19:00:00,Chamoli-Gauge-1,1,1.393,1.395,1.3969943629438477,1.398,1.4067153420460283,1.406,1.4026170448646456
2024-01-15 20:00:00,Chamoli-Gauge-1,1,1.395,1.378,1.3943445714694713,1.43,1.3909883311624744,1.424,1.3980094421642162
2024-01-15 21:00:00,Chamoli-Gauge-1,1,1.378,1.398,1.3776191059522316,1.408,1.3808540148438777,1.427,1.39812515547739
2024-01-15 22:00:00,Chamoli-Gauge-1,1,1.398,1.43,1.402851706353656,1.406,1.3897728703842605,1.392,1.3958250275479815
2024-01-15 23:00:00,Chamoli-Gauge-1,1,1.43,1.408,1.4171334782837242,1.424,1.4193206241954475,1.402,1.4205868202031589
2024-01-16 00:00:00,Chamoli-Gauge-1,1,1.408,1.406,1.4049666795543458,1.427,1.393042626202102,1.384,1.3997445238911468
2024-01-16 01:00:00,Chamoli-Gauge-1,1,1.406,1.424,1.4042704798721346,1.392,1.3916803093745966,1.36,1.396294099852846
2024-01-16 02:00:00,Chamoli-Gauge-1,1,1.424,1.427,1.4190740817569922,1.402,1.4056462942414962,1.328,1.403142448375018
2024-01-16 03:00:00,Chamoli-Gauge-1,1,1.427,1.392,1.4163161928793353,1.384,1.427561037761438,1.351,1.4580037894958198
2024-01-16 04:00:00,Chamoli-Gauge-1,1,1.392,1.402,1.3924165807644784,1.36,1.3910531106470132,1.333,1.4103050399367896
2024-01-16 05:00:00,Chamoli-Gauge-1,1,1.402,1.384,1.4024601525640132,1.328,1.4043865907159825,1.339,1.432775593569994
2024-01-16 06:00:00,Chamoli-Gauge-1,1,1.384,1.36,1.379521598973029,1.351,1.3807861475771055,1.349,1.3769387616218522
2024-01-16 07:00:00,Chamoli-Gauge-1,1,1.36,1.328,1.351961581866683,1.333,1.3676556878581476,1.351,1.369638874135306
2024-01-16 08:00:00,Chamoli-Gauge-1,1,1.328,1.351,1.3316913801185182,1.339,1.3411509912849822,1.355,1.359910500504447
2024-01-16 09:00:00,Chamoli-Gauge-1,1,1.351,1.333,1.3498812403685714,1.349,1.3540705151552328,1.361,1.3546388791181054
2024-01-16 10:00:00,Chamoli-Gauge-1,1,1.333,1.339,1.3355341701653671,1.351,1.3423971162199786,1.362,1.3407676249529346
2024-01-16 11:00:00,Chamoli-Gauge-1,1,1.339,1.349,1.3402333233751687,1.355,1.3387868015814939,1.345,1.3378033309081518
2024-01-16 12:00:00,Chamoli-Gauge-1,1,1.349,1.351,1.3437399796553833,1.361,1.3429445870278147,1.327,1.3431887018359003
2024-01-16 13:00:00,Chamoli-Gauge-1,1,1.351,1.355,1.3517415777926927,1.362,1.3515423131618187,1.324,1.3462759825356811
2024-01-16 14:00:00,Chamoli-Gauge-1,1,1.355,1.361,1.3543550248727942,1.345,1.3483090507077797,1.321,1.3536808431807685
2024-01-16 15:00:00,Chamoli-Gauge-1,1,1.361,1.362,1.3560538421917034,1.327,1.361676605210233,1.329,1.366189786286145
2024-01-16 16:00:00,Chamoli-Gauge-1,1,1.362,1.345,1.3556628910238178,1.324,1.3608516440585108,1.35,1.3709164202875639
2024-01-16 17:00:00,Chamoli-Gauge-1,1,1.345,1.327,1.338908741501745,1.321,1.342666223688962,1.355,1.3457286771494805
2024-01-16 18:00:00,Chamoli-Gauge-1,1,1.327,1.324,1.3258202697099624,1.329,1.3393316979629726,1.337,1.3248513055519686
2024-01-16 19:00:00,Chamoli-Gauge-1,1,1.324,1.321,1.3227056030510915,1.35,1.3400976625146725,1.293,1.3208019093567824
2024-01-16 20:00:00,Chamoli-Gauge-1,1,1.321,1.329,1.3239646765311905,1.355,1.337150907029944,1.278,1.3181833048300293
2024-01-16 21:00:00,Chamoli-Gauge-1,1,1.329,1.35,1.3348311770138592,1.337,1.335872261659879,1.252,1.3134356282926094
2024-01-16 22:00:00,Chamoli-Gauge-1,1,1.35,1.355,1.3534384281669716,1.293,1.3445516770493928,1.24,1.336541693847629
2024-01-16 23:00:00,Chamoli-Gauge-1,1,1.355,1.337,1.3539847489930004,1.278,1.3457848028033907,1.248,1.351621884210746
2024-01-17 00:00:00,Chamoli-Gauge-1,1,1.337,1.293,1.33096524833252,1.252,1.321764657232552,1.253,1.3181157153213119
2024-01-17 01:00:00,Chamoli-Gauge-1,1,1.293,1.278,1.289086144380326,1.24,1.3080201440307795,1.293,1.3248886121006083
2024-01-17 02:00:00,Chamoli-Gauge-1,1,1.278,1.252,1.271218227841314,1.248,1.2709610520308545,1.305,1.3201557397233497
2024-01-17 03:00:00,Chamoli-Gauge-1,1,1.252,1.24,1.2585374403580585,1.253,1.2553755536489253,1.344,1.3119560754695903
2024-01-17 04:00:00,Chamoli-Gauge-1,1,1.24,1.248,1.241409055368693,1.293,1.2591156502415468,1.385,1.3596866027040901
2024-01-17 05:00:00,Chamoli-Gauge-1,1,1.248,1.253,1.252331100910276,1.305,1.2840811221852604,1.431,1.3780055402480553
2024-01-17 06:00:00,Chamoli-Gauge-1,1,1.253,1.293,1.2642175829935642,1.344,1.2913017982151052,1.446,1.3793936548705574
2024-01-17 07:00:00,Chamoli-Gauge-1,1,1.293,1.305,1.295387364381565,1.385,1.3407051314538718,1.447,1.4042945181979
2024-01-17 08:00:00,Chamoli-Gauge-1,1,1.305,1.344,1.3126422779515918,1.431,1.347707176275321,1.461,1.4017158905986145
2024-01-17 09:00:00,Chamoli-Gauge-1,1,1.344,1.385,1.3501741827727052,1.446,1.3679001982635102,1.482,1.4026399167799233
2024-01-17 10:00:00,Chamoli-Gauge-1,1,1.385,1.431,1.4096579127042275,1.447,1.4488296080184186,1.464,1.4730320661759257
2024-01-17 11:00:00,Chamoli-Gauge-1,1,1.431,1.446,1.4469609443158373,1.461,1.4802827859019632,1.44,1.475491947082457
2024-01-17 12:00:00,Chamoli-Gauge-1,1,1.446,1.447,1.4620278561072528,1.482,1.5104584825793708,1.446,1.4922889412373699
2024-01-17 13:00:00,Chamoli-Gauge-1,1,1.447,1.461,1.4545381907531276,1.464,1.4484759754551229,1.422,1.4433036979736902
2024-01-17 14:00:00,Chamoli-Gauge-1,1,1.461,1.482,1.4759699967177704,1.44,1.4538385190064558,1.389,1.4445969325377908
2024-01-17 15:00:00,Chamoli-Gauge-1,1,1.482,1.464,1.4739574743529933,1.446,1.4577631652986764,1.365,1.443385781635512
2024-01-17 16:00:00,Chamoli-Gauge-1,1,1.464,1.44,1.4584193799244771,1.422,1.4486902424498673,1.359,1.4451100585511083
2024-01-17 17:00:00,Chamoli-Gauge-1,1,1.44,1.446,1.4355377072346263,1.389,1.4154813328969635,1.338,1.416894230503325
2024-01-17 18:00:00,Chamoli-Gauge-1,1,1.446,1.422,1.4412380248018846,1.365,1.4307181386428245,1.332,1.4238875014771966
2024-01-17 19:00:00,Chamoli-Gauge-1,1,1.422,1.389,1.4090571526268265,1.359,1.4002219553844495,1.343,1.407675137286726
2024-01-17 20:00:00,Chamoli-Gauge-1,1,1.389,1.365,1.3812732188718715,1.338,1.3894454347927778,1.353,1.396999665726709
2024-01-17 21:00:00,Chamoli-Gauge-1,1,1.365,1.359,1.360920124817446,1.332,1.377623123771199,1.339,1.399886060192272
2024-01-17 22:00:00,Chamoli-Gauge-1,1,1.359,1.338,1.352148704059308,1.343,1.365294935815313,1.311,1.3952523100501397
2024-01-17 23:00:00,Chamoli-Gauge-1,1,1.338,1.332,1.335850795283116,1.353,1.3437800673413305,1.299,1.4450313395479981
2024-01-18 00:00:00,Chamoli-Gauge-1,1,1.332,1.343,1.3322282342388936,1.339,1.3410082772434013,1.358,1.4501163118738742
2024-01-18 01:00:00,Chamoli-Gauge-1,1,1.343,1.353,1.3368559224859733,1.311,1.3420592099926043,1.42,1.4534707896473693
2024-01-18 02:00:00,Chamoli-Gauge-1,1,1.353,1.339,1.3498559958668344,1.299,1.3461441479547074,1.47,1.426005976698331
2024-01-18 03:00:00,Chamoli-Gauge-1,1,1.339,1.311,1.3321948039493903,1.358,1.3497253700753806,1.535,1.469052199015432
2024-01-18 04:00:00,Chamoli-Gauge-1,1,1.311,1.299,1.3117862739170714,1.42,1.358200914949529,1.608,1.4825903536220888
2024-01-18 05:00:00,Chamoli-Gauge-1,1,1.299,1.358,1.3107220936146031,1.47,1.3634116443311766,1.637,1.4867471254203417
2024-01-18 06:00:00,Chamoli-Gauge-1,1,1.358,1.42,1.3987293884573306,1.535,1.5181209630247632,1.662,1.5760214936917003
2024-01-18 07:00:00,Chamoli-Gauge-1,1,1.42,1.47,1.4576360119137104,1.608,1.5603232438558174,1.651,1.5954015225979796
2024-01-18 08:00:00,Chamoli-Gauge-1,1,1.47,1.535,1.5234452758135106,1.637,1.6128729480732047,1.71,1.645270255941949
2024-01-18 09:00:00,Chamoli-Gauge-1,1,1.535,1.608,1.5722954768126363,1.662,1.5940366524673977,1.761,1.5992121652078837
2024-01-18 10:00:00,Chamoli-Gauge-1,1,1.608,1.637,1.6316370128353774,1.651,1.6249076423560722,1.757,1.651647886636355
2024-01-18 11:00:00,Chamoli-Gauge-1,1,1.637,1.662,1.6553034792295056,1.71,1.6588223958034802,1.77,1.6967634038175037
2024-01-18 12:00:00,Chamoli-Gauge-1,1,1.662,1.651,1.6662537627179503,1.761,1.7094220072085924,1.778,1.7176369616831721
2024-01-18 13:00:00,Chamoli-Gauge-1,1,1.651,1.71,1.6692440644916327,1.757,1.693268233262973,1.775,1.705401041584237
2024-01-18 14:00:00,Chamoli-Gauge-1,1,1.71,1.761,1.7541314559539252,1.77,1.8098381884946906,1.784,1.8566384044265989
2024-01-18 15:00:00,Chamoli-Gauge-1,1,1.761,1.757,1.7902397124282383,1.778,1.8347415349258442,1.817,1.8746471114234347
2024-01-18 16:00:00,Chamoli-Gauge-1,1,1.757,1.77,1.7765336168065138,1.775,1.830979750529685,1.801,1.8632532965034763
2024-01-18 17:00:00,Chamoli-Gauge-1,1,1.77,1.778,1.7860038126527562,1.784,1.7924505685658274,1.81,1.8124022442550043
2024-01-18 18:00:00,Chamoli-Gauge-1,1,1.778,1.775,1.787133607872633,1.817,1.802891591300461,1.83,1.8200447768230021
2024-01-18 19:00:00,Chamoli-Gauge-1,1,1.775,1.784,1.7836748431895575,1.801,1.8013534766012982,1.824,1.8149146706541441
2024-01-18 20:00:00,Chamoli-Gauge-1,1,1.784,1.817,1.7836601449497462,1.81,1.7845743465384833,1.813,1.7803012758012047
2024-01-18 21:00:00,Chamoli-Gauge-1,1,1.817,1.801,1.814291199135831,1.83,1.8232973803019543,1.799,1.8011994750775056
2024-01-18 22:00:00,Chamoli-Gauge-1,1,1.801,1.81,1.802298590980778,1.824,1.8087302095665287,1.8,1.7932445595266988
2024-01-18 23:00:00,Chamoli-Gauge-1,1,1.81,1.83,1.8153325940725942,1.813,1.8085866183154031,1.806,1.7937194030277481
2024-01-19 00:00:00,Chamoli-Gauge-1,1,1.83,1.824,1.8262550168218434,1.799,1.810491053877153,1.805,1.8011354928922618
2024-01-19 01:00:00,Chamoli-Gauge-1,1,1.824,1.813,1.8219888026887547,1.8,1.8080322538617621,1.802,1.7974760846310052
2024-01-19 02:00:00,Chamoli-Gauge-1,1,1.813,1.799,1.8016030184551783,1.806,1.8031296500796055,1.79,1.7809028720445352
2024-01-19 03:00:00,Chamoli-Gauge-1,1,1.799,1.8,1.7975308405983133,1.805,1.7942790506185444,1.747,1.7595514239545955
2024-01-19 04:00:00,Chamoli-Gauge-1,1,1.8,1.806,1.7999400372581356,1.802,1.7964973438220981,1.755,1.759330936858369
2024-01-19 05:00:00,Chamoli-Gauge-1,1,1.806,1.805,1.8018747744623294,1.79,1.7937122686278457,1.723,1.7661221841622532
2024-01-19 06:00:00,Chamoli-Gauge-1,1,1.805,1.802,1.7982719443294988,1.747,1.7732217998157505,1.73,1.7515832301272718
2024-01-19 07:00:00,Chamoli-Gauge-1,1,1.802,1.79,1.792790190678058,1.755,1.7684642464888256,1.746,1.7500940859123995
2024-01-19 08:00:00,Chamoli-Gauge-1,1,1.79,1.747,1.7581445632642858,1.723,1.7534913191337895,1.723,1.740591072192136
2024-01-19 09:00:00,Chamoli-Gauge-1,1,1.747,1.755,1.737025609825544,1.73,1.7244362100369621,1.719,1.728246301770149
2024-01-19 10:00:00,Chamoli-Gauge-1,1,1.755,1.723,1.7359890851717756,1.746,1.736188254250682,1.77,1.737978833938818
2024-01-19 11:00:00,Chamoli-Gauge-1,1,1.723,1.73,1.73346832231493,1.723,1.7323560155419058,1.771,1.7463750196676553
2024-01-19 12:00:00,Chamoli-Gauge-1,1,1.73,1.746,1.7382711295147986,1.719,1.7321238518310411,1.749,1.7423050405889229
2024-01-19 13:00:00,Chamoli-Gauge-1,1,1.746,1.723,1.7484870671247847,1.77,1.7511501990911547,1.763,1.7537129053316958
2024-01-19 14:00:00,Chamoli-Gauge-1,1,1.723,1.719,1.7387881846744981,1.771,1.7449962688453187,1.744,1.7235153651132964
2024-01-19 15:00:00,Chamoli-Gauge-1,1,1.719,1.77,1.7552250769039577,1.749,1.7400537956313364,1.696,1.7316659460777888
2024-01-19 16:00:00,Chamoli-Gauge-1,1,1.77,1.771,1.771269802907828,1.763,1.7616057408776193,1.703,1.729444912110712
2024-01-19 17:00:00,Chamoli-Gauge-1,1,1.771,1.749,1.7677525435170738,1.744,1.7661925627801822,1.681,1.7307979793649204
2024-01-19 18:00:00,Chamoli-Gauge-1,1,1.749,1.763,1.7423730363317418,1.696,1.7209150360872056,1.685,1.7112303843928791
2024-01-19 19:00:00,Chamoli-Gauge-1,1,1.763,1.744,1.7629346049046672,1.703,1.7420144079697584,1.665,1.7160344245955852
2024-01-19 20:00:00,Chamoli-Gauge-1,1,1.744,1.696,1.7264676344067276,1.681,1.715808699966602,1.677,1.7073256815850946
2024-01-19 21:00:00,Chamoli-Gauge-1,1,1.696,1.703,1.6966758477442574,1.685,1.6757267175312371,1.677,1.6531904452826813
2024-01-19 22:00:00,Chamoli-Gauge-1,1,1.703,1.681,1.6974997560718659,1.665,1.704011293853764,1.618,1.6628061901564817
2024-01-19 23:00:00,Chamoli-Gauge-1,1,1.681,1.685,1.6812920098231199,1.677,1.6721672295558438,1.619,1.6519431275399654
2024-01-20 00:00:00,Chamoli-Gauge-1,1,1.685,1.665,1.682345239972795,1.677,1.6720784130458393,1.607,1.6515007229299452
2024-01-20 01:00:00,Chamoli-Gauge-1,1,1.665,1.677,1.6584447570248908,1.618,1.6420656032650964,1.629,1.645710674528357
2024-01-20 02:00:00,Chamoli-Gauge-1,1,1.677,1.677,1.665835703885783,1.619,1.6589317520473843,1.631,1.6479676046891047
2024-01-20 03:00:00,Chamoli-Gauge-1,1,1.677,1.618,1.6630387618273887,1.607,1.6600797949171602,1.639,1.6496736249821746
2024-01-20 04:00:00,Chamoli-Gauge-1,1,1.618,1.619,1.6145429376518443,1.629,1.6084488792571885,1.619,1.5998010515990861
2024-01-20 05:00:00,Chamoli-Gauge-1,1,1.619,1.607,1.6153179376421598,1.631,1.6071433325962399,1.598,1.5952886584989063
2024-01-20 06:00:00,Chamoli-Gauge-1,1,1.607,1.629,1.6014875114745675,1.639,1.6026356583617163,1.593,1.5853471476677872
2024-01-20 07:00:00,Chamoli-Gauge-1,1,1.629,1.631,1.6216485975439712,1.619,1.609488665872937,1.582,1.607572865161576
2024-01-20 08:00:00,Chamoli-Gauge-1,1,1.631,1.639,1.6237085424989948,1.598,1.6104509623659475,1.605,1.6087262265130582
2024-01-20 09:00:00,Chamoli-Gauge-1,1,1.639,1.619,1.6318280335438324,1.593,1.6150657266573476,1.601,1.6147048886672362
2024-01-20 10:00:00,Chamoli-Gauge-1,1,1.619,1.598,1.6081327514087769,1.582,1.6042571973534896,1.573,1.59274728762822
2024-01-20 11:00:00,Chamoli-Gauge-1,1,1.598,1.593,1.5913525600550542,1.605,1.5871931029452777,1.553,1.567694837642328
2024-01-20 12:00:00,Chamoli-Gauge-1,1,1.593,1.582,1.5906722933235464,1.601,1.5832100490545875,1.571,1.559283215855418
2024-01-20 13:00:00,Chamoli-Gauge-1,1,1.582,1.605,1.5846467301262213,1.573,1.562998087516472,1.564,1.552531240254372
2024-01-20 14:00:00,Chamoli-Gauge-1,1,1.605,1.601,1.5991616993571431,1.553,1.5848446085909518,1.556,1.5737787906449865
2024-01-20 15:00:00,Chamoli-Gauge-1,1,1.601,1.573,1.5910873312408749,1.571,1.580841761583281,1.572,1.5700835500946617
2024-01-20 16:00:00,Chamoli-Gauge-1,1,1.573,1.553,1.5614388013439355,1.564,1.5483754418575637,1.547,1.5299349048831978
2024-01-20 17:00:00,Chamoli-Gauge-1,1,1.553,1.571,1.5487148878004755,1.556,1.5345437925527892,1.496,1.5155411051980405
2024-01-20 18:00:00,Chamoli-Gauge-1,1,1.571,1.564,1.5645815195027093,1.572,1.5440391765035903,1.474,1.5125417466176565
2024-01-20 19:00:00,Chamoli-Gauge-1,1,1.564,1.556,1.556075690071693,1.547,1.544303786812243,1.475,1.5115633967237918
2024-01-20 20:00:00,Chamoli-Gauge-1,1,1.556,1.572,1.5606977671715216,1.496,1.5309434710559742,1.466,1.5152474247049912
2024-01-20 21:00:00,Chamoli-Gauge-1,1,1.572,1.547,1.5664486282464376,1.474,1.5429888252367336,1.431,1.5174252675227669
2024-01-20 22:00:00,Chamoli-Gauge-1,1,1.547,1.496,1.533336951005008,1.475,1.5288131497941806,1.448,1.5129069174100465
2024-01-20 23:00:00,Chamoli-Gauge-1,1,1.496,1.474,1.4922160582476423,1.466,1.4963999477073588,1.448,1.4955335924807625
2024-01-21 00:00:00,Chamoli-Gauge-1,1,1.474,1.475,1.4696041496133494,1.431,1.4680996965345552,1.453,1.4656519938442376
2024-01-21 01:00:00,Chamoli-Gauge-1,1,1.475,1.466,1.4678435713193674,1.448,1.4634103701096495,1.458,1.4586416821259804
2024-01-21 02:00:00,Chamoli-Gauge-1,1,1.466,1.431,1.4653195782349566,1.448,1.4514507002517454,1.428,1.4440283917270402
2024-01-21 03:00:00,Chamoli-Gauge-1,1,1.431,1.448,1.4274471316246538,1.453,1.4275709549814677,1.43,1.4277294997737506
2024-01-21 04:00:00,Chamoli-Gauge-1,1,1.448,1.448,1.4449640201027354,1.458,1.4474384828741202,1.445,1.4388454613016046
2024-01-21 05:00:00,Chamoli-Gauge-1,1,1.448,1.453,1.4458824110972233,1.428,1.4407515366030217,1.463,1.4410026938577698
2024-01-21 06:00:00,Chamoli-Gauge-1,1,1.453,1.458,1.4472327747953933,1.43,1.4397852530524389,1.473,1.4403530782207088
2024-01-21 07:00:00,Chamoli-Gauge-1,1,1.458,1.428,1.4460546680211996,1.445,1.4427589797328553,1.478,1.4469650442389033
2024-01-21 08:00:00,Chamoli-Gauge-1,1,1.428,1.43,1.426377421382686,1.463,1.4265674486980842,1.438,1.4274951638729803
2024-01-21 09:00:00,Chamoli-Gauge-1,1,1.43,1.445,1.4249489696589968,1.473,1.4249960762769391,1.433,1.4249158334203043
2024-01-21 10:00:00,Chamoli-Gauge-1,1,1.445,1.463,1.4422268076682478,1.478,1.4435710230230583,1.41,1.4312760427058275
2024-01-21 11:00:00,Chamoli-Gauge-1,1,1.463,1.473,1.4623430864764273,1.438,1.4494229642802565,1.432,1.446103215868546
2024-01-21 12:00:00,Chamoli-Gauge-1,1,1.473,1.478,1.4624456379547182,1.433,1.4476213876618738,1.451,1.4459166907294416
2024-01-21 13:00:00,Chamoli-Gauge-1,1,1.478,1.438,1.4629905361275006,1.41,1.4470258964999492,1.427,1.4457417279965226
2024-01-21 14:00:00,Chamoli-Gauge-1,1,1.438,1.433,1.4341224051299448,1.432,1.427991618457695,1.423,1.4278586487608511
2024-01-21 15:00:00,Chamoli-Gauge-1,1,1.433,1.41,1.4269480219595843,1.451,1.4268791400837155,1.424,1.4242243548431481
2024-01-21 16:00:00,Chamoli-Gauge-1,1,1.41,1.432,1.4048166273110732,1.427,1.4072987298730404,1.438,1.4265231894327741
2024-01-21 17:00:00,Chamoli-Gauge-1,1,1.432,1.451,1.4360726665918313,1.423,1.4256553056376604,1.401,1.4141509099840273
2024-01-21 18:00:00,Chamoli-Gauge-1,1,1.451,1.427,1.446793787282877,1.424,1.4418660716292144,1.353,1.4336823866038806
2024-01-21 19:00:00,Chamoli-Gauge-1,1,1.427,1.423,1.4266306328558491,1.438,1.4333411829269358,1.353,1.4058055052220506
2024-01-21 20:00:00,Chamoli-Gauge-1,1,1.423,1.424,1.4242891605852135,1.401,1.4105043547021576,1.301,1.390661303578702
2024-01-21 21:00:00,Chamoli-Gauge-1,1,1.424,1.438,1.4239107708491854,1.353,1.4085602307093459,1.305,1.3914918160554828
2024-01-21 22:00:00,Chamoli-Gauge-1,1,1.438,1.401,1.4333993848893043,1.353,1.426523755257152,1.32,1.415199023544336
2024-01-21 23:00:00,Chamoli-Gauge-1,1,1.401,1.353,1.3909588080035915,1.301,1.3806185589414202,1.35,1.383758135611468
2024-01-22 00:00:00,Chamoli-Gauge-1,1,1.353,1.353,1.3477024042415096,1.305,1.3429119603711341,1.342,1.3732646549647816
2024-01-22 01:00:00,Chamoli-Gauge-1,1,1.353,1.301,1.345879264309904,1.32,1.3435496173408443,1.35,1.3701355757973146
2024-01-22 02:00:00,Chamoli-Gauge-1,1,1.301,1.305,1.3005035698619412,1.35,1.3269747554594815,1.366,1.3641064008840902
2024-01-22 03:00:00,Chamoli-Gauge-1,1,1.305,1.32,1.3081896181342156,1.342,1.3350444256926233,1.346,1.3560295844862353
2024-01-22 04:00:00,Chamoli-Gauge-1,1,1.32,1.35,1.3284812544857436,1.35,1.3377972508447447,1.365,1.3452130814237198
2024-01-22 05:00:00,Chamoli-Gauge-1,1,1.35,1.342,1.3591998539967785,1.366,1.3601680425051674,1.369,1.3702896515602747
2024-01-22 06:00:00,Chamoli-Gauge-1,1,1.342,1.35,1.3340131326503943,1.346,1.3374849162914408,1.355,1.349327856958168
2024-01-22 07:00:00,Chamoli-Gauge-1,1,1.35,1.366,1.3583092319215935,1.365,1.3534761365213368,1.356,1.3570841336368467
2024-01-22 08:00:00,Chamoli-Gauge-1,1,1.366,1.346,1.357438334928612,1.369,1.3693402340654321,1.375,1.3929872131460852
2024-01-22 09:00:00,Chamoli-Gauge-1,1,1.346,1.365,1.3486265151664325,1.355,1.3265043945519404,1.412,1.374103788460628
2024-01-22 10:00:00,Chamoli-Gauge-1,1,1.365,1.369,1.3598127313249244,1.356,1.3712975549616928,1.425,1.3966118817223616
2024-01-22 11:00:00,Chamoli-Gauge-1,1,1.369,1.355,1.3659042156271597,1.375,1.3748063251732783,1.449,1.4019149311671733
2024-01-22 12:00:00,Chamoli-Gauge-1,1,1.355,1.356,1.355471549503726,1.412,1.3626712643152075,1.455,1.3868641981654457
2024-01-22 13:00:00,Chamoli-Gauge-1,1,1.356,1.375,1.3562429306180948,1.425,1.3683834392745269,1.455,1.3827573158810256
2024-01-22 14:00:00,Chamoli-Gauge-1,1,1.375,1.412,1.3997418553102046,1.449,1.4419074137603711,1.454,1.4520220645640476
2024-01-22 15:00:00,Chamoli-Gauge-1,1,1.412,1.425,1.4281675329258336,1.455,1.4659228848899586,1.431,1.4516044186106463
2024-01-22 16:00:00,Chamoli-Gauge-1,1,1.425,1.449,1.4424654320475128,1.455,1.4710664634795363,1.444,1.4511630840242453
2024-01-22 17:00:00,Chamoli-Gauge-1,1,1.449,1.455,1.4536030091005294,1.454,1.4547084458034218,1.452,1.4489303435013994
2024-01-22 18:00:00,Chamoli-Gauge-1,1,1.455,1.455,1.4514219206836805,1.431,1.4435896663947585,1.433,1.4383004329200415
2024-01-22 19:00:00,Chamoli-Gauge-1,1,1.455,1.454,1.4516678589968302,1.444,1.4438534542735464,1.434,1.4381231467948021
2024-01-22 20:00:00,Chamoli-Gauge-1,1,1.454,1.431,1.4461163501659888,1.452,1.4395500766490656,1.415,1.437538130384918
2024-01-22 21:00:00,Chamoli-Gauge-1,1,1.431,1.444,1.4247940367714969,1.433,1.4190971102312333,1.38,1.421721797437421
2024-01-22 22:00:00,Chamoli-Gauge-1,1,1.444,1.452,1.4373970491654486,1.434,1.427415706033207,1.367,1.424427113445092
2024-01-22 23:00:00,Chamoli-Gauge-1,1,1.452,1.433,1.4467289706785087,1.415,1.4346492854790047,1.364,1.4343179471206347
2024-01-23 00:00:00,Chamoli-Gauge-1,1,1.433,1.434,1.430985713973679,1.38,1.412147343635188,1.418,1.4277512535975938
2024-01-23 01:00:00,Chamoli-Gauge-1,1,1.434,1.415,1.4308872557121808,1.367,1.4131879818301523,1.464,1.4284181800570812
2024-01-23 02:00:00,Chamoli-Gauge-1,1,1.415,1.38,1.4059987175502,1.364,1.4069379220240215,1.523,1.4456018125000278
2024-01-23 03:00:00,Chamoli-Gauge-1,1,1.38,1.367,1.3718468198316751,1.418,1.4086030258676694,1.543,1.484252278504622
2024-01-23 04:00:00,Chamoli-Gauge-1,1,1.367,1.364,1.3597696574630334,1.464,1.398812836587124,1.574,1.4961944695560974
2024-01-23 05:00:00,Chamoli-Gauge-1,1,1.364,1.418,1.3645003559666358,1.523,1.4028949146138427,1.644,1.4945608479820192
2024-01-23 06:00:00,Chamoli-Gauge-1,1,1.418,1.464,1.4566896670779907,1.543,1.5409560131943216,1.599,1.5954525434636884
2024-01-23 07:00:00,Chamoli-Gauge-1,1,1.464,1.523,1.5163118545914864,1.574,1.588214227372609,1.584,1.6108921859789753
2024-01-23 08:00:00,Chamoli-Gauge-1,1,1.523,1.543,1.5576897279790924,1.644,1.642983142319246,1.557,1.6322505904185676
2024-01-23 09:00:00,Chamoli-Gauge-1,1,1.543,1.574,1.567800248776334,1.599,1.5807203235004939,1.549,1.5641791668451739
2024-01-23 10:00:00,Chamoli-Gauge-1,1,1.574,1.644,1.61200427488203,1.584,1.5891218780848027,1.535,1.558554545602463
2024-01-23 11:00:00,Chamoli-Gauge-1,1,1.644,1.599,1.6485321029644766,1.557,1.632378214766417,1.543,1.6335794720581402
2024-01-23 12:00:00,Chamoli-Gauge-1,1,1.599,1.584,1.581573835280196,1.549,1.5512622100262379,1.543,1.545806285736519
2024-01-23 13:00:00,Chamoli-Gauge-1,1,1.584,1.557,1.5713919425817429,1.535,1.5420643934608398,1.512,1.5317799245070753
2024-01-23 14:00:00,Chamoli-Gauge-1,1,1.557,1.549,1.5505898923158707,1.543,1.5374229524896232,1.497,1.5217880851744627
2024-01-23 15:00:00,Chamoli-Gauge-1,1,1.549,1.535,1.54251778429446,1.543,1.531296782992186,1.496,1.511963226778783
2024-01-23 16:00:00,Chamoli-Gauge-1,1,1.535,1.543,1.5294923563461214,1.512,1.5119113614181758,1.511,1.5061962496146497
2024-01-23 17:00:00,Chamoli-Gauge-1,1,1.543,1.543,1.533837447086097,1.497,1.5216198583587677,1.558,1.522263377085973
2024-01-23 18:00:00,Chamoli-Gauge-1,1,1.543,1.512,1.5323459050022399,1.496,1.5220533618006107,1.57,1.538259715631709
2024-01-23 19:00:00,Chamoli-Gauge-1,1,1.512,1.497,1.5067661258257696,1.511,1.5063245733713444,1.547,1.5109278154042591
2024-01-23 20:00:00,Chamoli-Gauge-1,1,1.497,1.496,1.49109208395531,1.558,1.4985678464819896,1.542,1.4894649573356102
2024-01-23 21:00:00,Chamoli-Gauge-1,1,1.496,1.511,1.4977712414521251,1.57,1.517763491449249,1.54,1.505738656143692
2024-01-23 22:00:00,Chamoli-Gauge-1,1,1.511,1.558,1.5177260031619368,1.547,1.5122784891478287,1.525,1.5066292899215212
2024-01-23 23:00:00,Chamoli-Gauge-1,1,1.558,1.57,1.5599732472255394,1.542,1.5473951484226398,1.53,1.5470969307548272
2024-01-24 00:00:00,Chamoli-Gauge-1,1,1.57,1.547,1.5636224387707727,1.54,1.5577787063773436,1.479,1.5409018846955302
2024-01-24 01:00:00,Chamoli-Gauge-1,1,1.547,1.542,1.541502530979732,1.525,1.5396294309173355,1.487,1.535186003574657
2024-01-24 02:00:00,Chamoli-Gauge-1,1,1.542,1.54,1.5326395729909719,1.53,1.5233870952287372,1.473,1.5148073444325212
2024-01-24 03:00:00,Chamoli-Gauge-1,1,1.54,1.525,1.5285875999030492,1.479,1.5125842454555094,1.467,1.5138988371326845
2024-01-24 04:00:00,Chamoli-Gauge-1,1,1.525,1.53,1.5154922936544066,1.487,1.5049286306335972,1.493,1.5054123896198293
2024-01-24 05:00:00,Chamoli-Gauge-1,1,1.53,1.479,1.5145283819914372,1.473,1.499127595370642,1.462,1.5034291760484604
2024-01-24 06:00:00,Chamoli-Gauge-1,1,1.479,1.487,1.471674403997003,1.467,1.4685043455446325,1.464,1.4698117397266415
2024-01-24 07:00:00,Chamoli-Gauge-1,1,1.487,1.473,1.4826712878966573,1.493,1.4748816909989877,1.475,1.4547031669305317
2024-01-24 08:00:00,Chamoli-Gauge-1,1,1.473,1.467,1.468539883307846,1.462,1.4621315146426974,1.474,1.4589998317645778
2024-01-24 09:00:00,Chamoli-Gauge-1,1,1.467,1.493,1.4644668904207196,1.464,1.4494072903973445,1.439,1.445711694641648
2024-01-24 10:00:00,Chamoli-Gauge-1,1,1.493,1.462,1.4830617909028203,1.475,1.4738139522040834,1.464,1.4643126720610344
2024-01-24 11:00:00,Chamoli-Gauge-1,1,1.462,1.464,1.4652791745494473,1.474,1.457166289167136,1.457,1.449288545148002
2024-01-24 12:00:00,Chamoli-Gauge-1,1,1.464,1.475,1.4627084658666853,1.439,1.4479062288791462,1.444,1.444996379208849
2024-01-24 13:00:00,Chamoli-Gauge-1,1,1.475,1.474,1.4666188027798845,1.464,1.449187469152089,1.436,1.4434455305031326
2024-01-24 14:00:00,Chamoli-Gauge-1,1,1.474,1.439,1.4621510139277054,1.457,1.446875174674009,1.426,1.4441274972337965
2024-01-24 15:00:00,Chamoli-Gauge-1,1,1.439,1.464,1.4380090133867467,1.444,1.4276214142162702,1.4,1.4337084299798872
2024-01-24 16:00:00,Chamoli-Gauge-1,1,1.464,1.457,1.4648718533471066,1.436,1.4506080659502059,1.401,1.441644315428597
2024-01-24 17:00:00,Chamoli-Gauge-1,1,1.457,1.444,1.4500635025981132,1.426,1.437532536404288,1.387,1.4399818865476048
2024-01-24 18:00:00,Chamoli-Gauge-1,1,1.444,1.436,1.4367422248914408,1.4,1.4270310083141406,1.399,1.425788729222313
2024-01-24 19:00:00,Chamoli-Gauge-1,1,1.436,1.426,1.430350801586523,1.401,1.422361111872238,1.408,1.4250475179471211
2024-01-24 20:00:00,Chamoli-Gauge-1,1,1.426,1.4,1.4181587673041902,1.387,1.4166449728962047,1.438,1.4233710630717802
2024-01-24 21:00:00,Chamoli-Gauge-1,1,1.4,1.401,1.3994559468409271,1.399,1.401361554234385,1.431,1.4164784754241324
2024-01-24 22:00:00,Chamoli-Gauge-1,1,1.401,1.387,1.4004476594168198,1.408,1.4014760449995707,1.415,1.4084646467144135
2024-01-24 23:00:00,Chamoli-Gauge-1,1,1.387,1.399,1.3873922303003663,1.438,1.4051501360770062,1.386,1.4108560704285595
2024-01-25 00:00:00,Chamoli-Gauge-1,1,1.399,1.408,1.4010020522941427,1.431,1.4079691931893024,1.431,1.424056839729325
2024-01-25 01:00:00,Chamoli-Gauge-1,1,1.408,1.438,1.408193311145966,1.415,1.403392515008949,1.443,1.418688776014931
2024-01-25 02:00:00,Chamoli-Gauge-1,1,1.438,1.431,1.4313499466112884,1.386,1.4173840779428168,1.428,1.429744315953745
2024-01-25 03:00:00,Chamoli-Gauge-1,1,1.431,1.415,1.4216499982760078,1.431,1.4196587868214308,1.461,1.429887116721267
2024-01-25 04:00:00,Chamoli-Gauge-1,1,1.415,1.386,1.4082036044339914,1.443,1.415137243598449,1.484,1.4406788243085358
2024-01-25 05:00:00,Chamoli-Gauge-1,1,1.386,1.431,1.3944388516930357,1.428,1.410413031120973,1.452,1.4372428998790066
2024-01-25 06:00:00,Chamoli-Gauge-1,1,1.431,1.443,1.424992715104707,1.461,1.4393347171438593,1.432,1.4428715310859317
2024-01-25 07:00:00,Chamoli-Gauge-1,1,1.443,1.428,1.436403070566721,1.484,1.4413402451213162,1.431,1.4296514496981318
2024-01-25 08:00:00,Chamoli-Gauge-1,1,1.428,1.461,1.4244891861081308,1.452,1.4337028715785354,1.411,1.425663329432453
2024-01-25 09:00:00,Chamoli-Gauge-1,1,1.461,1.484,1.4659860873110888,1.432,1.4573920115865486,1.41,1.4449995756250742
2024-01-25 10:00:00,Chamoli-Gauge-1,1,1.484,1.452,1.4695835201298244,1.431,1.4502163140029645,1.434,1.4449800853540509
2024-01-25 11:00:00,Chamoli-Gauge-1,1,1.452,1.432,1.4438130574870842,1.411,1.4384315963965437,1.416,1.4343585907132161
2024-01-25 12:00:00,Chamoli-Gauge-1,1,1.432,1.431,1.428488352181507,1.41,1.4201069532250121,1.481,1.4217120284949678
2024-01-25 13:00:00,Chamoli-Gauge-1,1,1.431,1.411,1.4217345849116454,1.434,1.4402838376670706,1.556,1.531977774054945
2024-01-25 14:00:00,Chamoli-Gauge-1,1,1.411,1.41,1.4138600461114348,1.416,1.4300021934355456,1.613,1.5430696824304018
2024-01-25 15:00:00,Chamoli-Gauge-1,1,1.41,1.434,1.4131741025388078,1.481,1.4353452540682137,1.659,1.526494111699233
2024-01-25 16:00:00,Chamoli-Gauge-1,1,1.434,1.416,1.433465029524348,1.556,1.4941222689240903,1.684,1.535737672755576
2024-01-25 17:00:00,Chamoli-Gauge-1,1,1.416,1.481,1.4294098656980168,1.613,1.490783042998275,1.737,1.5313683878052873
2024-01-25 18:00:00,Chamoli-Gauge-1,1,1.481,1.556,1.5333676806635632,1.659,1.6139648086241465,1.704,1.6524487723751349
2024-01-25 19:00:00,Chamoli-Gauge-1,1,1.556,1.613,1.596607502223403,1.684,1.690978075824387,1.701,1.675087896807032
2024-01-25 20:00:00,Chamoli-Gauge-1,1,1.613,1.659,1.645484891240074,1.737,1.7365289793798968,1.694,1.7130537238830066
2024-01-25 21:00:00,Chamoli-Gauge-1,1,1.659,1.684,1.6968400907079038,1.704,1.71138963003742,1.708,1.7052911558721493
2024-01-25 22:00:00,Chamoli-Gauge-1,1,1.684,1.737,1.7278386046401146,1.701,1.711404656881563,1.688,1.6994957802221045
2024-01-25 23:00:00,Chamoli-Gauge-1,1,1.737,1.704,1.7299897967143454,1.694,1.7142887153710311,1.669,1.7185681678015743
2024-01-26 00:00:00,Chamoli-Gauge-1,1,1.704,1.701,1.6987120062411813,1.708,1.6916873105861752,1.637,1.6685655718989991
2024-01-26 01:00:00,Chamoli-Gauge-1,1,1.701,1.694,1.6943778415236919,1.688,1.67707359895754,1.639,1.6472190477239925
2024-01-26 02:00:00,Chamoli-Gauge-1,1,1.694,1.708,1.6922273137720212,1.669,1.6765737414355726,1.624,1.6498771015134932
2024-01-26 03:00:00,Chamoli-Gauge-1,1,1.708,1.688,1.701247196921282,1.637,1.6829458126658614,1.601,1.6719324384776622
2024-01-26 04:00:00,Chamoli-Gauge-1,1,1.688,1.669,1.6834647602230102,1.639,1.6593301589487586,1.581,1.6416626568895853
2024-01-26 05:00:00,Chamoli-Gauge-1,1,1.669,1.637,1.6555811887385132,1.624,1.6527596618318872,1.589,1.6393500620774086
2024-01-26 06:00:00,Chamoli-Gauge-1,1,1.637,1.639,1.6257718009951856,1.601,1.602705512191966,1.563,1.5847528367543515
2024-01-26 07:00:00,Chamoli-Gauge-1,1,1.639,1.624,1.6255209113634244,1.581,1.6022815698290898,1.539,1.5831053338679406
2024-01-26 08:00:00,Chamoli-Gauge-1,1,1.624,1.601,1.6098644441659329,1.589,1.593367655356561,1.555,1.5711938544485247
2024-01-26 09:00:00,Chamoli-Gauge-1,1,1.601,1.581,1.584457039820401,1.563,1.5609126365392714,1.547,1.5623334674328608
2024-01-26 10:00:00,Chamoli-Gauge-1,1,1.581,1.589,1.5756779236875618,1.539,1.5498748514640641,1.562,1.554267179102933
2024-01-26 11:00:00,Chamoli-Gauge-1,1,1.589,1.563,1.581384930576291,1.555,1.5591085814169814,1.549,1.5527085622996226
2024-01-26 12:00:00,Chamoli-Gauge-1,1,1.563,1.539,1.5497827085648204,1.547,1.5392325727386416,1.543,1.5276704743464018
2024-01-26 13:00:00,Chamoli-Gauge-1,1,1.539,1.555,1.5287127045422237,1.562,1.5245122056634441,1.541,1.5236763145899983
2024-01-26 14:00:00,Chamoli-Gauge-1,1,1.555,1.547,1.5464848699494615,1.549,1.5340326777378335,1.563,1.5249134741765258
2024-01-26 15:00:00,Chamoli-Gauge-1,1,1.547,1.562,1.5446600184637043,1.543,1.5324817814779779,1.583,1.5168903377173815
2024-01-26 16:00:00,Chamoli-Gauge-1,1,1.562,1.549,1.5577525721471734,1.541,1.5497719744014995,1.598,1.531641073816582
2024-01-26 17:00:00,Chamoli-Gauge-1,1,1.549,1.543,1.5444599098505338,1.563,1.5345762846549722,1.578,1.5172290703340336
2024-01-26 18:00:00,Chamoli-Gauge-1,1,1.543,1.541,1.5338623234209792,1.583,1.550421673370771,1.551,1.529516272049054
2024-01-26 19:00:00,Chamoli-Gauge-1,1,1.541,1.563,1.532741825925193,1.598,1.5476465312010874,1.56,1.5307789055677283
2024-01-26 20:00:00,Chamoli-Gauge-1,1,1.563,1.583,1.5667474646045585,1.578,1.5592047867433851,1.581,1.5447617407552536
2024-01-26 21:00:00,Chamoli-Gauge-1,1,1.583,1.598,1.580400823195933,1.551,1.5630151560233196,1.596,1.554408993413985
2024-01-26 22:00:00,Chamoli-Gauge-1,1,1.598,1.578,1.5881118538403456,1.56,1.5749616848375332,1.592,1.563174003734598
2024-01-26 23:00:00,Chamoli-Gauge-1,1,1.578,1.551,1.5713577054522103,1.581,1.5713806978920806,1.603,1.5946515656425466
2024-01-27 00:00:00,Chamoli-Gauge-1,1,1.551,1.56,1.5484941176156195,1.596,1.5684313686649751,1.613,1.5798662815991935
2024-01-27 01:00:00,Chamoli-Gauge-1,1,1.56,1.581,1.565528623001659,1.592,1.5692334880629302,1.611,1.582017078285627
2024-01-27 02:00:00,Chamoli-Gauge-1,1,1.581,1.596,1.5804480641345784,1.603,1.5712916280457685,1.61,1.5852703908954575
2024-01-27 03:00:00,Chamoli-Gauge-1,1,1.596,1.592,1.589230326268779,1.613,1.5824413479591106,1.607,1.5833793071776576
2024-01-27 04:00:00,Chamoli-Gauge-1,1,1.592,1.603,1.5933224586279673,1.611,1.5868962235224013,1.582,1.5561690045581917
2024-01-27 05:00:00,Chamoli-Gauge-1,1,1.603,1.613,1.6064252253285156,1.61,1.5956562158626153,1.56,1.563152435310429
2024-01-27 06:00:00,Chamoli-Gauge-1,1,1.613,1.611,1.6080057198918696,1.607,1.6007358219288614,1.539,1.5774690140726106
2024-01-27 07:00:00,Chamoli-Gauge-1,1,1.611,1.61,1.6073609157474789,1.582,1.592075211365231,1.5,1.5596431193663713
2024-01-27 08:00:00,Chamoli-Gauge-1,1,1.61,1.607,1.6046799421147915,1.56,1.5869708578864719,1.497,1.5554201284906815
2024-01-27 09:00:00,Chamoli-Gauge-1,1,1.607,1.582,1.597458674088671,1.539,1.5836038606690523,1.49,1.5551221080862065
2024-01-27 10:00:00,Chamoli-Gauge-1,1,1.582,1.56,1.5753712627513015,1.5,1.559891715702839,1.499,1.544762363856336
2024-01-27 11:00:00,Chamoli-Gauge-1,1,1.56,1.539,1.555633666598727,1.497,1.54536611568673,1.519,1.536189612351482
2024-01-27 12:00:00,Chamoli-Gauge-1,1,1.539,1.5,1.5217022311246364,1.49,1.5271778084405412,1.539,1.53655385255134
2024-01-27 13:00:00,Chamoli-Gauge-1,1,1.5,1.497,1.4994720664866206,1.499,1.504208267936023,1.56,1.5414038885495303
2024-01-27 14:00:00,Chamoli-Gauge-1,1,1.497,1.49,1.4969004867605724,1.519,1.508427430651628,1.537,1.5333603968759963
2024-01-27 15:00:00,Chamoli-Gauge-1,1,1.49,1.499,1.4894441230696553,1.539,1.482848979181974,1.503,1.4649994910619877
2024-01-27 16:00:00,Chamoli-Gauge-1,1,1.499,1.519,1.5027221437506908,1.56,1.5074339688705254,1.579,1.5455427733611533
2024-01-27 17:00:00,Chamoli-Gauge-1,1,1.519,1.539,1.5168252299081086,1.537,1.5169330734652315,1.662,1.575786377796601
2024-01-27 18:00:00,Chamoli-Gauge-1,1,1.539,1.56,1.544169953156285,1.503,1.5459855972439134,1.745,1.64314363510841
2024-01-27 19:00:00,Chamoli-Gauge-1,1,1.56,1.537,1.561861798756234,1.579,1.5711423120863897,1.824,1.6563303727082637
2024-01-27 20:00:00,Chamoli-Gauge-1,1,1.537,1.503,1.5236347828300192,1.662,1.558174124694144,1.851,1.6482018594303414
2024-01-27 21:00:00,Chamoli-Gauge-1,1,1.503,1.579,1.5130185420980113,1.745,1.5458192376944275,1.923,1.5807178840436003
2024-01-27 22:00:00,Chamoli-Gauge-1,1,1.579,1.662,1.628424492819953,1.824,1.723059858524258,1.94,1.7492416925673726
2024-01-27 23:00:00,Chamoli-Gauge-1,1,1.662,1.745,1.7075901564033733,1.851,1.7792142023541258,1.971,1.8177406616975136
2024-01-28 00:00:00,Chamoli-Gauge-1,1,1.745,1.824,1.7865686531603855,1.923,1.8513614618045209,2.004,1.9245157474906704
2024-01-28 01:00:00,Chamoli-Gauge-1,1,1.824,1.851,1.8688958118739925,1.94,1.943157227939545,2.008,1.982068526149776
2024-01-28 02:00:00,Chamoli-Gauge-1,1,1.851,1.923,1.8880892368252662,1.971,1.9461682975528027,1.982,1.9630275787420646
2024-01-28 03:00:00,Chamoli-Gauge-1,1,1.923,1.94,1.9501026978379739,2.004,2.000916196054762,1.947,1.9878874751405997
2024-01-28 04:00:00,Chamoli-Gauge-1,1,1.94,1.971,1.956552604270049,2.008,1.9689432781245955,1.944,1.9334293060105743
2024-01-28 05:00:00,Chamoli-Gauge-1,1,1.971,2.004,1.9897793047879908,1.982,1.9727425546698103,1.915,1.9529635599270232
2024-01-28 06:00:00,Chamoli-Gauge-1,1,2.004,2.008,2.0111782687398208,1.947,1.9699045026065602,1.931,1.9603571936039603
2024-01-28 07:00:00,Chamoli-Gauge-1,1,2.008,1.982,1.9906848003133844,1.944,1.966245932160735,1.884,1.9468513975570056
2024-01-28 08:00:00,Chamoli-Gauge-1,1,1.982,1.947,1.9655967788386723,1.915,1.9514828816840726,1.883,1.9384256529377377
2024-01-28 09:00:00,Chamoli-Gauge-1,1,1.947,1.944,1.9480305550828518,1.931,1.9297374213972651,1.878,1.8996990966039673
2024-01-28 10:00:00,Chamoli-Gauge-1,1,1.944,1.915,1.9284119208074846,1.884,1.9021813639434388,1.861,1.8716577857264372
2024-01-28 11:00:00,Chamoli-Gauge-1,1,1.915,1.931,1.9104719859955652,1.883,1.889545317110907,1.831,1.8460820645841534
2024-01-28 12:00:00,Chamoli-Gauge-1,1,1.931,1.884,1.9039045094341358,1.878,1.8882191863631623,1.779,1.8393272620402472
2024-01-28 13:00:00,Chamoli-Gauge-1,1,1.884,1.883,1.880558906061079,1.861,1.8559085449049377,1.759,1.8228950398166766
2024-01-28 14:00:00,Chamoli-Gauge-1,1,1.883,1.878,1.8805952559264927,1.831,1.8406530511618704,1.747,1.8033070511811229
2024-01-28 15:00:00,Chamoli-Gauge-1,1,1.878,1.861,1.8637914423465318,1.779,1.818659570200276,1.768,1.7810745876441154
2024-01-28 16:00:00,Chamoli-Gauge-1,1,1.861,1.831,1.8438506421101553,1.759,1.8076909542842479,1.75,1.79196201631735
2024-01-28 17:00:00,Chamoli-Gauge-1,1,1.831,1.779,1.8145394440595524,1.747,1.7920251169399475,1.758,1.7809422321728203
2024-01-28 18:00:00,Chamoli-Gauge-1,1,1.779,1.759,1.7591887195868392,1.768,1.7592748653391728,1.73,1.741583609905352
2024-01-28 19:00:00,Chamoli-Gauge-1,1,1.759,1.747,1.739697024687772,1.75,1.74276584816554,1.738,1.7417908798654815
2024-01-28 20:00:00,Chamoli-Gauge-1,1,1.747,1.768,1.7504520690265009,1.758,1.749303085950855,1.684,1.735061215429755
2024-01-28 21:00:00,Chamoli-Gauge-1,1,1.768,1.75,1.7632672587492473,1.73,1.7564112660744946,1.718,1.7369995528482858
2024-01-28 22:00:00,Chamoli-Gauge-1,1,1.75,1.758,1.749214419970078,1.738,1.7436592637695922,1.706,1.7249835328843859
2024-01-28 23:00:00,Chamoli-Gauge-1,1,1.758,1.73,1.7433231079791007,1.684,1.7340871069291883,1.641,1.7158839759017817
2024-01-29 00:00:00,Chamoli-Gauge-1,1,1.73,1.738,1.7297113758502825,1.718,1.7237768282251822,1.62,1.6986472211105288
2024-01-29 01:00:00,Chamoli-Gauge-1,1,1.738,1.684,1.7174671724020523,1.706,1.7158003842987872,1.596,1.6867816744880682
2024-01-29 02:00:00,Chamoli-Gauge-1,1,1.684,1.718,1.6878288260079315,1.641,1.6568639614431264,1.577,1.6449449023449736
2024-01-29 03:00:00,Chamoli-Gauge-1,1,1.718,1.706,1.712410874280022,1.62,1.6921088004459852,1.564,1.6606629347536632
2024-01-29 04:00:00,Chamoli-Gauge-1,1,1.706,1.641,1.686904013920101,1.596,1.6721028542993301,1.573,1.6535299079488095
2024-01-29 05:00:00,Chamoli-Gauge-1,1,1.641,1.62,1.6265340166191595,1.577,1.6177159766496265,1.577,1.6199997941224615
2024-01-29 06:00:00,Chamoli-Gauge-1,1,1.62,1.596,1.6137345486655803,1.564,1.606453543400565,1.58,1.601526381497198
2024-01-29 07:00:00,Chamoli-Gauge-1,1,1.596,1.577,1.592484877567184,1.573,1.5859672903009405,1.621,1.5810137543721399
2024-01-29 08:00:00,Chamoli-Gauge-1,1,1.577,1.564,1.5738280273414342,1.577,1.5660529954283038,1.669,1.582054817794464
2024-01-29 09:00:00,Chamoli-Gauge-1,1,1.564,1.573,1.5616954121756745,1.58,1.5560345435499334,1.687,1.5742987482822313
2024-01-29 10:00:00,Chamoli-Gauge-1,1,1.573,1.577,1.572538597845105,1.621,1.6264265446781816,1.69,1.6392660859351025
2024-01-29 11:00:00,Chamoli-Gauge-1,1,1.577,1.58,1.5745429665023007,1.669,1.6336048496856572,1.67,1.6416930505038863
2024-01-29 12:00:00,Chamoli-Gauge-1,1,1.58,1.621,1.6117298322317228,1.687,1.6673231543663773,1.673,1.6623658850782532
2024-01-29 13:00:00,Chamoli-Gauge-1,1,1.621,1.669,1.636381154909455,1.69,1.642219685067036,1.678,1.6308514612712843
2024-01-29 14:00:00,Chamoli-Gauge-1,1,1.669,1.687,1.6907864165677782,1.67,1.6772067195876232,1.679,1.6735692965584696
2024-01-29 15:00:00,Chamoli-Gauge-1,1,1.687,1.69,1.6926336383242608,1.673,1.6818121882942534,1.691,1.6758447769918616
2024-01-29 16:00:00,Chamoli-Gauge-1,1,1.69,1.67,1.687145891615154,1.678,1.6860788603388515,1.697,1.6794087795270825
2024-01-29 17:00:00,Chamoli-Gauge-1,1,1.67,1.673,1.6756279209330462,1.679,1.67383078378703,1.674,1.6775113317849513
2024-01-29 18:00:00,Chamoli-Gauge-1,1,1.673,1.678,1.6740228023327357,1.691,1.6764417109435985,1.696,1.6800433401269517
2024-01-29 19:00:00,Chamoli-Gauge-1,1,1.678,1.679,1.6754837054850362,1.697,1.677659980658809,1.689,1.6772870313861008
2024-01-29 20:00:00,Chamoli-Gauge-1,1,1.679,1.691,1.682543977086468,1.674,1.6819226999315524,1.715,1.6845236121107618
2024-01-29 21:00:00,Chamoli-Gauge-1,1,1.691,1.697,1.6892621702245387,1.696,1.6895272678470576,1.721,1.6861111838170448
2024-01-29 22:00:00,Chamoli-Gauge-1,1,1.697,1.674,1.689075696357666,1.689,1.689423044865265,1.758,1.6842842406933891
2024-01-29 23:00:00,Chamoli-Gauge-1,1,1.674,1.696,1.6734955073748405,1.715,1.6702132884081693,1.778,1.678322178258931
2024-01-30 00:00:00,Chamoli-Gauge-1,1,1.696,1.689,1.6905778541758802,1.721,1.690152516873028,1.777,1.6755889644519604
2024-01-30 01:00:00,Chamoli-Gauge-1,1,1.689,1.715,1.6897420117274016,1.758,1.688023922687964,1.758,1.672332064199383
2024-01-30 02:00:00,Chamoli-Gauge-1,1,1.715,1.721,1.7131684140256545,1.778,1.7105078161817027,1.74,1.6878528040285545
2024-01-30 03:00:00,Chamoli-Gauge-1,1,1.721,1.758,1.7436191894288777,1.777,1.7427555233788792,1.744,1.7260919855391152
2024-01-30 04:00:00,Chamoli-Gauge-1,1,1.758,1.778,1.7638447132976713,1.758,1.7497286316629126,1.741,1.7356567224804234
2024-01-30 05:00:00,Chamoli-Gauge-1,1,1.778,1.777,1.7706476753934435,1.74,1.7537462839171287,1.723,1.7433479314325515
2024-01-30 06:00:00,Chamoli-Gauge-1,1,1.777,1.758,1.766106231813539,1.744,1.7564222264831428,1.738,1.7339319332576342
2024-01-30 07:00:00,Chamoli-Gauge-1,1,1.758,1.74,1.7419799427824028,1.741,1.7385123990690006,1.74,1.73673197054811
2024-01-30 08:00:00,Chamoli-Gauge-1,1,1.74,1.744,1.7264172193758902,1.723,1.7274947110924863,1.758,1.72424699955098
2024-01-30 09:00:00,Chamoli-Gauge-1,1,1.744,1.741,1.73668398481393,1.738,1.7397898610801263,1.736,1.744299619870335
2024-01-30 10:00:00,Chamoli-Gauge-1,1,1.741,1.723,1.7345969752700081,1.74,1.741321742944749,1.754,1.736104227154371
2024-01-30 11:00:00,Chamoli-Gauge-1,1,1.723,1.738,1.7302815817058326,1.758,1.7371597499376463,1.762,1.735999381862907
2024-01-30 12:00:00,Chamoli-Gauge-1,1,1.738,1.74,1.7353578324660697,1.736,1.7375617498375866,1.78,1.7462115463429237
2024-01-30 13:00:00,Chamoli-Gauge-1,1,1.74,1.758,1.7513567052595431,1.754,1.7516988328297602,1.789,1.7410440766523179
2024-01-30 14:00:00,Chamoli-Gauge-1,1,1.758,1.736,1.752483258245409,1.762,1.7547516265638405,1.776,1.7430072182123426
2024-01-30 15:00:00,Chamoli-Gauge-1,1,1.736,1.754,1.7425751953174526,1.78,1.7485144074253267,1.762,1.739275947108509
2024-01-30 16:00:00,Chamoli-Gauge-1,1,1.754,1.762,1.7496614569106919,1.789,1.7358685103297897,1.788,1.7311893078315985
2024-01-30 17:00:00,Chamoli-Gauge-1,1,1.762,1.78,1.769689076430304,1.776,1.7524667168449297,1.772,1.731887392429962
2024-01-30 18:00:00,Chamoli-Gauge-1,1,1.78,1.789,1.7764772189850644,1.762,1.7579659118116227,1.777,1.7364643532985398
2024-01-30 19:00:00,Chamoli-Gauge-1,1,1.789,1.776,1.7755338829925724,1.788,1.7688454574930808,1.758,1.740738457037955
2024-01-30 20:00:00,Chamoli-Gauge-1,1,1.776,1.762,1.7676667901762977,1.772,1.7575891937242452,1.711,1.7160935173993699
2024-01-30 21:00:00,Chamoli-Gauge-1,1,1.762,1.788,1.7700453047049611,1.777,1.7557233076182996,1.677,1.7116504887167152
2024-01-30 22:00:00,Chamoli-Gauge-1,1,1.788,1.772,1.776543704796796,1.758,1.7608773143937815,1.676,1.7179053451746158
2024-01-30 23:00:00,Chamoli-Gauge-1,1,1.772,1.777,1.7689739343210784,1.711,1.7315826372587035,1.681,1.7079536596622231
2024-01-31 00:00:00,Chamoli-Gauge-1,1,1.777,1.758,1.7667647511662705,1.677,1.721439794300622,1.679,1.7114662009148989
2024-01-31 01:00:00,Chamoli-Gauge-1,1,1.758,1.711,1.7305079221867057,1.676,1.7083934161210539,1.7,1.7173336652567774
2024-01-31 02:00:00,Chamoli-Gauge-1,1,1.711,1.677,1.6970936993182169,1.681,1.6930613406284436,1.705,1.6882695557709972
2024-01-31 03:00:00,Chamoli-Gauge-1,1,1.677,1.676,1.6685899667109994,1.679,1.6653846080409145,1.686,1.648473860013526
2024-01-31 04:00:00,Chamoli-Gauge-1,1,1.676,1.681,1.6664009651361507,1.7,1.6678060653565583,1.695,1.6535825746974824
2024-01-31 05:00:00,Chamoli-Gauge-1,1,1.681,1.679,1.6739141555380688,1.705,1.6654099646791252,1.695,1.6491972860404007
2024-01-31 06:00:00,Chamoli-Gauge-1,1,1.679,1.7,1.6755089941663095,1.686,1.6644890456860648,1.68,1.6489241816304878
2024-01-31 07:00:00,Chamoli-Gauge-1,1,1.7,1.705,1.6948471422526614,1.695,1.6884306146873478,1.68,1.6605285244706525
2024-01-31 08:00:00,Chamoli-Gauge-1,1,1.705,1.686,1.6986144725188785,1.695,1.6979693032671224,1.672,1.6720063272529242
2024-01-31 09:00:00,Chamoli-Gauge-1,1,1.686,1.695,1.6860194781340607,1.68,1.6775452346856556,1.651,1.6574075273513016
2024-01-31 10:00:00,Chamoli-Gauge-1,1,1.695,1.695,1.6896604875233168,1.68,1.6809631383263972,1.638,1.6604346455657977
2024-01-31 11:00:00,Chamoli-Gauge-1,1,1.695,1.68,1.6880938120429743,1.672,1.6817547879036716,1.657,1.6602760228560325
2024-01-31 12:00:00,Chamoli-Gauge-1,1,1.68,1.68,1.6760511364350246,1.651,1.6675224321664885,1.676,1.6565927903590278
2024-01-31 13:00:00,Chamoli-Gauge-1,1,1.68,1.672,1.6718651899534327,1.638,1.655763659994607,1.669,1.672366276763399
2024-01-31 14:00:00,Chamoli-Gauge-1,1,1.672,1.651,1.655986439444951,1.657,1.6517939917226045,1.688,1.6716526264386238
2024-01-31 15:00:00,Chamoli-Gauge-1,1,1.651,1.638,1.6484751390894383,1.676,1.635978576331934,1.678,1.6539583106841165
2024-01-31 16:00:00,Chamoli-Gauge-1,1,1.638,1.657,1.634324401133932,1.669,1.629003697038947,1.731,1.6439759199942767
2024-01-31 17:00:00,Chamoli-Gauge-1,1,1.657,1.676,1.6540615600623336,1.688,1.6450453588218528,1.824,1.6830993712527171
2024-01-31 18:00:00,Chamoli-Gauge-1,1,1.676,1.669,1.6626523061193512,1.678,1.6576884407798116,1.909,1.7021838226618553
2024-01-31 19:00:00,Chamoli-Gauge-1,1,1.669,1.688,1.671414402361527,1.731,1.6614966095812478,1.93,1.705731665777135
2024-01-31 20:00:00,Chamoli-Gauge-1,1,1.688,1.678,1.6966207254786865,1.824,1.7895509272893968,1.976,1.8450959783945697
2024-01-31 21:00:00,Chamoli-Gauge-1,1,1.678,1.731,1.6989994987972412,1.909,1.778652178277121,2.022,1.835498097117456
2024-01-31 22:00:00,Chamoli-Gauge-1,1,1.731,1.824,1.777312509382482,1.93,1.851126573249055,2.083,1.9324581860406138
2024-01-31 23:00:00,Chamoli-Gauge-1,1,1.824,1.909,1.878635655929719,1.976,1.955340664734232,2.068,2.0190603633145185
2024-02-01 00:00:00,Chamoli-Gauge-1,1,1.909,1.93,1.942409834445919,2.022,2.0259518619704098,2.059,2.055186207519333
2024-02-01 01:00:00,Chamoli-Gauge-1,1,1.93,1.976,1.952714077939354,2.083,2.037951986891785,2.066,2.0653662080580095
2024-02-01 02:00:00,Chamoli-Gauge-1,1,1.976,2.022,2.0130512257478648,2.068,2.0498394173419165,2.042,2.0441161788339923
2024-02-01 03:00:00,Chamoli-Gauge-1,1,2.022,2.083,2.0605396218190988,2.059,2.082512328685204,2.016,2.07315488447768
2024-02-01 04:00:00,Chamoli-Gauge-1,1,2.083,2.068,2.096340440411699,2.066,2.1114683760233435,2.007,2.0620105297266824
2024-02-01 05:00:00,Chamoli-Gauge-1,1,2.068,2.059,2.0667030175030434,2.042,2.067489906592189,2.021,2.040328917578231
2024-02-01 06:00:00,Chamoli-Gauge-1,1,2.059,2.066,2.0593889754315673,2.016,2.044184256264923,2.024,2.037688466833093
2024-02-01 07:00:00,Chamoli-Gauge-1,1,2.066,2.042,2.045591370152179,2.007,2.022605314781028,2.032,2.0381107801747196
2024-02-01 08:00:00,Chamoli-Gauge-1,1,2.042,2.016,2.0323991723744657,2.021,2.0183245623371215,2.02,2.0349578972254765
2024-02-01 09:00:00,Chamoli-Gauge-1,1,2.016,2.007,2.006709666441947,2.024,2.015380332876926,2.038,2.033392665161149
2024-02-01 10:00:00,Chamoli-Gauge-1,1,2.007,2.021,2.0106492122985773,2.032,2.0137932402726464,1.989,2.0090501451745633
2024-02-01 11:00:00,Chamoli-Gauge-1,1,2.021,2.024,2.0216868969287622,2.02,2.016199899524538,2.017,2.025086214725865
2024-02-01 12:00:00,Chamoli-Gauge-1,1,2.024,2.032,2.024584159908837,2.038,2.0259443914113784,2.046,2.0514556256266405
2024-02-01 13:00:00,Chamoli-Gauge-1,1,2.032,2.02,2.020604164994982,1.989,2.0176770926351155,2.04,2.0443112864367197
2024-02-01 14:00:00,Chamoli-Gauge-1,1,2.02,2.038,2.0261462416615066,2.017,2.017685443474815,2.041,2.050329877746226
2024-02-01 15:00:00,Chamoli-Gauge-1,1,2.038,1.989,2.025254878941685,2.046,2.042867101608289,2.06,2.065069054910652
2024-02-01 16:00:00,Chamoli-Gauge-1,1,1.989,2.017,1.9987739159543305,2.04,2.009633301076137,2.074,2.0135579027287114
2024-02-01 17:00:00,Chamoli-Gauge-1,1,2.017,2.046,2.021209132025883,2.041,2.02482353228313,2.08,2.0523683154077075
2024-02-01 18:00:00,Chamoli-Gauge-1,1,2.046,2.04,2.0469485134514183,2.06,2.0513393530781276,2.096,2.061203880810764
2024-02-01 19:00:00,Chamoli-Gauge-1,1,2.04,2.041,2.0442326766262062,2.074,2.052848089836588,2.123,2.062689469477595
2024-02-01 20:00:00,Chamoli-Gauge-1,1,2.041,2.06,2.0461147803789346,2.08,2.049128760655557,2.147,2.0426639621377123
2024-02-01 21:00:00,Chamoli-Gauge-1,1,2.06,2.074,2.0861909120827007,2.096,2.117540300984419,2.169,2.1649763757191876
2024-02-01 22:00:00,Chamoli-Gauge-1,1,2.074,2.08,2.087482960634639,2.123,2.124103812311055,2.153,2.153928853291317
2024-02-01 23:00:00,Chamoli-Gauge-1,1,2.08,2.096,2.0951284349312966,2.147,2.1391146594354224,2.105,2.135039487668119
2024-02-02 00:00:00,Chamoli-Gauge-1,1,2.096,2.123,2.1068160176613895,2.169,2.125559524516412,2.14,2.095914532433784
2024-02-02 01:00:00,Chamoli-Gauge-1,1,2.123,2.147,2.1447952843842315,2.153,2.123805515091426,2.117,2.088486147288351
2024-02-02 02:00:00,Chamoli-Gauge-1,1,2.147,2.169,2.1550630826417594,2.105,2.1157562991321903,2.107,2.0762746676284607
2024-02-02 03:00:00,Chamoli-Gauge-1,1,2.169,2.153,2.1591903366037557,2.14,2.1386045640817515,2.114,2.0848396458853067
2024-02-02 04:00:00,Chamoli-Gauge-1,1,2.153,2.105,2.1278034972720636,2.117,2.107752124625639,2.123,2.0684599272070474
2024-02-02 05:00:00,Chamoli-Gauge-1,1,2.105,2.14,2.110970153606105,2.107,2.0609500609963294,2.095,2.0324424792660674
2024-02-02 06:00:00,Chamoli-Gauge-1,1,2.14,2.117,2.137449800189598,2.114,2.115199249083032,2.065,2.078025602997439
2024-02-02 07:00:00,Chamoli-Gauge-1,1,2.117,2.107,2.1145809635270707,2.123,2.1114051137288636,2.022,2.0475636300204543
2024-02-02 08:00:00,Chamoli-Gauge-1,1,2.107,2.114,2.114928520760178,2.095,2.106994603038716,2.021,2.0383633157569028
2024-02-02 09:00:00,Chamoli-Gauge-1,1,2.114,2.123,2.109911897026621,2.065,2.05846727858943,2.032,2.035442584559131
2024-02-02 10:00:00,Chamoli-Gauge-1,1,2.123,2.095,2.1104929982487413,2.022,2.0540168394554437,1.995,2.0304408975220767
2024-02-02 11:00:00,Chamoli-Gauge-1,1,2.095,2.065,2.065329148268921,2.021,2.0333833929241156,2.004,2.0156697835067363
2024-02-02 12:00:00,Chamoli-Gauge-1,1,2.065,2.022,2.0379751958519416,2.032,2.017321297709813,2.01,2.0067444488933504
2024-02-02 13:00:00,Chamoli-Gauge-1,1,2.022,2.021,2.018871322718794,1.995,2.003206219700144,1.983,1.9911801646291323
2024-02-02 14:00:00,Chamoli-Gauge-1,1,2.021,2.032,2.018973514669681,2.004,2.0027942405912897,1.931,1.9695827750961838
2024-02-02 15:00:00,Chamoli-Gauge-1,1,2.032,1.995,2.011044084783681,2.01,2.0079919683292777,1.898,1.9616172207876548
2024-02-02 16:00:00,Chamoli-Gauge-1,1,1.995,2.004,2.000382104978116,1.983,1.9874728996588158,1.875,1.9485520252059938
2024-02-02 17:00:00,Chamoli-Gauge-1,1,2.004,2.01,2.0107435170522385,1.931,1.970724747232696,1.894,1.9438727511437413
2024-02-02 18:00:00,Chamoli-Gauge-1,1,2.01,1.983,2.0021774384614135,1.898,1.9722226293241887,1.88,1.9491929173392024
2024-02-02 19:00:00,Chamoli-Gauge-1,1,1.983,1.931,1.97534217272311,1.875,1.9553125332620491,1.848,1.946901344389865
2024-02-02 20:00:00,Chamoli-Gauge-1,1,1.931,1.898,1.9200375729487804,1.894,1.9082696121220892,1.866,1.9082209194580433
2024-02-02 21:00:00,Chamoli-Gauge-1,1,1.898,1.875,1.8880767462903805,1.88,1.878254578052539,1.855,1.9194913833164382
2024-02-02 22:00:00,Chamoli-Gauge-1,1,1.875,1.894,1.868392636816049,1.848,1.855713171424252,1.923,1.8856131613054101
2024-02-02 23:00:00,Chamoli-Gauge-1,1,1.894,1.88,1.8850049574671393,1.866,1.8654348460512793,1.959,1.9208963256514726
2024-02-03 00:00:00,Chamoli-Gauge-1,1,1.88,1.848,1.8632494206754648,1.855,1.8653360239244205,1.997,1.9395828101204284
2024-02-03 01:00:00,Chamoli-Gauge-1,1,1.848,1.866,1.844456306037229,1.923,1.8452507265474185,2.057,1.8652142063111135
2024-02-03 02:00:00,Chamoli-Gauge-1,1,1.866,1.855,1.87742612068487,1.959,1.9548858857747649,2.12,2.033966567418149
2024-02-03 03:00:00,Chamoli-Gauge-1,1,1.855,1.923,1.8768621720851322,1.997,1.9478858543575563,2.19,2.024254894758736
2024-02-03 04:00:00,Chamoli-Gauge-1,1,1.923,1.959,1.9499960792944804,2.057,2.0331709958920436,2.153,2.0998375582376507
2024-02-03 05:00:00,Chamoli-Gauge-1,1,1.959,1.997,2.0028400675426443,2.12,2.095957885222076,2.126,2.1342359770655537
2024-02-03 06:00:00,Chamoli-Gauge-1,1,1.997,2.057,2.0357610021520163,2.19,2.146423843240093,2.121,2.1452188829892873
2024-02-03 07:00:00,Chamoli-Gauge-1,1,2.057,2.12,2.0936609701319857,2.153,2.1194996620675473,2.13,2.090039454556098
2024-02-03 08:00:00,Chamoli-Gauge-1,1,2.12,2.19,2.1506176966478936,2.126,2.1451444718068235,2.072,2.0882058384223456
2024-02-03 09:00:00,Chamoli-Gauge-1,1,2.19,2.153,2.18377124723452,2.121,2.1677309103076934,2.06,2.103964275470079
2024-02-03 10:00:00,Chamoli-Gauge-1,1,2.153,2.126,2.137660097573995,2.13,2.1379326856863106,2.037,2.0595261872669965
2024-02-03 11:00:00,Chamoli-Gauge-1,1,2.126,2.121,2.1250427615299072,2.072,2.088917168814981,1.986,2.037701578702727
2024-02-03 12:00:00,Chamoli-Gauge-1,1,2.121,2.13,2.121734368349014,2.06,2.07482857819264,1.979,2.0385303550054887
2024-02-03 13:00:00,Chamoli-Gauge-1,1,2.13,2.072,2.1141037312315016,2.037,2.0820043470996596,2.004,2.0409897968463273
2024-02-03 14:00:00,Chamoli-Gauge-1,1,2.072,2.06,2.0557478056747165,1.986,2.030597744239205,2.039,2.0606794117402396
2024-02-03 15:00:00,Chamoli-Gauge-1,1,2.06,2.037,2.051638083059369,1.979,2.021790745862582,2.093,2.0708327489797695
2024-02-03 16:00:00,Chamoli-Gauge-1,1,2.037,1.986,2.017504137610074,2.004,2.0252412393103123,2.132,2.0835564506994264
2024-02-03 17:00:00,Chamoli-Gauge-1,1,1.986,1.979,1.988501291067321,2.039,2.019117684589139,2.183,2.082897741224207
2024-02-03 18:00:00,Chamoli-Gauge-1,1,1.979,2.004,2.006631508447621,2.093,2.0986077356399044,2.185,2.1554583365973623
2024-02-03 19:00:00,Chamoli-Gauge-1,1,2.004,2.039,2.0369718469414355,2.132,2.131064607617042,2.158,2.1794524914566638
2024-02-03 20:00:00,Chamoli-Gauge-1,1,2.039,2.093,2.085164458709685,2.183,2.159437900897835,2.141,2.1751270516051213
2024-02-03 21:00:00,Chamoli-Gauge-1,1,2.093,2.132,2.1074258359100915,2.185,2.1584073264126236,2.145,2.173630804646742
2024-02-03 22:00:00,Chamoli-Gauge-1,1,2.132,2.183,2.1610399991561158,2.158,2.167918706505161,2.155,2.1814999127815407
2024-02-03 23:00:00,Chamoli-Gauge-1,1,2.183,2.185,2.178203343881064,2.141,2.183449162564696,2.14,2.19183484726699
2024-02-04 00:00:00,Chamoli-Gauge-1,1,2.185,2.158,2.1727104010042244,2.145,2.185186579052756,2.109,2.196874572866737
2024-02-04 01:00:00,Chamoli-Gauge-1,1,2.158,2.141,2.150145669830579,2.155,2.166297958413991,2.105,2.1844449362938865
2024-02-04 02:00:00,Chamoli-Gauge-1,1,2.141,2.145,2.1410378901633504,2.14,2.131961709524637,2.103,2.0950158177480205
2024-02-04 03:00:00,Chamoli-Gauge-1,1,2.145,2.155,2.142099499820033,2.109,2.1292667315396585,2.13,2.101846155643914
2024-02-04 04:00:00,Chamoli-Gauge-1,1,2.155,2.14,2.1331323121023855,2.105,2.1133257744105953,2.118,2.101041051076913
2024-02-04 05:00:00,Chamoli-Gauge-1,1,2.14,2.109,2.1299487348414403,2.103,2.114298925738434,2.106,2.09633124681527
2024-02-04 06:00:00,Chamoli-Gauge-1,1,2.109,2.105,2.110062928282767,2.13,2.1123574190465964,2.123,2.091988597400695
2024-02-04 07:00:00,Chamoli-Gauge-1,1,2.105,2.103,2.106843518930259,2.118,2.1034154733071504,2.115,2.0923517717531395
2024-02-04 08:00:00,Chamoli-Gauge-1,1,2.103,2.13,2.1059066809120393,2.106,2.107424321442446,2.107,2.0949438895807027
2024-02-04 09:00:00,Chamoli-Gauge-1,1,2.13,2.118,2.1250557529527936,2.123,2.1217317080424514,2.118,2.0923231021822644
2024-02-04 10:00:00,Chamoli-Gauge-1,1,2.118,2.106,2.1150711522807044,2.115,2.116822175512073,2.076,2.0853232631415315
2024-02-04 11:00:00,Chamoli-Gauge-1,1,2.106,2.123,2.115368750784175,2.107,2.1087270604856303,2.104,2.0872358311869124
2024-02-04 12:00:00,Chamoli-Gauge-1,1,2.123,2.115,2.1151324700745375,2.118,2.0949092343418676,2.078,2.080249560800995
2024-02-04 13:00:00,Chamoli-Gauge-1,1,2.115,2.107,2.1105047697141828,2.076,2.0933466921040127,2.081,2.078695478397116
2024-02-04 14:00:00,Chamoli-Gauge-1,1,2.107,2.118,2.113002790147589,2.104,2.0940413306136514,2.065,2.078624134887684
2024-02-04 15:00:00,Chamoli-Gauge-1,1,2.118,2.076,2.0950284549328666,2.078,2.0763855934384243,2.058,2.0695272509428433
2024-02-04 16:00:00,Chamoli-Gauge-1,1,2.076,2.104,2.0833506716474313,2.081,2.062138501064199,2.04,2.063290297797687
2024-02-04 17:00:00,Chamoli-Gauge-1,1,2.104,2.078,2.096178313787248,2.065,2.0759797085594145,2.044,2.068717380562619
2024-02-04 18:00:00,Chamoli-Gauge-1,1,2.078,2.081,2.084056331843716,2.058,2.0619033938334668,2.065,2.064904386633304
2024-02-04 19:00:00,Chamoli-Gauge-1,1,2.081,2.065,2.07146508047508,2.04,2.0549801679463355,2.081,2.1107457903317606
2024-02-04 20:00:00,Chamoli-Gauge-1,1,2.065,2.058,2.0567768394303125,2.044,2.039499544293308,2.144,2.107033330521189
2024-02-04 21:00:00,Chamoli-Gauge-1,1,2.058,2.04,2.0491530250189616,2.065,2.062545619482777,2.169,2.1356469843400223
2024-02-04 22:00:00,Chamoli-Gauge-1,1,2.04,2.044,2.0409210981610975,2.081,2.057674818475506,2.18,2.123592472233772
2024-02-04 23:00:00,Chamoli-Gauge-1,1,2.044,2.065,2.049023267019609,2.144,2.0663670175798234,2.173,2.1158514299688016
2024-02-05 00:00:00,Chamoli-Gauge-1,1,2.065,2.081,2.090860531236695,2.169,2.1457488139291265,2.195,2.169016438124783
2024-02-05 01:00:00,Chamoli-Gauge-1,1,2.081,2.144,2.10599194257096,2.18,2.1636817324964843,2.168,2.16098364535995
2024-02-05 02:00:00,Chamoli-Gauge-1,1,2.144,2.169,2.163852952645122,2.173,2.1647707084694496,2.193,2.1705270416559204
2024-02-05 03:00:00,Chamoli-Gauge-1,1,2.169,2.18,2.1740019426665382,2.195,2.164774924159446,2.185,2.1469883573075474
2024-02-05 04:00:00,Chamoli-Gauge-1,1,2.18,2.173,2.1755327270210723,2.168,2.16685588617197,2.171,2.1497793115119763
2024-02-05 05:00:00,Chamoli-Gauge-1,1,2.173,2.195,2.174583811375171,2.193,2.1713587742214204,2.158,2.143450760410708
2024-02-05 06:00:00,Chamoli-Gauge-1,1,2.195,2.168,2.1739733241358024,2.185,2.161223030298268,2.187,2.14502170460925
2024-02-05 07:00:00,Chamoli-Gauge-1,1,2.168,2.193,2.176598691048194,2.171,2.1625107887313564,2.126,2.123118221675746
2024-02-05 08:00:00,Chamoli-Gauge-1,1,2.193,2.185,2.1729227474290127,2.158,2.1559409419236797,2.115,2.120161722599663
2024-02-05 09:00:00,Chamoli-Gauge-1,1,2.185,2.171,2.1776259122991655,2.187,2.1708561627024276,2.095,2.1138682432858
2024-02-05 10:00:00,Chamoli-Gauge-1,1,2.171,2.158,2.1618732460594954,2.126,2.1527276392194405,2.078,2.107254749946351
2024-02-05 11:00:00,Chamoli-Gauge-1,1,2.158,2.187,2.151653175302367,2.115,2.1086715806905514,2.07,2.0761392921053
2024-02-05 12:00:00,Chamoli-Gauge-1,1,2.187,2.126,2.1626557019491943,2.095,2.1399403906510144,2.053,2.098760960367641
2024-02-05 13:00:00,Chamoli-Gauge-1,1,2.126,2.115,2.1082230044294947,2.078,2.071432820253684,2.047,2.0683758267704326
2024-02-05 14:00:00,Chamoli-Gauge-1,1,2.115,2.095,2.096000370632192,2.07,2.060770076514723,2.035,2.0629287643033547
2024-02-05 15:00:00,Chamoli-Gauge-1,1,2.095,2.078,2.066498830164252,2.053,2.047090435860074,1.998,2.042724947160993
2024-02-05 16:00:00,Chamoli-Gauge-1,1,2.078,2.07,2.0621832625972867,2.047,2.0465337773184133,1.994,2.032619691210257
2024-02-05 17:00:00,Chamoli-Gauge-1,1,2.07,2.053,2.0522746710234196,2.035,2.0362794071691073,1.996,2.0329689535500126
2024-02-05 18:00:00,Chamoli-Gauge-1,1,2.053,2.047,2.049294549062048,1.998,2.025021655049534,1.973,2.023397477812271
2024-02-05 19:00:00,Chamoli-Gauge-1,1,2.047,2.035,2.0399657353818563,1.994,2.0159974666307545,1.998,2.0279763410163927
2024-02-05 20:00:00,Chamoli-Gauge-1,1,2.035,1.998,2.0073311261925273,1.996,2.0038930146475926,2.012,2.0270320328450753
2024-02-05 21:00:00,Chamoli-Gauge-1,1,1.998,1.994,1.9977978613330682,1.973,1.9965641110205243,2.015,2.0162708904686797
2024-02-05 22:00:00,Chamoli-Gauge-1,1,1.994,1.996,1.992079438185546,1.998,1.9964345046168235,2.018,2.0128760404438406
2024-02-05 23:00:00,Chamoli-Gauge-1,1,1.996,1.973,1.9950026105953629,2.012,2.008533256537307,2.004,2.0029657173624558
2024-02-06 00:00:00,Chamoli-Gauge-1,1,1.973,1.998,1.9902565817423823,2.015,2.002272032793363,2.014,2.000659440267918
2024-02-06 01:00:00,Chamoli-Gauge-1,1,1.998,2.012,2.0091179335611185,2.018,2.006926360978658,2.061,2.0497558802678357
2024-02-06 02:00:00,Chamoli-Gauge-1,1,2.012,2.015,2.0135454452838224,2.004,2.0092332366981087,2.092,2.072372868680466
2024-02-06 03:00:00,Chamoli-Gauge-1,1,2.015,2.018,2.0126542281091124,2.014,2.018896649944685,2.098,2.08005448406816
2024-02-06 04:00:00,Chamoli-Gauge-1,1,2.018,2.004,2.0122685221353653,2.061,2.0338205637585167,2.115,2.0893131436282344
2024-02-06 05:00:00,Chamoli-Gauge-1,1,2.004,2.014,2.001603619269304,2.092,2.0117358863069965,2.143,2.0533642362393265
2024-02-06 06:00:00,Chamoli-Gauge-1,1,2.014,2.061,2.0245456834600577,2.098,2.0348965616300916,2.174,2.079689351909333
2024-02-06 07:00:00,Chamoli-Gauge-1,1,2.061,2.092,2.0896024573801175,2.115,2.12500624810443,2.159,2.1546256058781834
2024-02-06 08:00:00,Chamoli-Gauge-1,1,2.092,2.098,2.098273273958512,2.143,2.1413562728390403,2.135,2.1448547356604384
2024-02-06 09:00:00,Chamoli-Gauge-1,1,2.098,2.115,2.121407084057513,2.174,2.1537636674106992,2.149,2.1466478594182905
2024-02-06 10:00:00,Chamoli-Gauge-1,1,2.115,2.143,2.1348917095416775,2.159,2.1490682047337546,2.11,2.1025777320821706
2024-02-06 11:00:00,Chamoli-Gauge-1,1,2.143,2.174,2.16016553596458,2.135,2.1375677375086286,2.075,2.0871045452304147
2024-02-06 12:00:00,Chamoli-Gauge-1,1,2.174,2.159,2.164060632778169,2.149,2.1496921395067345,2.033,2.08869371913658
2024-02-06 13:00:00,Chamoli-Gauge-1,1,2.159,2.135,2.1479732761594343,2.11,2.124638964120388,1.999,2.0483589249671845
2024-02-06 14:00:00,Chamoli-Gauge-1,1,2.135,2.149,2.1373139816372357,2.075,2.076312537820797,2.01,2.031430508855615
2024-02-06 15:00:00,Chamoli-Gauge-1,1,2.149,2.11,2.1167385344536997,2.033,2.066491570295997,2.021,2.038995315907027
2024-02-06 16:00:00,Chamoli-Gauge-1,1,2.11,2.075,2.102356114646484,1.999,2.044320513506782,2.005,2.0167638814175244
2024-02-06 17:00:00,Chamoli-Gauge-1,1,2.075,2.033,2.039667109355104,2.01,2.0147795330328266,2.0,2.0022703228749363
2024-02-06 18:00:00,Chamoli-Gauge-1,1,2.033,1.999,2.0090126779538555,2.021,2.006297613817979,1.985,1.9817254701864115
2024-02-06 19:00:00,Chamoli-Gauge-1,1,1.999,2.01,2.0037173330984865,2.005,1.997031195960418,1.946,1.9735936676065522
2024-02-06 20:00:00,Chamoli-Gauge-1,1,2.01,2.021,2.0091562839080255,2.0,1.9939623295431574,1.977,1.9690759737847792
2024-02-06 21:00:00,Chamoli-Gauge-1,1,2.021,2.005,2.0069974668217134,1.985,2.0015484907805505,1.99,1.9820436193656419
2024-02-06 22:00:00,Chamoli-Gauge-1,1,2.005,2.0,1.9971922929705097,1.946,1.9772902027001922,1.982,2.0043354570806233
2024-02-06 23:00:00,Chamoli-Gauge-1,1,2.0,1.985,1.9909806385403814,1.977,1.9752391011715222,1.95,1.9592821613751688
2024-02-07 00:00:00,Chamoli-Gauge-1,1,1.985,1.946,1.9638642370408728,1.99,1.9732934925390313,1.931,1.9458789332749744
2024-02-07 01:00:00,Chamoli-Gauge-1,1,1.946,1.977,1.9486727941049387,1.982,1.9385879692194818,1.904,1.9055248387232775
2024-02-07 02:00:00,Chamoli-Gauge-1,1,1.977,1.99,1.9766871402372144,1.95,1.9550390374811897,1.894,1.9207866379894438
2024-02-07 03:00:00,Chamoli-Gauge-1,1,1.99,1.982,1.9761395770467274,1.931,1.9457504038062048,1.888,1.924430337266089
2024-02-07 04:00:00,Chamoli-Gauge-1,1,1.982,1.95,1.9639991495459876,1.904,1.9338869810098096,1.869,1.9068596505733746
2024-02-07 05:00:00,Chamoli-Gauge-1,1,1.95,1.931,1.9407438688954803,1.894,1.9248835367674257,1.829,1.9008383683920589
2024-02-07 06:00:00,Chamoli-Gauge-1,1,1.931,1.904,1.9112383518315261,1.888,1.9134715356378935,1.861,1.900548177167241
2024-02-07 07:00:00,Chamoli-Gauge-1,1,1.904,1.894,1.8929177673855138,1.869,1.8729517702691039,1.853,1.8592087098733405
2024-02-07 08:00:00,Chamoli-Gauge-1,1,1.894,1.888,1.8878207592098657,1.829,1.8602676824041493,1.849,1.859606343635168
2024-02-07 09:00:00,Chamoli-Gauge-1,1,1.888,1.869,1.8838189873114215,1.861,1.8610865198915532,1.828,1.8741676589931486
2024-02-07 10:00:00,Chamoli-Gauge-1,1,1.869,1.829,1.8516520144693058,1.853,1.850345862709921,1.788,1.8211978747637008
2024-02-07 11:00:00,Chamoli-Gauge-1,1,1.829,1.861,1.828686733659251,1.849,1.8159820786860108,1.78,1.7798480327594532
2024-02-07 12:00:00,Chamoli-Gauge-1,1,1.861,1.853,1.8486302338633591,1.828,1.8262753672470147,1.766,1.7802733390025167
2024-02-07 13:00:00,Chamoli-Gauge-1,1,1.853,1.849,1.8373738860747957,1.788,1.7933327361369966,1.778,1.7752740074231312
2024-02-07 14:00:00,Chamoli-Gauge-1,1,1.849,1.828,1.8328104708903008,1.78,1.7914029721081335,1.794,1.7770019196546707
2024-02-07 15:00:00,Chamoli-Gauge-1,1,1.828,1.788,1.8099812825000725,1.766,1.7812036620157408,1.806,1.7774162379840648
2024-02-07 16:00:00,Chamoli-Gauge-1,1,1.788,1.78,1.7715160057011086,1.778,1.7699155820816534,1.819,1.775664393643095
2024-02-07 17:00:00,Chamoli-Gauge-1,1,1.78,1.766,1.7689166603857274,1.794,1.7674465664162056,1.848,1.7652125059793493
2024-02-07 18:00:00,Chamoli-Gauge-1,1,1.766,1.778,1.7695769565507673,1.806,1.7661249307172573,1.847,1.750927392357247
2024-02-07 19:00:00,Chamoli-Gauge-1,1,1.778,1.794,1.7761262535689033,1.819,1.7752607748726084,1.856,1.7668883229968442
2024-02-07 20:00:00,Chamoli-Gauge-1,1,1.794,1.806,1.8033468474696606,1.848,1.8070922188539953,1.852,1.7829933075238988
2024-02-07 21:00:00,Chamoli-Gauge-1,1,1.806,1.819,1.8168401870510091,1.847,1.8200020272447166,1.8,1.7824924114272385
2024-02-07 22:00:00,Chamoli-Gauge-1,1,1.819,1.848,1.8202584544426599,1.856,1.818034327121618,1.785,1.756896021658252
2024-02-07 23:00:00,Chamoli-Gauge-1,1,1.848,1.847,1.8516619244265153,1.852,1.8342176711662754,1.755,1.7653916484858532
2024-02-08 00:00:00,Chamoli-Gauge-1,1,1.847,1.856,1.8513357938672599,1.8,1.8092260141800738,1.749,1.7455699690537747
2024-02-08 01:00:00,Chamoli-Gauge-1,1,1.856,1.852,1.84159045941567,1.785,1.7955565351749045,1.722,1.7386434146483074
2024-02-08 02:00:00,Chamoli-Gauge-1,1,1.852,1.8,1.8306904328661038,1.755,1.7825363678146666,1.723,1.7349896595386824
2024-02-08 03:00:00,Chamoli-Gauge-1,1,1.8,1.785,1.7883951881349864,1.749,1.7469129475719198,1.732,1.7249933718970971
2024-02-08 04:00:00,Chamoli-Gauge-1,1,1.785,1.755,1.7641340246649269,1.722,1.7198982056025285,1.745,1.7233488083372395
2024-02-08 05:00:00,Chamoli-Gauge-1,1,1.755,1.749,1.7327547988362428,1.723,1.7134972512618405,1.766,1.723903232605032
2024-02-08 06:00:00,Chamoli-Gauge-1,1,1.749,1.722,1.7264553952407025,1.732,1.720031345140124,1.72,1.7209246114692813
2024-02-08 07:00:00,Chamoli-Gauge-1,1,1.722,1.723,1.7184226463611516,1.745,1.7239940769265436,1.689,1.7173811143808908
2024-02-08 08:00:00,Chamoli-Gauge-1,1,1.723,1.732,1.7236107630819613,1.766,1.728995086918458,1.741,1.7239491709656325
2024-02-08 09:00:00,Chamoli-Gauge-1,1,1.732,1.745,1.7281009321236867,1.72,1.7231600165484813,1.754,1.7252168072401868
2024-02-08 10:00:00,Chamoli-Gauge-1,1,1.745,1.766,1.7464426029950255,1.689,1.722466467483828,1.75,1.726405784512977
2024-02-08 11:00:00,Chamoli-Gauge-1,1,1.766,1.72,1.7460768323227696,1.741,1.7241430622409724,1.742,1.7181918073026865
2024-02-08 12:00:00,Chamoli-Gauge-1,1,1.72,1.689,1.7064150423378652,1.754,1.7173444150761334,1.733,1.6997372077584383
2024-02-08 13:00:00,Chamoli-Gauge-1,1,1.689,1.741,1.6995722744538269,1.75,1.7021413889973591,1.682,1.6557258602476668
2024-02-08 14:00:00,Chamoli-Gauge-1,1,1.741,1.754,1.7452064825196065,1.742,1.7334593046105844,1.661,1.6906219225611647
2024-02-08 15:00:00,Chamoli-Gauge-1,1,1.754,1.75,1.7485890716026011,1.733,1.7302244954268968,1.654,1.6925099413065974
2024-02-08 16:00:00,Chamoli-Gauge-1,1,1.75,1.742,1.7403471160155752,1.682,1.7009117124260165,1.634,1.6827393594021522
2024-02-08 17:00:00,Chamoli-Gauge-1,1,1.742,1.733,1.7254103537903147,1.661,1.6962245304757828,1.618,1.6739452580087726
2024-02-08 18:00:00,Chamoli-Gauge-1,1,1.733,1.682,1.7081379626203512,1.654,1.6907593967304122,1.665,1.679455928415697
2024-02-08 19:00:00,Chamoli-Gauge-1,1,1.682,1.661,1.6736476175483628,1.634,1.680192386432528,1.654,1.7064348841578683
2024-02-08 20:00:00,Chamoli-Gauge-1,1,1.661,1.654,1.6606803858760375,1.618,1.6479913045985506,1.65,1.6506104843632756
2024-02-08 21:00:00,Chamoli-Gauge-1,1,1.654,1.634,1.6498382604504132,1.665,1.6439076920192655,1.645,1.6416535198922062
2024-02-08 22:00:00,Chamoli-Gauge-1,1,1.634,1.618,1.6289496682716194,1.654,1.6397694284847082,1.647,1.6300962444045586
2024-02-08 23:00:00,Chamoli-Gauge-1,1,1.618,1.665,1.6342594201115739,1.65,1.6259758495250751,1.628,1.6140759162448346
2024-02-09 00:00:00,Chamoli-Gauge-1,1,1.665,1.654,1.6546177448045942,1.645,1.6468782494607468,1.65,1.655219886599824
2024-02-09 01:00:00,Chamoli-Gauge-1,1,1.654,1.65,1.655322332345505,1.647,1.643659977970527,1.661,1.642514805722918
2024-02-09 02:00:00,Chamoli-Gauge-1,1,1.65,1.645,1.6496440423159775,1.628,1.6398652326775647,1.636,1.643427902870703
2024-02-09 03:00:00,Chamoli-Gauge-1,1,1.645,1.647,1.6416751734173667,1.65,1.6366763428436317,1.636,1.6327843176562713
2024-02-09 04:00:00,Chamoli-Gauge-1,1,1.647,1.628,1.6427824924435583,1.661,1.6433493887061015,1.634,1.633436330744441
2024-02-09 05:00:00,Chamoli-Gauge-1,1,1.628,1.65,1.6252732468557665,1.636,1.6211121640844932,1.631,1.6200710509730363
2024-02-09 06:00:00,Chamoli-Gauge-1,1,1.65,1.661,1.6515112734663189,1.636,1.6394577098025975,1.641,1.6456384346788169
2024-02-09 07:00:00,Chamoli-Gauge-1,1,1.661,1.636,1.6556750887126739,1.634,1.6505948072744843,1.649,1.6541343060887466
2024-02-09 08:00:00,Chamoli-Gauge-1,1,1.636,1.636,1.6349837091287205,1.631,1.6447364607388664,1.654,1.6413799427900435
2024-02-09 09:00:00,Chamoli-Gauge-1,1,1.636,1.634,1.634272107010616,1.641,1.644412294251851,1.655,1.632078857306869
2024-02-09 10:00:00,Chamoli-Gauge-1,1,1.634,1.631,1.6365161579109333,1.649,1.6445686354665898,1.651,1.6288812897966747
2024-02-09 11:00:00,Chamoli-Gauge-1,1,1.631,1.641,1.6380162503685916,1.654,1.6396272614591776,1.602,1.626667363639591
2024-02-09 12:00:00,Chamoli-Gauge-1,1,1.641,1.649,1.6412434387730983,1.655,1.6435801632482951,1.61,1.6264396832269858
2024-02-09 13:00:00,Chamoli-Gauge-1,1,1.649,1.654,1.651064975456966,1.651,1.638210677000612,1.613,1.6314045207114398
2024-02-09 14:00:00,Chamoli-Gauge-1,1,1.654,1.655,1.652845769774502,1.602,1.6408324998580937,1.587,1.6355048455442285
2024-02-09 15:00:00,Chamoli-Gauge-1,1,1.655,1.651,1.650334356571656,1.61,1.6432159439782539,1.587,1.6354388840644183
2024-02-09 16:00:00,Chamoli-Gauge-1,1,1.651,1.602,1.6401860671325,1.613,1.6381591079956763,1.594,1.6320252253483105
2024-02-09 17:00:00,Chamoli-Gauge-1,1,1.602,1.61,1.6031523470083997,1.587,1.5910189479214731,1.611,1.591739613766873
2024-02-09 18:00:00,Chamoli-Gauge-1,1,1.61,1.613,1.6036580739411987,1.587,1.5951946204312661,1.615,1.587681264026513
2024-02-09 19:00:00,Chamoli-Gauge-1,1,1.613,1.587,1.599819104136235,1.594,1.600901562322145,1.614,1.594377713963266
2024-02-09 20:00:00,Chamoli-Gauge-1,1,1.587,1.587,1.5937427871334682,1.611,1.5919460547491862,1.626,1.577766088781505
2024-02-09 21:00:00,Chamoli-Gauge-1,1,1.587,1.594,1.5953833528372872,1.615,1.5903220707952874,1.612,1.573971831592229
2024-02-09 22:00:00,Chamoli-Gauge-1,1,1.594,1.611,1.5955029902055982,1.614,1.5914312927150218,1.612,1.575788851034926
2024-02-09 23:00:00,Chamoli-Gauge-1,1,1.611,1.615,1.6090393486271857,1.626,1.598025812498252,1.592,1.5776124580197037
2024-02-10 00:00:00,Chamoli-Gauge-1,1,1.615,1.614,1.6123228757746555,1.612,1.6022060356561212,1.608,1.5884940800718754
2024-02-10 01:00:00,Chamoli-Gauge-1,1,1.614,1.626,1.6095305695361735,1.612,1.6042077175433147,1.566,1.5867391833435216
2024-02-10 02:00:00,Chamoli-Gauge-1,1,1.626,1.612,1.6178382743339266,1.592,1.6047831254335079,1.575,1.6035214856567446
2024-02-10 03:00:00,Chamoli-Gauge-1,1,1.612,1.612,1.6017586350274582,1.608,1.5978254800609362,1.567,1.579317390062067
2024-02-10 04:00:00,Chamoli-Gauge-1,1,1.612,1.592,1.6011345062965288,1.566,1.589850780336231,1.578,1.5734727728163405
2024-02-10 05:00:00,Chamoli-Gauge-1,1,1.592,1.608,1.594222289679874,1.575,1.5799266937828298,1.554,1.5642703183863056
2024-02-10 06:00:00,Chamoli-Gauge-1,1,1.608,1.566,1.596335600785303,1.567,1.5877263062365734,1.548,1.568648271425514
2024-02-10 07:00:00,Chamoli-Gauge-1,1,1.566,1.575,1.5607673595673044,1.578,1.5505093054539918,1.542,1.5390194291677963
2024-02-10 08:00:00,Chamoli-Gauge-1,1,1.575,1.567,1.5714998214286655,1.554,1.556459956552002,1.543,1.5352129976183986
2024-02-10 09:00:00,Chamoli-Gauge-1,1,1.567,1.578,1.5653198040460161,1.548,1.5498549824410817,1.515,1.5311423535746138
2024-02-10 10:00:00,Chamoli-Gauge-1,1,1.578,1.554,1.5704869985079635,1.542,1.5611817526250016,1.521,1.539811963232896
2024-02-10 11:00:00,Chamoli-Gauge-1,1,1.554,1.548,1.5441557800471204,1.543,1.5400768992206153,1.478,1.5213162343386266
2024-02-10 12:00:00,Chamoli-Gauge-1,1,1.548,1.542,1.5408086509592265,1.515,1.534017461765137,1.459,1.5164743898268789
2024-02-10 13:00:00,Chamoli-Gauge-1,1,1.542,1.543,1.5302302246957686,1.521,1.5242612876951864,1.423,1.5373655449646189
2024-02-10 14:00:00,Chamoli-Gauge-1,1,1.543,1.515,1.5296761329211745,1.478,1.5249609363756917,1.436,1.5334167067991018
2024-02-10 15:00:00,Chamoli-Gauge-1,1,1.515,1.521,1.5115043130845005,1.459,1.495308797007823,1.44,1.4909776962092742
2024-02-10 16:00:00,Chamoli-Gauge-1,1,1.521,1.478,1.5102107567032022,1.423,1.4975337599581986,1.445,1.4871027423721521
2024-02-10 17:00:00,Chamoli-Gauge-1,1,1.478,1.459,1.4702871888141182,1.436,1.4635224781746508,1.47,1.4663818790793703
2024-02-10 18:00:00,Chamoli-Gauge-1,1,1.459,1.423,1.4464886706313274,1.44,1.4479546446404206,1.46,1.4404337476795643
2024-02-10 19:00:00,Chamoli-Gauge-1,1,1.423,1.436,1.4222170097056248,1.445,1.417445182036752,1.467,1.4183889621212258
2024-02-10 20:00:00,Chamoli-Gauge-1,1,1.436,1.44,1.4322499549113459,1.47,1.4292258427052442,1.464,1.4242164040640917
2024-02-10 21:00:00,Chamoli-Gauge-1,1,1.44,1.445,1.4390026939052192,1.46,1.4320512289974847,1.458,1.4288938944221372
2024-02-10 22:00:00,Chamoli-Gauge-1,1,1.445,1.47,1.4465182074507579,1.467,1.4451571671717758,1.485,1.4385252089148346
2024-02-10 23:00:00,Chamoli-Gauge-1,1,1.47,1.46,1.4630669989007867,1.464,1.4542871735808702,1.526,1.4519633333568336
2024-02-11 00:00:00,Chamoli-Gauge-1,1,1.46,1.467,1.4584993714284107,1.458,1.4467540187707675,1.516,1.4521474265481933
2024-02-11 01:00:00,Chamoli-Gauge-1,1,1.467,1.464,1.456055988677685,1.485,1.4535154515787665,1.532,1.4646362443375254
2024-02-11 02:00:00,Chamoli-Gauge-1,1,1.464,1.458,1.4578916845728378,1.526,1.455024611741406,1.536,1.462977678624169
2024-02-11 03:00:00,Chamoli-Gauge-1,1,1.458,1.485,1.4531609234671334,1.516,1.4489824030160967,1.541,1.462924195085436
2024-02-11 04:00:00,Chamoli-Gauge-1,1,1.485,1.526,1.5019929760560535,1.532,1.5292280058070389,1.539,1.5482227367911328
2024-02-11 05:00:00,Chamoli-Gauge-1,1,1.526,1.516,1.523259340718331,1.536,1.532897616936652,1.525,1.5280182302016887
2024-02-11 06:00:00,Chamoli-Gauge-1,1,1.516,1.532,1.5238093015691172,1.541,1.5264699611376402,1.446,1.5224365022031219
2024-02-11 07:00:00,Chamoli-Gauge-1,1,1.532,1.536,1.536772550604616,1.539,1.5259337963241182,1.513,1.5449525537500883
2024-02-11 08:00:00,Chamoli-Gauge-1,1,1.536,1.541,1.5281346932210356,1.525,1.520269784692809,1.532,1.5337733882811158
2024-02-11 09:00:00,Chamoli-Gauge-1,1,1.541,1.539,1.5376139598475889,1.446,1.529495867769464,1.56,1.5588010717641156
2024-02-11 10:00:00,Chamoli-Gauge-1,1,1.539,1.525,1.527312067962774,1.513,1.5231459938698662,1.588,1.5442254594134088
2024-02-11 11:00:00,Chamoli-Gauge-1,1,1.525,1.446,1.5094167633444902,1.532,1.5099338056788398,1.603,1.5384988969537532
2024-02-11 12:00:00,Chamoli-Gauge-1,1,1.446,1.513,1.459949621971429,1.56,1.4636901457391045,1.638,1.4742050220154472
2024-02-11 13:00:00,Chamoli-Gauge-1,1,1.513,1.532,1.5499920465946675,1.588,1.6115105309151636,1.629,1.6650937754137205
2024-02-11 14:00:00,Chamoli-Gauge-1,1,1.532,1.56,1.555728152993757,1.603,1.6058653112164334,1.606,1.6454122048451283
2024-02-11 15:00:00,Chamoli-Gauge-1,1,1.56,1.588,1.594220208562166,1.638,1.6475428513387975,1.601,1.6631776211451947
2024-02-11 16:00:00,Chamoli-Gauge-1,1,1.588,1.603,1.6134643883934496,1.629,1.6135130500670511,1.596,1.5954151884824386
2024-02-11 17:00:00,Chamoli-Gauge-1,1,1.603,1.638,1.6265796882987198,1.606,1.6228305042466862,1.609,1.6089255537629914
2024-02-11 18:00:00,Chamoli-Gauge-1,1,1.638,1.629,1.6472567871515342,1.601,1.628593510559193,1.577,1.6125621653838342
2024-02-11 19:00:00,Chamoli-Gauge-1,1,1.629,1.606,1.61078355288382,1.596,1.606761762964936,1.557,1.596889150882818
2024-02-11 20:00:00,Chamoli-Gauge-1,1,1.606,1.601,1.6017766016796628,1.609,1.5973004010444989,1.567,1.5761707932948674
2024-02-11 21:00:00,Chamoli-Gauge-1,1,1.601,1.596,1.59355509968159,1.577,1.5820692824832074,1.55,1.5628003709588596
2024-02-11 22:00:00,Chamoli-Gauge-1,1,1.596,1.609,1.5901179160304506,1.557,1.5743772121275588,1.526,1.5555096439428222
2024-02-11 23:00:00,Chamoli-Gauge-1,1,1.609,1.577,1.595780555409529,1.567,1.583066741486934,1.509,1.5667451491710236
2024-02-12 00:00:00,Chamoli-Gauge-1,1,1.577,1.557,1.565842780376739,1.55,1.5555821621261294,1.507,1.544043407077838
2024-02-12 01:00:00,Chamoli-Gauge-1,1,1.557,1.567,1.5553665469935987,1.526,1.5345877796381011,1.506,1.5262843799454442
2024-02-12 02:00:00,Chamoli-Gauge-1,1,1.567,1.55,1.5606332425122,1.509,1.5444012164359948,1.502,1.5238568837566544
2024-02-12 03:00:00,Chamoli-Gauge-1,1,1.55,1.526,1.5440823996747066,1.507,1.5342395192977247,1.481,1.5198444299697786
2024-02-12 04:00:00,Chamoli-Gauge-1,1,1.526,1.509,1.5130251211440742,1.506,1.5075313217155295,1.499,1.5036753663123552
2024-02-12 05:00:00,Chamoli-Gauge-1,1,1.509,1.507,1.5096306345601318,1.502,1.5015647212365555,1.528,1.502543981233603
2024-02-12 06:00:00,Chamoli-Gauge-1,1,1.507,1.506,1.5081405978088316,1.481,1.5084197379845266,1.486,1.4974386086316358
2024-02-12 07:00:00,Chamoli-Gauge-1,1,1.506,1.502,1.5049674037066152,1.499,1.5060270908219848,1.453,1.4968892193243863
2024-02-12 08:00:00,Chamoli-Gauge-1,1,1.502,1.481,1.5003438282154111,1.528,1.5126750315456137,1.472,1.4992076754543786
2024-02-12 09:00:00,Chamoli-Gauge-1,1,1.481,1.499,1.481677341832307,1.486,1.484623933035761,1.503,1.4667697006616922
2024-02-12 10:00:00,Chamoli-Gauge-1,1,1.499,1.528,1.5110371095781605,1.453,1.4992848847276221,1.457,1.493804922157057
2024-02-12 11:00:00,Chamoli-Gauge-1,1,1.528,1.486,1.5144749981004288,1.472,1.5063353252969702,1.47,1.510564536294041
2024-02-12 12:00:00,Chamoli-Gauge-1,1,1.486,1.453,1.4706156671041142,1.503,1.4767846889308298,1.5,1.4791183053629569
2024-02-12 13:00:00,Chamoli-Gauge-1,1,1.453,1.472,1.4531710773975028,1.457,1.4450189528822075,1.478,1.4416125885568174
2024-02-12 14:00:00,Chamoli-Gauge-1,1,1.472,1.503,1.4741954413564717,1.47,1.465862009925285,1.506,1.460456195485101
2024-02-12 15:00:00,Chamoli-Gauge-1,1,1.503,1.457,1.493216520407869,1.5,1.5107070721027585,1.496,1.516127217246743
2024-02-12 16:00:00,Chamoli-Gauge-1,1,1.457,1.47,1.4549001587899206,1.478,1.4516086134293105,1.497,1.4633545186111834
2024-02-12 17:00:00,Chamoli-Gauge-1,1,1.47,1.5,1.466477602891305,1.506,1.4514985785553745,1.478,1.4442605766360157
2024-02-12 18:00:00,Chamoli-Gauge-1,1,1.5,1.478,1.489032636988608,1.496,1.498282440829108,1.496,1.5016980697132292
2024-02-12 19:00:00,Chamoli-Gauge-1,1,1.478,1.506,1.4716759532030288,1.497,1.4701262403405373,1.51,1.4744328977791632
2024-02-12 20:00:00,Chamoli-Gauge-1,1,1.506,1.496,1.5007886482577966,1.478,1.501057811504212,1.542,1.52452288412735
2024-02-12 21:00:00,Chamoli-Gauge-1,1,1.496,1.497,1.4909687658019877,1.496,1.4962050121437438,1.567,1.5086692725367628
2024-02-12 22:00:00,Chamoli-Gauge-1,1,1.497,1.478,1.4892387854837312,1.51,1.5020015334010481,1.562,1.5217896434474136
2024-02-12 23:00:00,Chamoli-Gauge-1,1,1.478,1.496,1.4753058952917826,1.542,1.485029494266128,1.619,1.4835390563112651
2024-02-13 00:00:00,Chamoli-Gauge-1,1,1.496,1.51,1.4954676731508674,1.567,1.5392462029317635,1.639,1.5472591446195176
2024-02-13 01:00:00,Chamoli-Gauge-1,1,1.51,1.542,1.5182683831703185,1.562,1.5325444232531389,1.643,1.5425920396884036
2024-02-13 02:00:00,Chamoli-Gauge-1,1,1.542,1.567,1.5486777008979318,1.619,1.5583639334442507,1.616,1.562864468024046
2024-02-13 03:00:00,Chamoli-Gauge-1,1,1.567,1.562,1.5653415565433533,1.639,1.5911800799695703,1.579,1.5671594281363972
2024-02-13 04:00:00,Chamoli-Gauge-1,1,1.562,1.619,1.5684641744525831,1.643,1.587084262934824,1.545,1.5615634613850384
2024-02-13 05:00:00,Chamoli-Gauge-1,1,1.619,1.639,1.6207901623046308,1.616,1.5956225616938358,1.522,1.5878325525225656
2024-02-13 06:00:00,Chamoli-Gauge-1,1,1.639,1.643,1.636878931814505,1.579,1.6080061193700188,1.575,1.62373777017512
2024-02-13 07:00:00,Chamoli-Gauge-1,1,1.643,1.616,1.634962744349412,1.545,1.6157507148697665,1.609,1.6240913918667668
2024-02-13 08:00:00,Chamoli-Gauge-1,1,1.616,1.579,1.6065490851982922,1.522,1.5915872998576253,1.619,1.6003114904311044
2024-02-13 09:00:00,Chamoli-Gauge-1,1,1.579,1.545,1.5720843520058074,1.575,1.5672641765748458,1.639,1.5667517169007814
2024-02-13 10:00:00,Chamoli-Gauge-1,1,1.545,1.522,1.536278237101111,1.609,1.546278789858686,1.655,1.5398340227870082
2024-02-13 11:00:00,Chamoli-Gauge-1,1,1.522,1.575,1.5252467753362553,1.619,1.5241258731142155,1.692,1.5440336492456332
2024-02-13 12:00:00,Chamoli-Gauge-1,1,1.575,1.609,1.6162717931727861,1.639,1.6508476962113818,1.665,1.683704136640434
2024-02-13 13:00:00,Chamoli-Gauge-1,1,1.609,1.619,1.62534425098754,1.655,1.6846462899685235,1.663,1.675566601512141
2024-02-13 14:00:00,Chamoli-Gauge-1,1,1.619,1.639,1.6357965480499095,1.692,1.6901218139170409,1.659,1.6762255264030181
2024-02-13 15:00:00,Chamoli-Gauge-1,1,1.639,1.655,1.6504541468006135,1.665,1.6405555610275777,1.633,1.6228102319485649
2024-02-13 16:00:00,Chamoli-Gauge-1,1,1.655,1.692,1.6861899423640563,1.663,1.6560609345060078,1.657,1.6500586522765373
2024-02-13 17:00:00,Chamoli-Gauge-1,1,1.692,1.665,1.6918107185038955,1.659,1.6823219453684823,1.641,1.6626183724017536
2024-02-13 18:00:00,Chamoli-Gauge-1,1,1.665,1.663,1.6662528041592972,1.633,1.6441811700262907,1.617,1.6431790077247468
2024-02-13 19:00:00,Chamoli-Gauge-1,1,1.663,1.659,1.6585366370584558,1.657,1.646196759706379,1.631,1.6423124493472052
2024-02-13 20:00:00,Chamoli-Gauge-1,1,1.659,1.633,1.648993074139384,1.641,1.6434869660577547,1.628,1.6407894200377495
2024-02-13 21:00:00,Chamoli-Gauge-1,1,1.633,1.657,1.6302973220253298,1.617,1.618569264561148,1.632,1.6142885018488526
2024-02-13 22:00:00,Chamoli-Gauge-1,1,1.657,1.641,1.6482347937979618,1.631,1.6436366702018992,1.603,1.6442445279135072
2024-02-13 23:00:00,Chamoli-Gauge-1,1,1.641,1.617,1.6302144581016142,1.628,1.6206774576896064,1.616,1.6164793763116105
2024-02-14 00:00:00,Chamoli-Gauge-1,1,1.617,1.631,1.6262434488316304,1.632,1.62086585212892,1.651,1.6134090489066992
2024-02-14 01:00:00,Chamoli-Gauge-1,1,1.631,1.628,1.6300202704442444,1.603,1.6277444591829693,1.616,1.6191508899539593
2024-02-14 02:00:00,Chamoli-Gauge-1,1,1.628,1.632,1.6298964869667363,1.616,1.6291055709048265,1.614,1.6193675047219025
2024-02-14 03:00:00,Chamoli-Gauge-1,1,1.632,1.603,1.6275433197239166,1.651,1.627911895636196,1.59,1.6151200681600637
2024-02-14 04:00:00,Chamoli-Gauge-1,1,1.603,1.616,1.6141481441329346,1.616,1.6050204096421046,1.636,1.5961191373287733
2024-02-14 05:00:00,Chamoli-Gauge-1,1,1.616,1.651,1.6302398625994003,1.614,1.6107081092164326,1.651,1.60925035120787
2024-02-14 06:00:00,Chamoli-Gauge-1,1,1.651,1.616,1.6379884467644261,1.59,1.6343107365407925,1.679,1.6424868098931589
2024-02-14 07:00:00,Chamoli-Gauge-1,1,1.616,1.614,1.608764683089175,1.636,1.6119480780337385,1.676,1.610041830278291
2024-02-14 08:00:00,Chamoli-Gauge-1,1,1.614,1.59,1.603552446309512,1.651,1.611090696284615,1.678,1.6056749992183663
2024-02-14 09:00:00,Chamoli-Gauge-1,1,1.59,1.636,1.5981518464523627,1.679,1.5931836417279943,1.714,1.5887651444976094
2024-02-14 10:00:00,Chamoli-Gauge-1,1,1.636,1.651,1.6370784062046122,1.676,1.627768733370922,1.707,1.6302666550448761
2024-02-14 11:00:00,Chamoli-Gauge-1,1,1.651,1.679,1.659626002395765,1.678,1.6433940174914965,1.7,1.6402494782184873
2024-02-14 12:00:00,Chamoli-Gauge-1,1,1.679,1.676,1.6950414213249765,1.714,1.7652431892634008,1.691,1.8032677778903765
2024-02-14 13:00:00,Chamoli-Gauge-1,1,1.676,1.678,1.695686889269384,1.707,1.7501807478344575,1.689,1.7637829658806115
2024-02-14 14:00:00,Chamoli-Gauge-1,1,1.678,1.714,1.6972824426264081,1.7,1.7542167121710468,1.692,1.7702812971247317
2024-02-14 15:00:00,Chamoli-Gauge-1,1,1.714,1.707,1.7134363048230419,1.691,1.6992026656634247,1.681,1.6968800607897463
2024-02-14 16:00:00,Chamoli-Gauge-1,1,1.707,1.7,1.7004358548814653,1.689,1.6900913600833567,1.697,1.6932477300674107
2024-02-14 17:00:00,Chamoli-Gauge-1,1,1.7,1.691,1.6949566258745463,1.692,1.6843853575762475,1.676,1.6653022289614527
2024-02-14 18:00:00,Chamoli-Gauge-1,1,1.691,1.689,1.6858709963853054,1.681,1.6660354693616666,1.686,1.64503363781999
2024-02-14 19:00:00,Chamoli-Gauge-1,1,1.689,1.692,1.6872510727464074,1.697,1.688401928265944,1.684,1.6609275348493353
2024-02-14 20:00:00,Chamoli-Gauge-1,1,1.692,1.681,1.6880092932441866,1.676,1.6857953482270305,1.688,1.6711119868986326
2024-02-14 21:00:00,Chamoli-Gauge-1,1,1.681,1.697,1.685602453723397,1.686,1.6810780174545141,1.704,1.6739240182136825
2024-02-14 22:00:00,Chamoli-Gauge-1,1,1.697,1.676,1.6896387264739532,1.684,1.6894713693949057,1.686,1.6741573202674758
2024-02-14 23:00:00,Chamoli-Gauge-1,1,1.676,1.686,1.6778195972715306,1.688,1.6782801000935434,1.664,1.667375938189719
2024-02-15 00:00:00,Chamoli-Gauge-1,1,1.686,1.684,1.6838552596764447,1.704,1.675554970785307,1.625,1.655782923482109
2024-02-15 01:00:00,Chamoli-Gauge-1,1,1.684,1.688,1.6836902637620523,1.686,1.6667387908064852,1.58,1.6385109732356034
2024-02-15 02:00:00,Chamoli-Gauge-1,1,1.688,1.704,1.6867108515804885,1.664,1.664223799059023,1.573,1.6368545562261234
2024-02-15 03:00:00,Chamoli-Gauge-1,1,1.704,1.686,1.6916491768621549,1.625,1.6679866170006088,1.567,1.641717078159566
2024-02-15 04:00:00,Chamoli-Gauge-1,1,1.686,1.664,1.680434639088117,1.58,1.6481362543243763,1.542,1.6287688503581046
2024-02-15 05:00:00,Chamoli-Gauge-1,1,1.664,1.625,1.6508318823187385,1.573,1.6350981303573198,1.521,1.625879058794566
2024-02-15 06:00:00,Chamoli-Gauge-1,1,1.625,1.58,1.604027491177517,1.567,1.5995766335834631,1.547,1.6041381913246318
2024-02-15 07:00:00,Chamoli-Gauge-1,1,1.58,1.573,1.5767656166208919,1.542,1.5611805238395695,1.558,1.5665931523039092
2024-02-15 08:00:00,Chamoli-Gauge-1,1,1.573,1.567,1.5666735619209744,1.521,1.5472694112544718,1.527,1.5391605600407636
2024-02-15 09:00:00,Chamoli-Gauge-1,1,1.567,1.542,1.553660094337477,1.547,1.5426451025090357,1.512,1.5293774318990425
2024-02-15 10:00:00,Chamoli-Gauge-1,1,1.542,1.521,1.5298553544065707,1.558,1.5260741671487623,1.515,1.5205408766638338
2024-02-15 11:00:00,Chamoli-Gauge-1,1,1.521,1.547,1.5225281017098449,1.527,1.5151180971969473,1.497,1.5124414728941433
2024-02-15 12:00:00,Chamoli-Gauge-1,1,1.547,1.558,1.5433426958255276,1.512,1.5262209230146295,1.476,1.5213044164175693
2024-02-15 13:00:00,Chamoli-Gauge-1,1,1.558,1.527,1.5557430736779105,1.515,1.5423068781788907,1.464,1.5251538876897746
2024-02-15 14:00:00,Chamoli-Gauge-1,1,1.527,1.512,1.5140925070826585,1.497,1.5074048443479746,1.511,1.5072951856728507
2024-02-15 15:00:00,Chamoli-Gauge-1,1,1.512,1.515,1.509213727674541,1.476,1.4977812210445975,1.557,1.501011199393648
2024-02-15 16:00:00,Chamoli-Gauge-1,1,1.515,1.497,1.5110154234821642,1.464,1.5033176525346301,1.566,1.5052307550571493
2024-02-15 17:00:00,Chamoli-Gauge-1,1,1.497,1.476,1.487936127488662,1.511,1.4971026793441815,1.598,1.5055565074209527
2024-02-15 18:00:00,Chamoli-Gauge-1,1,1.476,1.464,1.47210099614027,1.557,1.4855958315146023,1.621,1.4830136058363605
2024-02-15 19:00:00,Chamoli-Gauge-1,1,1.464,1.511,1.4694103318069789,1.566,1.4710575315594374,1.623,1.4654944641262275
2024-02-15 20:00:00,Chamoli-Gauge-1,1,1.511,1.557,1.5421168651653514,1.598,1.5944679854618926,1.613,1.5995559833401833
2024-02-15 21:00:00,Chamoli-Gauge-1,1,1.557,1.566,1.5667757018356676,1.621,1.6173082810492503,1.584,1.6068282624227672
2024-02-15 22:00:00,Chamoli-Gauge-1,1,1.566,1.598,1.5922355535023494,1.623,1.6271247286940325,1.603,1.620933641560446
2024-02-15 23:00:00,Chamoli-Gauge-1,1,1.598,1.621,1.6067369111209415,1.613,1.6088540222900005,1.632,1.6015607500003735
2024-02-16 00:00:00,Chamoli-Gauge-1,1,1.621,1.623,1.6283123789840208,1.584,1.6129911539666366,1.621,1.6157303706974393
2024-02-16 01:00:00,Chamoli-Gauge-1,1,1.623,1.613,1.6263548565108548,1.603,1.6217077596340985,1.606,1.6143648891040925
2024-02-16 02:00:00,Chamoli-Gauge-1,1,1.613,1.584,1.601090663404434,1.632,1.6007979033964348,1.624,1.597564597898476
2024-02-16 03:00:00,Chamoli-Gauge-1,1,1.584,1.603,1.5855650696666896,1.621,1.578014543835989,1.646,1.5642089956471739
2024-02-16 04:00:00,Chamoli-Gauge-1,1,1.603,1.632,1.6040397260737167,1.606,1.5901540246682269,1.62,1.5766582750439235
2024-02-16 05:00:00,Chamoli-Gauge-1,1,1.632,1.621,1.629615503502276,1.624,1.626859141677731,1.611,1.6171207730801918
2024-02-16 06:00:00,Chamoli-Gauge-1,1,1.621,1.606,1.623833900072435,1.646,1.6345024630967373,1.602,1.6112113903604282
2024-02-16 07:00:00,Chamoli-Gauge-1,1,1.606,1.624,1.6137234139135161,1.62,1.6197510554491836,1.58,1.5903336054611867
2024-02-16 08:00:00,Chamoli-Gauge-1,1,1.624,1.646,1.6334142166428438,1.611,1.6171130071836524,1.581,1.6069555140049314
2024-02-16 09:00:00,Chamoli-Gauge-1,1,1.646,1.62,1.6370837234914537,1.602,1.6263443378681712,1.56,1.62287905123466
2024-02-16 10:00:00,Chamoli-Gauge-1,1,1.62,1.611,1.6243913377798445,1.58,1.6137356156957607,1.546,1.597148053985912
2024-02-16 11:00:00,Chamoli-Gauge-1,1,1.611,1.602,1.6009868025131169,1.581,1.5980469080978743,1.54,1.578905260294043
2024-02-16 12:00:00,Chamoli-Gauge-1,1,1.602,1.58,1.5921545164262478,1.56,1.5830640849435147,1.507,1.5668087887668645
2024-02-16 13:00:00,Chamoli-Gauge-1,1,1.58,1.581,1.5770030922366607,1.546,1.5573044766078716,1.463,1.54332643507071
2024-02-16 14:00:00,Chamoli-Gauge-1,1,1.581,1.56,1.5761740600356557,1.54,1.5569813147391485,1.48,1.5467096463165386
2024-02-16 15:00:00,Chamoli-Gauge-1,1,1.56,1.546,1.5513971883674509,1.507,1.5327479282342584,1.463,1.5226867920909546
2024-02-16 16:00:00,Chamoli-Gauge-1,1,1.546,1.54,1.543040840038858,1.463,1.5252095451486893,1.502,1.5203311762982143
2024-02-16 17:00:00,Chamoli-Gauge-1,1,1.54,1.507,1.5291216195728767,1.48,1.5145797826041296,1.536,1.5157837706874495
2024-02-16 18:00:00,Chamoli-Gauge-1,1,1.507,1.463,1.5013052214526104,1.463,1.497521129327473,1.52,1.5101204338012368
2024-02-16 19:00:00,Chamoli-Gauge-1,1,1.463,1.48,1.472151058434315,1.502,1.4729225014968115,1.561,1.477535199845557
2024-02-16 20:00:00,Chamoli-Gauge-1,1,1.48,1.463,1.471073492125476,1.536,1.4704912779597612,1.573,1.4663916990226096
2024-02-16 21:00:00,Chamoli-Gauge-1,1,1.463,1.502,1.4716510009361758,1.52,1.4725888797761424,1.552,1.4586839179797444
2024-02-16 22:00:00,Chamoli-Gauge-1,1,1.502,1.536,1.500268224880201,1.561,1.5097398913102935,1.493,1.4993183305484088
2024-02-16 23:00:00,Chamoli-Gauge-1,1,1.536,1.52,1.5403449423484157,1.573,1.537818551554427,1.507,1.5396236231047213
2024-02-17 00:00:00,Chamoli-Gauge-1,1,1.52,1.561,1.5243788182801572,1.552,1.5160945373143229,1.508,1.5114687162774167
2024-02-17 01:00:00,Chamoli-Gauge-1,1,1.561,1.573,1.563478369418756,1.493,1.5490370492656005,1.516,1.5440969638159068
2024-02-17 02:00:00,Chamoli-Gauge-1,1,1.573,1.552,1.571903904716506,1.507,1.558600113363153,1.51,1.540222526247913
2024-02-17 03:00:00,Chamoli-Gauge-1,1,1.552,1.493,1.5390838102900302,1.508,1.5407238014267075,1.487,1.5377732060598142
2024-02-17 04:00:00,Chamoli-Gauge-1,1,1.493,1.507,1.4919964086281157,1.516,1.4917736226611982,1.479,1.487483803018704
2024-02-17 05:00:00,Chamoli-Gauge-1,1,1.507,1.508,1.5104428000481143,1.51,1.5226104108994536,1.49,1.5119466094835152
2024-02-17 06:00:00,Chamoli-Gauge-1,1,1.508,1.516,1.5091817074952978,1.487,1.5102151153077232,1.479,1.507687923453157
2024-02-17 07:00:00,Chamoli-Gauge-1,1,1.516,1.51,1.515248041807223,1.479,1.5108926841032149,1.467,1.5074281801869691
2024-02-17 08:00:00,Chamoli-Gauge-1,1,1.51,1.487,1.5092425797909448,1.49,1.5045395569172073,1.433,1.4988564338112733
2024-02-17 09:00:00,Chamoli-Gauge-1,1,1.487,1.479,1.4868110015759364,1.479,1.4836667805985095,1.432,1.4593543053606293
2024-02-17 10:00:00,Chamoli-Gauge-1,1,1.479,1.49,1.4826540668655002,1.467,1.4653174665197697,1.406,1.4543698626680146
2024-02-17 11:00:00,Chamoli-Gauge-1,1,1.49,1.479,1.4812967814157916,1.433,1.467670220052352,1.421,1.4485559510117183
2024-02-17 12:00:00,Chamoli-Gauge-1,1,1.479,1.467,1.4682114094946004,1.432,1.4484222965716453,1.403,1.4463350293331483
2024-02-17 13:00:00,Chamoli-Gauge-1,1,1.467,1.433,1.462667443194669,1.406,1.4473691138575908,1.394,1.4447633336767423
2024-02-17 14:00:00,Chamoli-Gauge-1,1,1.433,1.432,1.429332483181122,1.421,1.4230041877600357,1.435,1.431293221743336
2024-02-17 15:00:00,Chamoli-Gauge-1,1,1.432,1.406,1.4253435683024298,1.403,1.4222002236115354,1.424,1.4287657500514508
2024-02-17 16:00:00,Chamoli-Gauge-1,1,1.406,1.421,1.4050614815520177,1.394,1.4053543465329008,1.412,1.421776598105337
2024-02-17 17:00:00,Chamoli-Gauge-1,1,1.421,1.403,1.4066962328498593,1.435,1.4073026669871618,1.42,1.4158904701686563
2024-02-17 18:00:00,Chamoli-Gauge-1,1,1.403,1.394,1.401143838461094,1.424,1.4059587471882353,1.381,1.4208925121450824
2024-02-17 19:00:00,Chamoli-Gauge-1,1,1.394,1.435,1.3990776227228117,1.412,1.4060053399726362,1.403,1.4232461535970933
2024-02-17 20:00:00,Chamoli-Gauge-1,1,1.435,1.424,1.430026192733379,1.42,1.422002988995942,1.422,1.4255684601503023
2024-02-17 21:00:00,Chamoli-Gauge-1,1,1.424,1.412,1.4168796604802123,1.381,1.408001985405557,1.43,1.4226117287454345
2024-02-17 22:00:00,Chamoli-Gauge-1,1,1.412,1.42,1.406210100938772,1.403,1.4065276367439352,1.36,1.4079914389797528
2024-02-17 23:00:00,Chamoli-Gauge-1,1,1.42,1.381,1.4059662209739838,1.422,1.407933954823109,1.388,1.4025510369021956
2024-02-18 00:00:00,Chamoli-Gauge-1,1,1.381,1.403,1.3810812020788878,1.43,1.3975848908654664,1.395,1.4007735582477716
2024-02-18 01:00:00,Chamoli-Gauge-1,1,1.403,1.422,1.4039457747556519,1.36,1.386529485312303,1.45,1.3982303053603327
2024-02-18 02:00:00,Chamoli-Gauge-1,1,1.422,1.43,1.4125541868719695,1.388,1.400975932440524,1.5,1.4251981466636192
2024-02-18 03:00:00,Chamoli-Gauge-1,1,1.43,1.36,1.4144487762351896,1.395,1.4164371370762867,1.534,1.4409556348360977
2024-02-18 04:00:00,Chamoli-Gauge-1,1,1.36,1.388,1.3642038365144487,1.45,1.3841007485810077,1.536,1.4108616820281328
2024-02-18 05:00:00,Chamoli-Gauge-1,1,1.388,1.395,1.405433761757452,1.5,1.4862467443840792,1.561,1.5162128574876919
2024-02-18 06:00:00,Chamoli-Gauge-1,1,1.395,1.45,1.416926749160082,1.534,1.492339712465834,1.549,1.5072799985750904
2024-02-18 07:00:00,Chamoli-Gauge-1,1,1.45,1.5,1.491342201277802,1.536,1.5548592209689822,1.58,1.5931689811425818
2024-02-18 08:00:00,Chamoli-Gauge-1,1,1.5,1.534,1.5264424702291108,1.561,1.5346578625270548,1.578,1.5262136152489205
2024-02-18 09:00:00,Chamoli-Gauge-1,1,1.534,1.536,1.5486174060835838,1.549,1.562808759172129,1.581,1.570050540281705
2024-02-18 10:00:00,Chamoli-Gauge-1,1,1.536,1.561,1.5547669324328217,1.58,1.570607023565185,1.564,1.5712444296016048
2024-02-18 11:00:00,Chamoli-Gauge-1,1,1.561,1.549,1.558100277053794,1.578,1.5515259240728418,1.586,1.5453211704361778
2024-02-18 12:00:00,Chamoli-Gauge-1,1,1.549,1.58,1.5465831064315478,1.581,1.5414214340716172,1.59,1.5335899986215948
2024-02-18 13:00:00,Chamoli-Gauge-1,1,1.58,1.578,1.5769869647492671,1.564,1.5672591660512873,1.611,1.5621514560982788
2024-02-18 14:00:00,Chamoli-Gauge-1,1,1.578,1.581,1.5742092374556202,1.586,1.5729756140534845,1.606,1.5550989212239077
2024-02-18 15:00:00,Chamoli-Gauge-1,1,1.581,1.564,1.575152625725949,1.59,1.5779111294711023,1.597,1.5643212766611838
2024-02-18 16:00:00,Chamoli-Gauge-1,1,1.564,1.586,1.5600446045052547,1.611,1.559147375780731,1.601,1.5305528702975555
2024-02-18 17:00:00,Chamoli-Gauge-1,1,1.586,1.59,1.5871540344077173,1.606,1.5819058313402803,1.621,1.5919873635235713
2024-02-18 18:00:00,Chamoli-Gauge-1,1,1.59,1.611,1.595228991339078,1.597,1.5878319005815682,1.632,1.5811998995541334
2024-02-18 19:00:00,Chamoli-Gauge-1,1,1.611,1.606,1.6078614050066464,1.601,1.598828665867351,1.625,1.5835672736127608
2024-02-18 20:00:00,Chamoli-Gauge-1,1,1.606,1.597,1.6033649680715192,1.621,1.5981121814408472,1.578,1.5786866124360988
2024-02-18 21:00:00,Chamoli-Gauge-1,1,1.597,1.601,1.5923303754421974,1.632,1.5890095500524752,1.586,1.5732865654453128
2024-02-18 22:00:00,Chamoli-Gauge-1,1,1.601,1.621,1.5987706156539672,1.625,1.589710102971357,1.549,1.5698733875187572
2024-02-18 23:00:00,Chamoli-Gauge-1,1,1.621,1.632,1.6160701039910312,1.578,1.5947460720792053,1.542,1.5696878131577008
2024-02-19 00:00:00,Chamoli-Gauge-1,1,1.632,1.625,1.6178938335536737,1.586,1.5982001723314625,1.532,1.5779413736652164
2024-02-19 01:00:00,Chamoli-Gauge-1,1,1.625,1.578,1.6066265590647526,1.549,1.5902214058578183,1.497,1.573480465067324
2024-02-19 02:00:00,Chamoli-Gauge-1,1,1.578,1.586,1.5742489938626916,1.542,1.556541532572396,1.499,1.5520338463786247
2024-02-19 03:00:00,Chamoli-Gauge-1,1,1.586,1.549,1.5838196863463436,1.532,1.568210712978558,1.536,1.5588122683598533
2024-02-19 04:00:00,Chamoli-Gauge-1,1,1.549,1.542,1.5429675256135986,1.497,1.5368461591203402,1.523,1.5416434195594533
2024-02-19 05:00:00,Chamoli-Gauge-1,1,1.542,1.532,1.533766979943405,1.499,1.5366094367056626,1.533,1.551594617155057
2024-02-19 06:00:00,Chamoli-Gauge-1,1,1.532,1.497,1.5258795781143148,1.536,1.5299661314196757,1.574,1.554056940973147
2024-02-19 07:00:00,Chamoli-Gauge-1,1,1.497,1.499,1.4993268109813593,1.523,1.5081185669593844,1.584,1.5542528601191254
2024-02-19 08:00:00,Chamoli-Gauge-1,1,1.499,1.536,1.5070564060680407,1.533,1.5120612553279287,1.563,1.5450506312689398
2024-02-19 09:00:00,Chamoli-Gauge-1,1,1.536,1.523,1.5290771068672484,1.574,1.545328396505082,1.561,1.5715723445645735
2024-02-19 10:00:00,Chamoli-Gauge-1,1,1.523,1.533,1.5232532931046399,1.584,1.540444329003286,1.563,1.543668653448425
2024-02-19 11:00:00,Chamoli-Gauge-1,1,1.533,1.574,1.5465103585588538,1.563,1.550315444362802,1.584,1.5648511166863812
2024-02-19 12:00:00,Chamoli-Gauge-1,1,1.574,1.584,1.5740573531057218,1.561,1.5653122800747397,1.599,1.5607513731093594
2024-02-19 13:00:00,Chamoli-Gauge-1,1,1.584,1.563,1.57884638057863,1.563,1.573317256493104,1.535,1.5454953965809004
2024-02-19 14:00:00,Chamoli-Gauge-1,1,1.563,1.561,1.5625769741760747,1.584,1.5744490625059533,1.511,1.5552547095413265
2024-02-19 15:00:00,Chamoli-Gauge-1,1,1.561,1.563,1.5675968391692907,1.599,1.5635980392916267,1.503,1.5259422547933472
2024-02-19 16:00:00,Chamoli-Gauge-1,1,1.563,1.584,1.5699248452097219,1.535,1.559326010915053,1.477,1.5226662751874411
2024-02-19 17:00:00,Chamoli-Gauge-1,1,1.584,1.599,1.579057170097427,1.511,1.5656969515181092,1.397,1.5335140147117896
2024-02-19 18:00:00,Chamoli-Gauge-1,1,1.599,1.535,1.5825815172752216,1.503,1.567957353886125,1.38,1.5313508908810785
2024-02-19 19:00:00,Chamoli-Gauge-1,1,1.535,1.511,1.5275398641380598,1.477,1.5254722075328595,1.378,1.5041894077108584
2024-02-19 20:00:00,Chamoli-Gauge-1,1,1.511,1.503,1.512385825797811,1.397,1.4927187033346265,1.367,1.474601059569065
2024-02-19 21:00:00,Chamoli-Gauge-1,1,1.503,1.477,1.5051604606453912,1.38,1.477500365519033,1.346,1.465516471871686
2024-02-19 22:00:00,Chamoli-Gauge-1,1,1.477,1.397,1.4587693108367157,1.378,1.456127149852011,1.355,1.4527908431812087
2024-02-19 23:00:00,Chamoli-Gauge-1,1,1.397,1.38,1.3907264938307657,1.367,1.3848634683316816,1.37,1.3927282829559682
2024-02-20 00:00:00,Chamoli-Gauge-1,1,1.38,1.378,1.3778757852375767,1.346,1.37736387526367,1.368,1.3862050199782057
2024-02-20 01:00:00,Chamoli-Gauge-1,1,1.378,1.367,1.37656908468043,1.355,1.3769426696767384,1.402,1.387180840263547
2024-02-20 02:00:00,Chamoli-Gauge-1,1,1.367,1.346,1.3615414042212035,1.37,1.3784252407620659,1.408,1.381069711776111
2024-02-20 03:00:00,Chamoli-Gauge-1,1,1.346,1.355,1.3524409661127195,1.368,1.3534410227883182,1.395,1.3737267836035898
2024-02-20 04:00:00,Chamoli-Gauge-1,1,1.355,1.37,1.3655465338529837,1.402,1.380159598632605,1.37,1.3900331228672569
2024-02-20 05:00:00,Chamoli-Gauge-1,1,1.37,1.368,1.3806126222971968,1.408,1.4129929264903303,1.363,1.4002195234681303
2024-02-20 06:00:00,Chamoli-Gauge-1,1,1.368,1.402,1.3747009320889452,1.395,1.40170577869533,1.384,1.3989555477452085
2024-02-20 07:00:00,Chamoli-Gauge-1,1,1.402,1.408,1.4050865926160092,1.37,1.3922370578709868,1.365,1.3992835492234137
2024-02-20 08:00:00,Chamoli-Gauge-1,1,1.408,1.395,1.4043694069932047,1.363,1.3953634249530984,1.375,1.4001423547383764
2024-02-20 09:00:00,Chamoli-Gauge-1,1,1.395,1.37,1.394358828199483,1.384,1.3925846354847498,1.374,1.3969141485051604
2024-02-20 10:00:00,Chamoli-Gauge-1,1,1.37,1.363,1.3719397180791444,1.365,1.3767102670772076,1.412,1.4018057716348635
2024-02-20 11:00:00,Chamoli-Gauge-1,1,1.363,1.384,1.3662348354818628,1.375,1.3751046498984094,1.417,1.4037778209087317
2024-02-20 12:00:00,Chamoli-Gauge-1,1,1.384,1.365,1.3783174646284404,1.374,1.3815092306424013,1.399,1.4005664549331065
2024-02-20 13:00:00,Chamoli-Gauge-1,1,1.365,1.375,1.3626130797881784,1.412,1.3783967256992997,1.411,1.3990083471582448
2024-02-20 14:00:00,Chamoli-Gauge-1,1,1.375,1.374,1.3731438316511728,1.417,1.380771845312599,1.442,1.4049443552497591
2024-02-20 15:00:00,Chamoli-Gauge-1,1,1.374,1.412,1.374617542684571,1.399,1.3790831888142223,1.449,1.4029028690137189
2024-02-20 16:00:00,Chamoli-Gauge-1,1,1.412,1.417,1.411052951743592,1.411,1.3970559615198026,1.441,1.4092204813994516
2024-02-20 17:00:00,Chamoli-Gauge-1,1,1.417,1.399,1.4052282629277477,1.442,1.4065560972703155,1.466,1.4182648697752989
2024-02-20 18:00:00,Chamoli-Gauge-1,1,1.399,1.411,1.3991349425209354,1.449,1.3897992082618367,1.481,1.3919012749302324
2024-02-20 19:00:00,Chamoli-Gauge-1,1,1.411,1.442,1.4084047823821693,1.441,1.39604015793503,1.465,1.4041983100877609
2024-02-20 20:00:00,Chamoli-Gauge-1,1,1.442,1.449,1.449991017541579,1.466,1.4737633985429344,1.465,1.469071281050892
2024-02-20 21:00:00,Chamoli-Gauge-1,1,1.449,1.441,1.4587579502053116,1.481,1.492577345692384,1.448,1.4706536909354
2024-02-20 22:00:00,Chamoli-Gauge-1,1,1.441,1.466,1.450045642964778,1.465,1.4704648009079841,1.414,1.455744231832572
2024-02-20 23:00:00,Chamoli-Gauge-1,1,1.466,1.481,1.4780312753796492,1.465,1.4528003977763975,1.404,1.4424229426198525
2024-02-21 00:00:00,Chamoli-Gauge-1,1,1.481,1.465,1.474289339793511,1.448,1.4515173729392516,1.427,1.4445200152991446
2024-02-21 01:00:00,Chamoli-Gauge-1,1,1.465,1.465,1.479193066690845,1.414,1.44750873414821,1.448,1.4423713671587126
2024-02-21 02:00:00,Chamoli-Gauge-1,1,1.465,1.448,1.4598908630113974,1.404,1.4442590880255186,1.462,1.4462204073658573
2024-02-21 03:00:00,Chamoli-Gauge-1,1,1.448,1.414,1.4433784845391673,1.427,1.4369862123122141,1.463,1.431995202262604
2024-02-21 04:00:00,Chamoli-Gauge-1,1,1.414,1.404,1.4071252735272186,1.448,1.412310134223575,1.472,1.44522892381971
2024-02-21 05:00:00,Chamoli-Gauge-1,1,1.404,1.427,1.402564347804337,1.462,1.4142736447968514,1.471,1.442236153122277
2024-02-21 06:00:00,Chamoli-Gauge-1,1,1.427,1.448,1.4239579519520442,1.463,1.4202819571761978,1.446,1.419625700481479
2024-02-21 07:00:00,Chamoli-Gauge-1,1,1.448,1.462,1.4484620791985003,1.472,1.4467251952705735,1.425,1.4306737771787263
2024-02-21 08:00:00,Chamoli-Gauge-1,1,1.462,1.463,1.4620849764570016,1.471,1.4537374468747515,1.411,1.4451058243934902
2024-02-21 09:00:00,Chamoli-Gauge-1,1,1.463,1.472,1.4618207757715318,1.446,1.4471250922518772,1.438,1.4457028976086868
2024-02-21 10:00:00,Chamoli-Gauge-1,1,1.472,1.471,1.4606847936196585,1.425,1.4475577018956856,1.456,1.4554193600750576
2024-02-21 11:00:00,Chamoli-Gauge-1,1,1.471,1.446,1.4600993731259042,1.411,1.4459368451302637,1.429,1.4514154956896692
2024-02-21 12:00:00,Chamoli-Gauge-1,1,1.446,1.425,1.4391628468747648,1.438,1.4359550041638192,1.426,1.4405249967650735
2024-02-21 13:00:00,Chamoli-Gauge-1,1,1.425,1.411,1.416656210720531,1.456,1.4175038207594826,1.415,1.4179802956085255
2024-02-21 14:00:00,Chamoli-Gauge-1,1,1.411,1.438,1.4074611761992197,1.429,1.3972087776257063,1.408,1.4006675691001604
2024-02-21 15:00:00,Chamoli-Gauge-1,1,1.438,1.456,1.4376606608033258,1.426,1.424138288076786,1.394,1.4198772349953117
2024-02-21 16:00:00,Chamoli-Gauge-1,1,1.456,1.429,1.4470408502896253,1.415,1.4397206563182225,1.419,1.4329424223951213
2024-02-21 17:00:00,Chamoli-Gauge-1,1,1.429,1.426,1.422103325724988,1.408,1.4199883301127698,1.415,1.421355012666035
2024-02-21 18:00:00,Chamoli-Gauge-1,1,1.426,1.415,1.418173726322603,1.394,1.4127352946028953,1.416,1.414809352420799
2024-02-21 19:00:00,Chamoli-Gauge-1,1,1.415,1.408,1.4073896285097016,1.419,1.4055249928153999,1.417,1.4130342996012357
2024-02-21 20:00:00,Chamoli-Gauge-1,1,1.408,1.394,1.4049068912295817,1.415,1.3910703253700116,1.393,1.3804609484124144
2024-02-21 21:00:00,Chamoli-Gauge-1,1,1.394,1.419,1.3973897325682425,1.416,1.3855991056354096,1.393,1.3787224890016114
2024-02-21 22:00:00,Chamoli-Gauge-1,1,1.419,1.415,1.410836100212233,1.417,1.4021034309930989,1.411,1.4038948431129894
2024-02-21 23:00:00,Chamoli-Gauge-1,1,1.415,1.416,1.4078728466136436,1.393,1.405186068659199,1.437,1.4072162678691655
2024-02-22 00:00:00,Chamoli-Gauge-1,1,1.416,1.417,1.407555436767528,1.393,1.405227685538789,1.41,1.4049815922620281
2024-02-22 01:00:00,Chamoli-Gauge-1,1,1.417,1.393,1.4071956281815774,1.411,1.406403823222619,1.376,1.4046505106370233
2024-02-22 02:00:00,Chamoli-Gauge-1,1,1.393,1.393,1.3941009674164995,1.437,1.38603337634163,1.378,1.3836828613160495
2024-02-22 03:00:00,Chamoli-Gauge-1,1,1.393,1.411,1.3957149499725354,1.41,1.3847051421635754,1.4,1.3836445862957585
2024-02-22 04:00:00,Chamoli-Gauge-1,1,1.411,1.437,1.411469720187444,1.376,1.3939421344872753,1.406,1.3955284087932387
2024-02-22 05:00:00,Chamoli-Gauge-1,1,1.437,1.41,1.4284637106281828,1.378,1.4237429475175676,1.419,1.4300718836335575
2024-02-22 06:00:00,Chamoli-Gauge-1,1,1.41,1.376,1.4026507596476634,1.4,1.3932341187552229,1.391,1.3959296767649623
2024-02-22 07:00:00,Chamoli-Gauge-1,1,1.376,1.378,1.3731645519954816,1.406,1.3798782298174552,1.379,1.3837540953453147
2024-02-22 08:00:00,Chamoli-Gauge-1,1,1.378,1.4,1.382106693671249,1.419,1.3829991284268637,1.333,1.3735482692983823
2024-02-22 09:00:00,Chamoli-Gauge-1,1,1.4,1.406,1.4025485688798451,1.391,1.387491574847361,1.331,1.3707159835962222
2024-02-22 10:00:00,Chamoli-Gauge-1,1,1.406,1.419,1.4056512826984275,1.379,1.3934052520998614,1.291,1.3725875620869306
2024-02-22 11:00:00,Chamoli-Gauge-1,1,1.419,1.391,1.4066582830192265,1.333,1.3990043391737406,1.322,1.4030138801459298
2024-02-22 12:00:00,Chamoli-Gauge-1,1,1.391,1.379,1.3871363876288851,1.331,1.3810071634854713,1.356,1.3750634487746327
2024-02-22 13:00:00,Chamoli-Gauge-1,1,1.379,1.333,1.3728621144742594,1.291,1.376801533657382,1.362,1.3755132054189736
2024-02-22 14:00:00,Chamoli-Gauge-1,1,1.333,1.331,1.3391618195369428,1.322,1.3421346742775253,1.333,1.3603689301538155
2024-02-22 15:00:00,Chamoli-Gauge-1,1,1.331,1.291,1.3263847107311857,1.356,1.343926755544522,1.341,1.3527719431275196
2024-02-22 16:00:00,Chamoli-Gauge-1,1,1.291,1.322,1.3007707771234365,1.362,1.328394902498529,1.377,1.3589161825335079
2024-02-22 17:00:00,Chamoli-Gauge-1,1,1.322,1.356,1.3324676070350292,1.333,1.3373960983350117,1.386,1.3411671333137265
2024-02-22 18:00:00,Chamoli-Gauge-1,1,1.356,1.362,1.3578286153751304,1.341,1.363502063178938,1.408,1.3828162364028045
2024-02-22 19:00:00,Chamoli-Gauge-1,1,1.362,1.333,1.3552194380837288,1.377,1.3685376540387189,1.397,1.3903421785852281
2024-02-22 20:00:00,Chamoli-Gauge-1,1,1.333,1.341,1.3354792501547774,1.386,1.339766437659345,1.379,1.35019866876268
2024-02-22 21:00:00,Chamoli-Gauge-1,1,1.341,1.377,1.3472056052240817,1.408,1.3493956461417418,1.378,1.350388806838322
2024-02-22 22:00:00,Chamoli-Gauge-1,1,1.377,1.386,1.3746273048472102,1.397,1.3779738049350287,1.339,1.374365045920453
2024-02-22 23:00:00,Chamoli-Gauge-1,1,1.386,1.408,1.3899544815706797,1.379,1.3849351585379368,1.385,1.3968901567061975
2024-02-23 00:00:00,Chamoli-Gauge-1,1,1.408,1.397,1.4064119086966422,1.378,1.3940531157530882,1.386,1.3979420438262167
2024-02-23 01:00:00,Chamoli-Gauge-1,1,1.397,1.379,1.3969208942072717,1.339,1.388444636113516,1.402,1.3920982315762893
2024-02-23 02:00:00,Chamoli-Gauge-1,1,1.379,1.378,1.3743999438241956,1.385,1.3823382438857104,1.39,1.3976101281129765
2024-02-23 03:00:00,Chamoli-Gauge-1,1,1.378,1.339,1.3716662151934562,1.386,1.3802890088622484,1.356,1.3753233896853765
2024-02-23 04:00:00,Chamoli-Gauge-1,1,1.339,1.385,1.3490345969330049,1.402,1.3546478368918606,1.383,1.375951091482767
2024-02-23 05:00:00,Chamoli-Gauge-1,1,1.385,1.386,1.3838278101917367,1.39,1.3826536399610159,1.358,1.3766488445240246
2024-02-23 06:00:00,Chamoli-Gauge-1,1,1.386,1.402,1.385594537233049,1.356,1.3824544282181905,1.363,1.3797548802726314
2024-02-23 07:00:00,Chamoli-Gauge-1,1,1.402,1.39,1.400135125311909,1.383,1.3886729430176505,1.37,1.3868226844433258
2024-02-23 08:00:00,Chamoli-Gauge-1,1,1.39,1.356,1.384542476103663,1.358,1.3817748959925615,1.37,1.3792970821977657
2024-02-23 09:00:00,Chamoli-Gauge-1,1,1.356,1.383,1.3573079832376893,1.363,1.361614829726192,1.352,1.3644761936221943
2024-02-23 10:00:00,Chamoli-Gauge-1,1,1.383,1.358,1.377277217296796,1.37,1.3787635008823136,1.349,1.37702680602735
2024-02-23 11:00:00,Chamoli-Gauge-1,1,1.358,1.363,1.3564896923694236,1.37,1.3651599197889832,1.33,1.3649971630806461
2024-02-23 12:00:00,Chamoli-Gauge-1,1,1.363,1.37,1.36337242686812,1.352,1.368000348869175,1.347,1.3743092802254127
2024-02-23 13:00:00,Chamoli-Gauge-1,1,1.37,1.37,1.3713773927001225,1.349,1.374333114766786,1.358,1.379403929097871
2024-02-23 14:00:00,Chamoli-Gauge-1,1,1.37,1.352,1.3718658125777385,1.33,1.3742838953400174,1.358,1.3796425033013966
2024-02-23 15:00:00,Chamoli-Gauge-1,1,1.352,1.349,1.3539038528005558,1.347,1.3531935732402958,1.346,1.3566888874091938
2024-02-23 16:00:00,Chamoli-Gauge-1,1,1.349,1.33,1.342242022476125,1.358,1.3477093393663286,1.387,1.357922467379975
2024-02-23 17:00:00,Chamoli-Gauge-1,1,1.33,1.347,1.33285840775324,1.358,1.3450173070478006,1.358,1.360959033940028
2024-02-23 18:00:00,Chamoli-Gauge-1,1,1.347,1.358,1.3474976285608828,1.346,1.3449763616629933,1.326,1.3529500446905554
2024-02-23 19:00:00,Chamoli-Gauge-1,1,1.358,1.358,1.3558304222482738,1.387,1.3656365325432758,1.323,1.3586856717120843
2024-02-23 20:00:00,Chamoli-Gauge-1,1,1.358,1.346,1.3548402028760265,1.358,1.3639831510380982,1.317,1.357137044147863
2024-02-23 21:00:00,Chamoli-Gauge-1,1,1.346,1.387,1.346624836444184,1.326,1.3422521037862016,1.339,1.3533404298756326
2024-02-23 22:00:00,Chamoli-Gauge-1,1,1.387,1.358,1.3852733423118102,1.323,1.3796518381728826,1.351,1.3752620902708694
2024-02-23 23:00:00,Chamoli-Gauge-1,1,1.358,1.326,1.3533207466189068,1.317,1.3609756546000074,1.35,1.3629945561135117
2024-02-24 00:00:00,Chamoli-Gauge-1,1,1.326,1.323,1.322765822262847,1.339,1.3395494664461558,1.358,1.3444853237673995
2024-02-24 01:00:00,Chamoli-Gauge-1,1,1.323,1.317,1.3236103393707623,1.351,1.3420209857708916,1.371,1.3471983712659579
2024-02-24 02:00:00,Chamoli-Gauge-1,1,1.317,1.339,1.3247392435610665,1.35,1.3426983480199037,1.417,1.3599294549564978
2024-02-24 03:00:00,Chamoli-Gauge-1,1,1.339,1.351,1.343928663584278,1.358,1.3421076054464243,1.423,1.3728788568185333
2024-02-24 04:00:00,Chamoli-Gauge-1,1,1.351,1.35,1.3534149750719309,1.371,1.351769736217815,1.411,1.3671135557716678
2024-02-24 05:00:00,Chamoli-Gauge-1,1,1.35,1.358,1.352808958650304,1.417,1.3502328379941315,1.417,1.358679640278995
2024-02-24 06:00:00,Chamoli-Gauge-1,1,1.358,1.371,1.3551701890442653,1.423,1.3624104926405627,1.367,1.3685014473158228
2024-02-24 07:00:00,Chamoli-Gauge-1,1,1.371,1.417,1.3875287937259404,1.411,1.3946338263918654,1.364,1.3963316229980367
2024-02-24 08:00:00,Chamoli-Gauge-1,1,1.417,1.423,1.41396287058542,1.417,1.4212133587164293,1.388,1.4326576033708849
2024-02-24 09:00:00,Chamoli-Gauge-1,1,1.423,1.411,1.415222879406031,1.367,1.4193127904120688,1.401,1.4392970422606715
2024-02-24 10:00:00,Chamoli-Gauge-1,1,1.411,1.417,1.4058020419108053,1.364,1.3932743647645818,1.407,1.412043600482437
2024-02-24 11:00:00,Chamoli-Gauge-1,1,1.417,1.367,1.4037966783885591,1.388,1.4050554100735089,1.451,1.4118955606972425
2024-02-24 12:00:00,Chamoli-Gauge-1,1,1.367,1.364,1.3618989183940304,1.401,1.37263134994396,1.503,1.4121760534673191
2024-02-24 13:00:00,Chamoli-Gauge-1,1,1.364,1.388,1.3672215238198002,1.407,1.3738784259663317,1.56,1.416757525342357
2024-02-24 14:00:00,Chamoli-Gauge-1,1,1.388,1.401,1.392712432295962,1.451,1.4125701973696538,1.592,1.5052762262512671
2024-02-24 15:00:00,Chamoli-Gauge-1,1,1.401,1.407,1.4024122548936917,1.503,1.4232775390047092,1.646,1.5138836110723046
2024-02-24 16:00:00,Chamoli-Gauge-1,1,1.407,1.451,1.411625158913045,1.56,1.4290713484836925,1.659,1.4740001395110556
2024-02-24 17:00:00,Chamoli-Gauge-1,1,1.451,1.503,1.4935529551601823,1.592,1.5610733997702002,1.706,1.618447653523915
2024-02-24 18:00:00,Chamoli-Gauge-1,1,1.503,1.56,1.542939236892601,1.646,1.6095943306265175,1.743,1.651681865286881
2024-02-24 19:00:00,Chamoli-Gauge-1,1,1.56,1.592,1.5921127783040765,1.659,1.6405454877763161,1.771,1.6883511927792418
2024-02-24 20:00:00,Chamoli-Gauge-1,1,1.592,1.646,1.6152892889188277,1.706,1.6215523646322805,1.821,1.6322625085766598
2024-02-24 21:00:00,Chamoli-Gauge-1,1,1.646,1.659,1.6658909658825654,1.743,1.758009889472699,1.869,1.8124412445894247
2024-02-24 22:00:00,Chamoli-Gauge-1,1,1.659,1.706,1.7030543976203534,1.771,1.7689705626019936,1.89,1.8091294241850255
2024-02-24 23:00:00,Chamoli-Gauge-1,1,1.706,1.743,1.7381592528558991,1.821,1.8040835681851257,1.915,1.856983941443971
2024-02-25 00:00:00,Chamoli-Gauge-1,1,1.743,1.771,1.7482780834018028,1.869,1.7442008311345372,1.938,1.8303447575624479
2024-02-25 01:00:00,Chamoli-Gauge-1,1,1.771,1.821,1.7897757847003546,1.89,1.802139200656886,1.971,1.8547283901250655
2024-02-25 02:00:00,Chamoli-Gauge-1,1,1.821,1.869,1.867056226307734,1.915,1.9363098136043682,1.934,1.9458443372150733
2024-02-25 03:00:00,Chamoli-Gauge-1,1,1.869,1.89,1.8887074012330265,1.938,1.950436420506238,1.932,1.95764475696621
2024-02-25 04:00:00,Chamoli-Gauge-1,1,1.89,1.915,1.9237714186882016,1.971,1.974383914100606,1.904,1.966909301340251
2024-02-25 05:00:00,Chamoli-Gauge-1,1,1.915,1.938,1.940170640853563,1.934,1.936677081864214,1.878,1.9001167067738693
2024-02-25 06:00:00,Chamoli-Gauge-1,1,1.938,1.971,1.954518956750629,1.932,1.9468297612622367,1.884,1.9081934662630178
2024-02-25 07:00:00,Chamoli-Gauge-1,1,1.971,1.934,1.9701325765087099,1.904,1.958006755320836,1.852,1.9285795315618042
2024-02-25 08:00:00,Chamoli-Gauge-1,1,1.934,1.932,1.9339762594751373,1.878,1.9098545915519578,1.858,1.8820205471672935
2024-02-25 09:00:00,Chamoli-Gauge-1,1,1.932,1.904,1.9090575888356711,1.884,1.8904960083307707,1.848,1.8513986171010814
2024-02-25 10:00:00,Chamoli-Gauge-1,1,1.904,1.878,1.8914685150257449,1.852,1.8714727613183877,1.803,1.833991465428543
2024-02-25 11:00:00,Chamoli-Gauge-1,1,1.878,1.884,1.8676409709258952,1.858,1.838544167004788,1.821,1.832667571667847
2024-02-25 12:00:00,Chamoli-Gauge-1,1,1.884,1.852,1.8749899900941125,1.848,1.8417116859326195,1.817,1.8177339733073752
2024-02-25 13:00:00,Chamoli-Gauge-1,1,1.852,1.858,1.8502909625314776,1.803,1.8265268652264874,1.815,1.8413882439366354
2024-02-25 14:00:00,Chamoli-Gauge-1,1,1.858,1.848,1.8428011886115825,1.821,1.813540085807233,1.826,1.8256588660918223
2024-02-25 15:00:00,Chamoli-Gauge-1,1,1.848,1.803,1.8283903026438364,1.817,1.8129470826207899,1.847,1.8218515034579787
2024-02-25 16:00:00,Chamoli-Gauge-1,1,1.803,1.821,1.7997142528536272,1.815,1.7979813816041412,1.841,1.7848951445843346
2024-02-25 17:00:00,Chamoli-Gauge-1,1,1.821,1.817,1.8202019207403655,1.826,1.822790302921531,1.842,1.8051043021495494
2024-02-25 18:00:00,Chamoli-Gauge-1,1,1.817,1.815,1.8138001046529724,1.847,1.8114690192627847,1.838,1.7906860540846843
2024-02-25 19:00:00,Chamoli-Gauge-1,1,1.815,1.826,1.81845182776646,1.841,1.8177436586381712,1.82,1.7920829025095715
2024-02-25 20:00:00,Chamoli-Gauge-1,1,1.826,1.847,1.8292825863372026,1.842,1.8251993310693087,1.776,1.7889247422126056
2024-02-25 21:00:00,Chamoli-Gauge-1,1,1.847,1.841,1.8389674991413676,1.838,1.8262982300050836,1.769,1.7873778086614176
2024-02-25 22:00:00,Chamoli-Gauge-1,1,1.841,1.842,1.8348351709140398,1.82,1.8114371230454962,1.786,1.7794840684818027
2024-02-25 23:00:00,Chamoli-Gauge-1,1,1.842,1.838,1.835630518402199,1.776,1.7890617609097133,1.786,1.7746121153111118
2024-02-26 00:00:00,Chamoli-Gauge-1,1,1.838,1.82,1.8231828682906581,1.769,1.7823073358770667,1.752,1.767700444201311
2024-02-26 01:00:00,Chamoli-Gauge-1,1,1.82,1.776,1.8040687578655512,1.786,1.7824982791637645,1.763,1.7575057415353301
2024-02-26 02:00:00,Chamoli-Gauge-1,1,1.776,1.769,1.768297635593266,1.786,1.758689465688115,1.746,1.7275829771378328
2024-02-26 03:00:00,Chamoli-Gauge-1,1,1.769,1.786,1.7706235401129018,1.752,1.7543407492966614,1.693,1.7248295973275374
2024-02-26 04:00:00,Chamoli-Gauge-1,1,1.786,1.786,1.7751018999898682,1.763,1.7522434165470093,1.705,1.7246085543094816
2024-02-26 05:00:00,Chamoli-Gauge-1,1,1.786,1.752,1.7546963031036844,1.746,1.7360818489433594,1.707,1.724877861864947
2024-02-26 06:00:00,Chamoli-Gauge-1,1,1.752,1.763,1.7435482915369735,1.693,1.7097043353257277,1.763,1.730444360669206
2024-02-26 07:00:00,Chamoli-Gauge-1,1,1.763,1.746,1.747386420616421,1.705,1.719749264889076,1.805,1.7380227861218172
2024-02-26 08:00:00,Chamoli-Gauge-1,1,1.746,1.693,1.7252676839279026,1.707,1.7177040716645002,1.818,1.7311366898536484
2024-02-26 09:00:00,Chamoli-Gauge-1,1,1.693,1.705,1.6958893460274258,1.763,1.702303641956751,1.844,1.705109637921651
2024-02-26 10:00:00,Chamoli-Gauge-1,1,1.705,1.707,1.7001462301342114,1.805,1.7393943307555866,1.906,1.776717034167757
2024-02-26 11:00:00,Chamoli-Gauge-1,1,1.707,1.763,1.7332991815953318,1.818,1.8301630556371724,1.912,1.9191707770068964
2024-02-26 12:00:00,Chamoli-Gauge-1,1,1.763,1.805,1.7916960664211758,1.844,1.8614114874901213,1.903,1.9418044467241022
2024-02-26 13:00:00,Chamoli-Gauge-1,1,1.805,1.818,1.8211003840141338,1.906,1.9019852009757108,1.947,1.936938516931734
2024-02-26 14:00:00,Chamoli-Gauge-1,1,1.818,1.844,1.8302955734347783,1.912,1.8589086237970398,1.933,1.8368658932174329
2024-02-26 15:00:00,Chamoli-Gauge-1,1,1.844,1.906,1.877556766037791,1.903,1.8825172193948838,1.93,1.8584048491611902
2024-02-26 16:00:00,Chamoli-Gauge-1,1,1.906,1.912,1.9137903049867304,1.947,1.9309083738583617,1.895,1.894297591206974
2024-02-26 17:00:00,Chamoli-Gauge-1,1,1.912,1.903,1.912717871165678,1.933,1.9288780443845943,1.848,1.8690682123063653
2024-02-26 18:00:00,Chamoli-Gauge-1,1,1.903,1.947,1.916835699292466,1.93,1.9176973601111666,1.829,1.8593810886776787
2024-02-26 19:00:00,Chamoli-Gauge-1,1,1.947,1.933,1.9267104064306586,1.895,1.9018250383641984,1.817,1.851803315783337
2024-02-26 20:00:00,Chamoli-Gauge-1,1,1.933,1.93,1.9170870014621242,1.848,1.8814502026750575,1.812,1.8431781036579542
2024-02-26 21:00:00,Chamoli-Gauge-1,1,1.93,1.895,1.9031982110271268,1.829,1.8762424041425718,1.771,1.8348687904969863
2024-02-26 22:00:00,Chamoli-Gauge-1,1,1.895,1.848,1.8867757367083597,1.817,1.8639823152356996,1.773,1.8421733604896366
2024-02-26 23:00:00,Chamoli-Gauge-1,1,1.848,1.829,1.8369437597104696,1.812,1.8188749172832046,1.745,1.7686658081641053
2024-02-27 00:00:00,Chamoli-Gauge-1,1,1.829,1.817,1.8141748998382579,1.771,1.7825683311853548,1.746,1.7590566943946526
2024-02-27 01:00:00,Chamoli-Gauge-1,1,1.817,1.812,1.8008001901716701,1.773,1.7728945405435357,1.754,1.7490646792492546
2024-02-27 02:00:00,Chamoli-Gauge-1,1,1.812,1.771,1.791322035236328,1.745,1.7571524642100325,1.734,1.740100310516936
2024-02-27 03:00:00,Chamoli-Gauge-1,1,1.771,1.773,1.7569741975061797,1.746,1.7280357704825582,1.704,1.725330642144232
2024-02-27 04:00:00,Chamoli-Gauge-1,1,1.773,1.745,1.750124827583909,1.754,1.7275656320613775,1.725,1.7294392872210806
2024-02-27 05:00:00,Chamoli-Gauge-1,1,1.745,1.746,1.7346068246620834,1.734,1.7249545367949928,1.737,1.7330390003986744
2024-02-27 06:00:00,Chamoli-Gauge-1,1,1.746,1.754,1.7394222317610704,1.704,1.7268109812599322,1.733,1.7372273965742362
2024-02-27 07:00:00,Chamoli-Gauge-1,1,1.754,1.734,1.7387686338131596,1.725,1.7279623749055244,1.757,1.73996585080287
2024-02-27 08:00:00,Chamoli-Gauge-1,1,1.734,1.704,1.7227700688174918,1.737,1.7281196312045846,1.751,1.7341401576576105
2024-02-27 09:00:00,Chamoli-Gauge-1,1,1.704,1.725,1.7018418662945138,1.733,1.7029941944864868,1.732,1.677660846971952
2024-02-27 10:00:00,Chamoli-Gauge-1,1,1.725,1.737,1.7265857012443213,1.757,1.7353254495593915,1.705,1.7096343109340966
2024-02-27 11:00:00,Chamoli-Gauge-1,1,1.737,1.733,1.7436879797005747,1.751,1.7332500317021926,1.692,1.7146748704441102
2024-02-27 12:00:00,Chamoli-Gauge-1,1,1.733,1.757,1.7445104645183809,1.732,1.7282333393180636,1.697,1.709011542063996
2024-02-27 13:00:00,Chamoli-Gauge-1,1,1.757,1.751,1.75256375784331,1.705,1.7274698516341895,1.714,1.7152629226920506
2024-02-27 14:00:00,Chamoli-Gauge-1,1,1.751,1.732,1.7381821021310853,1.692,1.7121121093571812,1.704,1.7138851300989024
2024-02-27 15:00:00,Chamoli-Gauge-1,1,1.732,1.705,1.7150402467613368,1.697,1.7082417447839888,1.717,1.7054055051123376
2024-02-27 16:00:00,Chamoli-Gauge-1,1,1.705,1.692,1.7017885794787744,1.714,1.7060790370339693,1.701,1.6858251435795577
2024-02-27 17:00:00,Chamoli-Gauge-1,1,1.692,1.697,1.694437742592087,1.704,1.6786715336995546,1.674,1.6579320303305922
2024-02-27 18:00:00,Chamoli-Gauge-1,1,1.697,1.714,1.6993115369516203,1.717,1.6816373940277634,1.637,1.6573712819211255
2024-02-27 19:00:00,Chamoli-Gauge-1,1,1.714,1.704,1.702715002772543,1.701,1.6892831715047738,1.62,1.6606411950510527
2024-02-27 20:00:00,Chamoli-Gauge-1,1,1.704,1.717,1.697898898404299,1.674,1.6729837520932402,1.587,1.6552968196475717
2024-02-27 21:00:00,Chamoli-Gauge-1,1,1.717,1.701,1.7025406618391208,1.637,1.680151332359492,1.621,1.6704105230482034
2024-02-27 22:00:00,Chamoli-Gauge-1,1,1.701,1.674,1.6904829551735465,1.62,1.6652980986110715,1.623,1.653346755263281
2024-02-27 23:00:00,Chamoli-Gauge-1,1,1.674,1.637,1.658229120357363,1.587,1.6509811729894204,1.614,1.6534014716844163
2024-02-28 00:00:00,Chamoli-Gauge-1,1,1.637,1.62,1.627877638022255,1.621,1.6180545225821164,1.641,1.6154656304459578
2024-02-28 01:00:00,Chamoli-Gauge-1,1,1.62,1.587,1.609261815808613,1.623,1.614191277185392,1.605,1.611707605967982
2024-02-28 02:00:00,Chamoli-Gauge-1,1,1.587,1.621,1.5985172704503405,1.614,1.588535114015211,1.598,1.5864382759221856
2024-02-28 03:00:00,Chamoli-Gauge-1,1,1.621,1.623,1.6178858210264804,1.641,1.6090699091294867,1.633,1.6125851708850127
2024-02-28 04:00:00,Chamoli-Gauge-1,1,1.623,1.614,1.6178317658911783,1.605,1.6119017387435275,1.625,1.6178652394115542
2024-02-28 05:00:00,Chamoli-Gauge-1,1,1.614,1.641,1.613377050308919,1.598,1.609689974312533,1.668,1.6144495694185939
2024-02-28 06:00:00,Chamoli-Gauge-1,1,1.641,1.605,1.6267504191186284,1.633,1.630578676237346,1.677,1.6438599137474639
2024-02-28 07:00:00,Chamoli-Gauge-1,1,1.605,1.598,1.5987633729718698,1.625,1.6006939677787735,1.696,1.5915621305520622
2024-02-28 08:00:00,Chamoli-Gauge-1,1,1.598,1.633,1.5979979378045737,1.668,1.6040987744933153,1.71,1.584790348459787
2024-02-28 09:00:00,Chamoli-Gauge-1,1,1.633,1.625,1.6322322842193253,1.677,1.6420503550613748,1.698,1.6385923803616023
2024-02-28 10:00:00,Chamoli-Gauge-1,1,1.625,1.668,1.6348508088031481,1.696,1.6376334880307253,1.678,1.6262336261424863
2024-02-28 11:00:00,Chamoli-Gauge-1,1,1.668,1.677,1.6655396951572807,1.71,1.674111282062251,1.666,1.6657617702387388
2024-02-28 12:00:00,Chamoli-Gauge-1,1,1.677,1.696,1.6735621902575997,1.698,1.671086020110999,1.637,1.6632833764336092
2024-02-28 13:00:00,Chamoli-Gauge-1,1,1.696,1.71,1.6932775181619115,1.678,1.6814614999757542,1.627,1.6594628384527288
2024-02-28 14:00:00,Chamoli-Gauge-1,1,1.71,1.698,1.6976631510328093,1.666,1.6760445340731926,1.618,1.6634503313122886
2024-02-28 15:00:00,Chamoli-Gauge-1,1,1.698,1.678,1.6873325037029434,1.637,1.6604209048319083,1.644,1.6519267831249027
2024-02-28 16:00:00,Chamoli-Gauge-1,1,1.678,1.666,1.6703814420980978,1.627,1.6520843770836895,1.646,1.6483412291730315
2024-02-28 17:00:00,Chamoli-Gauge-1,1,1.666,1.637,1.6541236166171187,1.618,1.645196312842495,1.684,1.6575943346058253
2024-02-28 18:00:00,Chamoli-Gauge-1,1,1.637,1.627,1.6321574990842584,1.644,1.6358182032012702,1.63,1.6317532535142827
2024-02-28 19:00:00,Chamoli-Gauge-1,1,1.627,1.618,1.622561061868257,1.646,1.6276842971902576,1.597,1.6205768188947334
2024-02-28 20:00:00,Chamoli-Gauge-1,1,1.618,1.644,1.6198557984411586,1.684,1.6149100686120457,1.582,1.5923340949643625
2024-02-28 21:00:00,Chamoli-Gauge-1,1,1.644,1.646,1.6426318983936952,1.63,1.6339816993749203,1.604,1.6279875655087237
2024-02-28 22:00:00,Chamoli-Gauge-1,1,1.646,1.684,1.6556770396185974,1.597,1.6255815913424907,1.596,1.620317744205425
2024-02-28 23:00:00,Chamoli-Gauge-1,1,1.684,1.63,1.6722804037168137,1.582,1.6532093951197562,1.561,1.6440066917952896
2024-02-29 00:00:00,Chamoli-Gauge-1,1,1.63,1.597,1.615226507169337,1.604,1.6148228362968877,1.551,1.607933184506193
2024-02-29 01:00:00,Chamoli-Gauge-1,1,1.597,1.582,1.58887956548461,1.596,1.5816652986128972,1.528,1.5543367056181985
2024-02-29 02:00:00,Chamoli-Gauge-1,1,1.582,1.604,1.581554583831412,1.561,1.5647397827176774,1.501,1.545930787904935
2024-02-29 03:00:00,Chamoli-Gauge-1,1,1.604,1.596,1.5982351703090567,1.551,1.5846186995782887,1.543,1.562124083364381
2024-02-29 04:00:00,Chamoli-Gauge-1,1,1.596,1.561,1.588121044579521,1.528,1.5825522446066174,1.533,1.5616160366931722
2024-02-29 05:00:00,Chamoli-Gauge-1,1,1.561,1.551,1.550573503796926,1.501,1.5424549064532735,1.534,1.532800376553125
2024-02-29 06:00:00,Chamoli-Gauge-1,1,1.551,1.528,1.5474389314688721,1.543,1.5380504169985865,1.53,1.5311218624717577
2024-02-29 07:00:00,Chamoli-Gauge-1,1,1.528,1.501,1.5193437186044356,1.533,1.5219644744385712,1.518,1.5196761559050604
2024-02-29 08:00:00,Chamoli-Gauge-1,1,1.501,1.543,1.5204152392455343,1.534,1.5248633625131691,1.495,1.5177983238748716
2024-02-29 09:00:00,Chamoli-Gauge-1,1,1.543,1.533,1.5330820204613569,1.53,1.532001382699623,1.483,1.5238918177497658
2024-02-29 10:00:00,Chamoli-Gauge-1,1,1.533,1.534,1.5269493288258078,1.518,1.5152609161102009,1.484,1.5202385182200162
2024-02-29 11:00:00,Chamoli-Gauge-1,1,1.534,1.53,1.539000813311741,1.495,1.5207815877128101,1.507,1.5335339712009097
2024-02-29 12:00:00,Chamoli-Gauge-1,1,1.53,1.518,1.5189229947224865,1.483,1.508289376524557,1.519,1.5131911768537123
2024-02-29 13:00:00,Chamoli-Gauge-1,1,1.518,1.495,1.5098863130319307,1.484,1.502779368512371,1.488,1.5009998366348918
2024-02-29 14:00:00,Chamoli-Gauge-1,1,1.495,1.483,1.4924555246197115,1.507,1.4950336857094877,1.503,1.486933891792051
2024-02-29 15:00:00,Chamoli-Gauge-1,1,1.483,1.484,1.474662230324109,1.519,1.476427128481022,1.506,1.461903930125082
2024-02-29 16:00:00,Chamoli-Gauge-1,1,1.484,1.507,1.4795613651252373,1.488,1.4718090641023767,1.487,1.453385563370376
2024-02-29 17:00:00,Chamoli-Gauge-1,1,1.507,1.519,1.5033245295267832,1.503,1.4952161064669032,1.485,1.5002257458449226
2024-02-29 18:00:00,Chamoli-Gauge-1,1,1.519,1.488,1.5124751892859394,1.506,1.5060693531098013,1.491,1.5069398599405022
2024-02-29 19:00:00,Chamoli-Gauge-1,1,1.488,1.503,1.4836352628067582,1.487,1.4724266233291639,1.486,1.4693323782364887
2024-02-29 20:00:00,Chamoli-Gauge-1,1,1.503,1.506,1.501193358105496,1.485,1.4884261290600753,1.49,1.4942175334031071
2024-02-29 21:00:00,Chamoli-Gauge-1,1,1.506,1.487,1.501583351387983,1.491,1.4897034415530948,1.468,1.4960613142985075
2024-02-29 22:00:00,Chamoli-Gauge-1,1,1.487,1.485,1.4815838415310625,1.486,1.47160362760916,1.502,1.4662898390226553
2024-02-29 23:00:00,Chamoli-Gauge-1,1,1.485,1.491,1.481509931598951,1.49,1.4686964077766242,1.458,1.4470347343495833
2024-03-01 00:00:00,Chamoli-Gauge-1,1,1.491,1.486,1.4836167212337192,1.468,1.4683215775750564,1.465,1.4494940452951635
2024-03-01 01:00:00,Chamoli-Gauge-1,1,1.486,1.49,1.4813175238489096,1.502,1.4685813546082165,1.468,1.4492859331227668
2024-03-01 02:00:00,Chamoli-Gauge-1,1,1.49,1.468,1.4802665138899909,1.458,1.4628634446296411,1.476,1.4502442979946322
2024-03-01 03:00:00,Chamoli-Gauge-1,1,1.468,1.502,1.471395622661884,1.465,1.4567386542176457,1.458,1.4497601476492743
2024-03-01 04:00:00,Chamoli-Gauge-1,1,1.502,1.458,1.4879460602080432,1.468,1.4899508543796014,1.477,1.5063853430202536
2024-03-01 05:00:00,Chamoli-Gauge-1,1,1.458,1.465,1.4577843201142138,1.476,1.4577373549802009,1.47,1.4654638458497744
2024-03-01 06:00:00,Chamoli-Gauge-1,1,1.465,1.468,1.4624661186937886,1.458,1.4515234606593552,1.442,1.4466739094711436
2024-03-01 07:00:00,Chamoli-Gauge-1,1,1.468,1.476,1.4619101297205417,1.477,1.458195943153396,1.417,1.4505397005513394
2024-03-01 08:00:00,Chamoli-Gauge-1,1,1.476,1.458,1.4586998886055704,1.47,1.4535191326963222,1.416,1.4514925253361532
2024-03-01 09:00:00,Chamoli-Gauge-1,1,1.458,1.477,1.4560186299062352,1.442,1.4432527429206048,1.381,1.443664818082027
2024-03-01 10:00:00,Chamoli-Gauge-1,1,1.477,1.47,1.4601107416028696,1.417,1.4456433584498989,1.415,1.4460784043597121
2024-03-01 11:00:00,Chamoli-Gauge-1,1,1.47,1.442,1.4583114573547107,1.416,1.4450026364322754,1.432,1.4487687463934171
2024-03-01 12:00:00,Chamoli-Gauge-1,1,1.442,1.417,1.4371638115532759,1.381,1.4312482160616615,1.465,1.4395729743443588
2024-03-01 13:00:00,Chamoli-Gauge-1,1,1.417,1.416,1.4074920500531662,1.415,1.4123045768782474,1.494,1.4198834699995582
2024-03-01 14:00:00,Chamoli-Gauge-1,1,1.416,1.381,1.407269592262662,1.432,1.413362964921377,1.481,1.4140044925971698
2024-03-01 15:00:00,Chamoli-Gauge-1,1,1.381,1.415,1.3856890548528007,1.465,1.3816405267333673,1.458,1.389896335514913
2024-03-01 16:00:00,Chamoli-Gauge-1,1,1.415,1.432,1.4149842128011738,1.494,1.4216788036348378,1.4,1.4095483817408798
2024-03-01 17:00:00,Chamoli-Gauge-1,1,1.432,1.465,1.4364755031851633,1.481,1.437666012829613,1.389,1.4236941113806334
2024-03-01 18:00:00,Chamoli-Gauge-1,1,1.465,1.494,1.466735966091124,1.458,1.4645745086804494,1.422,1.4523243539233972
2024-03-01 19:00:00,Chamoli-Gauge-1,1,1.494,1.481,1.4814466261268096,1.4,1.471422677184319,1.401,1.4586027510397495
2024-03-01 20:00:00,Chamoli-Gauge-1,1,1.481,1.458,1.4636607280267349,1.389,1.4483354422374257,1.394,1.439039939978065
2024-03-01 21:00:00,Chamoli-Gauge-1,1,1.458,1.4,1.4455491831408624,1.422,1.446690786076816,1.38,1.4435006118501101
2024-03-01 22:00:00,Chamoli-Gauge-1,1,1.4,1.389,1.3924258016422146,1.401,1.3888498058918322,1.385,1.3935442729371734
2024-03-01 23:00:00,Chamoli-Gauge-1,1,1.389,1.422,1.3914265685912455,1.394,1.3803547862652867,1.409,1.3859245119218733
2024-03-02 00:00:00,Chamoli-Gauge-1,1,1.422,1.401,1.4141539951179913,1.38,1.4106912932048778,1.374,1.4034501949626
2024-03-02 01:00:00,Chamoli-Gauge-1,1,1.401,1.394,1.3958582863938,1.385,1.3870815799408425,1.35,1.3867242943187912
2024-03-02 02:00:00,Chamoli-Gauge-1,1,1.394,1.38,1.3944667014321135,1.409,1.3856824774881566,1.383,1.3871323721237203
2024-03-02 03:00:00,Chamoli-Gauge-1,1,1.38,1.385,1.3806687619961153,1.374,1.3787515558030452,1.4,1.3856685718436907
2024-03-02 04:00:00,Chamoli-Gauge-1,1,1.385,1.409,1.390431699330548,1.35,1.3794299851373626,1.397,1.3865116534317454
2024-03-02 05:00:00,Chamoli-Gauge-1,1,1.409,1.374,1.403978675449691,1.383,1.3897050408371556,1.433,1.3921643035962368
2024-03-02 06:00:00,Chamoli-Gauge-1,1,1.374,1.35,1.3730523172001183,1.4,1.3775211272146342,1.407,1.3868126850755418
2024-03-02 07:00:00,Chamoli-Gauge-1,1,1.35,1.383,1.3651375144618039,1.397,1.3678945512024503,1.422,1.3837520987354623
2024-03-02 08:00:00,Chamoli-Gauge-1,1,1.383,1.4,1.3926491653590143,1.433,1.4030528920697494,1.417,1.4087667422873542
2024-03-02 09:00:00,Chamoli-Gauge-1,1,1.4,1.397,1.4029672795149721,1.407,1.4087689644834989,1.426,1.4151541094395368
2024-03-02 10:00:00,Chamoli-Gauge-1,1,1.397,1.433,1.3997575630387358,1.422,1.3905145605144507,1.374,1.3936304682235523
2024-03-02 11:00:00,Chamoli-Gauge-1,1,1.433,1.407,1.4247463330892516,1.417,1.432420902382037,1.367,1.426723987773943
2024-03-02 12:00:00,Chamoli-Gauge-1,1,1.407,1.422,1.4068822588623155,1.426,1.3920392613304735,1.381,1.397152811621985
2024-03-02 13:00:00,Chamoli-Gauge-1,1,1.422,1.417,1.4091242002355782,1.374,1.3999289606212835,1.379,1.407399254688595
2024-03-02 14:00:00,Chamoli-Gauge-1,1,1.417,1.426,1.4074073917037564,1.367,1.4004969915270282,1.403,1.405805418815501
2024-03-02 15:00:00,Chamoli-Gauge-1,1,1.426,1.374,1.41295356583086,1.381,1.4111881587541613,1.426,1.4136879250060355
2024-03-02 16:00:00,Chamoli-Gauge-1,1,1.374,1.367,1.3726272075350154,1.379,1.380454602325672,1.404,1.4081889383067339
2024-03-02 17:00:00,Chamoli-Gauge-1,1,1.367,1.381,1.3650599615862262,1.403,1.3773916615469213,1.419,1.4044224328600454
2024-03-02 18:00:00,Chamoli-Gauge-1,1,1.381,1.379,1.3869106588336746,1.426,1.387573598056116,1.396,1.4111188016316234
2024-03-02 19:00:00,Chamoli-Gauge-1,1,1.379,1.403,1.3822527515484841,1.404,1.3846658895825579,1.394,1.3805492129890833
2024-03-02 20:00:00,Chamoli-Gauge-1,1,1.403,1.426,1.404919398688875,1.419,1.3914856099678243,1.406,1.387228856624685
2024-03-02 21:00:00,Chamoli-Gauge-1,1,1.426,1.404,1.4126728362604473,1.396,1.4118283527651014,1.387,1.4164934437716967
2024-03-02 22:00:00,Chamoli-Gauge-1,1,1.404,1.419,1.4010814818824124,1.394,1.388406048393486,1.401,1.384554969999388
2024-03-02 23:00:00,Chamoli-Gauge-1,1,1.419,1.396,1.4051367320678574,1.406,1.3997346517751919,1.389,1.4062433755287165
2024-03-03 00:00:00,Chamoli-Gauge-1,1,1.396,1.394,1.397798920278933,1.387,1.384890173585437,1.376,1.3764642309147825
2024-03-03 01:00:00,Chamoli-Gauge-1,1,1.394,1.406,1.3971447400087045,1.401,1.3848217374024923,1.389,1.3754434190379201
2024-03-03 02:00:00,Chamoli-Gauge-1,1,1.406,1.387,1.4049351627390685,1.389,1.3899414470766354,1.369,1.3805081178487422
2024-03-03 03:00:00,Chamoli-Gauge-1,1,1.387,1.401,1.388343592831885,1.376,1.382606419896512,1.352,1.3756926649543468
2024-03-03 04:00:00,Chamoli-Gauge-1,1,1.401,1.389,1.3998590103957866,1.389,1.3875437453518031,1.374,1.3779664279041446
2024-03-03 05:00:00,Chamoli-Gauge-1,1,1.389,1.376,1.3847219364260266,1.369,1.3790699347272153,1.377,1.375484378590498
2024-03-03 06:00:00,Chamoli-Gauge-1,1,1.376,1.389,1.3712403759388065,1.352,1.3746112731443527,1.349,1.3717937290759632
2024-03-03 07:00:00,Chamoli-Gauge-1,1,1.389,1.369,1.3873568389716,1.374,1.3795000515872915,1.367,1.374099250485031
2024-03-03 08:00:00,Chamoli-Gauge-1,1,1.369,1.352,1.362073000849997,1.377,1.3706273789252583,1.36,1.3717110419376786
2024-03-03 09:00:00,Chamoli-Gauge-1,1,1.352,1.374,1.3628710777845645,1.349,1.3572730476956294,1.33,1.3594516200206541
2024-03-03 10:00:00,Chamoli-Gauge-1,1,1.374,1.377,1.3780545073455681,1.367,1.3790394184112305,1.279,1.359069734240328
2024-03-03 11:00:00,Chamoli-Gauge-1,1,1.377,1.349,1.379353115096479,1.36,1.3809023821245872,1.297,1.3622535047748545
2024-03-03 12:00:00,Chamoli-Gauge-1,1,1.349,1.367,1.3539051080196365,1.33,1.3473081126250162,1.28,1.3552305258162816
2024-03-03 13:00:00,Chamoli-Gauge-1,1,1.367,1.36,1.3605656682546363,1.279,1.3657651067397496,1.256,1.3585563105614122
2024-03-03 14:00:00,Chamoli-Gauge-1,1,1.36,1.33,1.3561319657253794,1.297,1.3608132424486519,1.27,1.3551251599652132
2024-03-03 15:00:00,Chamoli-Gauge-1,1,1.33,1.279,1.3241819960732544,1.28,1.336273047551515,1.287,1.3344978036099107
2024-03-03 16:00:00,Chamoli-Gauge-1,1,1.279,1.297,1.275057862826191,1.256,1.2746852182496113,1.272,1.3199389181741732
2024-03-03 17:00:00,Chamoli-Gauge-1,1,1.297,1.28,1.300295556715253,1.27,1.3240673470605586,1.291,1.3357235065901214
2024-03-03 18:00:00,Chamoli-Gauge-1,1,1.28,1.256,1.2719099062598,1.287,1.281694618060901,1.332,1.327324703600628
2024-03-03 19:00:00,Chamoli-Gauge-1,1,1.256,1.27,1.2593850181084043,1.272,1.2715481488390994,1.358,1.334220974361027
2024-03-03 20:00:00,Chamoli-Gauge-1,1,1.27,1.287,1.2736256089938531,1.291,1.2836725165959686,1.38,1.341661178346827
2024-03-03 21:00:00,Chamoli-Gauge-1,1,1.287,1.272,1.2866778445348361,1.332,1.3075957505797478,1.384,1.3348310681055886
2024-03-03 22:00:00,Chamoli-Gauge-1,1,1.272,1.291,1.2776373382989348,1.358,1.2966568189830745,1.373,1.3332158705958919
2024-03-03 23:00:00,Chamoli-Gauge-1,1,1.291,1.332,1.2934261087647736,1.38,1.3328445714331616,1.369,1.3298676549323034
2024-03-04 00:00:00,Chamoli-Gauge-1,1,1.332,1.358,1.3401522486018864,1.384,1.3458479862910822,1.376,1.335457277447812
2024-03-04 01:00:00,Chamoli-Gauge-1,1,1.358,1.38,1.3569785414707394,1.373,1.3632684217368043,1.356,1.3663660466666088
2024-03-04 02:00:00,Chamoli-Gauge-1,1,1.38,1.384,1.3771777955555973,1.369,1.380252854182706,1.345,1.376824706192221
2024-03-04 03:00:00,Chamoli-Gauge-1,1,1.384,1.373,1.3814738918055693,1.376,1.3781823825665402,1.322,1.377411284722517
2024-03-04 04:00:00,Chamoli-Gauge-1,1,1.373,1.369,1.3709917883929543,1.356,1.373600391708211,1.333,1.3740935732835804
2024-03-04 05:00:00,Chamoli-Gauge-1,1,1.369,1.376,1.3634926058317347,1.345,1.3656241453660343,1.341,1.3726433698113034
2024-03-04 06:00:00,Chamoli-Gauge-1,1,1.376,1.356,1.3720604733567197,1.322,1.3722791261668175,1.333,1.3747055399161598
2024-03-04 07:00:00,Chamoli-Gauge-1,1,1.356,1.345,1.3636325288939446,1.333,1.3694751751886662,1.349,1.3826666894163278
2024-03-04 08:00:00,Chamoli-Gauge-1,1,1.345,1.322,1.3371621311462014,1.341,1.3453429816074591,1.326,1.3513293545640341
2024-03-04 09:00:00,Chamoli-Gauge-1,1,1.322,1.333,1.3298979364317849,1.333,1.3427141337297916,1.312,1.3536428207544005
2024-03-04 10:00:00,Chamoli-Gauge-1,1,1.333,1.341,1.3418180323711313,1.349,1.3418448103483476,1.328,1.3411618839439077
2024-03-04 11:00:00,Chamoli-Gauge-1,1,1.341,1.333,1.340861933512773,1.326,1.3378823513284914,1.346,1.3452222539983731
2024-03-04 12:00:00,Chamoli-Gauge-1,1,1.333,1.349,1.335657212032401,1.312,1.333737584792212,1.33,1.3403341207094945
2024-03-04 13:00:00,Chamoli-Gauge-1,1,1.349,1.326,1.3405658750737244,1.328,1.3358286527046745,1.334,1.3406074680595692
2024-03-04 14:00:00,Chamoli-Gauge-1,1,1.326,1.312,1.3247369970448917,1.346,1.3344546441579417,1.318,1.3303698364520877
2024-03-04 15:00:00,Chamoli-Gauge-1,1,1.312,1.328,1.322866292422501,1.33,1.325426203476077,1.314,1.323132088102597
2024-03-04 16:00:00,Chamoli-Gauge-1,1,1.328,1.346,1.335807190444328,1.334,1.3349818356700505,1.316,1.3278552196440971
2024-03-04 17:00:00,Chamoli-Gauge-1,1,1.346,1.33,1.339985907035594,1.318,1.3320088690894027,1.327,1.3373133392206742
2024-03-04 18:00:00,Chamoli-Gauge-1,1,1.33,1.334,1.329035045575202,1.314,1.3296454930115758,1.332,1.3320691627907946
2024-03-04 19:00:00,Chamoli-Gauge-1,1,1.334,1.318,1.3290597369084882,1.316,1.3333965675515371,1.337,1.3296479681503983
2024-03-04 20:00:00,Chamoli-Gauge-1,1,1.318,1.314,1.3235341948519006,1.327,1.33135560541443,1.314,1.3264488204363698
2024-03-04 21:00:00,Chamoli-Gauge-1,1,1.314,1.316,1.3233894687620542,1.332,1.3312279067731145,1.322,1.3239452713425375
2024-03-04 22:00:00,Chamoli-Gauge-1,1,1.316,1.327,1.3260623922946544,1.337,1.3329049491161475,1.332,1.325331907834522
2024-03-04 23:00:00,Chamoli-Gauge-1,1,1.327,1.332,1.3328804205093079,1.314,1.335027971213228,1.345,1.3271969199835447
2024-03-05 00:00:00,Chamoli-Gauge-1,1,1.332,1.337,1.3359924267342114,1.322,1.3302183629360234,1.329,1.3270164996770726
2024-03-05 01:00:00,Chamoli-Gauge-1,1,1.337,1.314,1.3306061161312508,1.332,1.3320610016620695,1.346,1.3277052181717421
2024-03-05 02:00:00,Chamoli-Gauge-1,1,1.314,1.322,1.322957195546389,1.345,1.3284992765625423,1.319,1.322872138377268
2024-03-05 03:00:00,Chamoli-Gauge-1,1,1.322,1.332,1.3275062281492522,1.329,1.3306904605546563,1.31,1.3171587803229274
2024-03-05 04:00:00,Chamoli-Gauge-1,1,1.332,1.345,1.3380698650273737,1.346,1.3296515432089813,1.304,1.3185974138191248
2024-03-05 05:00:00,Chamoli-Gauge-1,1,1.345,1.329,1.337563584797398,1.319,1.3271074794522344,1.278,1.3265745530056576
2024-03-05 06:00:00,Chamoli-Gauge-1,1,1.329,1.346,1.3313143046413802,1.31,1.3278300349276906,1.273,1.317585418567436
2024-03-05 07:00:00,Chamoli-Gauge-1,1,1.346,1.319,1.3395076785162807,1.304,1.3330289999981744,1.278,1.3248049179681798
2024-03-05 08:00:00,Chamoli-Gauge-1,1,1.319,1.31,1.3246330318328343,1.278,1.321634584174933,1.243,1.3054033034624135
2024-03-05 09:00:00,Chamoli-Gauge-1,1,1.31,1.304,1.3103574860346112,1.273,1.319331423144156,1.236,1.290749411083272
2024-03-05 10:00:00,Chamoli-Gauge-1,1,1.304,1.278,1.3037471785047674,1.278,1.3226807671412557,1.203,1.299494582856893
2024-03-05 11:00:00,Chamoli-Gauge-1,1,1.278,1.273,1.2742722447018466,1.243,1.2778935157983387,1.247,1.2885174690049963
2024-03-05 12:00:00,Chamoli-Gauge-1,1,1.273,1.278,1.2728729172071838,1.236,1.2733609867935205,1.253,1.2979844278262869
2024-03-05 13:00:00,Chamoli-Gauge-1,1,1.278,1.243,1.271747266073123,1.203,1.2713095550938207,1.257,1.3040446906924998
2024-03-05 14:00:00,Chamoli-Gauge-1,1,1.243,1.236,1.2412308627072153,1.247,1.252399130895765,1.263,1.2964732004000663
2024-03-05 15:00:00,Chamoli-Gauge-1,1,1.236,1.203,1.220616398805144,1.253,1.248829003792543,1.276,1.2934201235359717
2024-03-05 16:00:00,Chamoli-Gauge-1,1,1.203,1.247,1.2056730109235467,1.257,1.204818022840939,1.296,1.2376477295354984
2024-03-05 17:00:00,Chamoli-Gauge-1,1,1.247,1.253,1.2467117981902762,1.263,1.260525398288533,1.271,1.303288288371312
2024-03-05 18:00:00,Chamoli-Gauge-1,1,1.253,1.257,1.2578304540177832,1.276,1.2690390334207413,1.305,1.3128725429491688
2024-03-05 19:00:00,Chamoli-Gauge-1,1,1.257,1.263,1.2606461091755068,1.296,1.2743540024478104,1.338,1.3139886910669711
2024-03-05 20:00:00,Chamoli-Gauge-1,1,1.263,1.276,1.2615457510952348,1.271,1.276039525364474,1.344,1.3157842195432687
2024-03-05 21:00:00,Chamoli-Gauge-1,1,1.276,1.296,1.2769717004624828,1.305,1.2863267120575586,1.349,1.3163923959579198
2024-03-05 22:00:00,Chamoli-Gauge-1,1,1.296,1.271,1.2924619365457584,1.338,1.3374770072488944,1.294,1.3161456247161536
2024-03-05 23:00:00,Chamoli-Gauge-1,1,1.271,1.305,1.2921642957276984,1.344,1.3250380255144534,1.272,1.3341507027303345
2024-03-06 00:00:00,Chamoli-Gauge-1,1,1.305,1.338,1.3189038084330054,1.349,1.3455919906814617,1.285,1.3464277581780375
2024-03-06 01:00:00,Chamoli-Gauge-1,1,1.338,1.344,1.3395164375809956,1.294,1.3229052694717918,1.348,1.3531241726782928
2024-03-06 02:00:00,Chamoli-Gauge-1,1,1.344,1.349,1.338572316397399,1.272,1.3174329056558878,1.4,1.3805224506890779
2024-03-06 03:00:00,Chamoli-Gauge-1,1,1.349,1.294,1.3314013078863352,1.285,1.3135409023800872,1.434,1.3809388976600614
2024-03-06 04:00:00,Chamoli-Gauge-1,1,1.294,1.272,1.291995946262409,1.348,1.3288799172892358,1.508,1.397003578462608
2024-03-06 05:00:00,Chamoli-Gauge-1,1,1.272,1.285,1.2784268339659213,1.4,1.3142906096247795,1.562,1.3943169963439144
2024-03-06 06:00:00,Chamoli-Gauge-1,1,1.285,1.348,1.295092643984385,1.434,1.3274841331898166,1.586,1.4059464853386825
2024-03-06 07:00:00,Chamoli-Gauge-1,1,1.348,1.4,1.3808978304915347,1.508,1.4601492199298947,1.622,1.5080253754252277
2024-03-06 08:00:00,Chamoli-Gauge-1,1,1.4,1.434,1.4395783465724241,1.562,1.5488304646198732,1.592,1.5829368607783179
2024-03-06 09:00:00,Chamoli-Gauge-1,1,1.434,1.508,1.4796768806956648,1.586,1.5567545894655452,1.555,1.551238781531649
2024-03-06 10:00:00,Chamoli-Gauge-1,1,1.508,1.562,1.552743094014406,1.622,1.5640888396675159,1.539,1.5398855753841054
2024-03-06 11:00:00,Chamoli-Gauge-1,1,1.562,1.586,1.5896769476595054,1.592,1.59802110271853,1.517,1.5668707823577783
2024-03-06 12:00:00,Chamoli-Gauge-1,1,1.586,1.622,1.6113572799359868,1.555,1.593381750749614,1.503,1.5969763484065398
2024-03-06 13:00:00,Chamoli-Gauge-1,1,1.622,1.592,1.6102757201942743,1.539,1.5829726018060961,1.513,1.5762961593912028
2024-03-06 14:00:00,Chamoli-Gauge-1,1,1.592,1.555,1.582578939907228,1.517,1.5674695797001121,1.506,1.5598828586142346
2024-03-06 15:00:00,Chamoli-Gauge-1,1,1.555,1.539,1.5438051853325365,1.503,1.5365708884411846,1.5,1.5241973491059326
2024-03-06 16:00:00,Chamoli-Gauge-1,1,1.539,1.517,1.5234493276686174,1.513,1.5188074475318023,1.495,1.52291907247851
2024-03-06 17:00:00,Chamoli-Gauge-1,1,1.517,1.503,1.5151616462286346,1.506,1.5029029064307444,1.443,1.4945620629177734
2024-03-06 18:00:00,Chamoli-Gauge-1,1,1.503,1.513,1.504457612672623,1.5,1.499106535502837,1.41,1.481535375136886
2024-03-06 19:00:00,Chamoli-Gauge-1,1,1.513,1.506,1.5092520018707218,1.495,1.5000346903952668,1.4,1.4760879356218595
2024-03-06 20:00:00,Chamoli-Gauge-1,1,1.506,1.5,1.503270127621302,1.443,1.483064984130111,1.382,1.4597454394151044
2024-03-06 21:00:00,Chamoli-Gauge-1,1,1.5,1.495,1.4971310685480346,1.41,1.4793054545341195,1.378,1.4606933617084563
2024-03-06 22:00:00,Chamoli-Gauge-1,1,1.495,1.443,1.486049562302458,1.4,1.4749362943234472,1.407,1.4625094618488965
2024-03-06 23:00:00,Chamoli-Gauge-1,1,1.443,1.41,1.4338519191395314,1.382,1.4252348585400532,1.406,1.433189156047747
2024-03-07 00:00:00,Chamoli-Gauge-1,1,1.41,1.4,1.4060689410101184,1.378,1.3955655513779335,1.378,1.4005318728026555
2024-03-07 01:00:00,Chamoli-Gauge-1,1,1.4,1.382,1.3972957138712787,1.407,1.3909864179876241,1.361,1.3855517962579347
2024-03-07 02:00:00,Chamoli-Gauge-1,1,1.382,1.378,1.3820137760089073,1.406,1.3844834103659744,1.395,1.3887679504500332
2024-03-07 03:00:00,Chamoli-Gauge-1,1,1.378,1.407,1.3797177621083965,1.378,1.3832148841899623,1.423,1.3995272981678448
2024-03-07 04:00:00,Chamoli-Gauge-1,1,1.407,1.406,1.407295958200824,1.361,1.3904354169498985,1.431,1.3972987637615788
2024-03-07 05:00:00,Chamoli-Gauge-1,1,1.406,1.378,1.4024633170324718,1.395,1.3910906550273319,1.396,1.3971517076006574
2024-03-07 06:00:00,Chamoli-Gauge-1,1,1.378,1.361,1.3704808536419615,1.423,1.3800719094291685,1.399,1.3932938104710388
2024-03-07 07:00:00,Chamoli-Gauge-1,1,1.361,1.395,1.3610003283616388,1.431,1.3717573530252662,1.404,1.3837035025982127
2024-03-07 08:00:00,Chamoli-Gauge-1,1,1.395,1.423,1.4012475709818233,1.396,1.3861611883622191,1.401,1.381384640303639
2024-03-07 09:00:00,Chamoli-Gauge-1,1,1.423,1.431,1.4178683752605497,1.399,1.4050041647206952,1.387,1.4053022749180277
2024-03-07 10:00:00,Chamoli-Gauge-1,1,1.431,1.396,1.4180930930897067,1.404,1.4226014092930201,1.377,1.425830243909689
2024-03-07 11:00:00,Chamoli-Gauge-1,1,1.396,1.399,1.395541879230359,1.401,1.3879916018490308,1.362,1.3842389273826945
2024-03-07 12:00:00,Chamoli-Gauge-1,1,1.399,1.404,1.3992854646944972,1.387,1.3860415853515855,1.337,1.3801127461963376
2024-03-07 13:00:00,Chamoli-Gauge-1,1,1.404,1.401,1.4003787547131568,1.377,1.386112191697046,1.363,1.381881710341758
2024-03-07 14:00:00,Chamoli-Gauge-1,1,1.401,1.387,1.3991872681289643,1.362,1.3872636591143588,1.379,1.3813729986343755
2024-03-07 15:00:00,Chamoli-Gauge-1,1,1.387,1.377,1.3860943297238688,1.337,1.3782964582780097,1.371,1.379942771159204
2024-03-07 16:00:00,Chamoli-Gauge-1,1,1.377,1.362,1.3725085434809752,1.363,1.3761644142769032,1.376,1.3797418534954224
2024-03-07 17:00:00,Chamoli-Gauge-1,1,1.362,1.337,1.3536319105290517,1.379,1.3688108510794779,1.381,1.3788888817513796
2024-03-07 18:00:00,Chamoli-Gauge-1,1,1.337,1.363,1.3385142489763273,1.371,1.347332500576996,1.426,1.355745910612554
2024-03-07 19:00:00,Chamoli-Gauge-1,1,1.363,1.379,1.3612486694378694,1.376,1.3701956136977802,1.44,1.3828641667344939
2024-03-07 20:00:00,Chamoli-Gauge-1,1,1.379,1.371,1.37748790566287,1.381,1.3789636648468029,1.453,1.3858411716493775
2024-03-07 21:00:00,Chamoli-Gauge-1,1,1.371,1.376,1.3743502349775,1.426,1.376230761373403,1.449,1.3870788948468589
2024-03-07 22:00:00,Chamoli-Gauge-1,1,1.376,1.381,1.3732218445925455,1.44,1.377258017681235,1.437,1.3854684270736406
2024-03-07 23:00:00,Chamoli-Gauge-1,1,1.381,1.426,1.3830904343709165,1.453,1.380163349802906,1.461,1.3829391459217482
2024-03-08 00:00:00,Chamoli-Gauge-1,1,1.426,1.44,1.4248196981871113,1.449,1.4395132426138408,1.472,1.43816680476898
2024-03-08 01:00:00,Chamoli-Gauge-1,1,1.44,1.453,1.4370049776361704,1.437,1.440889901444426,1.454,1.44616647883085
2024-03-08 02:00:00,Chamoli-Gauge-1,1,1.453,1.449,1.4527544844993563,1.461,1.4475081018165525,1.527,1.4927020690427928
2024-03-08 03:00:00,Chamoli-Gauge-1,1,1.449,1.437,1.451985527707411,1.472,1.4462958648675566,1.606,1.5099862736634826
2024-03-08 04:00:00,Chamoli-Gauge-1,1,1.437,1.461,1.4359847060520068,1.454,1.4358239597387472,1.624,1.4832953171658645
2024-03-08 05:00:00,Chamoli-Gauge-1,1,1.461,1.472,1.4589501827032867,1.527,1.4648937715606587,1.665,1.4984988747359567
2024-03-08 06:00:00,Chamoli-Gauge-1,1,1.472,1.454,1.4659548144978554,1.606,1.5244209041041736,1.727,1.5651917235501356
2024-03-08 07:00:00,Chamoli-Gauge-1,1,1.454,1.527,1.4700202063738104,1.624,1.5092134905295835,1.741,1.549206556785348
2024-03-08 08:00:00,Chamoli-Gauge-1,1,1.527,1.606,1.568792443023343,1.665,1.6507449399137075,1.696,1.6848116219435523
2024-03-08 09:00:00,Chamoli-Gauge-1,1,1.606,1.624,1.6401522448791659,1.727,1.7376832134628069,1.687,1.707635422012628
2024-03-08 10:00:00,Chamoli-Gauge-1,1,1.624,1.665,1.6548059407762719,1.741,1.7453136446731803,1.692,1.7258268365206413
2024-03-08 11:00:00,Chamoli-Gauge-1,1,1.665,1.727,1.7081134019119497,1.696,1.7147923462101364,1.698,1.706618071092956
2024-03-08 12:00:00,Chamoli-Gauge-1,1,1.727,1.741,1.7280959397297195,1.687,1.706492965502154,1.725,1.7276580123287215
2024-03-08 13:00:00,Chamoli-Gauge-1,1,1.741,1.696,1.7268966925598124,1.692,1.7185441648705673,1.721,1.7476846998010542
2024-03-08 14:00:00,Chamoli-Gauge-1,1,1.696,1.687,1.696085768549596,1.698,1.6851797496399314,1.708,1.6793958948160752
2024-03-08 15:00:00,Chamoli-Gauge-1,1,1.687,1.692,1.6918905249141745,1.725,1.7062955026695474,1.672,1.6760313429590885
2024-03-08 16:00:00,Chamoli-Gauge-1,1,1.692,1.698,1.6945055583718072,1.721,1.7083304480187251,1.656,1.682098255906849
2024-03-08 17:00:00,Chamoli-Gauge-1,1,1.698,1.725,1.6987027424793126,1.708,1.7070375546820502,1.662,1.68883879703239
2024-03-08 18:00:00,Chamoli-Gauge-1,1,1.725,1.721,1.7221201781146163,1.672,1.7047154717314126,1.669,1.7339079587912367
2024-03-08 19:00:00,Chamoli-Gauge-1,1,1.721,1.708,1.7156632527176687,1.656,1.6971583176166667,1.666,1.7322564329322823
2024-03-08 20:00:00,Chamoli-Gauge-1,1,1.708,1.672,1.6925248246252182,1.662,1.6865514267976611,1.67,1.6962477855837839
2024-03-08 21:00:00,Chamoli-Gauge-1,1,1.672,1.656,1.656916767510379,1.669,1.6562927796785614,1.688,1.6465995749547766
2024-03-08 22:00:00,Chamoli-Gauge-1,1,1.656,1.662,1.656741219402255,1.666,1.6465069315591834,1.682,1.6412966384055505
2024-03-08 23:00:00,Chamoli-Gauge-1,1,1.662,1.669,1.6540527200102575,1.67,1.648452765489768,1.702,1.6492327592837057
2024-03-09 00:00:00,Chamoli-Gauge-1,1,1.669,1.666,1.659718623347662,1.688,1.6633563120505135,1.679,1.6489941115656834
2024-03-09 01:00:00,Chamoli-Gauge-1,1,1.666,1.67,1.664428872904449,1.682,1.6548104607932503,1.67,1.6482207489301994
2024-03-09 02:00:00,Chamoli-Gauge-1,1,1.67,1.688,1.669944420461103,1.702,1.6644232825877936,1.651,1.6422918531850308
2024-03-09 03:00:00,Chamoli-Gauge-1,1,1.688,1.682,1.687306182308612,1.679,1.6716583516816361,1.658,1.6446783764786916
2024-03-09 04:00:00,Chamoli-Gauge-1,1,1.682,1.702,1.682039187782821,1.67,1.664840589537498,1.628,1.640180693459309
2024-03-09 05:00:00,Chamoli-Gauge-1,1,1.702,1.679,1.6937142968128414,1.651,1.678080848959681,1.613,1.66558317184846
2024-03-09 06:00:00,Chamoli-Gauge-1,1,1.679,1.67,1.6729632509182584,1.658,1.6584878792784694,1.568,1.636946587347812
2024-03-09 07:00:00,Chamoli-Gauge-1,1,1.67,1.651,1.663557686897433,1.628,1.657335750956189,1.572,1.6392312796136606
2024-03-09 08:00:00,Chamoli-Gauge-1,1,1.651,1.658,1.6494319851746817,1.613,1.6356757416996777,1.59,1.6388701772764114
2024-03-09 09:00:00,Chamoli-Gauge-1,1,1.658,1.628,1.648553880370817,1.568,1.6393500589757182,1.6,1.6537479002678197
2024-03-09 10:00:00,Chamoli-Gauge-1,1,1.628,1.613,1.617977293707826,1.572,1.6088324124324167,1.608,1.6209175427419977
2024-03-09 11:00:00,Chamoli-Gauge-1,1,1.613,1.568,1.596863349701363,1.59,1.6028955718275648,1.617,1.590624648015729
2024-03-09 12:00:00,Chamoli-Gauge-1,1,1.568,1.572,1.5646918450463856,1.6,1.5589100122637247,1.622,1.5612250421988125
2024-03-09 13:00:00,Chamoli-Gauge-1,1,1.572,1.59,1.571922974508904,1.608,1.5594306934487938,1.625,1.5542656483635595
2024-03-09 14:00:00,Chamoli-Gauge-1,1,1.59,1.6,1.5895875772399113,1.617,1.5796916376304453,1.629,1.5797593181938328
2024-03-09 15:00:00,Chamoli-Gauge-1,1,1.6,1.608,1.591900949942277,1.622,1.5818173447296344,1.606,1.5875150706369743
2024-03-09 16:00:00,Chamoli-Gauge-1,1,1.608,1.617,1.6067935793743948,1.625,1.5975554258362408,1.593,1.5802365473957598
2024-03-09 17:00:00,Chamoli-Gauge-1,1,1.617,1.622,1.6170970343616013,1.629,1.5997725245169385,1.585,1.5713541498073844
2024-03-09 18:00:00,Chamoli-Gauge-1,1,1.622,1.625,1.6183281476950733,1.606,1.5990277378043938,1.57,1.5689031627569572
2024-03-09 19:00:00,Chamoli-Gauge-1,1,1.625,1.629,1.6182304045596405,1.593,1.6009815632426998,1.531,1.5754953464565942
2024-03-09 20:00:00,Chamoli-Gauge-1,1,1.629,1.606,1.6171617672837122,1.585,1.602322312244669,1.499,1.5865493961534831
2024-03-09 21:00:00,Chamoli-Gauge-1,1,1.606,1.593,1.5956885493387305,1.57,1.5885433914401346,1.498,1.5552964587015103
2024-03-09 22:00:00,Chamoli-Gauge-1,1,1.593,1.585,1.5878133139008694,1.531,1.5700646052909546,1.51,1.5510396810746403
2024-03-09 23:00:00,Chamoli-Gauge-1,1,1.585,1.57,1.5786481058832704,1.499,1.5616927460536936,1.504,1.5523923754485913
2024-03-10 00:00:00,Chamoli-Gauge-1,1,1.57,1.531,1.5642767335478953,1.498,1.553787207588325,1.554,1.5580457374968064
2024-03-10 01:00:00,Chamoli-Gauge-1,1,1.531,1.499,1.5221559265712405,1.51,1.5288807595748115,1.528,1.555601799763801
2024-03-10 02:00:00,Chamoli-Gauge-1,1,1.499,1.498,1.5030238690439468,1.504,1.5051551023724792,1.531,1.5446953313303944
2024-03-10 03:00:00,Chamoli-Gauge-1,1,1.498,1.51,1.5014716593328672,1.554,1.5121327788657457,1.551,1.5441836833934022
2024-03-10 04:00:00,Chamoli-Gauge-1,1,1.51,1.504,1.5097502663501052,1.528,1.5148939166117052,1.565,1.5440057304842412
2024-03-10 05:00:00,Chamoli-Gauge-1,1,1.504,1.554,1.510367065871867,1.531,1.5087039438219887,1.571,1.5399420288438952
2024-03-10 06:00:00,Chamoli-Gauge-1,1,1.554,1.528,1.5496952920265283,1.551,1.5631764609616987,1.584,1.5901603137288765
2024-03-10 07:00:00,Chamoli-Gauge-1,1,1.528,1.531,1.522463927102393,1.565,1.546636613190792,1.577,1.5606762841139983
2024-03-10 08:00:00,Chamoli-Gauge-1,1,1.531,1.551,1.5404426826912105,1.571,1.5515259219764508,1.602,1.590773550547803
2024-03-10 09:00:00,Chamoli-Gauge-1,1,1.551,1.565,1.554547210080391,1.584,1.5604270680849481,1.618,1.5706302852401766
2024-03-10 10:00:00,Chamoli-Gauge-1,1,1.565,1.571,1.569897977508599,1.577,1.5753720064268963,1.592,1.578458900726073
2024-03-10 11:00:00,Chamoli-Gauge-1,1,1.571,1.584,1.5731062468830028,1.602,1.5770287588538352,1.589,1.5793915309297424
2024-03-10 12:00:00,Chamoli-Gauge-1,1,1.584,1.577,1.5763850023160184,1.618,1.5759645937678006,1.55,1.5562320804311318
2024-03-10 13:00:00,Chamoli-Gauge-1,1,1.577,1.602,1.5733772284995005,1.592,1.5706942142997753,1.573,1.5588160879800594
2024-03-10 14:00:00,Chamoli-Gauge-1,1,1.602,1.618,1.5915774089633254,1.589,1.5744988809165856,1.569,1.5606237610577345
2024-03-10 15:00:00,Chamoli-Gauge-1,1,1.618,1.592,1.6157674379438403,1.55,1.591663094741692,1.588,1.5739458711836958
2024-03-10 16:00:00,Chamoli-Gauge-1,1,1.592,1.589,1.5822104276618696,1.573,1.574154273695954,1.577,1.5555804096781654
2024-03-10 17:00:00,Chamoli-Gauge-1,1,1.589,1.55,1.5801412945757116,1.569,1.5717986500340884,1.532,1.55024604581459
2024-03-10 18:00:00,Chamoli-Gauge-1,1,1.55,1.573,1.5547470310244011,1.588,1.55761333793227,1.578,1.5530040586798735
2024-03-10 19:00:00,Chamoli-Gauge-1,1,1.573,1.569,1.571432533424493,1.577,1.5601086858937578,1.573,1.5603211339017837
2024-03-10 20:00:00,Chamoli-Gauge-1,1,1.569,1.588,1.5680338972826577,1.532,1.5562289865407,1.546,1.5532065511852862
2024-03-10 21:00:00,Chamoli-Gauge-1,1,1.588,1.577,1.581571042400643,1.578,1.5735418398016943,1.562,1.5718499313187482
2024-03-10 22:00:00,Chamoli-Gauge-1,1,1.577,1.532,1.5658381610112333,1.573,1.5646723719036368,1.596,1.567822258716404
2024-03-10 23:00:00,Chamoli-Gauge-1,1,1.532,1.578,1.528588804833535,1.546,1.5271473073152495,1.583,1.5557582117215736
2024-03-11 00:00:00,Chamoli-Gauge-1,1,1.578,1.573,1.5732307523233038,1.562,1.5635230711055703,1.573,1.547199146951162
2024-03-11 01:00:00,Chamoli-Gauge-1,1,1.573,1.546,1.5629439808822594,1.596,1.5630794494787357,1.569,1.5410104655403882
2024-03-11 02:00:00,Chamoli-Gauge-1,1,1.546,1.562,1.5479208569971834,1.583,1.5659211505171675,1.539,1.5515529391427294
2024-03-11 03:00:00,Chamoli-Gauge-1,1,1.562,1.596,1.568521594231366,1.573,1.5609020155762274,1.518,1.53489768821938
2024-03-11 04:00:00,Chamoli-Gauge-1,1,1.596,1.583,1.5855974531120653,1.569,1.5685004574466948,1.547,1.5441305353564314
2024-03-11 05:00:00,Chamoli-Gauge-1,1,1.583,1.573,1.575861840529877,1.539,1.568836106026382,1.537,1.5496388962422716
2024-03-11 06:00:00,Chamoli-Gauge-1,1,1.573,1.569,1.567137491146789,1.518,1.559644943905249,1.52,1.5369182742428533
2024-03-11 07:00:00,Chamoli-Gauge-1,1,1.569,1.539,1.5640326876206387,1.547,1.5574753518950404,1.511,1.5291069156876347
2024-03-11 08:00:00,Chamoli-Gauge-1,1,1.539,1.518,1.5273681230288925,1.537,1.5402064350304445,1.532,1.5273264124894994
2024-03-11 09:00:00,Chamoli-Gauge-1,1,1.518,1.547,1.5217515947424798,1.52,1.5118886013201411,1.493,1.5116301613682763
2024-03-11 10:00:00,Chamoli-Gauge-1,1,1.547,1.537,1.5464718562347077,1.511,1.547697018769004,1.499,1.5334366601482305
2024-03-11 11:00:00,Chamoli-Gauge-1,1,1.537,1.52,1.5298219401310256,1.532,1.5422812774787722,1.55,1.5486314265488956
2024-03-11 12:00:00,Chamoli-Gauge-1,1,1.52,1.511,1.5173769281604739,1.493,1.520959646397497,1.584,1.5552434408427966
2024-03-11 13:00:00,Chamoli-Gauge-1,1,1.511,1.532,1.5158792086322117,1.499,1.509868801849719,1.587,1.5399943281035664
2024-03-11 14:00:00,Chamoli-Gauge-1,1,1.532,1.493,1.5222824568452578,1.55,1.52778115378997,1.606,1.5433755366209747
2024-03-11 15:00:00,Chamoli-Gauge-1,1,1.493,1.499,1.500267093681167,1.584,1.5106581794233278,1.622,1.5155387212783404
2024-03-11 16:00:00,Chamoli-Gauge-1,1,1.499,1.55,1.5135853213456687,1.587,1.51604396314856,1.61,1.5335501569097223
2024-03-11 17:00:00,Chamoli-Gauge-1,1,1.55,1.584,1.5561206980381805,1.606,1.5631163032070394,1.619,1.555867774667622
2024-03-11 18:00:00,Chamoli-Gauge-1,1,1.584,1.587,1.5804424144896385,1.622,1.5879153758683962,1.646,1.5859785070114727
2024-03-11 19:00:00,Chamoli-Gauge-1,1,1.587,1.606,1.5948557826976322,1.61,1.5912329506482998,1.61,1.5860926948750464
2024-03-11 20:00:00,Chamoli-Gauge-1,1,1.606,1.622,1.6111855760909644,1.619,1.6006401889218547,1.614,1.5827484521478297
2024-03-11 21:00:00,Chamoli-Gauge-1,1,1.622,1.61,1.6182554506308184,1.646,1.6087082240478554,1.613,1.6108667305510473
2024-03-11 22:00:00,Chamoli-Gauge-1,1,1.61,1.619,1.61151077296394,1.61,1.6021474138286191,1.608,1.5849278869584922
2024-03-11 23:00:00,Chamoli-Gauge-1,1,1.619,1.646,1.6196869254439012,1.614,1.606716361475518,1.6,1.5998588563870557
2024-03-12 00:00:00,Chamoli-Gauge-1,1,1.646,1.61,1.6375865693332325,1.613,1.6393991305489457,1.598,1.6627653631801385
2024-03-12 01:00:00,Chamoli-Gauge-1,1,1.61,1.614,1.6038890741551108,1.608,1.5948203917044665,1.597,1.577903851034956
2024-03-12 02:00:00,Chamoli-Gauge-1,1,1.614,1.613,1.6051007942642521,1.6,1.5990175078694684,1.611,1.5931660360419386
2024-03-12 03:00:00,Chamoli-Gauge-1,1,1.613,1.608,1.6004969572071421,1.598,1.5961568941682043,1.611,1.5878072359137712
2024-03-12 04:00:00,Chamoli-Gauge-1,1,1.608,1.6,1.5991219919436819,1.597,1.5910540510396036,1.599,1.5720834596161124
2024-03-12 05:00:00,Chamoli-Gauge-1,1,1.6,1.598,1.5923771628481318,1.611,1.5825666472062319,1.573,1.5628698371978489
2024-03-12 06:00:00,Chamoli-Gauge-1,1,1.598,1.597,1.5912305427278108,1.611,1.5832791150128371,1.555,1.5599795830584973
2024-03-12 07:00:00,Chamoli-Gauge-1,1,1.597,1.611,1.5902341153847748,1.599,1.5798420501882107,1.553,1.5552105928697544
2024-03-12 08:00:00,Chamoli-Gauge-1,1,1.611,1.611,1.6040664573691064,1.573,1.5890471966015771,1.532,1.5658987316557498
2024-03-12 09:00:00,Chamoli-Gauge-1,1,1.611,1.599,1.6041209616497563,1.555,1.5899927180266682,1.544,1.5730328303118912
2024-03-12 10:00:00,Chamoli-Gauge-1,1,1.599,1.573,1.5873496534849971,1.553,1.5758770227150394,1.576,1.559433888475207
2024-03-12 11:00:00,Chamoli-Gauge-1,1,1.573,1.555,1.56137973253147,1.532,1.549951181476583,1.621,1.5582344158792902
2024-03-12 12:00:00,Chamoli-Gauge-1,1,1.555,1.553,1.5516063922270507,1.544,1.5609926033965456,1.63,1.5668967880480218
2024-03-12 13:00:00,Chamoli-Gauge-1,1,1.553,1.532,1.547528819083899,1.576,1.5649356030277375,1.634,1.562210117885097
2024-03-12 14:00:00,Chamoli-Gauge-1,1,1.532,1.544,1.5275635219583745,1.621,1.550331827462851,1.678,1.5852166327050412
2024-03-12 15:00:00,Chamoli-Gauge-1,1,1.544,1.576,1.5492394781591332,1.63,1.5723035930430913,1.7,1.6022681507577041
2024-03-12 16:00:00,Chamoli-Gauge-1,1,1.576,1.621,1.6179880993441949,1.634,1.649690209438895,1.684,1.6842716923635783
2024-03-12 17:00:00,Chamoli-Gauge-1,1,1.621,1.63,1.6383775458250789,1.678,1.6956929405919727,1.687,1.6836396219001157
2024-03-12 18:00:00,Chamoli-Gauge-1,1,1.63,1.634,1.6380980837127133,1.7,1.698568373681285,1.69,1.6995771007535583
2024-03-12 19:00:00,Chamoli-Gauge-1,1,1.634,1.678,1.6562265752025964,1.684,1.6503041069547317,1.654,1.6287096713866491
2024-03-12 20:00:00,Chamoli-Gauge-1,1,1.678,1.7,1.6947543857454037,1.687,1.6744744038069412,1.672,1.6589973184843134
2024-03-12 21:00:00,Chamoli-Gauge-1,1,1.7,1.684,1.6936068817423584,1.69,1.68456957825245,1.654,1.6629991160180004
2024-03-12 22:00:00,Chamoli-Gauge-1,1,1.684,1.687,1.6790442539715287,1.654,1.6512787815710503,1.678,1.644839695379511
2024-03-12 23:00:00,Chamoli-Gauge-1,1,1.687,1.69,1.6800008960851578,1.672,1.65978471441732,1.64,1.6358086501900073
2024-03-13 00:00:00,Chamoli-Gauge-1,1,1.69,1.654,1.6787944577735407,1.654,1.658631319698103,1.637,1.6373782977649654
2024-03-13 01:00:00,Chamoli-Gauge-1,1,1.654,1.672,1.6559491883521644,1.678,1.646989153213357,1.623,1.6246669212621379
2024-03-13 02:00:00,Chamoli-Gauge-1,1,1.672,1.654,1.6546978299967232,1.64,1.6513496341907046,1.574,1.6343232225756141
2024-03-13 03:00:00,Chamoli-Gauge-1,1,1.654,1.678,1.6567968423417614,1.637,1.6428161038253848,1.578,1.61830743742546
2024-03-13 04:00:00,Chamoli-Gauge-1,1,1.678,1.64,1.657320050013641,1.623,1.6550285992073184,1.532,1.6363494683695985
2024-03-13 05:00:00,Chamoli-Gauge-1,1,1.64,1.637,1.6318690186113078,1.574,1.6019731292716088,1.52,1.5907371857683386
2024-03-13 06:00:00,Chamoli-Gauge-1,1,1.637,1.623,1.6312824770796768,1.578,1.6034955584210697,1.536,1.5926013490554463
2024-03-13 07:00:00,Chamoli-Gauge-1,1,1.623,1.574,1.6058286382297953,1.532,1.5881329403558844,1.519,1.5751694898299755
2024-03-13 08:00:00,Chamoli-Gauge-1,1,1.574,1.578,1.5712554518047785,1.52,1.5532373723938455,1.506,1.5475442184687818
2024-03-13 09:00:00,Chamoli-Gauge-1,1,1.578,1.532,1.5675598740475953,1.536,1.5565901563196975,1.527,1.5456608406440036
2024-03-13 10:00:00,Chamoli-Gauge-1,1,1.532,1.52,1.523148052772342,1.519,1.5168048431303653,1.527,1.5254081448865624
2024-03-13 11:00:00,Chamoli-Gauge-1,1,1.52,1.536,1.5218932432276715,1.506,1.507703007118257,1.523,1.5081305876826292
2024-03-13 12:00:00,Chamoli-Gauge-1,1,1.536,1.519,1.5274112173845602,1.527,1.521637824457379,1.553,1.5520995933811905
2024-03-13 13:00:00,Chamoli-Gauge-1,1,1.519,1.506,1.5163799332753778,1.527,1.510654600869327,1.533,1.5128808801733022
2024-03-13 14:00:00,Chamoli-Gauge-1,1,1.506,1.527,1.5239156475293991,1.523,1.5229055899382684,1.517,1.512287896736899
2024-03-13 15:00:00,Chamoli-Gauge-1,1,1.527,1.527,1.5196787165385444,1.553,1.5216225484030432,1.528,1.513013928277285
2024-03-13 16:00:00,Chamoli-Gauge-1,1,1.527,1.523,1.5231296738072262,1.533,1.5277082571102587,1.497,1.520060241345856
2024-03-13 17:00:00,Chamoli-Gauge-1,1,1.523,1.553,1.5228732083696346,1.517,1.5171737686716325,1.526,1.5173688077563934
2024-03-13 18:00:00,Chamoli-Gauge-1,1,1.553,1.533,1.5477327647799215,1.528,1.5534206514454445,1.515,1.5418698803387345
2024-03-13 19:00:00,Chamoli-Gauge-1,1,1.533,1.517,1.5240248931699933,1.497,1.519372214300344,1.526,1.5308600034074795
2024-03-13 20:00:00,Chamoli-Gauge-1,1,1.517,1.528,1.512932782377392,1.526,1.510263584334291,1.537,1.507159331550458
2024-03-13 21:00:00,Chamoli-Gauge-1,1,1.528,1.497,1.5125079283693512,1.515,1.509053782879706,1.527,1.502542112203343
2024-03-13 22:00:00,Chamoli-Gauge-1,1,1.497,1.526,1.4953816590883025,1.526,1.4992955804217678,1.51,1.5076045426210858
2024-03-13 23:00:00,Chamoli-Gauge-1,1,1.526,1.515,1.5132133450360195,1.537,1.5136598935735652,1.503,1.5075691040744366
2024-03-14 00:00:00,Chamoli-Gauge-1,1,1.515,1.526,1.510988610143526,1.527,1.5022182358226293,1.514,1.4966914497392447
2024-03-14 01:00:00,Chamoli-Gauge-1,1,1.526,1.537,1.5157298234270757,1.51,1.5114515628104388,1.49,1.5052565074837985
2024-03-14 02:00:00,Chamoli-Gauge-1,1,1.537,1.527,1.5270628672495292,1.503,1.5202818570019867,1.463,1.5608952605850321
2024-03-14 03:00:00,Chamoli-Gauge-1,1,1.527,1.51,1.5158135303799016,1.514,1.513121754820639,1.491,1.5074873653673782
2024-03-14 04:00:00,Chamoli-Gauge-1,1,1.51,1.503,1.5077607167528342,1.49,1.4978169561675554,1.473,1.4895437539774976
2024-03-14 05:00:00,Chamoli-Gauge-1,1,1.503,1.514,1.5022683534171029,1.463,1.4835892549338914,1.477,1.4878377200466943
2024-03-14 06:00:00,Chamoli-Gauge-1,1,1.514,1.49,1.51313451652316,1.491,1.5205178863981292,1.468,1.5100142607985545
2024-03-14 07:00:00,Chamoli-Gauge-1,1,1.49,1.463,1.4783226262463447,1.473,1.4797198674865109,1.46,1.473904913992464
2024-03-14 08:00:00,Chamoli-Gauge-1,1,1.463,1.491,1.4774868151883611,1.477,1.4783559119626142,1.484,1.462908085501492
2024-03-14 09:00:00,Chamoli-Gauge-1,1,1.491,1.473,1.477813038743124,1.468,1.4697908500690744,1.477,1.4549536866077126
2024-03-14 10:00:00,Chamoli-Gauge-1,1,1.473,1.477,1.4718270985216624,1.46,1.4553036967715098,1.464,1.4521196691511582
2024-03-14 11:00:00,Chamoli-Gauge-1,1,1.477,1.468,1.465120766071316,1.484,1.4530396630708955,1.454,1.4487165036155099
2024-03-14 12:00:00,Chamoli-Gauge-1,1,1.468,1.46,1.4677850871612224,1.477,1.4537280182290415,1.439,1.4443298180253423
2024-03-14 13:00:00,Chamoli-Gauge-1,1,1.46,1.484,1.462565285066286,1.464,1.4460933000247054,1.422,1.4403565195252286
2024-03-14 14:00:00,Chamoli-Gauge-1,1,1.484,1.477,1.4713787241078053,1.454,1.45252968633424,1.409,1.4433435568288366
2024-03-14 15:00:00,Chamoli-Gauge-1,1,1.477,1.464,1.463992127974025,1.439,1.4479314665476801,1.441,1.44191432781857
2024-03-14 16:00:00,Chamoli-Gauge-1,1,1.464,1.454,1.4608579795931655,1.422,1.4491725377679192,1.452,1.442724365147012
2024-03-14 17:00:00,Chamoli-Gauge-1,1,1.454,1.439,1.4512975521556826,1.409,1.4411277732829555,1.442,1.433946173875783
2024-03-14 18:00:00,Chamoli-Gauge-1,1,1.439,1.422,1.4318886277796823,1.441,1.4286861655579555,1.458,1.429881300004919
2024-03-14 19:00:00,Chamoli-Gauge-1,1,1.422,1.409,1.409853585200735,1.452,1.4097544798670616,1.423,1.406532354904098
2024-03-14 20:00:00,Chamoli-Gauge-1,1,1.409,1.441,1.407458604790732,1.442,1.3934037856596873,1.447,1.3896066741753175
2024-03-14 21:00:00,Chamoli-Gauge-1,1,1.441,1.452,1.4414940545455883,1.458,1.434256652761966,1.469,1.4488962491877935
2024-03-14 22:00:00,Chamoli-Gauge-1,1,1.452,1.442,1.453599801827583,1.423,1.441622835576642,1.508,1.460663596362697
2024-03-14 23:00:00,Chamoli-Gauge-1,1,1.442,1.458,1.4366444902971867,1.447,1.427147860391524,1.527,1.4448828384915102
2024-03-15 00:00:00,Chamoli-Gauge-1,1,1.458,1.423,1.4514979919953483,1.469,1.4463234812313217,1.534,1.464089041614259
2024-03-15 01:00:00,Chamoli-Gauge-1,1,1.423,1.447,1.4201534298085476,1.508,1.4148327913619274,1.557,1.4199733430437305
2024-03-15 02:00:00,Chamoli-Gauge-1,1,1.447,1.469,1.4537533653742793,1.527,1.4576166115870657,1.542,1.4528729481618823
2024-03-15 03:00:00,Chamoli-Gauge-1,1,1.469,1.508,1.4665493854411413,1.534,1.4558497853804966,1.532,1.4575415457869796
2024-03-15 04:00:00,Chamoli-Gauge-1,1,1.508,1.527,1.5099924813253516,1.557,1.5176756983437896,1.528,1.5039892055941833
2024-03-15 05:00:00,Chamoli-Gauge-1,1,1.527,1.534,1.5256419567914472,1.542,1.5367571069753898,1.549,1.546879771486007
2024-03-15 06:00:00,Chamoli-Gauge-1,1,1.534,1.557,1.5474948852075658,1.532,1.5383387998709623,1.524,1.5527320591685696
2024-03-15 07:00:00,Chamoli-Gauge-1,1,1.557,1.542,1.5593406099345004,1.528,1.5559452614396632,1.498,1.5588073841341632
2024-03-15 08:00:00,Chamoli-Gauge-1,1,1.542,1.532,1.5305526310352824,1.549,1.5387669005216653,1.497,1.5447992517954334
2024-03-15 09:00:00,Chamoli-Gauge-1,1,1.532,1.528,1.52636384920889,1.524,1.5225943930852206,1.511,1.5411240345177915
2024-03-15 10:00:00,Chamoli-Gauge-1,1,1.528,1.549,1.5241979548066489,1.498,1.5153972470860293,1.496,1.5235360289355135
2024-03-15 11:00:00,Chamoli-Gauge-1,1,1.549,1.524,1.5453564040655896,1.497,1.5433508686356754,1.509,1.541900415935532
2024-03-15 12:00:00,Chamoli-Gauge-1,1,1.524,1.498,1.5148954266430763,1.511,1.5193343867779032,1.535,1.5408004365548598
2024-03-15 13:00:00,Chamoli-Gauge-1,1,1.498,1.497,1.4930803262633212,1.496,1.4953242088420875,1.558,1.5237967660799352
2024-03-15 14:00:00,Chamoli-Gauge-1,1,1.497,1.511,1.5001383651541877,1.509,1.5048260917576202,1.562,1.5307693046861497
2024-03-15 15:00:00,Chamoli-Gauge-1,1,1.511,1.496,1.5129366940629836,1.535,1.5307510829982809,1.552,1.5458473149109822
2024-03-15 16:00:00,Chamoli-Gauge-1,1,1.496,1.509,1.5036709298568394,1.558,1.5335296074856395,1.58,1.5521854717801056
2024-03-15 17:00:00,Chamoli-Gauge-1,1,1.509,1.535,1.5186266695613553,1.562,1.5327801820817835,1.574,1.546862766584183
2024-03-15 18:00:00,Chamoli-Gauge-1,1,1.535,1.558,1.5423801889576163,1.552,1.5315482708692214,1.587,1.570053549948113
2024-03-15 19:00:00,Chamoli-Gauge-1,1,1.558,1.562,1.5614372348715808,1.58,1.5666797284540404,1.62,1.5820969288304145
2024-03-15 20:00:00,Chamoli-Gauge-1,1,1.562,1.552,1.564221114226122,1.574,1.5821034377523382,1.629,1.5846148665043174
2024-03-15 21:00:00,Chamoli-Gauge-1,1,1.552,1.58,1.5543862003638664,1.587,1.5629597283158019,1.602,1.5654132768085327
2024-03-15 22:00:00,Chamoli-Gauge-1,1,1.58,1.574,1.5759077869311064,1.62,1.579947608272365,1.57,1.5635604160911936
2024-03-15 23:00:00,Chamoli-Gauge-1,1,1.574,1.587,1.5719648394402517,1.629,1.5797908089743566,1.556,1.552210718211952
2024-03-16 00:00:00,Chamoli-Gauge-1,1,1.587,1.62,1.597718670714527,1.602,1.5917524165075474,1.562,1.567639086395815
2024-03-16 01:00:00,Chamoli-Gauge-1,1,1.62,1.629,1.6182481083773383,1.57,1.5933504251723913,1.563,1.5966990420916416
2024-03-16 02:00:00,Chamoli-Gauge-1,1,1.629,1.602,1.6190415928705433,1.556,1.6040900109614187,1.6,1.6330246479654287
2024-03-16 03:00:00,Chamoli-Gauge-1,1,1.602,1.57,1.5930102256766843,1.562,1.5816980852590539,1.599,1.5741648472818233
2024-03-16 04:00:00,Chamoli-Gauge-1,1,1.57,1.556,1.5607752744488688,1.563,1.553423841179295,1.584,1.5495565610974373
2024-03-16 05:00:00,Chamoli-Gauge-1,1,1.556,1.562,1.5588684631222154,1.6,1.5544342468410934,1.554,1.5401659155893739
2024-03-16 06:00:00,Chamoli-Gauge-1,1,1.562,1.563,1.5638516409507224,1.599,1.5605771352314188,1.571,1.5356337419807882
2024-03-16 07:00:00,Chamoli-Gauge-1,1,1.563,1.6,1.5686054113686199,1.584,1.5617754898377718,1.564,1.5417204255474941
2024-03-16 08:00:00,Chamoli-Gauge-1,1,1.6,1.599,1.5898884118799832,1.554,1.574355353345516,1.528,1.5564362520575312
2024-03-16 09:00:00,Chamoli-Gauge-1,1,1.599,1.584,1.5881737287118782,1.571,1.574391085265084,1.523,1.552658357137384
2024-03-16 10:00:00,Chamoli-Gauge-1,1,1.584,1.554,1.5713032244919516,1.564,1.5687920299250073,1.498,1.545398403906859
2024-03-16 11:00:00,Chamoli-Gauge-1,1,1.554,1.571,1.5532002408543595,1.528,1.5473026389996452,1.483,1.5325421934966947
2024-03-16 12:00:00,Chamoli-Gauge-1,1,1.571,1.564,1.5627297778222415,1.523,1.5493958159535857,1.478,1.5314748105244163
2024-03-16 13:00:00,Chamoli-Gauge-1,1,1.564,1.528,1.5547868346399085,1.498,1.551513524705838,1.454,1.532432232712416
2024-03-16 14:00:00,Chamoli-Gauge-1,1,1.528,1.523,1.5195453734388065,1.483,1.518343293976279,1.44,1.505161740130468
2024-03-16 15:00:00,Chamoli-Gauge-1,1,1.523,1.498,1.5172577629577084,1.478,1.5110091068795695,1.421,1.4906291023005498
2024-03-16 16:00:00,Chamoli-Gauge-1,1,1.498,1.483,1.4957212994681603,1.454,1.4878945112203374,1.403,1.4698791068537678
2024-03-16 17:00:00,Chamoli-Gauge-1,1,1.483,1.478,1.4722423329563237,1.44,1.4606265311193567,1.38,1.4387015800109346
2024-03-16 18:00:00,Chamoli-Gauge-1,1,1.478,1.454,1.4680906340222146,1.421,1.4562446677202974,1.368,1.4363759062114718
2024-03-16 19:00:00,Chamoli-Gauge-1,1,1.454,1.44,1.4513070670645039,1.403,1.4426485361104133,1.348,1.4227698695147488
2024-03-16 20:00:00,Chamoli-Gauge-1,1,1.44,1.421,1.4354884351617616,1.38,1.4263983879448816,1.358,1.4194262645402733
2024-03-16 21:00:00,Chamoli-Gauge-1,1,1.421,1.403,1.4058791248394868,1.368,1.4032364517742433,1.36,1.403394120001419
2024-03-16 22:00:00,Chamoli-Gauge-1,1,1.403,1.38,1.399020012937636,1.348,1.3852471704191416,1.382,1.381419653039528
2024-03-16 23:00:00,Chamoli-Gauge-1,1,1.38,1.368,1.3782483941871233,1.358,1.3787837016976925,1.418,1.3883101326263254
2024-03-17 00:00:00,Chamoli-Gauge-1,1,1.368,1.348,1.3622648823244738,1.36,1.3730240786186263,1.428,1.3896996455128325
2024-03-17 01:00:00,Chamoli-Gauge-1,1,1.348,1.358,1.3513015621329214,1.382,1.3538725283081057,1.433,1.378951715420056
2024-03-17 02:00:00,Chamoli-Gauge-1,1,1.358,1.36,1.355057578338768,1.418,1.3718283211209863,1.444,1.3841765150506498
2024-03-17 03:00:00,Chamoli-Gauge-1,1,1.36,1.382,1.3559392387028133,1.428,1.371750807684102,1.449,1.3841745170080464
2024-03-17 04:00:00,Chamoli-Gauge-1,1,1.382,1.418,1.3902294762781695,1.433,1.3811910078447958,1.445,1.3878206339553611
2024-03-17 05:00:00,Chamoli-Gauge-1,1,1.418,1.428,1.4152758591555978,1.444,1.4229863070130615,1.44,1.4190500822565215
2024-03-17 06:00:00,Chamoli-Gauge-1,1,1.428,1.433,1.426031825644219,1.449,1.4409846718253658,1.423,1.4382225942265685
2024-03-17 07:00:00,Chamoli-Gauge-1,1,1.433,1.444,1.431965114630726,1.445,1.4370182975956896,1.444,1.4428936158432235
2024-03-17 08:00:00,Chamoli-Gauge-1,1,1.444,1.449,1.4407496026288855,1.44,1.4412920159261566,1.446,1.4574206589828596
2024-03-17 09:00:00,Chamoli-Gauge-1,1,1.449,1.445,1.4528761515820083,1.423,1.4463909837041369,1.478,1.4721611995937793
2024-03-17 10:00:00,Chamoli-Gauge-1,1,1.445,1.44,1.4439598047406386,1.444,1.4432419058084731,1.498,1.4697191149363753
2024-03-17 11:00:00,Chamoli-Gauge-1,1,1.44,1.423,1.4376102806256899,1.446,1.4357885340514076,1.487,1.465352608068599
2024-03-17 12:00:00,Chamoli-Gauge-1,1,1.423,1.444,1.4318239113273172,1.478,1.4772118125523312,1.507,1.488135864494439
2024-03-17 13:00:00,Chamoli-Gauge-1,1,1.444,1.446,1.444018377945853,1.498,1.4872455405809708,1.449,1.4916877774017256
2024-03-17 14:00:00,Chamoli-Gauge-1,1,1.446,1.478,1.4607045333200874,1.487,1.5004706520294726,1.483,1.504420041420322
2024-03-17 15:00:00,Chamoli-Gauge-1,1,1.478,1.498,1.4856633457938453,1.507,1.4673567317636806,1.451,1.4398548865892595
2024-03-17 16:00:00,Chamoli-Gauge-1,1,1.498,1.487,1.4991206731270978,1.449,1.4974389789925142,1.456,1.5144417412334208
2024-03-17 17:00:00,Chamoli-Gauge-1,1,1.487,1.507,1.4959309185628362,1.483,1.4775880185985444,1.46,1.4573639595016783
2024-03-17 18:00:00,Chamoli-Gauge-1,1,1.507,1.449,1.4972448024702358,1.451,1.4922639065530003,1.478,1.5261558432292184
2024-03-17 19:00:00,Chamoli-Gauge-1,1,1.449,1.483,1.464191310962638,1.456,1.4545328361455843,1.466,1.457509171629051
2024-03-17 20:00:00,Chamoli-Gauge-1,1,1.483,1.451,1.4690947703633557,1.46,1.454988058230549,1.418,1.436654513039741
2024-03-17 21:00:00,Chamoli-Gauge-1,1,1.451,1.456,1.457227288061076,1.478,1.452751158744732,1.408,1.4264949495882937
2024-03-17 22:00:00,Chamoli-Gauge-1,1,1.456,1.46,1.4549480918052398,1.466,1.444572380957545,1.4,1.4270793322862643
2024-03-17 23:00:00,Chamoli-Gauge-1,1,1.46,1.478,1.466757775674789,1.418,1.4443059207397533,1.356,1.4250019179690379
2024-03-18 00:00:00,Chamoli-Gauge-1,1,1.478,1.466,1.462004932486831,1.408,1.4466768800642156,1.356,1.4332744312993164
2024-03-18 01:00:00,Chamoli-Gauge-1,1,1.466,1.418,1.4571415431418986,1.4,1.4441024034169982,1.332,1.433433041676318
2024-03-18 02:00:00,Chamoli-Gauge-1,1,1.418,1.408,1.404877470572095,1.356,1.4034789540980235,1.344,1.4126010080474098
2024-03-18 03:00:00,Chamoli-Gauge-1,1,1.408,1.4,1.4032237042786229,1.356,1.386755029141755,1.338,1.3763780738393026
2024-03-18 04:00:00,Chamoli-Gauge-1,1,1.4,1.356,1.395128912596928,1.332,1.3826198792009767,1.376,1.374304149991859
2024-03-18 05:00:00,Chamoli-Gauge-1,1,1.356,1.356,1.3566832979284582,1.344,1.3588408994081793,1.369,1.3708886017223263
2024-03-18 06:00:00,Chamoli-Gauge-1,1,1.356,1.332,1.3562426608600597,1.338,1.3596008919827653,1.375,1.3675647345680584
2024-03-18 07:00:00,Chamoli-Gauge-1,1,1.332,1.344,1.3375699568163901,1.376,1.3473952999725816,1.369,1.3451751904505178
2024-03-18 08:00:00,Chamoli-Gauge-1,1,1.344,1.338,1.3422761767254294,1.369,1.346791324057533,1.334,1.3392132762816586
2024-03-18 09:00:00,Chamoli-Gauge-1,1,1.338,1.376,1.339928984699649,1.375,1.3474705026867821,1.329,1.334749159340759
2024-03-18 10:00:00,Chamoli-Gauge-1,1,1.376,1.369,1.3729124528653227,1.369,1.375579697635959,1.343,1.3750652634148643
2024-03-18 11:00:00,Chamoli-Gauge-1,1,1.369,1.375,1.3662477603960843,1.334,1.3649906242643794,1.354,1.3737871153196448
2024-03-18 12:00:00,Chamoli-Gauge-1,1,1.375,1.369,1.375918961179414,1.329,1.3716121812978803,1.347,1.3779581185358285
2024-03-18 13:00:00,Chamoli-Gauge-1,1,1.369,1.334,1.3621673825288918,1.343,1.3655522388200567,1.316,1.368891374631097
2024-03-18 14:00:00,Chamoli-Gauge-1,1,1.334,1.329,1.337446995186132,1.354,1.3435686965873805,1.329,1.3434534265835458
2024-03-18 15:00:00,Chamoli-Gauge-1,1,1.329,1.343,1.3314806912264887,1.347,1.3410532737410719,1.336,1.3277725290628999
2024-03-18 16:00:00,Chamoli-Gauge-1,1,1.343,1.354,1.3426021547718332,1.316,1.3403906723021755,1.352,1.3365583844275406
2024-03-18 17:00:00,Chamoli-Gauge-1,1,1.354,1.347,1.351605712708454,1.329,1.3470143374168493,1.345,1.3577054522894278
2024-03-18 18:00:00,Chamoli-Gauge-1,1,1.347,1.316,1.3347791844098613,1.336,1.3381816802911193,1.31,1.3319354708606908
2024-03-18 19:00:00,Chamoli-Gauge-1,1,1.316,1.329,1.3257955838501305,1.352,1.3360031237665504,1.32,1.3126994016268232
2024-03-18 20:00:00,Chamoli-Gauge-1,1,1.329,1.336,1.3358460997632693,1.345,1.3398395328141193,1.319,1.3213955294813478
2024-03-18 21:00:00,Chamoli-Gauge-1,1,1.336,1.352,1.3386048397839587,1.31,1.327792089113766,1.347,1.3228104709014885
2024-03-18 22:00:00,Chamoli-Gauge-1,1,1.352,1.345,1.3520303404941423,1.32,1.3440931950173616,1.346,1.3563092385324005
2024-03-18 23:00:00,Chamoli-Gauge-1,1,1.345,1.31,1.3324829034502452,1.319,1.3367871978824837,1.344,1.3325648532260104
2024-03-19 00:00:00,Chamoli-Gauge-1,1,1.31,1.32,1.3096019608107279,1.347,1.3331789060451869,1.352,1.3150777977476371
2024-03-19 01:00:00,Chamoli-Gauge-1,1,1.32,1.319,1.3271073343738213,1.346,1.334043419463214,1.341,1.3231122358797909
2024-03-19 02:00:00,Chamoli-Gauge-1,1,1.319,1.347,1.3283345313080575,1.344,1.3304623758992842,1.329,1.3132516844893611
2024-03-19 03:00:00,Chamoli-Gauge-1,1,1.347,1.346,1.3406940705136285,1.352,1.340762601222937,1.328,1.3282622381540048
2024-03-19 04:00:00,Chamoli-Gauge-1,1,1.346,1.344,1.3346014832179354,1.341,1.337532933517553,1.31,1.33066281896133
2024-03-19 05:00:00,Chamoli-Gauge-1,1,1.344,1.352,1.3343853777961843,1.329,1.336028060802815,1.307,1.3281090995483633
2024-03-19 06:00:00,Chamoli-Gauge-1,1,1.352,1.341,1.3540741561602114,1.328,1.3432051769714684,1.346,1.3727836434881666
2024-03-19 07:00:00,Chamoli-Gauge-1,1,1.341,1.329,1.3331659369154139,1.31,1.3259636239393058,1.365,1.374599678695932
2024-03-19 08:00:00,Chamoli-Gauge-1,1,1.329,1.328,1.329730737524296,1.307,1.3250357200865852,1.37,1.3786907266002713
2024-03-19 09:00:00,Chamoli-Gauge-1,1,1.328,1.31,1.3289549200472757,1.346,1.3436129054914219,1.399,1.3785590909126733
2024-03-19 10:00:00,Chamoli-Gauge-1,1,1.31,1.307,1.3167394773711965,1.365,1.342232898372713,1.379,1.3820982073597468
2024-03-19 11:00:00,Chamoli-Gauge-1,1,1.307,1.346,1.3148337507094137,1.37,1.342530114302246,1.426,1.3854875764277303
2024-03-19 12:00:00,Chamoli-Gauge-1,1,1.346,1.365,1.3424072917091026,1.399,1.3486653930452002,1.413,1.3665036191797943
2024-03-19 13:00:00,Chamoli-Gauge-1,1,1.365,1.37,1.3619707803155843,1.379,1.369988463506688,1.45,1.4078911640016814
2024-03-19 14:00:00,Chamoli-Gauge-1,1,1.37,1.399,1.37988953058554,1.426,1.379596661902247,1.486,1.412355819744922
2024-03-19 15:00:00,Chamoli-Gauge-1,1,1.399,1.379,1.3969961353326414,1.413,1.3880894561879138,1.465,1.4115804756553147
2024-03-19 16:00:00,Chamoli-Gauge-1,1,1.379,1.426,1.3824349059669736,1.45,1.384091009172083,1.509,1.4052041916502247
2024-03-19 17:00:00,Chamoli-Gauge-1,1,1.426,1.413,1.421184478974055,1.486,1.44041670601386,1.516,1.4605500850640958
2024-03-19 18:00:00,Chamoli-Gauge-1,1,1.413,1.45,1.411011285061442,1.465,1.416247339197161,1.518,1.4507735456375506
2024-03-19 19:00:00,Chamoli-Gauge-1,1,1.45,1.486,1.4578278798336828,1.509,1.4644537872275316,1.542,1.4821603236704555
2024-03-19 20:00:00,Chamoli-Gauge-1,1,1.486,1.465,1.4733500851242265,1.516,1.4811268778743016,1.536,1.4727987489834502
2024-03-19 21:00:00,Chamoli-Gauge-1,1,1.465,1.509,1.496768038895149,1.518,1.5200215381908124,1.539,1.5425369112069953
2024-03-19 22:00:00,Chamoli-Gauge-1,1,1.509,1.516,1.5284756393778554,1.542,1.5471682434881333,1.514,1.5591371368275648
2024-03-19 23:00:00,Chamoli-Gauge-1,1,1.516,1.518,1.5260642978753076,1.536,1.5358282928155937,1.56,1.5722176246847523
2024-03-20 00:00:00,Chamoli-Gauge-1,1,1.518,1.542,1.52672688193303,1.539,1.532905815565172,1.627,1.5776395548402664
2024-03-20 01:00:00,Chamoli-Gauge-1,1,1.542,1.536,1.544189186718685,1.514,1.5562239010693508,1.672,1.621254722574058
2024-03-20 02:00:00,Chamoli-Gauge-1,1,1.536,1.539,1.5372150008311563,1.56,1.5640503034523179,1.701,1.6303010557018571
2024-03-20 03:00:00,Chamoli-Gauge-1,1,1.539,1.514,1.5289594612647497,1.627,1.5590781369921205,1.746,1.6191033971876068
2024-03-20 04:00:00,Chamoli-Gauge-1,1,1.514,1.56,1.5186636711607897,1.672,1.5408188079547835,1.751,1.585528719259585
2024-03-20 05:00:00,Chamoli-Gauge-1,1,1.56,1.627,1.6048276710458087,1.701,1.7022708214406985,1.722,1.722096533306018
2024-03-20 06:00:00,Chamoli-Gauge-1,1,1.627,1.672,1.6544372536490346,1.746,1.7427963779584137,1.702,1.7308735258729555
2024-03-20 07:00:00,Chamoli-Gauge-1,1,1.672,1.701,1.71009649187754,1.751,1.7696940832298291,1.707,1.788337988082027
2024-03-20 08:00:00,Chamoli-Gauge-1,1,1.701,1.746,1.7296684946217102,1.722,1.7188365888507822,1.77,1.7300370432834185
2024-03-20 09:00:00,Chamoli-Gauge-1,1,1.746,1.751,1.7543088010565466,1.702,1.7237197353125104,1.833,1.8249793646843187
2024-03-20 10:00:00,Chamoli-Gauge-1,1,1.751,1.722,1.7395031033006798,1.707,1.719514918282351,1.883,1.8492663166884995
2024-03-20 11:00:00,Chamoli-Gauge-1,1,1.722,1.702,1.7103873999277197,1.77,1.7199244981635589,1.916,1.8141450228441391
2024-03-20 12:00:00,Chamoli-Gauge-1,1,1.702,1.707,1.7041197020005354,1.833,1.725448119735326,1.993,1.7489473020291832
2024-03-20 13:00:00,Chamoli-Gauge-1,1,1.707,1.77,1.7151860230858382,1.883,1.7370591487235236,2.024,1.7833415461113313
2024-03-20 14:00:00,Chamoli-Gauge-1,1,1.77,1.833,1.8013176528905537,1.916,1.8659723888919602,2.017,1.9623437876448173
2024-03-20 15:00:00,Chamoli-Gauge-1,1,1.833,1.883,1.8816502809343443,1.993,1.9605804189961737,2.0,2.0050645340103808
2024-03-20 16:00:00,Chamoli-Gauge-1,1,1.883,1.916,1.914364873413624,2.024,1.9878460176798967,1.997,2.0121923450201766
2024-03-20 17:00:00,Chamoli-Gauge-1,1,1.916,1.993,1.9452423433136858,2.017,1.9683198524201826,1.971,1.948596793850535
2024-03-20 18:00:00,Chamoli-Gauge-1,1,1.993,2.024,2.015862321892682,2.0,2.0080153844954904,1.979,1.9874615528953836
2024-03-20 19:00:00,Chamoli-Gauge-1,1,2.024,2.017,2.0322464275052075,1.997,2.0226378526266635,1.992,2.002980403786744
2024-03-20 20:00:00,Chamoli-Gauge-1,1,2.017,2.0,2.0124635346286164,1.971,2.0036691684214354,1.998,2.0036813859139793
2024-03-20 21:00:00,Chamoli-Gauge-1,1,2.0,1.997,1.998730391180171,1.979,1.9880197102949804,1.986,1.9919363592154242
2024-03-20 22:00:00,Chamoli-Gauge-1,1,1.997,1.971,1.983891380695149,1.992,1.9891128698676068,1.962,1.9694138610626402
2024-03-20 23:00:00,Chamoli-Gauge-1,1,1.971,1.979,1.9739944580576014,1.998,1.9835539779879285,2.003,1.9706002210448923
2024-03-21 00:00:00,Chamoli-Gauge-1,1,1.979,1.992,1.9843368872875489,1.986,1.9768970479585348,1.967,1.9669906783435849
2024-03-21 01:00:00,Chamoli-Gauge-1,1,1.992,1.998,1.988015770872646,1.962,1.9676536867302439,1.97,1.9707520376460603
2024-03-21 02:00:00,Chamoli-Gauge-1,1,1.998,1.986,1.9868489345730516,2.003,1.9827148425735257,1.984,1.988730384403157
2024-03-21 03:00:00,Chamoli-Gauge-1,1,1.986,1.962,1.972229774727587,1.967,1.9668658627974875,1.991,1.9824943463439937
2024-03-21 04:00:00,Chamoli-Gauge-1,1,1.962,2.003,1.9761814134361009,1.97,1.9600000313358819,2.001,1.9674889310573236
2024-03-21 05:00:00,Chamoli-Gauge-1,1,2.003,1.967,1.9856272157703403,1.984,1.9798660131773087,1.998,1.9788953877277293
2024-03-21 06:00:00,Chamoli-Gauge-1,1,1.967,1.97,1.9682133191311693,1.991,1.970404690182278,2.013,1.9818994654698405
2024-03-21 07:00:00,Chamoli-Gauge-1,1,1.97,1.984,1.9721048133661006,2.001,1.956634467844022,2.025,1.9697801522027363
2024-03-21 08:00:00,Chamoli-Gauge-1,1,1.984,1.991,2.0009484464170586,1.998,2.0301930728643875,2.062,2.0483383373805246
2024-03-21 09:00:00,Chamoli-Gauge-1,1,1.991,2.001,2.0064444829159633,2.013,2.0266623426037906,2.067,2.073774998614601
2024-03-21 10:00:00,Chamoli-Gauge-1,1,2.001,1.998,2.0157975915441266,2.025,2.030781103169205,2.059,2.0710636412983763
2024-03-21 11:00:00,Chamoli-Gauge-1,1,1.998,2.013,2.001558117924423,2.062,2.012713262931124,2.053,2.016258823673225
2024-03-21 12:00:00,Chamoli-Gauge-1,1,2.013,2.025,2.011721282904187,2.067,2.027804905768106,2.073,2.024948350550225
2024-03-21 13:00:00,Chamoli-Gauge-1,1,2.025,2.062,2.0260364429953217,2.059,2.038227972038845,2.035,2.0252246425081455
2024-03-21 14:00:00,Chamoli-Gauge-1,1,2.062,2.067,2.0568603547120095,2.053,2.042200202286683,2.014,1.9860082501005665
2024-03-21 15:00:00,Chamoli-Gauge-1,1,2.067,2.059,2.0571477248418795,2.073,2.04248131133845,1.959,1.9785825384249691
2024-03-21 16:00:00,Chamoli-Gauge-1,1,2.059,2.053,2.0558524302753356,2.035,2.0323199580895226,1.955,1.9663630146195266
2024-03-21 17:00:00,Chamoli-Gauge-1,1,2.053,2.073,2.0555157667999215,2.014,2.013308122838173,1.956,1.958184528216235
2024-03-21 18:00:00,Chamoli-Gauge-1,1,2.073,2.035,2.0498528087945544,1.959,2.010139789307031,1.921,1.9521501523250981
2024-03-21 19:00:00,Chamoli-Gauge-1,1,2.035,2.014,2.0074415191501043,1.955,1.9818803530523907,1.935,1.9462766786745656
2024-03-21 20:00:00,Chamoli-Gauge-1,1,2.014,1.959,1.9848306568404355,1.956,1.973639695223652,1.905,1.9457438000091125
2024-03-21 21:00:00,Chamoli-Gauge-1,1,1.959,1.955,1.958625040643589,1.921,1.941175304668008,1.883,1.9382566033203166
2024-03-21 22:00:00,Chamoli-Gauge-1,1,1.955,1.956,1.9444738348933204,1.935,1.9279245898819388,1.912,1.9388880908442307
2024-03-21 23:00:00,Chamoli-Gauge-1,1,1.956,1.921,1.940130236824723,1.905,1.9285158656785824,1.968,1.938218894257185
2024-03-22 00:00:00,Chamoli-Gauge-1,1,1.921,1.935,1.9226462468203087,1.883,1.9165887826445136,1.974,1.958801492643386
2024-03-22 01:00:00,Chamoli-Gauge-1,1,1.935,1.905,1.9121045874903966,1.912,1.9110865089317073,2.037,1.9467772714315918
2024-03-22 02:00:00,Chamoli-Gauge-1,1,1.905,1.883,1.8943981297064432,1.968,1.9134734214547782,2.108,1.9615065488036503
2024-03-22 03:00:00,Chamoli-Gauge-1,1,1.883,1.912,1.889550777446883,1.974,1.8976941790786825,2.173,1.924848842990037
2024-03-22 04:00:00,Chamoli-Gauge-1,1,1.912,1.968,1.9298377242582412,2.037,2.001607615202745,2.201,2.0539531981947783
2024-03-22 05:00:00,Chamoli-Gauge-1,1,1.968,1.974,2.0000926214239483,2.108,2.077172001851635,2.231,2.0929685212268665
2024-03-22 06:00:00,Chamoli-Gauge-1,1,1.974,2.037,2.0070800486032505,2.173,2.0809678487131062,2.233,2.0921704221500175
2024-03-22 07:00:00,Chamoli-Gauge-1,1,2.037,2.108,2.077211716308431,2.201,2.1531261206386203,2.248,2.1838463439263616
2024-03-22 08:00:00,Chamoli-Gauge-1,1,2.108,2.173,2.1448843463224296,2.231,2.1830939011451513,2.226,2.1805486714055275
2024-03-22 09:00:00,Chamoli-Gauge-1,1,2.173,2.201,2.20261485424094,2.233,2.2101931730565174,2.202,2.1672829216250866
2024-03-22 10:00:00,Chamoli-Gauge-1,1,2.201,2.231,2.208244814284409,2.248,2.20848905794437,2.211,2.1719255924407914
2024-03-22 11:00:00,Chamoli-Gauge-1,1,2.231,2.233,2.2307902636879455,2.226,2.214941495206182,2.179,2.1747431965727695
2024-03-22 12:00:00,Chamoli-Gauge-1,1,2.233,2.248,2.2311647401836723,2.202,2.2163952409974277,2.167,2.1764584482750435
2024-03-22 13:00:00,Chamoli-Gauge-1,1,2.248,2.226,2.2332932719297034,2.211,2.2137699880096746,2.136,2.1627948093727736
2024-03-22 14:00:00,Chamoli-Gauge-1,1,2.226,2.202,2.2176709616011436,2.179,2.2055837986319227,2.17,2.1601714881093415
2024-03-22 15:00:00,Chamoli-Gauge-1,1,2.202,2.211,2.2122112579483164,2.167,2.201358827110389,2.199,2.1629261605007195
2024-03-22 16:00:00,Chamoli-Gauge-1,1,2.211,2.179,2.1860975685243123,2.136,2.1668005121914473,2.178,2.1525395880079885
2024-03-22 17:00:00,Chamoli-Gauge-1,1,2.179,2.167,2.1789764150922606,2.17,2.1687621806645865,2.171,2.1226311332089365
2024-03-22 18:00:00,Chamoli-Gauge-1,1,2.167,2.136,2.1600032337018917,2.199,2.166752920477605,2.153,2.098665258838724
2024-03-22 19:00:00,Chamoli-Gauge-1,1,2.136,2.17,2.1370682422816696,2.178,2.1091351884299914,2.128,2.0767144372500224
2024-03-22 20:00:00,Chamoli-Gauge-1,1,2.17,2.199,2.1830557881551997,2.171,2.1446523701523867,2.112,2.081404159978139
2024-03-22 21:00:00,Chamoli-Gauge-1,1,2.199,2.178,2.1763743916569256,2.153,2.1426239670861547,2.093,2.0961185816321484
2024-03-22 22:00:00,Chamoli-Gauge-1,1,2.178,2.171,2.168410737260425,2.128,2.140003856236357,2.045,2.064707036292169
2024-03-22 23:00:00,Chamoli-Gauge-1,1,2.171,2.153,2.160839844480138,2.112,2.129775500325519,2.034,2.046244557231305
2024-03-23 00:00:00,Chamoli-Gauge-1,1,2.153,2.128,2.1340617230771537,2.093,2.085865386218314,2.017,2.025363193721448
2024-03-23 01:00:00,Chamoli-Gauge-1,1,2.128,2.112,2.1115029470968345,2.045,2.0538047553086893,2.008,2.0093958200303232
2024-03-23 02:00:00,Chamoli-Gauge-1,1,2.112,2.093,2.0995390628397526,2.034,2.039254218899436,1.99,1.9966614094344692
2024-03-23 03:00:00,Chamoli-Gauge-1,1,2.093,2.045,2.05574996846699,2.017,2.0245731659594948,1.967,1.9912074193943865
2024-03-23 04:00:00,Chamoli-Gauge-1,1,2.045,2.034,2.034694369918616,2.008,2.004139595638579,1.97,1.9780305587550262
2024-03-23 05:00:00,Chamoli-Gauge-1,1,2.034,2.017,2.006985309994837,1.99,1.9891761016945047,1.965,1.9741940729388194
2024-03-23 06:00:00,Chamoli-Gauge-1,1,2.017,2.008,2.0015820252158907,1.967,1.9820605442373387,1.978,1.9729896786919985
2024-03-23 07:00:00,Chamoli-Gauge-1,1,2.008,1.99,1.9861652824612748,1.97,1.9730619552193782,1.972,1.9702359555041393
2024-03-23 08:00:00,Chamoli-Gauge-1,1,1.99,1.967,1.9680771251828235,1.965,1.9650370866002596,1.952,1.954302044356692
2024-03-23 09:00:00,Chamoli-Gauge-1,1,1.967,1.97,1.9671612328575574,1.978,1.9637594597042805,1.949,1.9385135165472969
2024-03-23 10:00:00,Chamoli-Gauge-1,1,1.97,1.965,1.96990008617676,1.972,1.962160898169818,1.894,1.9267853905250347
2024-03-23 11:00:00,Chamoli-Gauge-1,1,1.965,1.978,1.9698816258741263,1.952,1.9555087610379442,1.922,1.9295180001240415
2024-03-23 12:00:00,Chamoli-Gauge-1,1,1.978,1.972,1.9681510797188924,1.949,1.9369102788631811,1.913,1.9238104633560775
2024-03-23 13:00:00,Chamoli-Gauge-1,1,1.972,1.952,1.9621973088948097,1.894,1.9314214641891334,1.943,1.9267865673065931
2024-03-23 14:00:00,Chamoli-Gauge-1,1,1.952,1.949,1.9399262933131682,1.922,1.9247585455227367,1.913,1.911909869106849
2024-03-23 15:00:00,Chamoli-Gauge-1,1,1.949,1.894,1.9271234559265635,1.913,1.9232766186074277,1.879,1.8971669104056799
2024-03-23 16:00:00,Chamoli-Gauge-1,1,1.894,1.922,1.901614283853222,1.943,1.904488457259652,1.875,1.9008118803077823
2024-03-23 17:00:00,Chamoli-Gauge-1,1,1.922,1.913,1.9100658548341642,1.913,1.9120471273232484,1.872,1.889010663349586
2024-03-23 18:00:00,Chamoli-Gauge-1,1,1.913,1.943,1.9116441281567023,1.879,1.8818733107858436,1.867,1.8695758383282475
2024-03-23 19:00:00,Chamoli-Gauge-1,1,1.943,1.913,1.9206939761953736,1.875,1.88988751169582,1.86,1.8707577805763065
2024-03-23 20:00:00,Chamoli-Gauge-1,1,1.913,1.879,1.9011375566580613,1.872,1.8844225148341096,1.833,1.868416929446789
2024-03-23 21:00:00,Chamoli-Gauge-1,1,1.879,1.875,1.8705116636658552,1.867,1.8666006639174617,1.791,1.809751685479468
2024-03-23 22:00:00,Chamoli-Gauge-1,1,1.875,1.872,1.866714623107872,1.86,1.841691157151183,1.785,1.7838726575791568
2024-03-23 23:00:00,Chamoli-Gauge-1,1,1.872,1.867,1.8652121964604451,1.833,1.8327991491675444,1.747,1.7595868180482632
2024-03-24 00:00:00,Chamoli-Gauge-1,1,1.867,1.86,1.850692917221346,1.791,1.8150843362113949,1.709,1.735770080649274
2024-03-24 01:00:00,Chamoli-Gauge-1,1,1.86,1.833,1.844747235725482,1.785,1.7952211424248743,1.691,1.7296646172874794
2024-03-24 02:00:00,Chamoli-Gauge-1,1,1.833,1.791,1.812990299178161,1.747,1.7728857564303653,1.69,1.7230726762221227
2024-03-24 03:00:00,Chamoli-Gauge-1,1,1.791,1.785,1.7762144943429936,1.709,1.7220117747469057,1.72,1.727413184113285
2024-03-24 04:00:00,Chamoli-Gauge-1,1,1.785,1.747,1.7625983516968275,1.691,1.716434922176545,1.729,1.7331035972406361
2024-03-24 05:00:00,Chamoli-Gauge-1,1,1.747,1.709,1.7279990560629481,1.69,1.7046410260899443,1.747,1.7327664026912502
2024-03-24 06:00:00,Chamoli-Gauge-1,1,1.709,1.691,1.696847904015652,1.72,1.7116891796324545,1.749,1.7362899706823964
2024-03-24 07:00:00,Chamoli-Gauge-1,1,1.691,1.69,1.689909197526785,1.729,1.7117756816797618,1.746,1.7282519170204382
2024-03-24 08:00:00,Chamoli-Gauge-1,1,1.69,1.72,1.6969408036061195,1.747,1.720737739003541,1.785,1.7220478258028835
2024-03-24 09:00:00,Chamoli-Gauge-1,1,1.72,1.729,1.719262953260735,1.749,1.722976513536576,1.747,1.7255777148991354
2024-03-24 10:00:00,Chamoli-Gauge-1,1,1.729,1.747,1.7315824478186583,1.746,1.7252619904796729,1.728,1.72811147171571
2024-03-24 11:00:00,Chamoli-Gauge-1,1,1.747,1.749,1.7481028655033908,1.785,1.7300926246106663,1.711,1.7147180418404138
2024-03-24 12:00:00,Chamoli-Gauge-1,1,1.749,1.746,1.746743074178619,1.747,1.726662149611376,1.717,1.711045168831739
2024-03-24 13:00:00,Chamoli-Gauge-1,1,1.746,1.785,1.7473471463232035,1.728,1.7178261552855396,1.686,1.7005634276412713
2024-03-24 14:00:00,Chamoli-Gauge-1,1,1.785,1.747,1.7508295801998928,1.711,1.7193047781190296,1.69,1.7034571198909445
2024-03-24 15:00:00,Chamoli-Gauge-1,1,1.747,1.728,1.734577153725909,1.717,1.6994618242838035,1.691,1.6919623116003708
2024-03-24 16:00:00,Chamoli-Gauge-1,1,1.728,1.711,1.7099419299958099,1.686,1.6942311357490243,1.696,1.7000535384203042
2024-03-24 17:00:00,Chamoli-Gauge-1,1,1.711,1.717,1.7022476802844402,1.69,1.6921291376886032,1.703,1.6940009664846998
2024-03-24 18:00:00,Chamoli-Gauge-1,1,1.717,1.686,1.700774725554172,1.691,1.7009446878817711,1.724,1.7162174942584616
2024-03-24 19:00:00,Chamoli-Gauge-1,1,1.686,1.69,1.6879882165401379,1.696,1.6844532960503271,1.713,1.7024161056587515
2024-03-24 20:00:00,Chamoli-Gauge-1,1,1.69,1.691,1.6917441262600659,1.703,1.707756738690303,1.714,1.7012210151800966
2024-03-24 21:00:00,Chamoli-Gauge-1,1,1.691,1.696,1.6923358080400872,1.724,1.7094031750349592,1.689,1.6945622173151529
2024-03-24 22:00:00,Chamoli-Gauge-1,1,1.696,1.703,1.6971693815631161,1.713,1.707517095928543,1.661,1.7003536431189057
2024-03-24 23:00:00,Chamoli-Gauge-1,1,1.703,1.724,1.7010641307504213,1.714,1.7077890544573902,1.687,1.7433999918625718
2024-03-25 00:00:00,Chamoli-Gauge-1,1,1.724,1.713,1.7142952533807234,1.689,1.6955068710728904,1.714,1.7251413660955341
2024-03-25 01:00:00,Chamoli-Gauge-1,1,1.713,1.714,1.7027111404801296,1.661,1.691361296671743,1.77,1.7549003704014676
2024-03-25 02:00:00,Chamoli-Gauge-1,1,1.714,1.689,1.6995682191756833,1.687,1.688293441542177,1.822,1.7567388610199612
2024-03-25 03:00:00,Chamoli-Gauge-1,1,1.689,1.661,1.6855934077744112,1.714,1.7092324979957492,1.885,1.7872159623957278
2024-03-25 04:00:00,Chamoli-Gauge-1,1,1.661,1.687,1.6630934260207293,1.77,1.695600509411903,1.888,1.7884380603131802
2024-03-25 05:00:00,Chamoli-Gauge-1,1,1.687,1.714,1.690029296510763,1.822,1.7183285391251777,1.942,1.7945385078761324
2024-03-25 06:00:00,Chamoli-Gauge-1,1,1.714,1.77,1.7606756669462855,1.885,1.8562381185413168,1.927,1.930709877618297
2024-03-25 07:00:00,Chamoli-Gauge-1,1,1.77,1.822,1.8045673781896205,1.888,1.8755465908884001,1.9,1.929217043184212
2024-03-25 08:00:00,Chamoli-Gauge-1,1,1.822,1.885,1.8756851684882387,1.942,1.9435972267370436,1.938,1.9593888004383961
2024-03-25 09:00:00,Chamoli-Gauge-1,1,1.885,1.888,1.9059191273351197,1.927,1.9166833018194038,2.0,1.9683591563777132
2024-03-25 10:00:00,Chamoli-Gauge-1,1,1.888,1.942,1.9171991688072,1.9,1.915643213111815,2.054,1.9826349472881923
2024-03-25 11:00:00,Chamoli-Gauge-1,1,1.942,1.927,1.9336166037559368,1.938,1.9471940142217532,2.089,1.982170015870209
2024-03-25 12:00:00,Chamoli-Gauge-1,1,1.927,1.9,1.913219651406815,2.0,1.9496473524501094,2.102,1.957465923542581
2024-03-25 13:00:00,Chamoli-Gauge-1,1,1.9,1.938,1.9105594769122995,2.054,1.9265854825417832,2.119,1.9441790397072467
2024-03-25 14:00:00,Chamoli-Gauge-1,1,1.938,2.0,1.972004904953076,2.089,2.0437841911227386,2.121,2.112005298301236
2024-03-25 15:00:00,Chamoli-Gauge-1,1,2.0,2.054,2.03847606421113,2.102,2.1211631971756306,2.138,2.1900204840366606
2024-03-25 16:00:00,Chamoli-Gauge-1,1,2.054,2.089,2.0906977972254577,2.119,2.123919682495867,2.177,2.1966100634618653
2024-03-25 17:00:00,Chamoli-Gauge-1,1,2.089,2.102,2.0894483197984655,2.121,2.1131137670680533,2.271,2.203103366709543
2024-03-25 18:00:00,Chamoli-Gauge-1,1,2.102,2.119,2.1247830335301896,2.138,2.1442319343611818,2.319,2.1947290113469458
2024-03-25 19:00:00,Chamoli-Gauge-1,1,2.119,2.121,2.139143322488916,2.177,2.175948611978908,2.368,2.2623312788144587
2024-03-25 20:00:00,Chamoli-Gauge-1,1,2.121,2.138,2.130159783479908,2.271,2.1587669645676892,2.38,2.2269754239430837
2024-03-25 21:00:00,Chamoli-Gauge-1,1,2.138,2.177,2.164685858443028,2.319,2.204632295126292,2.334,2.2628552756734006
2024-03-25 22:00:00,Chamoli-Gauge-1,1,2.177,2.271,2.203786150537236,2.368,2.242030862912958,2.33,2.259340899159392
2024-03-25 23:00:00,Chamoli-Gauge-1,1,2.271,2.319,2.3155817711319178,2.38,2.3074740075318205,2.304,2.286831660594309
2024-03-26 00:00:00,Chamoli-Gauge-1,1,2.319,2.368,2.3311150531970757,2.334,2.32944875685657,2.307,2.305958146714396
2024-03-26 01:00:00,Chamoli-Gauge-1,1,2.368,2.38,2.3348941967155947,2.33,2.329784391777205,2.292,2.3056860096616343
2024-03-26 02:00:00,Chamoli-Gauge-1,1,2.38,2.334,2.3329622489642716,2.304,2.3289851075660457,2.345,2.3140703445165944
2024-03-26 03:00:00,Chamoli-Gauge-1,1,2.334,2.33,2.3118675696584052,2.307,2.312488224426574,2.317,2.314599143622581
2024-03-26 04:00:00,Chamoli-Gauge-1,1,2.33,2.304,2.3096586409808726,2.292,2.3075213509296995,2.306,2.3142592145701513
2024-03-26 05:00:00,Chamoli-Gauge-1,1,2.304,2.307,2.3044436486121302,2.345,2.3100921181254668,2.293,2.3152095376845367
2024-03-26 06:00:00,Chamoli-Gauge-1,1,2.307,2.292,2.29960382949606,2.317,2.299797622516908,2.32,2.31353955035705
2024-03-26 07:00:00,Chamoli-Gauge-1,1,2.292,2.345,2.3055583228893783,2.306,2.3020703359377475,2.331,2.315708266837329
2024-03-26 08:00:00,Chamoli-Gauge-1,1,2.345,2.317,2.3167617264286715,2.293,2.3119320094242566,2.315,2.3118803388625264
2024-03-26 09:00:00,Chamoli-Gauge-1,1,2.317,2.306,2.30780201861699,2.32,2.3123556542285257,2.311,2.289637577717761
2024-03-26 10:00:00,Chamoli-Gauge-1,1,2.306,2.293,2.304445100292259,2.331,2.3190692022329524,2.342,2.293657934652493
2024-03-26 11:00:00,Chamoli-Gauge-1,1,2.293,2.32,2.32149765675254,2.315,2.30951080603478,2.348,2.2821121299710643
2024-03-26 12:00:00,Chamoli-Gauge-1,1,2.32,2.331,2.334373228100875,2.311,2.314946862408962,2.301,2.2795415106366947
2024-03-26 13:00:00,Chamoli-Gauge-1,1,2.331,2.315,2.3307197674874147,2.342,2.3232330767943865,2.275,2.280588608700668
2024-03-26 14:00:00,Chamoli-Gauge-1,1,2.315,2.311,2.3223093428217805,2.348,2.306092685763311,2.296,2.252667551876909
2024-03-26 15:00:00,Chamoli-Gauge-1,1,2.311,2.342,2.3240092240747874,2.301,2.2896803992078105,2.276,2.252693904089511
2024-03-26 16:00:00,Chamoli-Gauge-1,1,2.342,2.348,2.329372329044866,2.275,2.289780455910367,2.267,2.250488485769405
2024-03-26 17:00:00,Chamoli-Gauge-1,1,2.348,2.301,2.302883829508304,2.296,2.2877267334291447,2.274,2.248941470076764
2024-03-26 18:00:00,Chamoli-Gauge-1,1,2.301,2.275,2.2936618434945895,2.276,2.283995148634582,2.233,2.2503701504820075
2024-03-26 19:00:00,Chamoli-Gauge-1,1,2.275,2.296,2.285286988303484,2.267,2.273436230575517,2.201,2.2219326471427676
2024-03-26 20:00:00,Chamoli-Gauge-1,1,2.296,2.276,2.287183335875868,2.274,2.276556344096255,2.183,2.2269200410387544
2024-03-26 21:00:00,Chamoli-Gauge-1,1,2.276,2.267,2.276283813072283,2.233,2.2546536632102843,2.195,2.2148621519367206
2024-03-26 22:00:00,Chamoli-Gauge-1,1,2.267,2.274,2.2774105107033553,2.201,2.2232630805074547,2.2,2.204911379052199
2024-03-26 23:00:00,Chamoli-Gauge-1,1,2.274,2.233,2.2703791002284746,2.183,2.2420925606800592,2.199,2.208551207649527
2024-03-27 00:00:00,Chamoli-Gauge-1,1,2.233,2.201,2.221868092723839,2.195,2.1979059193763515,2.18,2.1863436571085715
2024-03-27 01:00:00,Chamoli-Gauge-1,1,2.201,2.183,2.194154823609913,2.2,2.189917540001097,2.187,2.1835424046709226
2024-03-27 02:00:00,Chamoli-Gauge-1,1,2.183,2.195,2.1887247238695404,2.199,2.18526601287082,2.168,2.163784955166451
2024-03-27 03:00:00,Chamoli-Gauge-1,1,2.195,2.2,2.188663156476665,2.18,2.179912815766998,2.166,2.1657875661329484
2024-03-27 04:00:00,Chamoli-Gauge-1,1,2.2,2.199,2.186663657030713,2.187,2.1816882338442904,2.17,2.165391084097504
2024-03-27 05:00:00,Chamoli-Gauge-1,1,2.199,2.18,2.17731121768765,2.168,2.1664152116091016,2.189,2.1679251713065906
2024-03-27 06:00:00,Chamoli-Gauge-1,1,2.18,2.187,2.1799913279802987,2.166,2.176337019760173,2.178,2.159801546510228
2024-03-27 07:00:00,Chamoli-Gauge-1,1,2.187,2.168,2.1740910743328024,2.17,2.1697560352095935,2.161,2.147234653233298
2024-03-27 08:00:00,Chamoli-Gauge-1,1,2.168,2.166,2.165973230857514,2.189,2.167941322644788,2.177,2.1463466130693925
2024-03-27 09:00:00,Chamoli-Gauge-1,1,2.166,2.17,2.1671268279963503,2.178,2.163648678896244,2.192,2.1417943899167278
2024-03-27 10:00:00,Chamoli-Gauge-1,1,2.17,2.189,2.1828642639182707,2.161,2.159735805566373,2.168,2.131442228503387
2024-03-27 11:00:00,Chamoli-Gauge-1,1,2.189,2.178,2.170999742366157,2.177,2.1575739254767563,2.134,2.116237943955591
2024-03-27 12:00:00,Chamoli-Gauge-1,1,2.178,2.161,2.1645566930332736,2.192,2.167804613217664,2.142,2.12420962982116
2024-03-27 13:00:00,Chamoli-Gauge-1,1,2.161,2.177,2.1650121043026815,2.168,2.148807459683456,2.094,2.0979285983196996
2024-03-27 14:00:00,Chamoli-Gauge-1,1,2.177,2.192,2.1818101548213495,2.134,2.1508134450884797,2.046,2.0771002925346704
2024-03-27 15:00:00,Chamoli-Gauge-1,1,2.192,2.168,2.1625298369645054,2.142,2.1443780586237016,2.028,2.0508062240319247
2024-03-27 16:00:00,Chamoli-Gauge-1,1,2.168,2.134,2.154207145655271,2.094,2.1357083460908646,2.015,2.039286938630435
2024-03-27 17:00:00,Chamoli-Gauge-1,1,2.134,2.142,2.1329532675721756,2.046,2.06700759335554,1.979,2.0057117224200467
2024-03-27 18:00:00,Chamoli-Gauge-1,1,2.142,2.094,2.1120598249626195,2.028,2.0585322740829506,1.974,1.9899742815785657
2024-03-27 19:00:00,Chamoli-Gauge-1,1,2.094,2.046,2.05444567624301,2.015,2.020955197961935,1.969,1.9747827051103508
2024-03-27 20:00:00,Chamoli-Gauge-1,1,2.046,2.028,2.0349441452821417,1.979,1.995728161149759,1.949,1.9681676330072089
2024-03-27 21:00:00,Chamoli-Gauge-1,1,2.028,2.015,2.0128662746804604,1.974,1.9855283899793437,1.981,1.9734076158559235
2024-03-27 22:00:00,Chamoli-Gauge-1,1,2.015,1.979,1.9970488395630355,1.969,1.9830492697147124,1.98,1.9778043779254062
2024-03-27 23:00:00,Chamoli-Gauge-1,1,1.979,1.974,1.9663940247844485,1.949,1.9583430392366388,1.993,1.9604394830656302
2024-03-28 00:00:00,Chamoli-Gauge-1,1,1.974,1.969,1.9747710722307878,1.981,1.9761679327428827,1.95,1.965306430935254
2024-03-28 01:00:00,Chamoli-Gauge-1,1,1.969,1.949,1.9687810061017414,1.98,1.9741635656230743,1.907,1.9572378108509534
2024-03-28 02:00:00,Chamoli-Gauge-1,1,1.949,1.981,1.9553533201690734,1.993,1.9430974114046526,1.905,1.9131165059688053
2024-03-28 03:00:00,Chamoli-Gauge-1,1,1.981,1.98,1.9768646504305876,1.95,1.9458992662600485,1.93,1.9252859168183796
2024-03-28 04:00:00,Chamoli-Gauge-1,1,1.98,1.993,1.9760233247423866,1.907,1.9315598193573256,1.897,1.9135166778166408
2024-03-28 05:00:00,Chamoli-Gauge-1,1,1.993,1.95,1.9706370621045612,1.905,1.9358936496827004,1.887,1.9145504438426064
2024-01-01 00:00:00,Kolkata-Gauge-1,2,0.8,0.81,0.8041303573949286,0.814,0.7989209956556546,0.8,0.7825097441523409
2024-01-01 01:00:00,Kolkata-Gauge-1,2,0.81,0.823,0.8126137224321908,0.802,0.7982224860500776,0.755,0.7814077579319539
2024-01-01 02:00:00,Kolkata-Gauge-1,2,0.823,0.814,0.815940926147341,0.796,0.7985731894630755,0.767,0.7814928745025151
2024-01-01 03:00:00,Kolkata-Gauge-1,2,0.814,0.802,0.8064085811476515,0.8,0.8026033114720547,0.769,0.8053765053493469
2024-01-01 04:00:00,Kolkata-Gauge-1,2,0.802,0.796,0.7962395650664112,0.755,0.7957805726528981,0.776,0.7949701115701254
2024-01-01 05:00:00,Kolkata-Gauge-1,2,0.796,0.8,0.7910881756503385,0.767,0.7809895060997457,0.774,0.7739905841863923
2024-01-01 06:00:00,Kolkata-Gauge-1,2,0.8,0.755,0.7898922377354936,0.769,0.7842757286205039,0.747,0.7792677943751187
2024-01-01 07:00:00,Kolkata-Gauge-1,2,0.755,0.767,0.7550051590975513,0.776,0.7459341367509078,0.727,0.7417565436549417
2024-01-01 08:00:00,Kolkata-Gauge-1,2,0.767,0.769,0.7625281531435598,0.774,0.751710848970546,0.76,0.7546649038469956
2024-01-01 09:00:00,Kolkata-Gauge-1,2,0.769,0.776,0.7625241268977981,0.747,0.7493090895397226,0.748,0.7529284735205707
2024-01-01 10:00:00,Kolkata-Gauge-1,2,0.776,0.774,0.7714012908780066,0.727,0.7487856222495705,0.767,0.7652636292455025
2024-01-01 11:00:00,Kolkata-Gauge-1,2,0.774,0.747,0.7677882026458571,0.76,0.7519449189917249,0.748,0.7601952953708079
2024-01-01 12:00:00,Kolkata-Gauge-1,2,0.747,0.727,0.7407777386951966,0.748,0.7477980987248272,0.75,0.7498348967028107
2024-01-01 13:00:00,Kolkata-Gauge-1,2,0.727,0.76,0.7430391797939316,0.767,0.7518713886408982,0.744,0.7471910823282649
2024-01-01 14:00:00,Kolkata-Gauge-1,2,0.76,0.748,0.7561166803403839,0.748,0.7505972705495336,0.742,0.7660080529153223
2024-01-01 15:00:00,Kolkata-Gauge-1,2,0.748,0.767,0.7446318618266442,0.75,0.7413748169390687,0.738,0.7639381961352609
2024-01-01 16:00:00,Kolkata-Gauge-1,2,0.767,0.748,0.7656076854629095,0.744,0.7674295798810864,0.77,0.7872575927026391
2024-01-01 17:00:00,Kolkata-Gauge-1,2,0.748,0.75,0.7495473784551854,0.742,0.7645696530632093,0.81,0.7803097469358833
2024-01-01 18:00:00,Kolkata-Gauge-1,2,0.75,0.744,0.7483760345898703,0.738,0.7677522658913389,0.815,0.7914864961865014
2024-01-01 19:00:00,Kolkata-Gauge-1,2,0.744,0.742,0.7461724645643163,0.77,0.7672809077781306,0.807,0.7742836774814504
2024-01-01 20:00:00,Kolkata-Gauge-1,2,0.742,0.738,0.7452246359038057,0.81,0.759787190132021,0.781,0.7698528839492222
2024-01-01 21:00:00,Kolkata-Gauge-1,2,0.738,0.77,0.7467655935056537,0.815,0.7612227693316685,0.754,0.7623265452985575
2024-01-01 22:00:00,Kolkata-Gauge-1,2,0.77,0.81,0.7796437331669706,0.807,0.781206712002259,0.785,0.7705958213294303
2024-01-01 23:00:00,Kolkata-Gauge-1,2,0.81,0.815,0.8183603303673472,0.781,0.7894629041151788,0.756,0.774921954093031
2024-01-02 00:00:00,Kolkata-Gauge-1,2,0.815,0.807,0.8186419999477668,0.754,0.7862039794503212,0.748,0.7746795575303229
2024-01-02 01:00:00,Kolkata-Gauge-1,2,0.807,0.781,0.7965342475417468,0.785,0.7997074046238264,0.753,0.7781081768432763
2024-01-02 02:00:00,Kolkata-Gauge-1,2,0.781,0.754,0.7647024643585539,0.756,0.7586231919587628,0.702,0.7274152229046642
2024-01-02 03:00:00,Kolkata-Gauge-1,2,0.754,0.785,0.7579956577621263,0.748,0.752082152859879,0.683,0.719314889924043
2024-01-02 04:00:00,Kolkata-Gauge-1,2,0.785,0.756,0.7685615221324361,0.753,0.7609658824450698,0.663,0.7279962756161251
2024-01-02 05:00:00,Kolkata-Gauge-1,2,0.756,0.748,0.7464929704306141,0.702,0.7101274948970453,0.657,0.6974493793415417
2024-01-02 06:00:00,Kolkata-Gauge-1,2,0.748,0.753,0.7389984383703408,0.683,0.708263398495044,0.67,0.7257625996105529
2024-01-02 07:00:00,Kolkata-Gauge-1,2,0.753,0.702,0.7356884981646207,0.663,0.7029036667478687,0.701,0.7027131443135523
2024-01-02 08:00:00,Kolkata-Gauge-1,2,0.702,0.683,0.6883128929398491,0.657,0.6681985951698086,0.697,0.6921601265147124
2024-01-02 09:00:00,Kolkata-Gauge-1,2,0.683,0.663,0.6710187092336269,0.67,0.6797140719271338,0.695,0.6968204812104184
2024-01-02 10:00:00,Kolkata-Gauge-1,2,0.663,0.657,0.6565644268962755,0.701,0.6794561822589319,0.704,0.6955719753350617
2024-01-02 11:00:00,Kolkata-Gauge-1,2,0.657,0.67,0.6620188155369962,0.697,0.6862956189530929,0.699,0.7011057710178645
2024-01-02 12:00:00,Kolkata-Gauge-1,2,0.67,0.701,0.6811352652555775,0.695,0.6916329864358276,0.719,0.715261046115384
2024-01-02 13:00:00,Kolkata-Gauge-1,2,0.701,0.697,0.7018821002370449,0.704,0.7010945517472729,0.735,0.7605314466501472
2024-01-02 14:00:00,Kolkata-Gauge-1,2,0.697,0.695,0.700943820045015,0.699,0.7010423372018781,0.688,0.748377065033713
2024-01-02 15:00:00,Kolkata-Gauge-1,2,0.695,0.704,0.7022426836235659,0.719,0.7048275521476074,0.709,0.723106050234707
2024-01-02 16:00:00,Kolkata-Gauge-1,2,0.704,0.699,0.7082676103172426,0.735,0.7261704705359787,0.714,0.7590012141208942
2024-01-02 17:00:00,Kolkata-Gauge-1,2,0.699,0.719,0.7061160488694311,0.688,0.7149170546680773,0.722,0.7540537737688485
2024-01-02 18:00:00,Kolkata-Gauge-1,2,0.719,0.735,0.7347060365595649,0.709,0.7654755314248222,0.748,0.7787565516142274
2024-01-02 19:00:00,Kolkata-Gauge-1,2,0.735,0.688,0.7387204683726544,0.714,0.7380515810205569,0.714,0.7414768760689903
2024-01-02 20:00:00,Kolkata-Gauge-1,2,0.688,0.709,0.6962428046211687,0.722,0.71207502559767,0.691,0.7173014247260661
2024-01-02 21:00:00,Kolkata-Gauge-1,2,0.709,0.714,0.7220118316720057,0.748,0.7327738582442058,0.693,0.713532843948452
2024-01-02 22:00:00,Kolkata-Gauge-1,2,0.714,0.722,0.7209220113044272,0.714,0.7154328407973767,0.65,0.7115474704665027
2024-01-02 23:00:00,Kolkata-Gauge-1,2,0.722,0.748,0.7255387281730531,0.691,0.7166277945051355,0.65,0.7180210891878497
2024-01-03 00:00:00,Kolkata-Gauge-1,2,0.748,0.714,0.7332746899813344,0.693,0.7248558087661899,0.705,0.7277577210695545
2024-01-03 01:00:00,Kolkata-Gauge-1,2,0.714,0.691,0.713859482546299,0.65,0.6996808927979519,0.752,0.7324104614195984
2024-01-03 02:00:00,Kolkata-Gauge-1,2,0.691,0.693,0.6899447320387946,0.65,0.693902939538281,0.791,0.7444216658655274
2024-01-03 03:00:00,Kolkata-Gauge-1,2,0.693,0.65,0.680213546318877,0.705,0.699030937633595,0.823,0.7382613012185129
2024-01-03 04:00:00,Kolkata-Gauge-1,2,0.65,0.65,0.660477792854391,0.752,0.7232621445774632,0.849,0.7814609701976322
2024-01-03 05:00:00,Kolkata-Gauge-1,2,0.65,0.705,0.6703040925354604,0.791,0.7230079200275035,0.874,0.774041999306487
2024-01-03 06:00:00,Kolkata-Gauge-1,2,0.705,0.752,0.7255039449721707,0.823,0.762230363253985,0.879,0.8334596029479349
2024-01-03 07:00:00,Kolkata-Gauge-1,2,0.752,0.791,0.7740378858531203,0.849,0.8146182451522669,0.846,0.849842011641094
2024-01-03 08:00:00,Kolkata-Gauge-1,2,0.791,0.823,0.8193489127883498,0.874,0.8721898962727085,0.874,0.8713586070208102
2024-01-03 09:00:00,Kolkata-Gauge-1,2,0.823,0.849,0.8326746319782978,0.879,0.8657074973868722,0.86,0.8575923216371742
2024-01-03 10:00:00,Kolkata-Gauge-1,2,0.849,0.874,0.8721671283933803,0.846,0.859175244453273,0.874,0.8943755595422758
2024-01-03 11:00:00,Kolkata-Gauge-1,2,0.874,0.879,0.8797696682841278,0.874,0.892919580958783,0.878,0.8955554721836364
2024-01-03 12:00:00,Kolkata-Gauge-1,2,0.879,0.846,0.8683532161322265,0.86,0.8822420167459355,0.857,0.8799267963934502
2024-01-03 13:00:00,Kolkata-Gauge-1,2,0.846,0.874,0.8551528791234752,0.874,0.8447771253384457,0.886,0.8734881239497357
2024-01-03 14:00:00,Kolkata-Gauge-1,2,0.874,0.86,0.8700674434047714,0.878,0.8803934677685918,0.909,0.8835695622526906
2024-01-03 15:00:00,Kolkata-Gauge-1,2,0.86,0.874,0.8716443244123315,0.857,0.8621154821572847,0.883,0.8745594210593172
2024-01-03 16:00:00,Kolkata-Gauge-1,2,0.874,0.878,0.8842246050697058,0.886,0.8911772212446586,0.887,0.8851110218547915
2024-01-03 17:00:00,Kolkata-Gauge-1,2,0.878,0.857,0.8751117742610796,0.909,0.8789050582599413,0.896,0.8731852740804419
2024-01-03 18:00:00,Kolkata-Gauge-1,2,0.857,0.886,0.8687702054026146,0.883,0.8574247459706253,0.859,0.8378399957984064
2024-01-03 19:00:00,Kolkata-Gauge-1,2,0.886,0.909,0.8951396876424516,0.887,0.876871931252743,0.822,0.8371245824254173
2024-01-03 20:00:00,Kolkata-Gauge-1,2,0.909,0.883,0.9003880958848165,0.896,0.919514048951974,0.812,0.8670609120531244
2024-01-03 21:00:00,Kolkata-Gauge-1,2,0.883,0.887,0.8945846880522877,0.859,0.884977986243257,0.785,0.8529514440706331
2024-01-03 22:00:00,Kolkata-Gauge-1,2,0.887,0.896,0.8939874341226631,0.822,0.878839460706954,0.767,0.8372540720730364
2024-01-03 23:00:00,Kolkata-Gauge-1,2,0.896,0.859,0.8888779888886363,0.812,0.8802007407842797,0.744,0.8418141240315955
2024-01-04 00:00:00,Kolkata-Gauge-1,2,0.859,0.822,0.8535259296857924,0.785,0.8381020275120434,0.746,0.8228837444891686
2024-01-04 01:00:00,Kolkata-Gauge-1,2,0.822,0.812,0.8146935474247977,0.767,0.8141833733132054,0.732,0.8336866333482693
2024-01-04 02:00:00,Kolkata-Gauge-1,2,0.812,0.785,0.7983977988144129,0.744,0.8117464237928184,0.758,0.8361674639218588
2024-01-04 03:00:00,Kolkata-Gauge-1,2,0.785,0.767,0.7750891325351646,0.746,0.7693545827515073,0.765,0.8088969618188216
2024-01-04 04:00:00,Kolkata-Gauge-1,2,0.767,0.744,0.7645177091416041,0.732,0.7673562870026902,0.783,0.7930581591022248
2024-01-04 05:00:00,Kolkata-Gauge-1,2,0.744,0.746,0.750679956854792,0.758,0.7647720967805134,0.751,0.7881682176564638
2024-01-04 06:00:00,Kolkata-Gauge-1,2,0.746,0.732,0.747057756892201,0.765,0.7612142285861384,0.741,0.7624084808843203
2024-01-04 07:00:00,Kolkata-Gauge-1,2,0.732,0.758,0.7489334316787375,0.783,0.7607738527101416,0.746,0.7635417165739057
2024-01-04 08:00:00,Kolkata-Gauge-1,2,0.758,0.765,0.7631302646924124,0.751,0.7572895905470556,0.758,0.769266879364363
2024-01-04 09:00:00,Kolkata-Gauge-1,2,0.765,0.783,0.7720005360885718,0.741,0.757949675656116,0.747,0.7744820085577218
2024-01-04 10:00:00,Kolkata-Gauge-1,2,0.783,0.751,0.7690602570255984,0.746,0.7578233385125795,0.739,0.7690465739822111
2024-01-04 11:00:00,Kolkata-Gauge-1,2,0.751,0.741,0.7465881507633733,0.758,0.7596899128245671,0.733,0.7575240257745363
2024-01-04 12:00:00,Kolkata-Gauge-1,2,0.741,0.746,0.7459268716936795,0.747,0.7579378329584731,0.729,0.7590768363456332
2024-01-04 13:00:00,Kolkata-Gauge-1,2,0.746,0.758,0.7503067297162006,0.739,0.7585585412326031,0.774,0.7633466114135599
2024-01-04 14:00:00,Kolkata-Gauge-1,2,0.758,0.747,0.7566131997951595,0.733,0.7523529342442046,0.781,0.7716168800317541
2024-01-04 15:00:00,Kolkata-Gauge-1,2,0.747,0.739,0.7459340550412451,0.729,0.750886362162024,0.783,0.7733713527824944
2024-01-04 16:00:00,Kolkata-Gauge-1,2,0.739,0.733,0.7424251239619305,0.774,0.758065887792494,0.758,0.7628210791942951
2024-01-04 17:00:00,Kolkata-Gauge-1,2,0.733,0.729,0.7441086717565351,0.781,0.7633153861220698,0.735,0.756173645406439
2024-01-04 18:00:00,Kolkata-Gauge-1,2,0.729,0.774,0.748043923649113,0.783,0.767067367097591,0.732,0.7648154546503771
2024-01-04 19:00:00,Kolkata-Gauge-1,2,0.774,0.781,0.7760129898879723,0.758,0.7628501687452942,0.757,0.7729900400757667
2024-01-04 20:00:00,Kolkata-Gauge-1,2,0.781,0.783,0.7730597258741079,0.735,0.7529272987131148,0.758,0.7700546748963982
2024-01-04 21:00:00,Kolkata-Gauge-1,2,0.783,0.758,0.7695579742639163,0.732,0.7567693091805723,0.759,0.7795089687801695
2024-01-04 22:00:00,Kolkata-Gauge-1,2,0.758,0.735,0.7513991956777676,0.757,0.7647335622427797,0.752,0.7681382009752062
2024-01-04 23:00:00,Kolkata-Gauge-1,2,0.735,0.732,0.7440164356886139,0.758,0.7624320190642114,0.725,0.7535170217106689
2024-01-05 00:00:00,Kolkata-Gauge-1,2,0.732,0.757,0.7462541041689927,0.759,0.7683514086872202,0.743,0.7621225732693329
2024-01-05 01:00:00,Kolkata-Gauge-1,2,0.757,0.758,0.7514527919251152,0.752,0.7638939019515284,0.747,0.7843154480574576
2024-01-05 02:00:00,Kolkata-Gauge-1,2,0.758,0.759,0.7607648521382686,0.725,0.7556060466335851,0.79,0.796199223477217
2024-01-05 03:00:00,Kolkata-Gauge-1,2,0.759,0.752,0.7615400466322044,0.743,0.759525289835669,0.826,0.7965979770256939
2024-01-05 04:00:00,Kolkata-Gauge-1,2,0.752,0.725,0.7524164638204491,0.747,0.7848265213785902,0.836,0.8460321542845046
2024-01-05 05:00:00,Kolkata-Gauge-1,2,0.725,0.743,0.742377416212532,0.79,0.7879881248992013,0.868,0.8292320511103873
2024-01-05 06:00:00,Kolkata-Gauge-1,2,0.743,0.747,0.7552840793091922,0.826,0.8023057413471322,0.87,0.847666543486385
2024-01-05 07:00:00,Kolkata-Gauge-1,2,0.747,0.79,0.7572295059776646,0.836,0.7828293842919002,0.901,0.8475650645772072
2024-01-05 08:00:00,Kolkata-Gauge-1,2,0.79,0.826,0.8189486539499659,0.868,0.8743192726833348,0.899,0.8823392044673448
2024-01-05 09:00:00,Kolkata-Gauge-1,2,0.826,0.836,0.8380065040274485,0.87,0.8830215125968803,0.931,0.9082024090535494
2024-01-05 10:00:00,Kolkata-Gauge-1,2,0.836,0.868,0.8558975097480812,0.901,0.8942887284813708,0.914,0.9221286103911053
2024-01-05 11:00:00,Kolkata-Gauge-1,2,0.868,0.87,0.8808888718217974,0.899,0.9053939828464961,0.888,0.8999423047126254
2024-01-05 12:00:00,Kolkata-Gauge-1,2,0.87,0.901,0.8836455899746558,0.931,0.9044359790132195,0.882,0.8860080042685231
2024-01-05 13:00:00,Kolkata-Gauge-1,2,0.901,0.899,0.9062145563159809,0.914,0.918234135521622,0.897,0.9129906494511698
2024-01-05 14:00:00,Kolkata-Gauge-1,2,0.899,0.931,0.9129690442198232,0.888,0.888684973418771,0.843,0.8806207627865029
2024-01-05 15:00:00,Kolkata-Gauge-1,2,0.931,0.914,0.9280393150941343,0.882,0.9236877218450509,0.862,0.9249887968695777
2024-01-05 16:00:00,Kolkata-Gauge-1,2,0.914,0.888,0.9042888836741111,0.897,0.9100568514065609,0.859,0.9024178578182237
2024-01-05 17:00:00,Kolkata-Gauge-1,2,0.888,0.882,0.888601335455347,0.843,0.8633012879759462,0.837,0.8616359202959273
2024-01-05 18:00:00,Kolkata-Gauge-1,2,0.882,0.897,0.8903988681851798,0.862,0.8678810209757187,0.83,0.8642680324958333
2024-01-05 19:00:00,Kolkata-Gauge-1,2,0.897,0.843,0.8833090002773475,0.859,0.8698517515107312,0.815,0.8633662976899287
2024-01-05 20:00:00,Kolkata-Gauge-1,2,0.843,0.862,0.8478900708224111,0.837,0.8330611375360417,0.792,0.8126664569675486
2024-01-05 21:00:00,Kolkata-Gauge-1,2,0.862,0.859,0.8578210807145858,0.83,0.8446509181033502,0.753,0.8102091589366989
2024-01-05 22:00:00,Kolkata-Gauge-1,2,0.859,0.837,0.8524438234504303,0.815,0.8427671821464168,0.77,0.8056355928150235
2024-01-05 23:00:00,Kolkata-Gauge-1,2,0.837,0.83,0.8411761901889115,0.792,0.8267549177196156,0.759,0.795488000051768
2024-01-06 00:00:00,Kolkata-Gauge-1,2,0.83,0.815,0.8242526200553838,0.753,0.8011714292904283,0.753,0.8031131525947788
2024-01-06 01:00:00,Kolkata-Gauge-1,2,0.815,0.792,0.7998674012975331,0.77,0.7852814554434462,0.771,0.8004691350722911
2024-01-06 02:00:00,Kolkata-Gauge-1,2,0.792,0.753,0.7854354614585757,0.759,0.778030434224921,0.805,0.8097402517305775
2024-01-06 03:00:00,Kolkata-Gauge-1,2,0.753,0.77,0.757091138979445,0.753,0.7712328727862919,0.806,0.8106478597267522
2024-01-06 04:00:00,Kolkata-Gauge-1,2,0.77,0.759,0.765886100025526,0.771,0.7766097713729614,0.851,0.8253435581238578
2024-01-06 05:00:00,Kolkata-Gauge-1,2,0.759,0.753,0.7577951193750585,0.805,0.7754264611922959,0.911,0.8253916636963419
2024-01-06 06:00:00,Kolkata-Gauge-1,2,0.753,0.771,0.754269659050752,0.806,0.775615054218725,0.95,0.8353843301805604
2024-01-06 07:00:00,Kolkata-Gauge-1,2,0.771,0.805,0.7757802554995753,0.851,0.7792042203674772,0.959,0.8349443723531709
2024-01-06 08:00:00,Kolkata-Gauge-1,2,0.805,0.806,0.819846360285956,0.911,0.8835866742979241,0.929,0.8938017773370132
2024-01-06 09:00:00,Kolkata-Gauge-1,2,0.806,0.851,0.8220444764883492,0.95,0.8783956958414975,0.91,0.8864232991947854
2024-01-06 10:00:00,Kolkata-Gauge-1,2,0.851,0.911,0.8825820010411127,0.959,0.9246745535175819,0.912,0.9332795272509873
2024-01-06 11:00:00,Kolkata-Gauge-1,2,0.911,0.95,0.9419094503093526,0.929,0.9640392833817064,0.941,0.9407763381790275
2024-01-06 12:00:00,Kolkata-Gauge-1,2,0.95,0.959,0.9841748594473115,0.91,0.9855112581334554,0.925,1.0254592878966267
2024-01-06 13:00:00,Kolkata-Gauge-1,2,0.959,0.929,0.9614752720151525,0.912,0.9616041646446833,0.911,0.9807112278067132
2024-01-06 14:00:00,Kolkata-Gauge-1,2,0.929,0.91,0.9227590829236054,0.941,0.9193112540647691,0.93,0.9262454042988242
2024-01-06 15:00:00,Kolkata-Gauge-1,2,0.91,0.912,0.906000470109485,0.925,0.9131111979936131,0.92,0.9180004752449241
2024-01-06 16:00:00,Kolkata-Gauge-1,2,0.912,0.941,0.9169838297024239,0.911,0.9151384412369825,0.952,0.9242160961751639
2024-01-06 17:00:00,Kolkata-Gauge-1,2,0.941,0.925,0.9289241029332336,0.93,0.9333537966332772,0.946,0.9456786742503349
2024-01-06 18:00:00,Kolkata-Gauge-1,2,0.925,0.911,0.9165488789648728,0.92,0.9361993449885286,0.966,0.9538657111157958
2024-01-06 19:00:00,Kolkata-Gauge-1,2,0.911,0.93,0.9182784348864068,0.952,0.9367391273458152,0.97,0.9420553313117572
2024-01-06 20:00:00,Kolkata-Gauge-1,2,0.93,0.92,0.9241222190243444,0.946,0.9352990678282213,0.98,0.9455114599417348
2024-01-06 21:00:00,Kolkata-Gauge-1,2,0.92,0.952,0.9200949520239722,0.966,0.9376778278880162,0.972,0.946551800060202
2024-01-06 22:00:00,Kolkata-Gauge-1,2,0.952,0.946,0.9631032464228337,0.97,0.9687778623515783,0.965,0.9820329097349951
2024-01-06 23:00:00,Kolkata-Gauge-1,2,0.946,0.966,0.9533042775455736,0.98,0.9539234117955256,0.969,0.9658789578727925
2024-01-07 00:00:00,Kolkata-Gauge-1,2,0.966,0.97,0.9664630309435627,0.972,0.961998353953724,0.983,0.9679946255367828
2024-01-07 01:00:00,Kolkata-Gauge-1,2,0.97,0.98,0.9677501352307829,0.965,0.9642016938795656,0.991,0.9648525669597438
2024-01-07 02:00:00,Kolkata-Gauge-1,2,0.98,0.972,0.9716327072213001,0.969,0.9723935081146007,0.953,0.966500818889448
2024-01-07 03:00:00,Kolkata-Gauge-1,2,0.972,0.965,0.9695230468044793,0.983,0.9697504323161373,0.956,0.9647671764484309
2024-01-07 04:00:00,Kolkata-Gauge-1,2,0.965,0.969,0.9703409232631129,0.991,0.9626687510124239,0.941,0.9625427386655844
2024-01-07 05:00:00,Kolkata-Gauge-1,2,0.969,0.983,0.9708827384759149,0.953,0.9624611636522871,0.929,0.9633329914420561
2024-01-07 06:00:00,Kolkata-Gauge-1,2,0.983,0.991,0.9807869744534045,0.956,0.9746789763875798,0.934,0.9472435617519878
2024-01-07 07:00:00,Kolkata-Gauge-1,2,0.991,0.953,0.9871225955169023,0.941,0.9777073352430283,0.964,0.9566223592095677
2024-01-07 08:00:00,Kolkata-Gauge-1,2,0.953,0.956,0.9504841609295096,0.929,0.9472642822233973,0.955,0.955021491863789
2024-01-07 09:00:00,Kolkata-Gauge-1,2,0.956,0.941,0.9460942623873951,0.934,0.9469803258635185,0.99,0.9585585944677126
2024-01-07 10:00:00,Kolkata-Gauge-1,2,0.941,0.929,0.9355648993288863,0.964,0.936881399117776,0.963,0.9328434844904564
2024-01-07 11:00:00,Kolkata-Gauge-1,2,0.929,0.934,0.9320295471049674,0.955,0.9342343424544803,0.983,0.9288288053596675
2024-01-07 12:00:00,Kolkata-Gauge-1,2,0.934,0.964,0.93932752759147,0.99,0.9353659104096194,0.986,0.923643842812811
2024-01-07 13:00:00,Kolkata-Gauge-1,2,0.964,0.955,0.9636817711887328,0.963,0.9565546235240346,0.985,0.9619911775001877
2024-01-07 14:00:00,Kolkata-Gauge-1,2,0.955,0.99,0.9602576437125983,0.983,0.9591522753531582,1.011,0.9868448678635561
2024-01-07 15:00:00,Kolkata-Gauge-1,2,0.99,0.963,0.9835095151437279,0.986,0.9778349906635113,0.996,0.9843650739644044
2024-01-07 16:00:00,Kolkata-Gauge-1,2,0.963,0.983,0.9684735329457219,0.985,0.9619823522707447,1.019,0.9703924709603193
2024-01-07 17:00:00,Kolkata-Gauge-1,2,0.983,0.986,0.9783203065630478,1.011,0.9787392769796577,1.012,0.9836133787150794
2024-01-07 18:00:00,Kolkata-Gauge-1,2,0.986,0.985,0.9810215410106519,0.996,0.980295605822932,0.997,0.974206668712365
2024-01-07 19:00:00,Kolkata-Gauge-1,2,0.985,1.011,0.981438051215616,1.019,0.9794540520065473,0.969,0.9699022436693461
2024-01-07 20:00:00,Kolkata-Gauge-1,2,1.011,0.996,1.0051888089513834,1.012,1.0003763551611644,0.996,1.0015130764402742
2024-01-07 21:00:00,Kolkata-Gauge-1,2,0.996,1.019,0.9997807331670026,0.997,0.9937966901550191,1.014,0.9794976560046372
2024-01-07 22:00:00,Kolkata-Gauge-1,2,1.019,1.012,1.0215578289015443,0.969,1.0054086099028134,0.999,1.026202663781876
2024-01-07 23:00:00,Kolkata-Gauge-1,2,1.012,0.997,1.0027750705965155,0.996,1.0010901637466907,1.005,0.9978077201436406
2024-01-08 00:00:00,Kolkata-Gauge-1,2,0.997,0.969,0.9945080041499456,1.014,0.993399110354751,1.002,0.9755213134205794
2024-01-08 01:00:00,Kolkata-Gauge-1,2,0.969,0.996,0.9811181313396236,0.999,0.9746910623511879,0.99,0.9697152284056488
2024-01-08 02:00:00,Kolkata-Gauge-1,2,0.996,1.014,0.9976519148076882,1.005,0.9854282278048401,1.004,0.9731516135786962
2024-01-08 03:00:00,Kolkata-Gauge-1,2,1.014,0.999,1.0094962788128172,1.002,0.9977259963284564,0.987,0.9959072084151859
2024-01-08 04:00:00,Kolkata-Gauge-1,2,0.999,1.005,0.994442440136528,0.99,0.9898825441094022,0.939,0.9768355721025243
2024-01-08 05:00:00,Kolkata-Gauge-1,2,1.005,1.002,0.9978618416263801,1.004,0.9908183950269268,0.941,0.9752155936428999
2024-01-08 06:00:00,Kolkata-Gauge-1,2,1.002,0.99,0.9952049246064184,0.987,0.9896219578689286,0.939,0.975376933361632
2024-01-08 07:00:00,Kolkata-Gauge-1,2,0.99,1.004,0.9938664450672793,0.939,0.9780183494315444,0.923,0.9625207125207744
2024-01-08 08:00:00,Kolkata-Gauge-1,2,1.004,0.987,0.9987492082182257,0.941,0.9830379900531919,0.902,0.9651129468848901
2024-01-08 09:00:00,Kolkata-Gauge-1,2,0.987,0.939,0.9739309067283953,0.939,0.9752022367308429,0.867,0.9567349746813122
2024-01-08 10:00:00,Kolkata-Gauge-1,2,0.939,0.941,0.9367153063462598,0.923,0.9252265370337123,0.858,0.9107154472162958
2024-01-08 11:00:00,Kolkata-Gauge-1,2,0.941,0.939,0.9386537358054723,0.902,0.9229219653289813,0.839,0.9116823106812739
2024-01-08 12:00:00,Kolkata-Gauge-1,2,0.939,0.923,0.9349750812901424,0.867,0.92144958051577,0.857,0.9057671491918116
2024-01-08 13:00:00,Kolkata-Gauge-1,2,0.923,0.902,0.9131359664341724,0.858,0.9094919158691013,0.866,0.9045729680558616
2024-01-08 14:00:00,Kolkata-Gauge-1,2,0.902,0.867,0.8960641402686548,0.839,0.8920271125901703,0.854,0.905704926219123
2024-01-08 15:00:00,Kolkata-Gauge-1,2,0.867,0.858,0.8535888453763015,0.857,0.8876878672670173,0.865,0.9054258217323758
2024-01-08 16:00:00,Kolkata-Gauge-1,2,0.858,0.839,0.8523030811130979,0.866,0.8706381946028228,0.864,0.9006788462883908
2024-01-08 17:00:00,Kolkata-Gauge-1,2,0.839,0.857,0.8476054754078031,0.854,0.8565019658968958,0.86,0.897015849098039
2024-01-08 18:00:00,Kolkata-Gauge-1,2,0.857,0.866,0.8544753649052856,0.865,0.8631954246410224,0.86,0.900666640951215
2024-01-08 19:00:00,Kolkata-Gauge-1,2,0.866,0.854,0.8559249912289425,0.864,0.8873579504298922,0.896,0.9108361094748076
2024-01-08 20:00:00,Kolkata-Gauge-1,2,0.854,0.865,0.8527302630270082,0.86,0.8757046475871554,0.909,0.9083091601552444
2024-01-08 21:00:00,Kolkata-Gauge-1,2,0.865,0.864,0.8689563203257028,0.86,0.9031146650775864,0.9,0.9392237073053257
2024-01-08 22:00:00,Kolkata-Gauge-1,2,0.864,0.86,0.8665530517478935,0.896,0.8983111348426646,0.914,0.9170082277578852
2024-01-08 23:00:00,Kolkata-Gauge-1,2,0.86,0.86,0.8657280812615791,0.909,0.8985811986188842,0.928,0.9130065872074131
2024-01-09 00:00:00,Kolkata-Gauge-1,2,0.86,0.896,0.8601532683310605,0.9,0.8761644233305509,0.933,0.912860341401806
2024-01-09 01:00:00,Kolkata-Gauge-1,2,0.896,0.909,0.9034523381005573,0.914,0.8979335473785264,0.926,0.9212029982369491
2024-01-09 02:00:00,Kolkata-Gauge-1,2,0.909,0.9,0.9082100430235001,0.928,0.9116659563844932,0.918,0.9124616801104193
2024-01-09 03:00:00,Kolkata-Gauge-1,2,0.9,0.914,0.9033130062463799,0.933,0.8961603983836475,0.897,0.9093891707918709
2024-01-09 04:00:00,Kolkata-Gauge-1,2,0.914,0.928,0.9193251886273646,0.926,0.9122581917093446,0.901,0.911767638685324
2024-01-09 05:00:00,Kolkata-Gauge-1,2,0.928,0.933,0.9295993239316308,0.918,0.9239821711304886,0.89,0.9113322938350195
2024-01-09 06:00:00,Kolkata-Gauge-1,2,0.933,0.926,0.9358169529431081,0.897,0.9291944406576186,0.878,0.9278939254417635
2024-01-09 07:00:00,Kolkata-Gauge-1,2,0.926,0.918,0.9206388755936185,0.901,0.9224808731907642,0.889,0.9185151751690088
2024-01-09 08:00:00,Kolkata-Gauge-1,2,0.918,0.897,0.9084136017262154,0.89,0.9158019943701583,0.92,0.9211726287014634
2024-01-09 09:00:00,Kolkata-Gauge-1,2,0.897,0.901,0.8987088607189266,0.878,0.8918792467424669,0.923,0.911882826226108
2024-01-09 10:00:00,Kolkata-Gauge-1,2,0.901,0.89,0.8984424283934462,0.889,0.8949412556004428,0.918,0.9133113478633288
2024-01-09 11:00:00,Kolkata-Gauge-1,2,0.89,0.878,0.8913479643685676,0.92,0.8947281175584221,0.914,0.9139601846511306
2024-01-09 12:00:00,Kolkata-Gauge-1,2,0.878,0.889,0.8764337193462814,0.923,0.8910235655363893,0.933,0.9103631061726067
2024-01-09 13:00:00,Kolkata-Gauge-1,2,0.889,0.92,0.8972135893594444,0.918,0.8940292853449626,0.937,0.9112030029892924
2024-01-09 14:00:00,Kolkata-Gauge-1,2,0.92,0.923,0.9209413044694424,0.914,0.916189799320853,0.937,0.928019580757223
2024-01-09 15:00:00,Kolkata-Gauge-1,2,0.923,0.918,0.9197886697915714,0.933,0.913610907609138,0.938,0.9122154720210213
2024-01-09 16:00:00,Kolkata-Gauge-1,2,0.918,0.914,0.9164965273573482,0.937,0.913009364814157,0.905,0.9173816271251664
2024-01-09 17:00:00,Kolkata-Gauge-1,2,0.914,0.933,0.9192516385476537,0.937,0.9101030926340858,0.91,0.9110252739052825
2024-01-09 18:00:00,Kolkata-Gauge-1,2,0.933,0.937,0.9317099015723852,0.938,0.9223114474810161,0.889,0.911542089479876
2024-01-09 19:00:00,Kolkata-Gauge-1,2,0.937,0.937,0.9357627700875336,0.905,0.9208514358776368,0.894,0.9110729827555997
2024-01-09 20:00:00,Kolkata-Gauge-1,2,0.937,0.938,0.9378601565126765,0.91,0.9215271935084701,0.877,0.9127734704066691
2024-01-09 21:00:00,Kolkata-Gauge-1,2,0.938,0.905,0.9289811486645855,0.889,0.9211724965076761,0.886,0.9114940243792664
2024-01-09 22:00:00,Kolkata-Gauge-1,2,0.905,0.91,0.9024052665134364,0.894,0.8919610160859224,0.883,0.9058046863543641
2024-01-09 23:00:00,Kolkata-Gauge-1,2,0.91,0.889,0.9092066098306189,0.877,0.9081406030081891,0.861,0.9066820007771703
2024-01-10 00:00:00,Kolkata-Gauge-1,2,0.889,0.894,0.8905456433829976,0.886,0.8883583141560899,0.856,0.9024384317504276
2024-01-10 01:00:00,Kolkata-Gauge-1,2,0.894,0.877,0.8939375334732679,0.883,0.8908359898619437,0.901,0.907529228504342
2024-01-10 02:00:00,Kolkata-Gauge-1,2,0.877,0.886,0.8734898444619716,0.861,0.8851630671259346,0.858,0.9032884713802865
2024-01-10 03:00:00,Kolkata-Gauge-1,2,0.886,0.883,0.8895835532353941,0.856,0.8871473658585174,0.865,0.9042629689409151
2024-01-10 04:00:00,Kolkata-Gauge-1,2,0.883,0.861,0.8833206367283343,0.901,0.8963559577954836,0.845,0.9174919233045319
2024-01-10 05:00:00,Kolkata-Gauge-1,2,0.861,0.856,0.8679697244100634,0.858,0.8808580908479846,0.874,0.9013941764826636
2024-01-10 06:00:00,Kolkata-Gauge-1,2,0.856,0.901,0.8724515251438423,0.865,0.8853058568856479,0.89,0.9036954019822828
2024-01-10 07:00:00,Kolkata-Gauge-1,2,0.901,0.858,0.8982072689432692,0.845,0.8960360807084107,0.894,0.9169904330807824
2024-01-10 08:00:00,Kolkata-Gauge-1,2,0.858,0.865,0.8650819666375179,0.874,0.885037996599206,0.909,0.9230851590169161
2024-01-10 09:00:00,Kolkata-Gauge-1,2,0.865,0.845,0.8627176452612819,0.89,0.8939689446541104,0.911,0.9130369328161464
2024-01-10 10:00:00,Kolkata-Gauge-1,2,0.845,0.874,0.858634379982573,0.894,0.8760344428534598,0.907,0.9013305533016633
2024-01-10 11:00:00,Kolkata-Gauge-1,2,0.874,0.89,0.8870625150601117,0.909,0.8989689166614515,0.894,0.9178804302334296
2024-01-10 12:00:00,Kolkata-Gauge-1,2,0.89,0.894,0.898751733482107,0.911,0.8999663104641026,0.885,0.9097311195572231
2024-01-10 13:00:00,Kolkata-Gauge-1,2,0.894,0.909,0.9045173675554607,0.907,0.8977380001340648,0.875,0.9097030469125323
2024-01-10 14:00:00,Kolkata-Gauge-1,2,0.909,0.911,0.905281434130389,0.894,0.9049693549693297,0.874,0.9082266702296173
2024-01-10 15:00:00,Kolkata-Gauge-1,2,0.911,0.907,0.9147272294732007,0.885,0.9050144745765496,0.868,0.9061992910342057
2024-01-10 16:00:00,Kolkata-Gauge-1,2,0.907,0.894,0.9037309555124005,0.875,0.9015581626666692,0.92,0.9091136751390617
2024-01-10 17:00:00,Kolkata-Gauge-1,2,0.894,0.885,0.8940637417450499,0.874,0.8892734135188192,0.988,0.9256493944113805
2024-01-10 18:00:00,Kolkata-Gauge-1,2,0.885,0.875,0.8787361275400266,0.868,0.8858886204220744,1.006,0.9221453039612793
2024-01-10 19:00:00,Kolkata-Gauge-1,2,0.875,0.874,0.8762186853613556,0.92,0.8898390040323364,1.057,0.9225066043784432
2024-01-10 20:00:00,Kolkata-Gauge-1,2,0.874,0.868,0.8775711879416375,0.988,0.8979503001327316,1.082,0.9174318456549142
2024-01-10 21:00:00,Kolkata-Gauge-1,2,0.868,0.92,0.8935323780170903,1.006,0.9628635784827057,1.064,1.0382364473468557
2024-01-10 22:00:00,Kolkata-Gauge-1,2,0.92,0.988,0.9445060655738595,1.057,1.0285990799211961,1.052,1.0630556515458942
2024-01-10 23:00:00,Kolkata-Gauge-1,2,0.988,1.006,1.0173859815032342,1.082,1.0811500718990976,1.049,1.0812184793874273
2024-01-11 00:00:00,Kolkata-Gauge-1,2,1.006,1.057,1.0396707937403733,1.064,1.0288345670599748,1.03,0.9929726381881608
2024-01-11 01:00:00,Kolkata-Gauge-1,2,1.057,1.082,1.080311432925921,1.052,1.0715111529798569,1.036,1.0508652351590555
2024-01-11 02:00:00,Kolkata-Gauge-1,2,1.082,1.064,1.0903989299960817,1.049,1.0850623738965195,1.019,1.0485099223047476
2024-01-11 03:00:00,Kolkata-Gauge-1,2,1.064,1.052,1.0517224188299243,1.03,1.0445616287385033,0.991,1.0154325760751552
2024-01-11 04:00:00,Kolkata-Gauge-1,2,1.052,1.049,1.05176587313141,1.036,1.038088832676597,0.985,1.00767346727453
2024-01-11 05:00:00,Kolkata-Gauge-1,2,1.049,1.03,1.0392241826560933,1.019,1.0295177790306833,0.965,0.991644505861472
2024-01-11 06:00:00,Kolkata-Gauge-1,2,1.03,1.036,1.0317794218592142,0.991,1.019816054365482,0.954,0.9933482264054374
2024-01-11 07:00:00,Kolkata-Gauge-1,2,1.036,1.019,1.0294359062765315,0.985,1.0139478351076459,0.948,0.9827198712786487
2024-01-11 08:00:00,Kolkata-Gauge-1,2,1.019,0.991,1.0083543959112877,0.965,0.9886895546517207,0.936,0.985097777713049
2024-01-11 09:00:00,Kolkata-Gauge-1,2,0.991,0.985,0.9930706905702369,0.954,0.9795896407466339,0.981,0.9971696767698137
2024-01-11 10:00:00,Kolkata-Gauge-1,2,0.985,0.965,0.9780188729863208,0.948,0.9772278150979729,1.02,0.9968064043262113
2024-01-11 11:00:00,Kolkata-Gauge-1,2,0.965,0.954,0.9694828295966826,0.936,0.9627405828189929,1.029,0.9937002851013657
2024-01-11 12:00:00,Kolkata-Gauge-1,2,0.954,0.948,0.9476411192753905,0.981,0.9600582974559267,1.049,0.9759630619903334
2024-01-11 13:00:00,Kolkata-Gauge-1,2,0.948,0.936,0.9452179418083586,1.02,0.971106978122499,1.082,0.9934800934621115
2024-01-11 14:00:00,Kolkata-Gauge-1,2,0.936,0.981,0.9690849284436962,1.029,1.0310565317076958,1.087,1.0512658162379382
2024-01-11 15:00:00,Kolkata-Gauge-1,2,0.981,1.02,0.9932509347187576,1.049,1.0389291212773488,1.125,1.0796563661524052
2024-01-11 16:00:00,Kolkata-Gauge-1,2,1.02,1.029,1.0448266584358743,1.082,1.092541648688417,1.112,1.1163386497877492
2024-01-11 17:00:00,Kolkata-Gauge-1,2,1.029,1.049,1.055120040654944,1.087,1.0820889045211957,1.127,1.0666871363838237
2024-01-11 18:00:00,Kolkata-Gauge-1,2,1.049,1.082,1.0712079430696557,1.125,1.1012785465706851,1.092,1.0748905125974935
2024-01-11 19:00:00,Kolkata-Gauge-1,2,1.082,1.087,1.0922374528030245,1.112,1.1017953547546298,1.06,1.0854989168693452
2024-01-11 20:00:00,Kolkata-Gauge-1,2,1.087,1.125,1.095106780086994,1.127,1.0917925590126842,1.087,1.0858454189533646
2024-01-11 21:00:00,Kolkata-Gauge-1,2,1.125,1.112,1.1215459296224575,1.092,1.115631412901419,1.07,1.1033745479452857
2024-01-11 22:00:00,Kolkata-Gauge-1,2,1.112,1.127,1.11014993782299,1.06,1.0999587239717097,1.039,1.0928981102388926
2024-01-11 23:00:00,Kolkata-Gauge-1,2,1.127,1.092,1.1213421771225953,1.087,1.1155549828583942,1.031,1.0975750543837752
2024-01-12 00:00:00,Kolkata-Gauge-1,2,1.092,1.06,1.0754712504559398,1.07,1.0673335685295144,1.05,1.057743962346358
2024-01-12 01:00:00,Kolkata-Gauge-1,2,1.06,1.087,1.0587633582035114,1.039,1.037630784337653,1.027,1.025453135255401
2024-01-12 02:00:00,Kolkata-Gauge-1,2,1.087,1.07,1.0793951568734903,1.031,1.0685999533771364,1.02,1.0349657940576489
2024-01-12 03:00:00,Kolkata-Gauge-1,2,1.07,1.039,1.0576000244196713,1.05,1.0467685743385675,0.976,1.0195342722589709
2024-01-12 04:00:00,Kolkata-Gauge-1,2,1.039,1.031,1.0310361100036352,1.027,1.0222065255385266,0.961,0.985152512508486
2024-01-12 05:00:00,Kolkata-Gauge-1,2,1.031,1.05,1.029944002218553,1.02,1.0160747017599059,0.977,0.9820062546429574
2024-01-12 06:00:00,Kolkata-Gauge-1,2,1.05,1.027,1.0380055760751352,0.976,1.0277468942993149,0.956,1.0014774463652838
2024-01-12 07:00:00,Kolkata-Gauge-1,2,1.027,1.02,1.0233290283789076,0.961,1.0084739907798592,0.925,0.9773021117501198
2024-01-12 08:00:00,Kolkata-Gauge-1,2,1.02,0.976,1.0084587339314188,0.977,0.9925409339415093,0.906,0.9694396796502016
2024-01-12 09:00:00,Kolkata-Gauge-1,2,0.976,0.961,0.9701736280402552,0.956,0.9757416673771256,0.891,0.9727461657362612
2024-01-12 10:00:00,Kolkata-Gauge-1,2,0.961,0.977,0.961916418864829,0.925,0.9563846238929278,0.903,0.9698643830952026
2024-01-12 11:00:00,Kolkata-Gauge-1,2,0.977,0.956,0.9738409305248003,0.906,0.9689377145929262,0.908,0.9653348459135561
2024-01-12 12:00:00,Kolkata-Gauge-1,2,0.956,0.925,0.9474963026492875,0.891,0.9528456734765142,0.916,0.9761067302164614
2024-01-12 13:00:00,Kolkata-Gauge-1,2,0.925,0.906,0.9173812364231387,0.903,0.9203530396241211,0.914,0.928286138451699
2024-01-12 14:00:00,Kolkata-Gauge-1,2,0.906,0.891,0.8989833584797042,0.908,0.8885937551848057,0.898,0.906691156788884
2024-01-12 15:00:00,Kolkata-Gauge-1,2,0.891,0.903,0.8886655458802779,0.916,0.885157314333733,0.88,0.8936566592264177
2024-01-12 16:00:00,Kolkata-Gauge-1,2,0.903,0.908,0.9011845705793271,0.914,0.8914830726588324,0.887,0.8992332091193107
2024-01-12 17:00:00,Kolkata-Gauge-1,2,0.908,0.916,0.9078390483149906,0.898,0.898947071069296,0.917,0.9054897822818005
2024-01-12 18:00:00,Kolkata-Gauge-1,2,0.916,0.914,0.9150633803992937,0.88,0.8993192191521852,0.939,0.916913951355106
2024-01-12 19:00:00,Kolkata-Gauge-1,2,0.914,0.898,0.9128623096066668,0.887,0.9099031972707434,0.959,0.9322173328055151
2024-01-12 20:00:00,Kolkata-Gauge-1,2,0.898,0.88,0.8924765425226702,0.917,0.8993776316369199,0.976,0.9241665230797743
2024-01-12 21:00:00,Kolkata-Gauge-1,2,0.88,0.887,0.8779602187734585,0.939,0.8938495934499634,1.032,0.9190575739765144
2024-01-12 22:00:00,Kolkata-Gauge-1,2,0.887,0.917,0.8932136001146423,0.959,0.8953971749944647,1.069,0.9225560721967319
2024-01-12 23:00:00,Kolkata-Gauge-1,2,0.917,0.939,0.9200177903959544,0.976,0.9184217365985123,1.116,0.9576172681094918
2024-01-13 00:00:00,Kolkata-Gauge-1,2,0.939,0.959,0.9666655943835877,1.032,1.0658773156337127,1.1,1.1088104574826216
2024-01-13 01:00:00,Kolkata-Gauge-1,2,0.959,0.976,0.9736648749715524,1.069,1.082284227677279,1.105,1.1216588817763615
2024-01-13 02:00:00,Kolkata-Gauge-1,2,0.976,1.032,0.9987121964024696,1.116,1.0887909930646695,1.093,1.112696144830036
2024-01-13 03:00:00,Kolkata-Gauge-1,2,1.032,1.069,1.0686038221676126,1.1,1.0665997113430585,1.055,1.0538000048805585
2024-01-13 04:00:00,Kolkata-Gauge-1,2,1.069,1.116,1.1021389497816356,1.105,1.0938491546987974,1.068,1.0703409299267819
2024-01-13 05:00:00,Kolkata-Gauge-1,2,1.116,1.1,1.1321051942832407,1.093,1.136342902761023,1.061,1.1455390148144977
2024-01-13 06:00:00,Kolkata-Gauge-1,2,1.1,1.105,1.0962235988797082,1.055,1.0812902942603373,1.049,1.069809488022439
2024-01-13 07:00:00,Kolkata-Gauge-1,2,1.105,1.093,1.1037861868369119,1.068,1.0913629835315704,1.052,1.108879289302204
2024-01-13 08:00:00,Kolkata-Gauge-1,2,1.093,1.055,1.0776535335860327,1.061,1.0677632673802495,1.02,1.033941414959144
2024-01-13 09:00:00,Kolkata-Gauge-1,2,1.055,1.068,1.0581468837604,1.049,1.0299925178946858,1.026,1.00628944795227
2024-01-13 10:00:00,Kolkata-Gauge-1,2,1.068,1.061,1.0543853699423207,1.052,1.0258023339975713,1.011,1.0014236895442614
2024-01-13 11:00:00,Kolkata-Gauge-1,2,1.061,1.049,1.0503725997468312,1.02,1.0266932305985,1.006,1.001977263334363
2024-01-13 12:00:00,Kolkata-Gauge-1,2,1.049,1.052,1.042280690011809,1.026,1.0293966743436909,1.026,1.0195207621429274
2024-01-13 13:00:00,Kolkata-Gauge-1,2,1.052,1.02,1.049667151967635,1.011,1.042026410519772,1.034,1.0237984968175813
2024-01-13 14:00:00,Kolkata-Gauge-1,2,1.02,1.026,1.0153939873537918,1.006,1.0044099766575552,1.024,0.9906033282478324
2024-01-13 15:00:00,Kolkata-Gauge-1,2,1.026,1.011,1.0241784079420726,1.026,1.014027463052969,1.017,0.9799569780368104
2024-01-13 16:00:00,Kolkata-Gauge-1,2,1.011,1.006,1.0007197732890496,1.034,0.9972709575255723,0.961,0.9749705850619723
2024-01-13 17:00:00,Kolkata-Gauge-1,2,1.006,1.026,1.002197403540069,1.024,0.9941498501576926,0.941,0.9769507399446794
2024-01-13 18:00:00,Kolkata-Gauge-1,2,1.026,1.034,1.0231631067501092,1.017,1.0094614583039987,0.941,0.9618871483876223
2024-01-13 19:00:00,Kolkata-Gauge-1,2,1.034,1.024,1.0263843574355502,0.961,1.0112536790589626,0.923,0.9567666765081937
2024-01-13 20:00:00,Kolkata-Gauge-1,2,1.024,1.017,1.0168664378593921,0.941,0.9975934588632804,0.893,0.9628054993937606
2024-01-13 21:00:00,Kolkata-Gauge-1,2,1.017,0.961,0.9998424845143106,0.941,0.9857761415715122,0.9,0.9720170039957744
2024-01-13 22:00:00,Kolkata-Gauge-1,2,0.961,0.941,0.9553079077261896,0.923,0.9465565780495137,0.924,0.9584592255430533
2024-01-13 23:00:00,Kolkata-Gauge-1,2,0.941,0.941,0.9458961493365695,0.893,0.9206106646184353,0.908,0.9223794976769014
2024-01-14 00:00:00,Kolkata-Gauge-1,2,0.941,0.923,0.9357145158526048,0.9,0.9375916479104043,0.925,0.9429856547330028
2024-01-14 01:00:00,Kolkata-Gauge-1,2,0.923,0.893,0.9124542922176112,0.924,0.9285516849196168,0.938,0.936043528826437
2024-01-14 02:00:00,Kolkata-Gauge-1,2,0.893,0.9,0.9027829247136913,0.908,0.9044775612952598,0.917,0.9131026969479376
2024-01-14 03:00:00,Kolkata-Gauge-1,2,0.9,0.924,0.9051992890259846,0.925,0.9082420950297853,0.901,0.9121207715665831
2024-01-14 04:00:00,Kolkata-Gauge-1,2,0.924,0.908,0.9196553687204677,0.938,0.9286604452137711,0.936,0.9263955619755037
2024-01-14 05:00:00,Kolkata-Gauge-1,2,0.908,0.925,0.9119425952585746,0.917,0.9103379100237547,0.91,0.9204751592140178
2024-01-14 06:00:00,Kolkata-Gauge-1,2,0.925,0.938,0.9219879227212922,0.901,0.9115894225429708,0.894,0.9238652675125885
2024-01-14 07:00:00,Kolkata-Gauge-1,2,0.938,0.917,0.9281717134055082,0.936,0.9226723987256793,0.931,0.922354208739949
2024-01-14 08:00:00,Kolkata-Gauge-1,2,0.917,0.901,0.9109918591460134,0.91,0.9165596343152593,0.916,0.9246052717461704
2024-01-14 09:00:00,Kolkata-Gauge-1,2,0.901,0.936,0.909066363997693,0.894,0.8951312894378891,0.939,0.909976548955402
2024-01-14 10:00:00,Kolkata-Gauge-1,2,0.936,0.91,0.9309565393287885,0.931,0.928439341370382,0.915,0.9250726276877658
2024-01-14 11:00:00,Kolkata-Gauge-1,2,0.91,0.894,0.9073213657488377,0.916,0.9081372535036728,0.914,0.9045366721087358
2024-01-14 12:00:00,Kolkata-Gauge-1,2,0.894,0.931,0.9071798111113164,0.939,0.8975753687472314,0.932,0.9041907341325525
2024-01-14 13:00:00,Kolkata-Gauge-1,2,0.931,0.916,0.9222867670581871,0.915,0.9228456782914284,0.919,0.9241239796271528
2024-01-14 14:00:00,Kolkata-Gauge-1,2,0.916,0.939,0.914608024723868,0.914,0.9095855765630082,0.917,0.9141933808358137
2024-01-14 15:00:00,Kolkata-Gauge-1,2,0.939,0.915,0.9312956691050428,0.932,0.929508828250236,0.929,0.9216488260052367
2024-01-14 16:00:00,Kolkata-Gauge-1,2,0.915,0.914,0.9117277945168439,0.919,0.9089856289108906,0.907,0.9131704512771788
2024-01-14 17:00:00,Kolkata-Gauge-1,2,0.914,0.932,0.9164796174606887,0.917,0.9102031587692281,0.949,0.9141663849546049
2024-01-14 18:00:00,Kolkata-Gauge-1,2,0.932,0.919,0.922587888058537,0.929,0.9239764109665518,0.965,0.9201651395384505
2024-01-14 19:00:00,Kolkata-Gauge-1,2,0.919,0.917,0.9150721182184591,0.907,0.9121411999336999,0.954,0.919126755375519
2024-01-14 20:00:00,Kolkata-Gauge-1,2,0.917,0.929,0.9175076467499513,0.949,0.9150102865553628,0.944,0.9262663543580711
2024-01-14 21:00:00,Kolkata-Gauge-1,2,0.929,0.907,0.9218853185006359,0.965,0.926514890059573,1.037,0.9247552705711112
2024-01-14 22:00:00,Kolkata-Gauge-1,2,0.907,0.949,0.9093943307508766,0.954,0.9074803490008582,1.08,0.9110284901016042
2024-01-14 23:00:00,Kolkata-Gauge-1,2,0.949,0.965,0.9655581436013968,0.944,0.977359720070545,1.12,1.0469801181837206
2024-01-15 00:00:00,Kolkata-Gauge-1,2,0.965,0.954,0.9646124872060041,1.037,0.9850958339269097,1.191,1.0297200989777917
2024-01-15 01:00:00,Kolkata-Gauge-1,2,0.954,0.944,0.9559757817311747,1.08,0.9918533935172147,1.209,1.0392542430937217
2024-01-15 02:00:00,Kolkata-Gauge-1,2,0.944,1.037,0.9597832137679121,1.12,0.970666373460587,1.253,1.007778282708917
2024-01-15 03:00:00,Kolkata-Gauge-1,2,1.037,1.08,1.0850001493778052,1.191,1.2152323353484746,1.245,1.249717404063049
2024-01-15 04:00:00,Kolkata-Gauge-1,2,1.08,1.12,1.1235991177444957,1.209,1.226370871602526,1.221,1.2414006438502228
2024-01-15 05:00:00,Kolkata-Gauge-1,2,1.12,1.191,1.1739766054376546,1.253,1.2627297522412226,1.181,1.2560350332633055
2024-01-15 06:00:00,Kolkata-Gauge-1,2,1.191,1.209,1.2203464803695883,1.245,1.2380135293051913,1.174,1.2094179326370182
2024-01-15 07:00:00,Kolkata-Gauge-1,2,1.209,1.253,1.2418887605422344,1.221,1.2248794614041099,1.179,1.2043306109016314
2024-01-15 08:00:00,Kolkata-Gauge-1,2,1.253,1.245,1.2788706741411038,1.181,1.250772785106694,1.157,1.2262132747019934
2024-01-15 09:00:00,Kolkata-Gauge-1,2,1.245,1.221,1.2330853098580348,1.174,1.2249763904245525,1.126,1.2202678744642494
2024-01-15 10:00:00,Kolkata-Gauge-1,2,1.221,1.181,1.2112069487689197,1.179,1.2106662368222798,1.144,1.2117178176079584
2024-01-15 11:00:00,Kolkata-Gauge-1,2,1.181,1.174,1.1783189738535829,1.157,1.1712147568425808,1.147,1.1912176475081446
2024-01-15 12:00:00,Kolkata-Gauge-1,2,1.174,1.179,1.1710660636768553,1.126,1.1615056021014298,1.131,1.1891968102733874
2024-01-15 13:00:00,Kolkata-Gauge-1,2,1.179,1.157,1.1697157037431936,1.144,1.159426986056612,1.142,1.1777905206927781
2024-01-15 14:00:00,Kolkata-Gauge-1,2,1.157,1.126,1.1501969534462162,1.147,1.1721951724505917,1.142,1.175622016506312
2024-01-15 15:00:00,Kolkata-Gauge-1,2,1.126,1.144,1.1383255042115183,1.131,1.1394182476527646,1.172,1.1714211220711355
2024-01-15 16:00:00,Kolkata-Gauge-1,2,1.144,1.147,1.1449403403919594,1.142,1.1509275945032238,1.2,1.1746901214268661
2024-01-15 17:00:00,Kolkata-Gauge-1,2,1.147,1.131,1.1439692802917525,1.142,1.148922984144309,1.186,1.1692676484410736
2024-01-15 18:00:00,Kolkata-Gauge-1,2,1.131,1.142,1.1358352448183122,1.172,1.1452664886281043,1.187,1.1638948405354508
2024-01-15 19:00:00,Kolkata-Gauge-1,2,1.142,1.142,1.1443360289634266,1.2,1.1558398124608027,1.188,1.1631226851801741
2024-01-15 20:00:00,Kolkata-Gauge-1,2,1.142,1.172,1.1510396411489972,1.186,1.1642291449775253,1.205,1.1787478608251603
2024-01-15 21:00:00,Kolkata-Gauge-1,2,1.172,1.2,1.1719665247104745,1.187,1.1778530399789864,1.21,1.2019026771930441
2024-01-15 22:00:00,Kolkata-Gauge-1,2,1.2,1.186,1.2037911513019117,1.188,1.2164724417781807,1.179,1.2196467361725176
2024-01-15 23:00:00,Kolkata-Gauge-1,2,1.186,1.187,1.1935227026805468,1.205,1.2153113605106445,1.183,1.2087934171342085
2024-01-16 00:00:00,Kolkata-Gauge-1,2,1.187,1.188,1.1938991506107652,1.21,1.2215623114265481,1.195,1.2244717782671977
2024-01-16 01:00:00,Kolkata-Gauge-1,2,1.188,1.205,1.1882563392689123,1.179,1.2028118742610816,1.185,1.232397826918405
2024-01-16 02:00:00,Kolkata-Gauge-1,2,1.205,1.21,1.209787586736109,1.183,1.2080440782225967,1.18,1.234143259006351
2024-01-16 03:00:00,Kolkata-Gauge-1,2,1.21,1.179,1.2065394695084488,1.195,1.2062676944275972,1.152,1.195326722260942
2024-01-16 04:00:00,Kolkata-Gauge-1,2,1.179,1.183,1.175818706373458,1.185,1.1721917836549935,1.134,1.1811120539543027
2024-01-16 05:00:00,Kolkata-Gauge-1,2,1.183,1.195,1.175256619513552,1.18,1.171543307498826,1.117,1.1831097948725429
2024-01-16 06:00:00,Kolkata-Gauge-1,2,1.195,1.185,1.1961925655851888,1.152,1.177654823774351,1.121,1.1812542761510925
2024-01-16 07:00:00,Kolkata-Gauge-1,2,1.185,1.18,1.1750197507469968,1.134,1.172379079003646,1.122,1.1789458356905564
2024-01-16 08:00:00,Kolkata-Gauge-1,2,1.18,1.152,1.171158481231133,1.117,1.1631625825262841,1.112,1.1784793583994841
2024-01-16 09:00:00,Kolkata-Gauge-1,2,1.152,1.134,1.1438057258305177,1.121,1.1511800188350627,1.101,1.1355735021538635
2024-01-16 10:00:00,Kolkata-Gauge-1,2,1.134,1.117,1.1336811193480516,1.122,1.131579204824997,1.059,1.1251875486236373
2024-01-16 11:00:00,Kolkata-Gauge-1,2,1.117,1.121,1.1148435351632928,1.112,1.1114379474707832,1.089,1.1044288469943777
2024-01-16 12:00:00,Kolkata-Gauge-1,2,1.121,1.122,1.1235400367998125,1.101,1.1133300699043904,1.045,1.1046288168026135
2024-01-16 13:00:00,Kolkata-Gauge-1,2,1.122,1.112,1.122122761227204,1.059,1.1159491149016378,1.053,1.1100414256587139
2024-01-16 14:00:00,Kolkata-Gauge-1,2,1.112,1.101,1.1047568184989025,1.089,1.1007202460871477,1.053,1.105357230706912
2024-01-16 15:00:00,Kolkata-Gauge-1,2,1.101,1.059,1.0918686128037434,1.045,1.0848787593627358,1.047,1.0546328793822655
2024-01-16 16:00:00,Kolkata-Gauge-1,2,1.059,1.089,1.0650135040583448,1.053,1.0508982612874613,1.046,1.026835353947811
2024-01-16 17:00:00,Kolkata-Gauge-1,2,1.089,1.045,1.077836122650758,1.053,1.0779619602043504,1.031,1.039214436878847
2024-01-16 18:00:00,Kolkata-Gauge-1,2,1.045,1.053,1.0402176895777386,1.047,1.0355255776568228,1.043,1.0157082431674243
2024-01-16 19:00:00,Kolkata-Gauge-1,2,1.053,1.053,1.055053003297166,1.046,1.0485500679076731,1.011,1.034442125657796
2024-01-16 20:00:00,Kolkata-Gauge-1,2,1.053,1.047,1.053907915563891,1.031,1.045325370977207,1.013,1.0294371500486401
2024-01-16 21:00:00,Kolkata-Gauge-1,2,1.047,1.046,1.045033271633291,1.043,1.0463103475217295,0.995,1.0333056972625954
2024-01-16 22:00:00,Kolkata-Gauge-1,2,1.046,1.031,1.0375072015231888,1.011,1.028949793092947,0.981,1.0060558396074213
2024-01-16 23:00:00,Kolkata-Gauge-1,2,1.031,1.043,1.031761535737138,1.013,1.0176302244944684,0.969,0.9850997307133259
2024-01-17 00:00:00,Kolkata-Gauge-1,2,1.043,1.011,1.029986630664554,0.995,1.0227338080921533,0.962,1.003466350583716
2024-01-17 01:00:00,Kolkata-Gauge-1,2,1.011,1.013,1.0030043234549375,0.981,0.9871986987739239,0.968,0.9834126966662582
2024-01-17 02:00:00,Kolkata-Gauge-1,2,1.013,0.995,1.007190758449189,0.969,0.9872116728065151,0.963,0.9786426391797796
2024-01-17 03:00:00,Kolkata-Gauge-1,2,0.995,0.981,0.9860345814373771,0.962,0.9837181839881463,0.977,0.9879540152200172
2024-01-17 04:00:00,Kolkata-Gauge-1,2,0.981,0.969,0.974452228886353,0.968,0.9779322607858821,0.993,0.9868524133162205
2024-01-17 05:00:00,Kolkata-Gauge-1,2,0.969,0.962,0.9704208355198879,0.963,0.9705171776606849,0.994,0.9798272850618425
2024-01-17 06:00:00,Kolkata-Gauge-1,2,0.962,0.968,0.9645850224996523,0.977,0.9626203585457345,1.002,0.9835974407258441
2024-01-17 07:00:00,Kolkata-Gauge-1,2,0.968,0.963,0.9697565838581123,0.993,0.9657145428242836,1.037,0.973110775025012
2024-01-17 08:00:00,Kolkata-Gauge-1,2,0.963,0.977,0.9701784150178872,0.994,0.9666265308311364,1.001,0.9737587208485703
2024-01-17 09:00:00,Kolkata-Gauge-1,2,0.977,0.993,0.9738178866415621,1.002,0.9744288648681599,1.017,0.9744421089334929
2024-01-17 10:00:00,Kolkata-Gauge-1,2,0.993,0.994,0.992128102935333,1.037,0.988134770931717,1.041,0.9798912870740156
2024-01-17 11:00:00,Kolkata-Gauge-1,2,0.994,1.002,0.990087944755836,1.001,0.9876841873119654,1.043,0.9820833733944069
2024-01-17 12:00:00,Kolkata-Gauge-1,2,1.002,1.037,0.997966924107002,1.017,0.992073662887823,1.073,0.981682548084229
2024-01-17 13:00:00,Kolkata-Gauge-1,2,1.037,1.001,1.0239257766568606,1.041,1.0331122357935627,1.101,1.0323155269991418
2024-01-17 14:00:00,Kolkata-Gauge-1,2,1.001,1.017,0.9975831979284829,1.043,0.9960823565543477,1.085,0.9862008781414998
2024-01-17 15:00:00,Kolkata-Gauge-1,2,1.017,1.041,1.0154027317577394,1.073,1.011442440026064,1.071,1.0131066629601075
2024-01-17 16:00:00,Kolkata-Gauge-1,2,1.041,1.043,1.0278713147487908,1.101,1.04329201224104,1.074,1.0249126286564643
2024-01-17 17:00:00,Kolkata-Gauge-1,2,1.043,1.073,1.037212280726375,1.085,1.04409054007111,1.053,1.03779739023848
2024-01-17 18:00:00,Kolkata-Gauge-1,2,1.073,1.101,1.0702883456031402,1.071,1.0516384485572452,1.101,1.059003916793526
2024-01-17 19:00:00,Kolkata-Gauge-1,2,1.101,1.085,1.092077018429276,1.074,1.0812287008567292,1.109,1.0748189007815212
2024-01-17 20:00:00,Kolkata-Gauge-1,2,1.085,1.071,1.0853449394231598,1.053,1.0761961224891075,1.102,1.075494476452815
2024-01-17 21:00:00,Kolkata-Gauge-1,2,1.071,1.074,1.0669334841477007,1.101,1.061564032659665,1.067,1.0516686428796005
2024-01-17 22:00:00,Kolkata-Gauge-1,2,1.074,1.053,1.0678775753957963,1.109,1.0621499038152147,1.066,1.0365215617442867
2024-01-17 23:00:00,Kolkata-Gauge-1,2,1.053,1.101,1.062074334567398,1.102,1.0562408201037976,1.037,1.0298687576941388
2024-01-18 00:00:00,Kolkata-Gauge-1,2,1.101,1.109,1.0977634476107623,1.067,1.0840535100359132,1.046,1.0569635638102712
2024-01-18 01:00:00,Kolkata-Gauge-1,2,1.109,1.102,1.1022071497678176,1.066,1.0960465826731312,0.99,1.0856339712642484
2024-01-18 02:00:00,Kolkata-Gauge-1,2,1.102,1.067,1.0958954894936228,1.037,1.0856466181239952,1.013,1.0707295162368886
2024-01-18 03:00:00,Kolkata-Gauge-1,2,1.067,1.066,1.0619659936952752,1.046,1.050712445165081,0.998,1.030232592521407
2024-01-18 04:00:00,Kolkata-Gauge-1,2,1.066,1.037,1.0565167151764707,0.99,1.0509123319047005,0.958,1.0269241004469507
2024-01-18 05:00:00,Kolkata-Gauge-1,2,1.037,1.046,1.0365556949058,1.013,1.027856570522788,0.953,0.9979040982906434
2024-01-18 06:00:00,Kolkata-Gauge-1,2,1.046,0.99,1.0320417833553297,0.998,1.0393458377698672,0.949,0.9980150883960921
2024-01-18 07:00:00,Kolkata-Gauge-1,2,0.99,1.013,1.0052692019985348,0.958,0.9814825192275266,0.964,0.9918364933668846
2024-01-18 08:00:00,Kolkata-Gauge-1,2,1.013,0.998,1.017141671516447,0.953,0.9874154070715666,1.007,0.9932348385135081
2024-01-18 09:00:00,Kolkata-Gauge-1,2,0.998,0.958,0.9918823794472814,0.949,0.9806919918077974,1.029,1.00054107457858
2024-01-18 10:00:00,Kolkata-Gauge-1,2,0.958,0.953,0.9498929946285197,0.964,0.9605068475174587,1.06,1.0025075615398333
2024-01-18 11:00:00,Kolkata-Gauge-1,2,0.953,0.949,0.9503601079837054,1.007,0.9701968912675109,1.068,1.0127080225960596
2024-01-18 12:00:00,Kolkata-Gauge-1,2,0.949,0.964,0.950602070228975,1.029,0.9751442125014858,1.09,1.0162522230890416
2024-01-18 13:00:00,Kolkata-Gauge-1,2,0.964,1.007,0.9907383197184397,1.06,1.033919841616048,1.057,1.0414322751538672
2024-01-18 14:00:00,Kolkata-Gauge-1,2,1.007,1.029,1.0213691591858989,1.068,1.0684523298424522,1.056,1.066100420986967
2024-01-18 15:00:00,Kolkata-Gauge-1,2,1.029,1.06,1.0512740786537678,1.09,1.0805281513109777,1.034,1.0754448280568722
2024-01-18 16:00:00,Kolkata-Gauge-1,2,1.06,1.068,1.0706575192367156,1.057,1.0540083232269193,1.053,1.0542487569822467
2024-01-18 17:00:00,Kolkata-Gauge-1,2,1.068,1.09,1.0800270091378092,1.056,1.0582842155411463,1.047,1.0568856336740349
2024-01-18 18:00:00,Kolkata-Gauge-1,2,1.09,1.057,1.0875675238807667,1.034,1.078017736072303,1.055,1.0595548865227815
2024-01-18 19:00:00,Kolkata-Gauge-1,2,1.057,1.056,1.0558836500563606,1.053,1.0446160896586638,1.053,1.0390698398682203
2024-01-18 20:00:00,Kolkata-Gauge-1,2,1.056,1.034,1.0503334401277271,1.047,1.0408956832003284,1.083,1.0321596908307227
2024-01-18 21:00:00,Kolkata-Gauge-1,2,1.034,1.053,1.0351572283007109,1.055,1.027847584085502,1.05,1.0077519790034544
2024-01-18 22:00:00,Kolkata-Gauge-1,2,1.053,1.047,1.0506827806478602,1.053,1.0405071509164945,1.048,1.0263657250940457
2024-01-18 23:00:00,Kolkata-Gauge-1,2,1.047,1.055,1.040284296124404,1.083,1.0418079208356117,1.06,1.0241858404708994
2024-01-19 00:00:00,Kolkata-Gauge-1,2,1.055,1.053,1.052844149855958,1.05,1.042434607557883,1.052,1.0376535759826002
2024-01-19 01:00:00,Kolkata-Gauge-1,2,1.053,1.083,1.052486694400879,1.048,1.0391121133508308,1.064,1.0409217279128697
2024-01-19 02:00:00,Kolkata-Gauge-1,2,1.083,1.05,1.0768574861688134,1.06,1.0775093732360557,1.119,1.0673884678923775
2024-01-19 03:00:00,Kolkata-Gauge-1,2,1.05,1.048,1.0540380957213218,1.052,1.0536256933112718,1.143,1.0645166770573822
2024-01-19 04:00:00,Kolkata-Gauge-1,2,1.048,1.06,1.047145025360774,1.064,1.055327273460642,1.164,1.058151661789868
2024-01-19 05:00:00,Kolkata-Gauge-1,2,1.06,1.052,1.0807058241309886,1.119,1.1347858537160007,1.176,1.1907978355151911
2024-01-19 06:00:00,Kolkata-Gauge-1,2,1.052,1.064,1.0775359064278467,1.143,1.129022710373177,1.172,1.1536404033216643
2024-01-19 07:00:00,Kolkata-Gauge-1,2,1.064,1.119,1.0948644319263041,1.164,1.1399685112537141,1.177,1.1624846002069729
2024-01-19 08:00:00,Kolkata-Gauge-1,2,1.119,1.143,1.1486704152494338,1.176,1.1644073920123907,1.179,1.1783794756608026
2024-01-19 09:00:00,Kolkata-Gauge-1,2,1.143,1.164,1.1637016365265398,1.172,1.1757866392032126,1.186,1.1861948043931845
2024-01-19 10:00:00,Kolkata-Gauge-1,2,1.164,1.176,1.1868077251091458,1.177,1.1877136826981618,1.17,1.1913492908921717
2024-01-19 11:00:00,Kolkata-Gauge-1,2,1.176,1.172,1.1733781550064415,1.179,1.1779996724487927,1.184,1.1999286312506008
2024-01-19 12:00:00,Kolkata-Gauge-1,2,1.172,1.177,1.1733446786483763,1.186,1.1786402805534002,1.161,1.1923750148265837
2024-01-19 13:00:00,Kolkata-Gauge-1,2,1.177,1.179,1.1731524498003172,1.17,1.1730664150662558,1.16,1.1806379716223137
2024-01-19 14:00:00,Kolkata-Gauge-1,2,1.179,1.186,1.1776160041072823,1.184,1.1777500219142663,1.181,1.1960365910594883
2024-01-19 15:00:00,Kolkata-Gauge-1,2,1.186,1.17,1.1837233643535747,1.161,1.188937385917493,1.176,1.199496778154711
2024-01-19 16:00:00,Kolkata-Gauge-1,2,1.17,1.184,1.1696785955855267,1.16,1.1704573228798776,1.166,1.188844736404443
2024-01-19 17:00:00,Kolkata-Gauge-1,2,1.184,1.161,1.1767047263305368,1.181,1.1851453403101364,1.21,1.1888555157772693
2024-01-19 18:00:00,Kolkata-Gauge-1,2,1.161,1.16,1.1653981233380588,1.176,1.169564017262446,1.229,1.2009777886641735
2024-01-19 19:00:00,Kolkata-Gauge-1,2,1.16,1.181,1.168956412524839,1.166,1.1716970177609174,1.221,1.2008904370707552
2024-01-19 20:00:00,Kolkata-Gauge-1,2,1.181,1.176,1.1852066159001315,1.21,1.190665989081888,1.191,1.2095127576571798
2024-01-19 21:00:00,Kolkata-Gauge-1,2,1.176,1.166,1.1745966446459155,1.229,1.1872607362615564,1.141,1.1837132544037758
2024-01-19 22:00:00,Kolkata-Gauge-1,2,1.166,1.21,1.174116820823471,1.221,1.1769476045757448,1.147,1.1754764342242898
2024-01-19 23:00:00,Kolkata-Gauge-1,2,1.21,1.229,1.2119208696684853,1.191,1.204881829361561,1.165,1.1942321745750881
2024-01-20 00:00:00,Kolkata-Gauge-1,2,1.229,1.221,1.2294620310321476,1.141,1.2087466936132623,1.164,1.2096311107671132
2024-01-20 01:00:00,Kolkata-Gauge-1,2,1.221,1.191,1.2112069682279007,1.147,1.2050661257228705,1.121,1.19928471591275
2024-01-20 02:00:00,Kolkata-Gauge-1,2,1.191,1.141,1.1773732472348588,1.165,1.1790807073228942,1.117,1.1788729414541266
2024-01-20 03:00:00,Kolkata-Gauge-1,2,1.141,1.147,1.1446013877412637,1.164,1.1554417254263076,1.099,1.1436991272564703
2024-01-20 04:00:00,Kolkata-Gauge-1,2,1.147,1.165,1.1476053592816489,1.121,1.14309518620188,1.094,1.1383574483021532
2024-01-20 05:00:00,Kolkata-Gauge-1,2,1.165,1.164,1.163548084658822,1.117,1.1579432163626227,1.125,1.1750815508409787
2024-01-20 06:00:00,Kolkata-Gauge-1,2,1.164,1.121,1.1559591150139432,1.099,1.1576900994426622,1.136,1.1607675570708347
2024-01-20 07:00:00,Kolkata-Gauge-1,2,1.121,1.117,1.1211986355603354,1.094,1.1134257731782968,1.142,1.1170531657751674
2024-01-20 08:00:00,Kolkata-Gauge-1,2,1.117,1.099,1.109857968049353,1.125,1.1109004869416448,1.135,1.105233594179912
2024-01-20 09:00:00,Kolkata-Gauge-1,2,1.099,1.094,1.0931839674243706,1.136,1.0878105757179108,1.137,1.0556618466236558
2024-01-20 10:00:00,Kolkata-Gauge-1,2,1.094,1.125,1.0929741056652227,1.142,1.0834304005039719,1.117,1.047671190490565
2024-01-20 11:00:00,Kolkata-Gauge-1,2,1.125,1.136,1.1206280335182928,1.135,1.1143308260093403,1.122,1.1062658019141243
2024-01-20 12:00:00,Kolkata-Gauge-1,2,1.136,1.142,1.1345402636992339,1.137,1.128885818700146,1.109,1.121793767129201
2024-01-20 13:00:00,Kolkata-Gauge-1,2,1.142,1.135,1.1379963676860967,1.117,1.1345139446826806,1.113,1.1234743440930857
2024-01-20 14:00:00,Kolkata-Gauge-1,2,1.135,1.137,1.134089864944972,1.122,1.1197863886934434,1.149,1.1198822075137036
2024-01-20 15:00:00,Kolkata-Gauge-1,2,1.137,1.117,1.1303541643314974,1.109,1.1229831910564794,1.123,1.1154987951222055
2024-01-20 16:00:00,Kolkata-Gauge-1,2,1.117,1.122,1.1118480978320944,1.113,1.1065000999176935,1.131,1.1018924603424514
2024-01-20 17:00:00,Kolkata-Gauge-1,2,1.122,1.109,1.1204264659962218,1.149,1.112973004321855,1.167,1.1059473332192242
2024-01-20 18:00:00,Kolkata-Gauge-1,2,1.109,1.113,1.1062495247323625,1.123,1.0970383194538644,1.214,1.099694030494998
2024-01-20 19:00:00,Kolkata-Gauge-1,2,1.113,1.149,1.136756032373314,1.131,1.1738238558345317,1.218,1.2211860957758238
2024-01-20 20:00:00,Kolkata-Gauge-1,2,1.149,1.123,1.1620635027522752,1.167,1.1955559583353539,1.199,1.2153488854193886
2024-01-20 21:00:00,Kolkata-Gauge-1,2,1.123,1.131,1.1387183353838244,1.214,1.18830694640216,1.193,1.2080563402744486
2024-01-20 22:00:00,Kolkata-Gauge-1,2,1.131,1.167,1.148562891897358,1.218,1.1656441556979793,1.194,1.1527732380302713
2024-01-20 23:00:00,Kolkata-Gauge-1,2,1.167,1.214,1.1974051117657476,1.199,1.1903529752356128,1.215,1.2044078877767566
2024-01-21 00:00:00,Kolkata-Gauge-1,2,1.214,1.218,1.223542901904934,1.193,1.2105344458187757,1.224,1.2126356771758224
2024-01-21 01:00:00,Kolkata-Gauge-1,2,1.218,1.199,1.216420065506681,1.194,1.2268972110903436,1.232,1.2250492236577204
2024-01-21 02:00:00,Kolkata-Gauge-1,2,1.199,1.193,1.1990851158716536,1.215,1.1985016180509451,1.222,1.1839042184642081
2024-01-21 03:00:00,Kolkata-Gauge-1,2,1.193,1.194,1.1861089496333015,1.224,1.1928421816073005,1.19,1.1798813112944286
2024-01-21 04:00:00,Kolkata-Gauge-1,2,1.194,1.215,1.1995942896246246,1.232,1.1951189906461614,1.176,1.1851329551472334
2024-01-21 05:00:00,Kolkata-Gauge-1,2,1.215,1.224,1.2182064045830499,1.222,1.2043447215885434,1.184,1.182294460112353
2024-01-21 06:00:00,Kolkata-Gauge-1,2,1.224,1.232,1.224152117294443,1.19,1.2089799273450779,1.212,1.1987656170282486
2024-01-21 07:00:00,Kolkata-Gauge-1,2,1.232,1.222,1.2304804125411732,1.176,1.2140534492839563,1.215,1.2159407560317625
2024-01-21 08:00:00,Kolkata-Gauge-1,2,1.222,1.19,1.212893831439293,1.184,1.2097300397436925,1.24,1.1991854298218265
2024-01-21 09:00:00,Kolkata-Gauge-1,2,1.19,1.176,1.1807153447916474,1.212,1.1822151376435672,1.236,1.1815044886262478
2024-01-21 10:00:00,Kolkata-Gauge-1,2,1.176,1.184,1.195358427728143,1.215,1.2384135406703876,1.213,1.2674459219747976
2024-01-21 11:00:00,Kolkata-Gauge-1,2,1.184,1.212,1.2031543574794716,1.24,1.2394985846721518,1.232,1.2706408827534488
2024-01-21 12:00:00,Kolkata-Gauge-1,2,1.212,1.215,1.224862071969814,1.236,1.2395211260295282,1.246,1.2621920627116217
2024-01-21 13:00:00,Kolkata-Gauge-1,2,1.215,1.24,1.2260319433300892,1.213,1.2161924219910485,1.238,1.2032501436979481
2024-01-21 14:00:00,Kolkata-Gauge-1,2,1.24,1.236,1.237953291833731,1.232,1.2380374322989962,1.22,1.2519391034053906
2024-01-21 15:00:00,Kolkata-Gauge-1,2,1.236,1.213,1.2300718769635348,1.246,1.2415764315266336,1.237,1.2595264200862053
2024-01-21 16:00:00,Kolkata-Gauge-1,2,1.213,1.232,1.2142732928698503,1.238,1.2055003962711326,1.252,1.185785446320581
2024-01-21 17:00:00,Kolkata-Gauge-1,2,1.232,1.246,1.2340617430132388,1.22,1.2299292839245684,1.265,1.2471697430279478
2024-01-21 18:00:00,Kolkata-Gauge-1,2,1.246,1.238,1.2490227981620206,1.237,1.2551284550781348,1.252,1.2692687451661717
2024-01-21 19:00:00,Kolkata-Gauge-1,2,1.238,1.22,1.2398968106657489,1.252,1.2520361833927902,1.282,1.276796161433986
2024-01-21 20:00:00,Kolkata-Gauge-1,2,1.22,1.237,1.2243434618275835,1.265,1.2466652822113617,1.333,1.2728706228061877
2024-01-21 21:00:00,Kolkata-Gauge-1,2,1.237,1.252,1.238743814117183,1.252,1.2436171436300352,1.411,1.3026115379568626
2024-01-21 22:00:00,Kolkata-Gauge-1,2,1.252,1.265,1.2548532619732797,1.282,1.255154623475397,1.441,1.3176827316970923
2024-01-21 23:00:00,Kolkata-Gauge-1,2,1.265,1.252,1.2587270735211245,1.333,1.2785347514702798,1.487,1.329360943520634
2024-01-22 00:00:00,Kolkata-Gauge-1,2,1.252,1.282,1.2564207162336105,1.411,1.2669488500345325,1.563,1.3144100748207923
2024-01-22 01:00:00,Kolkata-Gauge-1,2,1.282,1.333,1.31668291230488,1.441,1.4367277813029833,1.544,1.566176282964721
2024-01-22 02:00:00,Kolkata-Gauge-1,2,1.333,1.411,1.392517822811867,1.487,1.500634016072614,1.528,1.5583368660737416
2024-01-22 03:00:00,Kolkata-Gauge-1,2,1.411,1.441,1.4563414683200493,1.563,1.5697622664413475,1.49,1.5544060035303098
2024-01-22 04:00:00,Kolkata-Gauge-1,2,1.441,1.487,1.4759282711675252,1.544,1.477607306785417,1.491,1.449727937560178
2024-01-22 05:00:00,Kolkata-Gauge-1,2,1.487,1.563,1.5432136488076182,1.528,1.5196260168669418,1.497,1.4883238883849734
2024-01-22 06:00:00,Kolkata-Gauge-1,2,1.563,1.544,1.5793613711078203,1.49,1.5640956526039893,1.489,1.5517065739546618
2024-01-22 07:00:00,Kolkata-Gauge-1,2,1.544,1.528,1.5394477956961732,1.491,1.5288168776249031,1.494,1.5346742450773359
2024-01-22 08:00:00,Kolkata-Gauge-1,2,1.528,1.49,1.51207122257413,1.497,1.509602327861234,1.525,1.5222109229926788
2024-01-22 09:00:00,Kolkata-Gauge-1,2,1.49,1.491,1.4873313859515875,1.489,1.4907448438881556,1.516,1.504077947113966
2024-01-22 10:00:00,Kolkata-Gauge-1,2,1.491,1.497,1.4893182992766367,1.494,1.4785460692644683,1.512,1.4708847851039797
2024-01-22 11:00:00,Kolkata-Gauge-1,2,1.497,1.489,1.5180273974230734,1.525,1.5466547453506458,1.518,1.5866731327859724
2024-01-22 12:00:00,Kolkata-Gauge-1,2,1.489,1.494,1.5157695379030118,1.516,1.5469415258468386,1.508,1.5670057315588533
2024-01-22 13:00:00,Kolkata-Gauge-1,2,1.494,1.525,1.5206383792914904,1.512,1.544824226178914,1.482,1.5655459082918424
2024-01-22 14:00:00,Kolkata-Gauge-1,2,1.525,1.516,1.5221101479495085,1.518,1.5220370023224123,1.464,1.509077791955523
2024-01-22 15:00:00,Kolkata-Gauge-1,2,1.516,1.512,1.5191312408238342,1.508,1.510203289560145,1.488,1.5086365326834619
2024-01-22 16:00:00,Kolkata-Gauge-1,2,1.512,1.518,1.5193051871134995,1.482,1.5097589771895423,1.502,1.5099520057627693
2024-01-22 17:00:00,Kolkata-Gauge-1,2,1.518,1.508,1.509272852978481,1.464,1.4983365994739066,1.489,1.506171986812057
2024-01-22 18:00:00,Kolkata-Gauge-1,2,1.508,1.482,1.499208262076417,1.488,1.4928151154033864,1.494,1.4987517549348133
2024-01-22 19:00:00,Kolkata-Gauge-1,2,1.482,1.464,1.4749730147644233,1.502,1.4866748887167185,1.485,1.4759249935675338
2024-01-22 20:00:00,Kolkata-Gauge-1,2,1.464,1.488,1.4698032059322934,1.489,1.4687481843113155,1.439,1.4641011675743405
2024-01-22 21:00:00,Kolkata-Gauge-1,2,1.488,1.502,1.4850021825270867,1.494,1.47456682544597,1.389,1.4589368498784023
2024-01-22 22:00:00,Kolkata-Gauge-1,2,1.502,1.489,1.4967410065685385,1.485,1.4968444923352773,1.387,1.495726711070922
2024-01-22 23:00:00,Kolkata-Gauge-1,2,1.489,1.494,1.4820843749357453,1.439,1.4560971224516543,1.371,1.4533637749009611
2024-01-23 00:00:00,Kolkata-Gauge-1,2,1.494,1.485,1.4891773435221316,1.389,1.4678131737383826,1.393,1.4643976737582254
2024-01-23 01:00:00,Kolkata-Gauge-1,2,1.485,1.439,1.474843153453168,1.387,1.4516993338553736,1.396,1.42030356320206
2024-01-23 02:00:00,Kolkata-Gauge-1,2,1.439,1.389,1.419866192237565,1.371,1.3967752240215507,1.42,1.3848783525693302
2024-01-23 03:00:00,Kolkata-Gauge-1,2,1.389,1.387,1.3733552516135084,1.393,1.3708064708305996,1.447,1.3504233263417798
2024-01-23 04:00:00,Kolkata-Gauge-1,2,1.387,1.371,1.394398110947077,1.396,1.4248762666645267,1.454,1.4502263397532904
2024-01-23 05:00:00,Kolkata-Gauge-1,2,1.371,1.393,1.3933279454402496,1.42,1.4219892917121555,1.432,1.445479960502095
2024-01-23 06:00:00,Kolkata-Gauge-1,2,1.393,1.396,1.3996839298120547,1.447,1.438514303453841,1.439,1.454628993251753
2024-01-23 07:00:00,Kolkata-Gauge-1,2,1.396,1.42,1.4066448382208603,1.454,1.3892317959772293,1.416,1.3755017041423774
2024-01-23 08:00:00,Kolkata-Gauge-1,2,1.42,1.447,1.4274100051248435,1.432,1.420599111744816,1.427,1.4090830957366538
2024-01-23 09:00:00,Kolkata-Gauge-1,2,1.447,1.454,1.4567546703428778,1.439,1.4446854216442826,1.446,1.4280716198965964
2024-01-23 10:00:00,Kolkata-Gauge-1,2,1.454,1.432,1.4474008913965537,1.416,1.4317085778160952,1.455,1.4287118422738116
2024-01-23 11:00:00,Kolkata-Gauge-1,2,1.432,1.439,1.4306901176767193,1.427,1.4273517105390752,1.442,1.424030299068156
2024-01-23 12:00:00,Kolkata-Gauge-1,2,1.439,1.416,1.432644141642618,1.446,1.4366862528865831,1.444,1.4173624594479461
2024-01-23 13:00:00,Kolkata-Gauge-1,2,1.416,1.427,1.4114314784845747,1.455,1.4123124843106316,1.404,1.3972406608453771
2024-01-23 14:00:00,Kolkata-Gauge-1,2,1.427,1.446,1.4250668148430023,1.442,1.4229733932773079,1.361,1.380365278917665
2024-01-23 15:00:00,Kolkata-Gauge-1,2,1.446,1.455,1.446518982986262,1.444,1.4314262697065245,1.363,1.391267914584669
2024-01-23 16:00:00,Kolkata-Gauge-1,2,1.455,1.442,1.4489437334979522,1.404,1.4202446055567184,1.381,1.3879736881551354
2024-01-23 17:00:00,Kolkata-Gauge-1,2,1.442,1.444,1.4312267298271928,1.361,1.3978187383913534,1.348,1.3803258483698542
2024-01-23 18:00:00,Kolkata-Gauge-1,2,1.444,1.404,1.4270462010373326,1.363,1.3954336711928073,1.341,1.3718933161722657
2024-01-23 19:00:00,Kolkata-Gauge-1,2,1.404,1.361,1.3935041764508653,1.381,1.3676777719272637,1.342,1.3393482620443615
2024-01-23 20:00:00,Kolkata-Gauge-1,2,1.361,1.363,1.351785583529334,1.348,1.3372689524411812,1.322,1.3229819366283622
2024-01-23 21:00:00,Kolkata-Gauge-1,2,1.363,1.381,1.3593175130236357,1.341,1.3463649866730691,1.353,1.3383172813344129
2024-01-23 22:00:00,Kolkata-Gauge-1,2,1.381,1.348,1.3690164243258995,1.342,1.3611916525830592,1.402,1.3460003025314782
2024-01-23 23:00:00,Kolkata-Gauge-1,2,1.348,1.341,1.3449534508037038,1.322,1.3244395285759019,1.439,1.333343427921953
2024-01-24 00:00:00,Kolkata-Gauge-1,2,1.341,1.342,1.330087844133159,1.353,1.3249949739554487,1.474,1.33865221563914
2024-01-24 01:00:00,Kolkata-Gauge-1,2,1.342,1.322,1.3266724192525274,1.402,1.3261533977066782,1.49,1.3426229665231426
2024-01-24 02:00:00,Kolkata-Gauge-1,2,1.322,1.353,1.3165156914260014,1.439,1.3209306442728144,1.526,1.3212761107440845
2024-01-24 03:00:00,Kolkata-Gauge-1,2,1.353,1.402,1.3995905630544112,1.474,1.4796646453338558,1.511,1.5168987050812297
2024-01-24 04:00:00,Kolkata-Gauge-1,2,1.402,1.439,1.4456607163171886,1.49,1.5176743562200947,1.497,1.5269908648200345
2024-01-24 05:00:00,Kolkata-Gauge-1,2,1.439,1.474,1.4810993831923795,1.526,1.5408288375522443,1.479,1.5238764456179716
2024-01-24 06:00:00,Kolkata-Gauge-1,2,1.474,1.49,1.5007324313822688,1.511,1.4987296278454976,1.472,1.4622470214248466
2024-01-24 07:00:00,Kolkata-Gauge-1,2,1.49,1.526,1.5237188680341462,1.497,1.4989786691208444,1.445,1.4570751497870056
2024-01-24 08:00:00,Kolkata-Gauge-1,2,1.526,1.511,1.5336196239328814,1.479,1.5271055625900252,1.435,1.5113953725231293
2024-01-24 09:00:00,Kolkata-Gauge-1,2,1.511,1.497,1.5067207924052846,1.472,1.4980903641024843,1.419,1.4979148896204608
2024-01-24 10:00:00,Kolkata-Gauge-1,2,1.497,1.479,1.4841521721159456,1.445,1.4857941776746884,1.393,1.4912761614442067
2024-01-24 11:00:00,Kolkata-Gauge-1,2,1.479,1.472,1.4745958805729442,1.435,1.4695664537757673,1.346,1.4572008999418744
2024-01-24 12:00:00,Kolkata-Gauge-1,2,1.472,1.445,1.4701126933993194,1.419,1.4588065161410835,1.359,1.4228370218893487
2024-01-24 13:00:00,Kolkata-Gauge-1,2,1.445,1.435,1.427002452263498,1.393,1.4019654061351552,1.367,1.383937513517809
2024-01-24 14:00:00,Kolkata-Gauge-1,2,1.435,1.419,1.4232251802029168,1.346,1.389032739444198,1.344,1.3733802634909922
2024-01-24 15:00:00,Kolkata-Gauge-1,2,1.419,1.393,1.4068412213024368,1.359,1.386956587005004,1.349,1.3728445273559344
2024-01-24 16:00:00,Kolkata-Gauge-1,2,1.393,1.346,1.3766437940949003,1.367,1.3697879230579562,1.319,1.3432197926844016
2024-01-24 17:00:00,Kolkata-Gauge-1,2,1.346,1.359,1.3466022320101807,1.344,1.3264530365869729,1.305,1.3170331768840902
2024-01-24 18:00:00,Kolkata-Gauge-1,2,1.359,1.367,1.3529045521690528,1.349,1.3403463936660567,1.286,1.321346075283033
2024-01-24 19:00:00,Kolkata-Gauge-1,2,1.367,1.344,1.352305116553302,1.319,1.3441810532671896,1.273,1.3216615211757305
2024-01-24 20:00:00,Kolkata-Gauge-1,2,1.344,1.349,1.3407681444444168,1.305,1.320687192679011,1.278,1.3025787115647671
2024-01-24 21:00:00,Kolkata-Gauge-1,2,1.349,1.319,1.3269871082518618,1.286,1.3149182039949412,1.262,1.2933849108268922
2024-01-24 22:00:00,Kolkata-Gauge-1,2,1.319,1.305,1.3098951626431368,1.273,1.2934187086810627,1.248,1.2823623630568513
2024-01-24 23:00:00,Kolkata-Gauge-1,2,1.305,1.286,1.291921365774479,1.278,1.29070419889416,1.255,1.2751396705125875
2024-01-25 00:00:00,Kolkata-Gauge-1,2,1.286,1.273,1.2818209804051375,1.262,1.265161610066024,1.249,1.2681846717383431
2024-01-25 01:00:00,Kolkata-Gauge-1,2,1.273,1.278,1.267967010972045,1.248,1.243528857570319,1.231,1.2584614923609185
2024-01-25 02:00:00,Kolkata-Gauge-1,2,1.278,1.262,1.265700195867614,1.255,1.2447714357865094,1.229,1.2625716568323497
2024-01-25 03:00:00,Kolkata-Gauge-1,2,1.262,1.248,1.2481742685714148,1.249,1.2335061894407255,1.242,1.2274078020700423
2024-01-25 04:00:00,Kolkata-Gauge-1,2,1.248,1.255,1.2414518976714561,1.231,1.2283772804732322,1.256,1.2247984059886663
2024-01-25 05:00:00,Kolkata-Gauge-1,2,1.255,1.249,1.2463242524388207,1.229,1.2327083123816276,1.222,1.2222344796718567
2024-01-25 06:00:00,Kolkata-Gauge-1,2,1.249,1.231,1.2458125875210788,1.242,1.23542757748667,1.189,1.229303719220454
2024-01-25 07:00:00,Kolkata-Gauge-1,2,1.231,1.229,1.221143261888681,1.256,1.229017462826103,1.202,1.2153687968034643
2024-01-25 08:00:00,Kolkata-Gauge-1,2,1.229,1.242,1.2287431490349192,1.222,1.2271591227678078,1.189,1.20650588743855
2024-01-25 09:00:00,Kolkata-Gauge-1,2,1.242,1.256,1.244623712928958,1.189,1.2291271381260072,1.137,1.2118412758712966
2024-01-25 10:00:00,Kolkata-Gauge-1,2,1.256,1.222,1.2542935776617987,1.202,1.2413090088937895,1.117,1.2155494828689721
2024-01-25 11:00:00,Kolkata-Gauge-1,2,1.222,1.189,1.2079067829316645,1.189,1.2196356781802107,1.102,1.192901325621184
2024-01-25 12:00:00,Kolkata-Gauge-1,2,1.189,1.202,1.1845187391609828,1.137,1.17572626963428,1.091,1.1714920211467095
2024-01-25 13:00:00,Kolkata-Gauge-1,2,1.202,1.189,1.1951844878167948,1.117,1.1770540015409263,1.101,1.1745129946201263
2024-01-25 14:00:00,Kolkata-Gauge-1,2,1.189,1.137,1.1786123412906533,1.102,1.1663461203122878,1.077,1.168139756231188
2024-01-25 15:00:00,Kolkata-Gauge-1,2,1.137,1.117,1.1358991791385926,1.091,1.141001414447905,1.091,1.1396875889940055
2024-01-25 16:00:00,Kolkata-Gauge-1,2,1.117,1.102,1.1144482675914664,1.101,1.1127166416243481,1.091,1.1109017265662073
2024-01-25 17:00:00,Kolkata-Gauge-1,2,1.102,1.091,1.0918251172796996,1.077,1.081818192974962,1.06,1.0847331462433984
2024-01-25 18:00:00,Kolkata-Gauge-1,2,1.091,1.101,1.0838638660103224,1.091,1.0723387349658218,1.049,1.045276434591631
2024-01-25 19:00:00,Kolkata-Gauge-1,2,1.101,1.077,1.090972058367595,1.091,1.0797884503281598,1.055,1.0529702960183767
2024-01-25 20:00:00,Kolkata-Gauge-1,2,1.077,1.091,1.0766321767215137,1.06,1.0555557423820663,1.056,1.04198040475286
2024-01-25 21:00:00,Kolkata-Gauge-1,2,1.091,1.091,1.0841198767626754,1.049,1.069512803060701,1.063,1.0560500930498755
2024-01-25 22:00:00,Kolkata-Gauge-1,2,1.091,1.06,1.0820082355377818,1.055,1.0702562286380422,1.051,1.0536427662929604
2024-01-25 23:00:00,Kolkata-Gauge-1,2,1.06,1.049,1.0588962768277563,1.056,1.0518373004474915,1.065,1.0390059370302969
2024-01-26 00:00:00,Kolkata-Gauge-1,2,1.049,1.055,1.0462598838309425,1.063,1.0391621358345942,1.059,1.024186238636795
2024-01-26 01:00:00,Kolkata-Gauge-1,2,1.055,1.056,1.055915021386099,1.051,1.0467719234589485,1.11,1.0385558842356832
2024-01-26 02:00:00,Kolkata-Gauge-1,2,1.056,1.063,1.059593693292217,1.065,1.052978556404511,1.08,1.0598905582039437
2024-01-26 03:00:00,Kolkata-Gauge-1,2,1.063,1.051,1.0599123178139038,1.059,1.0571223804431968,1.131,1.0702716484911294
2024-01-26 04:00:00,Kolkata-Gauge-1,2,1.051,1.065,1.056896525544423,1.11,1.0624734231146244,1.105,1.0654448822337936
2024-01-26 05:00:00,Kolkata-Gauge-1,2,1.065,1.059,1.0680068914228409,1.08,1.0689730676658782,1.124,1.085333700303291
2024-01-26 06:00:00,Kolkata-Gauge-1,2,1.059,1.11,1.070037403986267,1.131,1.0729627377490736,1.133,1.0895568966235598
2024-01-26 07:00:00,Kolkata-Gauge-1,2,1.11,1.08,1.0997728909404647,1.105,1.1026003285725372,1.106,1.1018057966989023
2024-01-26 08:00:00,Kolkata-Gauge-1,2,1.08,1.131,1.0858472282188452,1.124,1.0769891366427216,1.111,1.0801912411763237
2024-01-26 09:00:00,Kolkata-Gauge-1,2,1.131,1.105,1.1261129030538528,1.133,1.1283929236332892,1.093,1.1121828665707505
2024-01-26 10:00:00,Kolkata-Gauge-1,2,1.105,1.124,1.105322520119976,1.106,1.0916646498073075,1.092,1.0893656767326296
2024-01-26 11:00:00,Kolkata-Gauge-1,2,1.124,1.133,1.1241271601600944,1.111,1.1150388893392167,1.087,1.095233361709863
2024-01-26 12:00:00,Kolkata-Gauge-1,2,1.133,1.106,1.125297437524156,1.093,1.1196742199665202,1.073,1.1056277599356907
2024-01-26 13:00:00,Kolkata-Gauge-1,2,1.106,1.111,1.101876478114202,1.092,1.08586836297038,1.057,1.088431258825865
2024-01-26 14:00:00,Kolkata-Gauge-1,2,1.111,1.093,1.105505851652769,1.087,1.0985796875822211,1.057,1.0929520080260402
2024-01-26 15:00:00,Kolkata-Gauge-1,2,1.093,1.092,1.080316710012866,1.073,1.072748360787547,1.033,1.047624840446437
2024-01-26 16:00:00,Kolkata-Gauge-1,2,1.092,1.087,1.081830053396406,1.057,1.0720830351346187,1.009,1.0466034855717103
2024-01-26 17:00:00,Kolkata-Gauge-1,2,1.087,1.073,1.083211263322095,1.057,1.071548933026664,1.023,1.0406405098869975
2024-01-26 18:00:00,Kolkata-Gauge-1,2,1.073,1.057,1.065345034480937,1.033,1.0508423728242537,1.027,1.0288599369994011
2024-01-26 19:00:00,Kolkata-Gauge-1,2,1.057,1.057,1.0535021781149552,1.009,1.041469360756875,0.996,1.0240824276852656
2024-01-26 20:00:00,Kolkata-Gauge-1,2,1.057,1.033,1.0509087800231076,1.023,1.0417166347681743,0.972,1.0205191256483286
2024-01-26 21:00:00,Kolkata-Gauge-1,2,1.033,1.009,1.029096132761526,1.027,1.0211347745674233,0.926,0.9793430867604285
2024-01-26 22:00:00,Kolkata-Gauge-1,2,1.009,1.023,1.014007296894014,0.996,0.9934404961423338,0.942,0.9807810156110309
2024-01-26 23:00:00,Kolkata-Gauge-1,2,1.023,1.027,1.0198657816188417,0.972,0.9926633284736687,0.952,0.9740663656145009
2024-01-27 00:00:00,Kolkata-Gauge-1,2,1.027,0.996,1.025240581373403,0.926,1.0062230100471135,0.926,0.9777321776292781
2024-01-27 01:00:00,Kolkata-Gauge-1,2,0.996,0.972,0.991340385084986,0.942,0.9845797778289042,0.935,0.976133322928736
2024-01-27 02:00:00,Kolkata-Gauge-1,2,0.972,0.926,0.964475818728046,0.952,0.970268896003854,0.971,0.9709594036969077
2024-01-27 03:00:00,Kolkata-Gauge-1,2,0.926,0.942,0.9370167942079743,0.926,0.9454527866285338,0.935,0.9410983860929926
2024-01-27 04:00:00,Kolkata-Gauge-1,2,0.942,0.952,0.9473163025601848,0.935,0.9402784127705218,0.919,0.9399582842280231
2024-01-27 05:00:00,Kolkata-Gauge-1,2,0.952,0.926,0.9446536702461736,0.971,0.9571829677534293,0.884,0.945747587854645
2024-01-27 06:00:00,Kolkata-Gauge-1,2,0.926,0.935,0.9258157969651666,0.935,0.9370540053474412,0.9,0.9277125733885191
2024-01-27 07:00:00,Kolkata-Gauge-1,2,0.935,0.971,0.9373291633213635,0.919,0.9265634196582362,0.896,0.9122970965648671
2024-01-27 08:00:00,Kolkata-Gauge-1,2,0.971,0.935,0.9608218623067646,0.884,0.9461769858316124,0.886,0.9537941495373327
2024-01-27 09:00:00,Kolkata-Gauge-1,2,0.935,0.919,0.9280213783417274,0.9,0.9229148996826723,0.89,0.9179699475150407
2024-01-27 10:00:00,Kolkata-Gauge-1,2,0.919,0.884,0.9104416850071799,0.896,0.9092720080013353,0.878,0.914119442866007
2024-01-27 11:00:00,Kolkata-Gauge-1,2,0.884,0.9,0.8819562657277931,0.886,0.8866577601120776,0.869,0.8848344817100909
2024-01-27 12:00:00,Kolkata-Gauge-1,2,0.9,0.896,0.8998280365249457,0.89,0.8906232942311585,0.874,0.8975133945811155
2024-01-27 13:00:00,Kolkata-Gauge-1,2,0.896,0.886,0.8978453117349863,0.878,0.8862282844283299,0.862,0.8961244616267191
2024-01-27 14:00:00,Kolkata-Gauge-1,2,0.886,0.89,0.8883045450057997,0.869,0.8837332013611575,0.851,0.9002242556134744
2024-01-27 15:00:00,Kolkata-Gauge-1,2,0.89,0.878,0.8850552976610953,0.874,0.8848918332796598,0.846,0.889798789606968
2024-01-27 16:00:00,Kolkata-Gauge-1,2,0.878,0.869,0.8717470984882745,0.862,0.8840955297442032,0.846,0.8919088601287702
2024-01-27 17:00:00,Kolkata-Gauge-1,2,0.869,0.874,0.8736120543400324,0.851,0.8888050251996443,0.857,0.8908027311597166
2024-01-27 18:00:00,Kolkata-Gauge-1,2,0.874,0.862,0.8751424596934692,0.846,0.8906145355901564,0.867,0.8958513820665848
2024-01-27 19:00:00,Kolkata-Gauge-1,2,0.862,0.851,0.8560140650915729,0.846,0.8699478744232427,0.835,0.8919466713401475
2024-01-27 20:00:00,Kolkata-Gauge-1,2,0.851,0.846,0.8546122485959569,0.857,0.8640249537502876,0.862,0.8853344297061965
2024-01-27 21:00:00,Kolkata-Gauge-1,2,0.846,0.846,0.8479136605426785,0.867,0.855689924287566,0.861,0.8844183114531836
2024-01-27 22:00:00,Kolkata-Gauge-1,2,0.846,0.857,0.8514550513144283,0.835,0.8508042582086894,0.853,0.8868787553423209
2024-01-27 23:00:00,Kolkata-Gauge-1,2,0.857,0.867,0.8556874513212905,0.862,0.8610329703390028,0.833,0.891193143092724
2024-01-28 00:00:00,Kolkata-Gauge-1,2,0.867,0.835,0.8559529005493448,0.861,0.8925134396996733,0.872,0.9025947052014126
2024-01-28 01:00:00,Kolkata-Gauge-1,2,0.835,0.862,0.8518841942593569,0.853,0.8573161602529127,0.917,0.9066996279695402
2024-01-28 02:00:00,Kolkata-Gauge-1,2,0.862,0.861,0.8555104073605183,0.833,0.8642277892701603,0.951,0.9245776750389988
2024-01-28 03:00:00,Kolkata-Gauge-1,2,0.861,0.853,0.8553947648378241,0.872,0.8801411412086683,0.949,0.9178269398218996
2024-01-28 04:00:00,Kolkata-Gauge-1,2,0.853,0.833,0.8497828731664959,0.917,0.8862185598403299,0.951,0.9284537925731503
2024-01-28 05:00:00,Kolkata-Gauge-1,2,0.833,0.872,0.8480247699671093,0.951,0.8682276673730858,0.989,0.9081942595094968
2024-01-28 06:00:00,Kolkata-Gauge-1,2,0.872,0.917,0.8906199313160906,0.949,0.892853910007727,0.992,0.9210896049795528
2024-01-28 07:00:00,Kolkata-Gauge-1,2,0.917,0.951,0.9265983780663779,0.951,0.9206751303801681,1.01,0.9440008302404783
2024-01-28 08:00:00,Kolkata-Gauge-1,2,0.951,0.949,0.9712452620531035,0.989,0.9839077284213763,1.021,1.0380444776147868
2024-01-28 09:00:00,Kolkata-Gauge-1,2,0.949,0.951,0.9590581187771502,0.992,0.9715961773139469,1.065,1.0255759816177181
2024-01-28 10:00:00,Kolkata-Gauge-1,2,0.951,0.989,0.9609052743239156,1.01,0.9718870137581317,1.099,1.0182927059211537
2024-01-28 11:00:00,Kolkata-Gauge-1,2,0.989,0.992,1.004333294771599,1.021,1.0374550555829396,1.087,1.088781768023981
2024-01-28 12:00:00,Kolkata-Gauge-1,2,0.992,1.01,1.0083031917532113,1.065,1.0587253240165286,1.109,1.082856414772104
2024-01-28 13:00:00,Kolkata-Gauge-1,2,1.01,1.021,1.0226628595204852,1.099,1.0743745096628865,1.1,1.0816950539606134
2024-01-28 14:00:00,Kolkata-Gauge-1,2,1.021,1.065,1.0411414773919194,1.087,1.0438936410617599,1.098,1.050608576632684
2024-01-28 15:00:00,Kolkata-Gauge-1,2,1.065,1.099,1.0760220921801458,1.109,1.0575324072846173,1.102,1.0668572663134934
2024-01-28 16:00:00,Kolkata-Gauge-1,2,1.099,1.087,1.0936714660938536,1.1,1.0965128205412253,1.114,1.0836237746646646
2024-01-28 17:00:00,Kolkata-Gauge-1,2,1.087,1.109,1.0860026616433214,1.098,1.0840417554438593,1.107,1.077220138971597
2024-01-28 18:00:00,Kolkata-Gauge-1,2,1.109,1.1,1.103942357500639,1.102,1.098640419897364,1.105,1.092795591728497
2024-01-28 19:00:00,Kolkata-Gauge-1,2,1.1,1.098,1.0997960867215661,1.114,1.092514762569149,1.085,1.069440881791337
2024-01-28 20:00:00,Kolkata-Gauge-1,2,1.098,1.102,1.1057613671857185,1.107,1.117043304338752,1.06,1.1068966075118192
2024-01-28 21:00:00,Kolkata-Gauge-1,2,1.102,1.114,1.105006170632101,1.105,1.1164506888774874,1.063,1.106925772951853
2024-01-28 22:00:00,Kolkata-Gauge-1,2,1.114,1.107,1.118626137601334,1.085,1.1231736993422514,1.082,1.1164616001831216
2024-01-28 23:00:00,Kolkata-Gauge-1,2,1.107,1.105,1.1054879676997977,1.06,1.100996714823155,1.097,1.1055661233614755
2024-01-29 00:00:00,Kolkata-Gauge-1,2,1.105,1.085,1.1006186357360621,1.063,1.090968472099596,1.103,1.0952681858104198
2024-01-29 01:00:00,Kolkata-Gauge-1,2,1.085,1.06,1.0807526028482828,1.082,1.0830573083389343,1.069,1.0603586344387408
2024-01-29 02:00:00,Kolkata-Gauge-1,2,1.06,1.063,1.0554239072918241,1.097,1.044269484047532,1.049,1.0235410342820073
2024-01-29 03:00:00,Kolkata-Gauge-1,2,1.063,1.082,1.0660185981734382,1.103,1.0769242652088404,1.038,1.0329537502026087
2024-01-29 04:00:00,Kolkata-Gauge-1,2,1.082,1.097,1.0872170109079573,1.069,1.0770077309300414,1.05,1.044074968742557
2024-01-29 05:00:00,Kolkata-Gauge-1,2,1.097,1.103,1.0960941987029367,1.049,1.0815109543312311,1.031,1.0469385314929534
2024-01-29 06:00:00,Kolkata-Gauge-1,2,1.103,1.069,1.0950017460899262,1.038,1.0844670525592468,1.0,1.0827419161694207
2024-01-29 07:00:00,Kolkata-Gauge-1,2,1.069,1.049,1.062522572588179,1.05,1.0600674922521776,1.029,1.0254798853093734
2024-01-29 08:00:00,Kolkata-Gauge-1,2,1.049,1.038,1.0430326266803758,1.031,1.038074480932566,1.014,1.0157585211954663
2024-01-29 09:00:00,Kolkata-Gauge-1,2,1.038,1.05,1.0347037485712431,1.0,1.021222700051765,0.991,0.9903697263719031
2024-01-29 10:00:00,Kolkata-Gauge-1,2,1.05,1.031,1.0392947877950158,1.029,1.0340209568999619,0.996,1.0012907923582939
2024-01-29 11:00:00,Kolkata-Gauge-1,2,1.031,1.0,1.029645956927619,1.014,1.0227136719149617,0.995,0.9935373341947212
2024-01-29 12:00:00,Kolkata-Gauge-1,2,1.0,1.029,1.0105570099261225,0.991,0.9918833481346742,0.985,0.9993269444573475
2024-01-29 13:00:00,Kolkata-Gauge-1,2,1.029,1.014,1.0313290764940808,0.996,1.0269425975960893,0.985,0.9949938925425542
2024-01-29 14:00:00,Kolkata-Gauge-1,2,1.014,0.991,1.0066564234743747,0.995,1.0150429145676614,0.967,0.9884458402259523
2024-01-29 15:00:00,Kolkata-Gauge-1,2,0.991,0.996,0.9961461406700564,0.985,0.9949574698096801,0.957,0.9820369799747142
2024-01-29 16:00:00,Kolkata-Gauge-1,2,0.996,0.995,0.9914340270523819,0.985,0.9879098569366441,0.957,0.9827921812368429
2024-01-29 17:00:00,Kolkata-Gauge-1,2,0.995,0.985,0.9914666779791727,0.967,0.9857000184452155,0.916,0.9696363808035035
2024-01-29 18:00:00,Kolkata-Gauge-1,2,0.985,0.985,0.9858436085108835,0.957,0.9793880960330088,0.939,0.95786251835372
2024-01-29 19:00:00,Kolkata-Gauge-1,2,0.985,0.967,0.9827780654546725,0.957,0.9838915056035673,0.909,0.9596564075547889
2024-01-29 20:00:00,Kolkata-Gauge-1,2,0.967,0.957,0.9744447621933017,0.916,0.9687859034209801,0.888,0.9541844884957911
2024-01-29 21:00:00,Kolkata-Gauge-1,2,0.957,0.957,0.9526234499572067,0.939,0.9539735171943137,0.907,0.9499348607475198
2024-01-29 22:00:00,Kolkata-Gauge-1,2,0.957,0.916,0.9477613241323198,0.909,0.946483475608056,0.917,0.9492764576849072
2024-01-29 23:00:00,Kolkata-Gauge-1,2,0.916,0.939,0.9194726327298941,0.888,0.913387180743073,0.917,0.9283723781438898
2024-01-30 00:00:00,Kolkata-Gauge-1,2,0.939,0.909,0.9303215520256617,0.907,0.9334257018542645,0.879,0.9542798864192255
2024-01-30 01:00:00,Kolkata-Gauge-1,2,0.909,0.888,0.8961117756023403,0.917,0.90622389317626,0.865,0.9020863972095873
2024-01-30 02:00:00,Kolkata-Gauge-1,2,0.888,0.907,0.8846019477245064,0.917,0.8687963070447233,0.9,0.8900621436875469
2024-01-30 03:00:00,Kolkata-Gauge-1,2,0.907,0.917,0.906349469055339,0.879,0.894091743912313,0.936,0.9225789213453086
2024-01-30 04:00:00,Kolkata-Gauge-1,2,0.917,0.917,0.9122795406440133,0.865,0.9051829073736697,1.015,0.9523583711866684
2024-01-30 05:00:00,Kolkata-Gauge-1,2,0.917,0.879,0.911712651844883,0.9,0.908224923483093,1.109,0.9578256818226725
2024-01-30 06:00:00,Kolkata-Gauge-1,2,0.879,0.865,0.8667132495077052,0.936,0.876952240357889,1.172,0.9351820937020532
2024-01-30 07:00:00,Kolkata-Gauge-1,2,0.865,0.9,0.8587023032239698,1.015,0.8821017338850026,1.21,0.9226118013852853
2024-01-30 08:00:00,Kolkata-Gauge-1,2,0.9,0.936,0.9147512038367938,1.109,0.9984503283436833,1.244,1.0779261836231402
2024-01-30 09:00:00,Kolkata-Gauge-1,2,0.936,1.015,0.9755652888431008,1.172,1.0756395510136088,1.241,1.1044164566985049
2024-01-30 10:00:00,Kolkata-Gauge-1,2,1.015,1.109,1.0793246275262907,1.21,1.2059102079388475,1.18,1.2430144960519425
2024-01-30 11:00:00,Kolkata-Gauge-1,2,1.109,1.172,1.157995397287145,1.244,1.2310137099246632,1.147,1.2066774088296244
2024-01-30 12:00:00,Kolkata-Gauge-1,2,1.172,1.21,1.2093192834255886,1.241,1.2378624707726649,1.093,1.2209096979619158
2024-01-30 13:00:00,Kolkata-Gauge-1,2,1.21,1.244,1.2459986881167024,1.18,1.2268891647738684,1.081,1.2119819022454494
2024-01-30 14:00:00,Kolkata-Gauge-1,2,1.244,1.241,1.2405650022620711,1.147,1.2138249368008063,1.072,1.195960911130441
2024-01-30 15:00:00,Kolkata-Gauge-1,2,1.241,1.18,1.2331834418572176,1.093,1.2110587507896824,1.036,1.1962413065269963
2024-01-30 16:00:00,Kolkata-Gauge-1,2,1.18,1.147,1.1733821430010125,1.081,1.1665961273041385,1.015,1.1802658396785821
2024-01-30 17:00:00,Kolkata-Gauge-1,2,1.147,1.093,1.1373090278810787,1.072,1.154730923620759,0.983,1.1612398846289012
2024-01-30 18:00:00,Kolkata-Gauge-1,2,1.093,1.081,1.0795710261406313,1.036,1.060076092629585,0.978,1.021901361739673
2024-01-30 19:00:00,Kolkata-Gauge-1,2,1.081,1.072,1.0777832370620404,1.015,1.0476954868237487,0.959,1.0109779401632868
2024-01-30 20:00:00,Kolkata-Gauge-1,2,1.072,1.036,1.0597210897817844,0.983,1.039227311014622,0.977,1.0163944434938987
2024-01-30 21:00:00,Kolkata-Gauge-1,2,1.036,1.015,1.0335072231553337,0.978,1.0132675727110452,0.978,0.9872913499948284
2024-01-30 22:00:00,Kolkata-Gauge-1,2,1.015,0.983,1.0083552173676955,0.959,0.9930283541530385,1.007,0.9803011924393386
2024-01-30 23:00:00,Kolkata-Gauge-1,2,0.983,0.978,0.9744186574714394,0.977,0.979786542132191,0.994,0.9906586332946445
2024-01-31 00:00:00,Kolkata-Gauge-1,2,0.978,0.959,0.9726004626616406,0.978,0.9794034350399305,1.033,0.9847859143703802
2024-01-31 01:00:00,Kolkata-Gauge-1,2,0.959,0.977,0.9563625703232751,1.007,0.9571146381521377,1.028,0.9821078521396055
2024-01-31 02:00:00,Kolkata-Gauge-1,2,0.977,0.978,0.9746025225875955,0.994,0.9741004532755908,1.013,0.9808992841725703
2024-01-31 03:00:00,Kolkata-Gauge-1,2,0.978,1.007,0.9766080315036844,1.033,0.9784229338046428,1.056,0.981213399248791
2024-01-31 04:00:00,Kolkata-Gauge-1,2,1.007,0.994,1.0029199945889016,1.028,0.9913151959957608,1.014,0.9758851216994988
2024-01-31 05:00:00,Kolkata-Gauge-1,2,0.994,1.033,0.9967429039155091,1.013,0.986252174926092,0.998,0.9718358694909369
2024-01-31 06:00:00,Kolkata-Gauge-1,2,1.033,1.028,1.026260431840982,1.056,1.0318674933015117,0.96,1.0026086678897106
2024-01-31 07:00:00,Kolkata-Gauge-1,2,1.028,1.013,1.0248015396734662,1.014,1.0221524909280792,0.925,0.9826666459020347
2024-01-31 08:00:00,Kolkata-Gauge-1,2,1.013,1.056,1.0174238858386047,0.998,1.0015090052933566,0.887,0.9762898598811006
2024-01-31 09:00:00,Kolkata-Gauge-1,2,1.056,1.014,1.0442169667550922,0.96,1.025527082201532,0.903,1.0249521501691345
2024-01-31 10:00:00,Kolkata-Gauge-1,2,1.014,0.998,1.0101550964270358,0.925,0.9653827096783133,0.88,0.9623102466098736
2024-01-31 11:00:00,Kolkata-Gauge-1,2,0.998,0.96,0.9884094012661042,0.887,0.9485546959357584,0.879,0.9676377817192147
2024-01-31 12:00:00,Kolkata-Gauge-1,2,0.96,0.925,0.9523055436850788,0.903,0.9573437596717923,0.901,0.9703290851194819
2024-01-31 13:00:00,Kolkata-Gauge-1,2,0.925,0.887,0.9114566164440273,0.88,0.9249512959009906,0.908,0.9413399885869701
2024-01-31 14:00:00,Kolkata-Gauge-1,2,0.887,0.903,0.8947285991525127,0.879,0.9006201168064883,0.944,0.9460706672140845
2024-01-31 15:00:00,Kolkata-Gauge-1,2,0.903,0.88,0.8927108341629102,0.901,0.9135352620029534,0.995,0.9591920229983396
2024-01-31 16:00:00,Kolkata-Gauge-1,2,0.88,0.879,0.883175820726342,0.908,0.9087700961613673,1.052,0.976170817227792
2024-01-31 17:00:00,Kolkata-Gauge-1,2,0.879,0.901,0.8878804019295486,0.944,0.9127454747100149,1.05,0.9800614831221152
2024-01-31 18:00:00,Kolkata-Gauge-1,2,0.901,0.908,0.9089944369718086,0.995,0.9335500249979165,1.083,0.9991930724278754
2024-01-31 19:00:00,Kolkata-Gauge-1,2,0.908,0.944,0.918152159643648,1.052,0.9444059044571795,1.102,0.985339928028199
2024-01-31 20:00:00,Kolkata-Gauge-1,2,0.944,0.995,0.9909864809441646,1.05,1.0782427573930775,1.096,1.1288547706286736
2024-01-31 21:00:00,Kolkata-Gauge-1,2,0.995,1.052,1.0306537160339662,1.083,1.0975478324208472,1.063,1.1150398387734766
2024-01-31 22:00:00,Kolkata-Gauge-1,2,1.052,1.05,1.0675916900659577,1.102,1.1087572542315685,1.051,1.115351143459749
2024-01-31 23:00:00,Kolkata-Gauge-1,2,1.05,1.083,1.0675401191925418,1.096,1.082715784143369,1.041,1.0740639009222863
2024-02-01 00:00:00,Kolkata-Gauge-1,2,1.083,1.102,1.0963921258628027,1.063,1.0942262122212405,1.068,1.0795893166277524
2024-02-01 01:00:00,Kolkata-Gauge-1,2,1.102,1.096,1.1129482946283606,1.051,1.0989697132843204,1.039,1.1054676837971584
2024-02-01 02:00:00,Kolkata-Gauge-1,2,1.096,1.063,1.0887696043601651,1.041,1.079474425478029,0.987,1.0496800960114678
2024-02-01 03:00:00,Kolkata-Gauge-1,2,1.063,1.051,1.0565900010268683,1.068,1.0460896577107308,0.984,1.0129173063454378
2024-02-01 04:00:00,Kolkata-Gauge-1,2,1.051,1.041,1.049254943345559,1.039,1.0273806027700056,0.956,0.9967928254360133
2024-02-01 05:00:00,Kolkata-Gauge-1,2,1.041,1.068,1.0376516248288268,0.987,1.0168628056414393,0.95,0.9859264736908817
2024-02-01 06:00:00,Kolkata-Gauge-1,2,1.068,1.039,1.0547125583181056,0.984,1.0293113841969868,0.964,1.0084784128072808
2024-02-01 07:00:00,Kolkata-Gauge-1,2,1.039,0.987,1.031500905174958,0.956,1.0088364108718895,0.962,0.9824640512834353
2024-02-01 08:00:00,Kolkata-Gauge-1,2,0.987,0.984,0.9748365789651421,0.95,0.9798718320554575,0.953,0.9843406369688884
2024-02-01 09:00:00,Kolkata-Gauge-1,2,0.984,0.956,0.9735200879350839,0.964,0.9776424797653223,0.95,0.9790468031241409
2024-02-01 10:00:00,Kolkata-Gauge-1,2,0.956,0.95,0.9533729279768278,0.962,0.9548754704117355,0.967,0.97811230697401
2024-02-01 11:00:00,Kolkata-Gauge-1,2,0.95,0.964,0.9528175813323952,0.953,0.9617606071769732,0.943,0.9797204402984604
2024-02-01 12:00:00,Kolkata-Gauge-1,2,0.964,0.962,0.9666199969658672,0.95,0.9601290178006273,0.955,0.9662332986346722
2024-02-01 13:00:00,Kolkata-Gauge-1,2,0.962,0.953,0.9639799646873034,0.967,0.9586373068670846,0.932,0.9570696782723427
2024-02-01 14:00:00,Kolkata-Gauge-1,2,0.953,0.95,0.9557797059644076,0.943,0.9505750936196721,0.941,0.9399989546588637
2024-02-01 15:00:00,Kolkata-Gauge-1,2,0.95,0.967,0.9542640238402552,0.955,0.947428932899311,0.907,0.9445037823100865
2024-02-01 16:00:00,Kolkata-Gauge-1,2,0.967,0.943,0.9668066673039547,0.932,0.9548304379705627,0.916,0.9434914357174724
2024-02-01 17:00:00,Kolkata-Gauge-1,2,0.943,0.955,0.9505187232557415,0.941,0.9422397820915652,0.912,0.9425173070497741
2024-02-01 18:00:00,Kolkata-Gauge-1,2,0.955,0.932,0.9490029523453465,0.907,0.9448237354620765,0.911,0.956398664029514
2024-02-01 19:00:00,Kolkata-Gauge-1,2,0.932,0.941,0.9300196958816962,0.916,0.9294807205399511,0.928,0.9407287712547664
2024-02-01 20:00:00,Kolkata-Gauge-1,2,0.941,0.907,0.9297295496636335,0.912,0.9315438004582346,0.908,0.9417813321657994
2024-02-01 21:00:00,Kolkata-Gauge-1,2,0.907,0.916,0.9137996156186247,0.911,0.9323430613394577,0.905,0.9666826882985496
2024-02-01 22:00:00,Kolkata-Gauge-1,2,0.916,0.912,0.9202497156194082,0.928,0.940345282664475,0.908,0.9495446958550258
2024-02-01 23:00:00,Kolkata-Gauge-1,2,0.912,0.911,0.9172237289870118,0.908,0.927260616732454,0.899,0.9250945315707658
2024-02-02 00:00:00,Kolkata-Gauge-1,2,0.911,0.928,0.9170718487853949,0.905,0.9213512020430294,0.911,0.9145250790153509
2024-02-02 01:00:00,Kolkata-Gauge-1,2,0.928,0.908,0.9206986845695486,0.908,0.9298072551827878,0.914,0.9230240991597529
2024-02-02 02:00:00,Kolkata-Gauge-1,2,0.908,0.905,0.9089326151399978,0.899,0.9162626527313338,0.899,0.9080890080005688
2024-02-02 03:00:00,Kolkata-Gauge-1,2,0.905,0.908,0.9045826639378327,0.911,0.902173452265608,0.922,0.9059371535221957
2024-02-02 04:00:00,Kolkata-Gauge-1,2,0.908,0.899,0.9097692983208641,0.914,0.9187257445588147,0.929,0.9080502587970655
2024-02-02 05:00:00,Kolkata-Gauge-1,2,0.899,0.911,0.9041438444235254,0.899,0.9000097961384496,0.909,0.9041956131323831
2024-02-02 06:00:00,Kolkata-Gauge-1,2,0.911,0.914,0.9150711900108254,0.922,0.9197747695349779,0.888,0.9104311726311519
2024-02-02 07:00:00,Kolkata-Gauge-1,2,0.914,0.899,0.9146630940651792,0.929,0.9188796782641109,0.881,0.9099334139799954
2024-02-02 08:00:00,Kolkata-Gauge-1,2,0.899,0.922,0.9068836003268591,0.909,0.8925141812703706,0.888,0.900235342654527
2024-02-02 09:00:00,Kolkata-Gauge-1,2,0.922,0.929,0.9179713908313716,0.888,0.9125275168819151,0.841,0.9146229499172945
2024-02-02 10:00:00,Kolkata-Gauge-1,2,0.929,0.909,0.920866593297171,0.881,0.9204072206045448,0.824,0.9135043266286939
2024-02-02 11:00:00,Kolkata-Gauge-1,2,0.909,0.888,0.9046352202604947,0.888,0.9056274103156738,0.811,0.8979992811484148
2024-02-02 12:00:00,Kolkata-Gauge-1,2,0.888,0.881,0.885953014980526,0.841,0.8792464454266914,0.782,0.8774295239719924
2024-02-02 13:00:00,Kolkata-Gauge-1,2,0.881,0.888,0.8817322031088309,0.824,0.8762588384463794,0.762,0.8724006830754281
2024-02-02 14:00:00,Kolkata-Gauge-1,2,0.888,0.841,0.8820955557720196,0.811,0.8789795618922213,0.766,0.8775504206796781
2024-02-02 15:00:00,Kolkata-Gauge-1,2,0.841,0.824,0.8384557531436304,0.782,0.8265083889090905,0.757,0.8567250941924203
2024-02-02 16:00:00,Kolkata-Gauge-1,2,0.824,0.811,0.8170929521954015,0.762,0.7952341518040578,0.75,0.7940668478630689
2024-02-02 17:00:00,Kolkata-Gauge-1,2,0.811,0.782,0.8011581336100152,0.766,0.7891201293194762,0.724,0.7884219984552215
2024-02-02 18:00:00,Kolkata-Gauge-1,2,0.782,0.762,0.7673004238772825,0.757,0.7503367085570717,0.722,0.7499720688447301
2024-02-02 19:00:00,Kolkata-Gauge-1,2,0.762,0.766,0.760722922941551,0.75,0.747808288510558,0.695,0.74591627157478
2024-02-02 20:00:00,Kolkata-Gauge-1,2,0.766,0.757,0.7592171045692575,0.724,0.7465306789618515,0.727,0.749487252814487
2024-02-02 21:00:00,Kolkata-Gauge-1,2,0.757,0.75,0.7493234105937183,0.722,0.7430051771320703,0.764,0.7561252837297864
2024-02-02 22:00:00,Kolkata-Gauge-1,2,0.75,0.724,0.7389101908340271,0.695,0.7411561712567296,0.756,0.763856950169656
2024-02-02 23:00:00,Kolkata-Gauge-1,2,0.724,0.722,0.7252512476768576,0.727,0.7419098679702482,0.737,0.7501418109741876
2024-02-03 00:00:00,Kolkata-Gauge-1,2,0.722,0.695,0.7248850531212125,0.764,0.746538093199532,0.759,0.7625882361769141
2024-02-03 01:00:00,Kolkata-Gauge-1,2,0.695,0.727,0.6949392179389239,0.756,0.7104821838727723,0.775,0.7640763732366174
2024-02-03 02:00:00,Kolkata-Gauge-1,2,0.727,0.764,0.7453816832450441,0.737,0.74676330537082,0.816,0.8007706903758803
2024-02-03 03:00:00,Kolkata-Gauge-1,2,0.764,0.756,0.7614188092885281,0.759,0.7513638962959014,0.861,0.8055710739159613
2024-02-03 04:00:00,Kolkata-Gauge-1,2,0.756,0.737,0.7461646976994977,0.775,0.7513889587743219,0.821,0.8022136437475565
2024-02-03 05:00:00,Kolkata-Gauge-1,2,0.737,0.759,0.754629232336681,0.816,0.7860837718182613,0.847,0.8114871788313922
2024-02-03 06:00:00,Kolkata-Gauge-1,2,0.759,0.775,0.7711854225857459,0.861,0.8050995291548876,0.845,0.8062972276273283
2024-02-03 07:00:00,Kolkata-Gauge-1,2,0.775,0.816,0.7870034832876477,0.821,0.799553118332527,0.858,0.807468306831632
2024-02-03 08:00:00,Kolkata-Gauge-1,2,0.816,0.861,0.8318539070633051,0.847,0.8312923252081873,0.876,0.8325218857943496
2024-02-03 09:00:00,Kolkata-Gauge-1,2,0.861,0.821,0.8502913427928548,0.845,0.8721925825448308,0.892,0.9252383204611907
2024-02-03 10:00:00,Kolkata-Gauge-1,2,0.821,0.847,0.8376914971598434,0.858,0.8354586036471309,0.913,0.8386991772047631
2024-02-03 11:00:00,Kolkata-Gauge-1,2,0.847,0.845,0.8532802988354852,0.876,0.8839223615936415,0.901,0.9339006975297112
2024-02-03 12:00:00,Kolkata-Gauge-1,2,0.845,0.858,0.8561600098786318,0.892,0.8808802977585416,0.882,0.9049903793976377
2024-02-03 13:00:00,Kolkata-Gauge-1,2,0.858,0.876,0.8650729121099,0.913,0.9002880030616349,0.907,0.918718551954924
2024-02-03 14:00:00,Kolkata-Gauge-1,2,0.876,0.892,0.8907537696440326,0.901,0.9022956020342294,0.89,0.91080856229949
2024-02-03 15:00:00,Kolkata-Gauge-1,2,0.892,0.913,0.9051929158371564,0.882,0.8979205346445823,0.928,0.9097869790157668
2024-02-03 16:00:00,Kolkata-Gauge-1,2,0.913,0.901,0.9176418323189649,0.907,0.9130689870140053,0.912,0.916370191706347
2024-02-03 17:00:00,Kolkata-Gauge-1,2,0.901,0.882,0.8986228137750245,0.89,0.8921781360749784,0.901,0.892974406798271
2024-02-03 18:00:00,Kolkata-Gauge-1,2,0.882,0.907,0.8927875061194214,0.928,0.8930042005683874,0.894,0.8826470162564604
2024-02-03 19:00:00,Kolkata-Gauge-1,2,0.907,0.89,0.8963362120648164,0.912,0.9046608313056849,0.861,0.8955172025979096
2024-02-03 20:00:00,Kolkata-Gauge-1,2,0.89,0.928,0.8998979528704031,0.901,0.881242003700116,0.828,0.8720695537735488
2024-02-03 21:00:00,Kolkata-Gauge-1,2,0.928,0.912,0.9279414215283306,0.894,0.9250604455366518,0.846,0.9235931484379093
2024-02-03 22:00:00,Kolkata-Gauge-1,2,0.912,0.901,0.9098208618660408,0.861,0.9024179489252847,0.81,0.888885094089926
2024-02-03 23:00:00,Kolkata-Gauge-1,2,0.901,0.894,0.8961356223157007,0.828,0.8754869676973632,0.86,0.8726045314632732
2024-02-04 00:00:00,Kolkata-Gauge-1,2,0.894,0.861,0.8887297351572747,0.846,0.8764140920988631,0.856,0.8737606577563294
2024-02-04 01:00:00,Kolkata-Gauge-1,2,0.861,0.828,0.8462727264527323,0.81,0.8469959587051268,0.834,0.8611179111046006
2024-02-04 02:00:00,Kolkata-Gauge-1,2,0.828,0.846,0.8389998901587515,0.86,0.8412000382135278,0.841,0.8341695735220912
2024-02-04 03:00:00,Kolkata-Gauge-1,2,0.846,0.81,0.8326742587325942,0.856,0.8436567856607339,0.791,0.8431807075641857
2024-02-04 04:00:00,Kolkata-Gauge-1,2,0.81,0.86,0.8250682025149207,0.834,0.8244310111424878,0.784,0.8104736203122954
2024-02-04 05:00:00,Kolkata-Gauge-1,2,0.86,0.856,0.8469459170892262,0.841,0.8523848227752697,0.781,0.8503354982240335
2024-02-04 06:00:00,Kolkata-Gauge-1,2,0.856,0.834,0.8479208844730309,0.791,0.8551440023484912,0.756,0.8437508244521523
2024-02-04 07:00:00,Kolkata-Gauge-1,2,0.834,0.841,0.8434376758788146,0.784,0.8320702773018548,0.746,0.8278704151653926
2024-02-04 08:00:00,Kolkata-Gauge-1,2,0.841,0.791,0.8289242209651815,0.781,0.8328914601826881,0.779,0.8424827442648009
2024-02-04 09:00:00,Kolkata-Gauge-1,2,0.791,0.784,0.7931851037935815,0.756,0.7850655667238868,0.785,0.7928611095390752
2024-02-04 10:00:00,Kolkata-Gauge-1,2,0.784,0.781,0.7686596210161666,0.746,0.751228685080248,0.794,0.7526912264013069
2024-02-04 11:00:00,Kolkata-Gauge-1,2,0.781,0.756,0.7647931920299376,0.779,0.7629101221902956,0.78,0.760907531319545
2024-02-04 12:00:00,Kolkata-Gauge-1,2,0.756,0.746,0.7471005362062648,0.785,0.7540826791894276,0.755,0.7490397925628177
2024-02-04 13:00:00,Kolkata-Gauge-1,2,0.746,0.779,0.7502092773304885,0.794,0.7634473979080714,0.752,0.7416352565496985
2024-02-04 14:00:00,Kolkata-Gauge-1,2,0.779,0.785,0.7765068258288392,0.78,0.7781858274937525,0.704,0.7570098687033221
2024-02-04 15:00:00,Kolkata-Gauge-1,2,0.785,0.794,0.7866206077318598,0.755,0.771159034121803,0.685,0.7491412429732328
2024-02-04 16:00:00,Kolkata-Gauge-1,2,0.794,0.78,0.792820052045794,0.752,0.7795546947289387,0.664,0.7559155962457739
2024-02-04 17:00:00,Kolkata-Gauge-1,2,0.78,0.755,0.763332009036128,0.704,0.7222868036778818,0.628,0.7161723564064932
2024-02-04 18:00:00,Kolkata-Gauge-1,2,0.755,0.752,0.7517586072447787,0.685,0.7095814736174224,0.648,0.6794128422019274
2024-02-04 19:00:00,Kolkata-Gauge-1,2,0.752,0.704,0.736248691516477,0.664,0.7072077921953588,0.653,0.685492266620415
2024-02-04 20:00:00,Kolkata-Gauge-1,2,0.704,0.685,0.6874537832763642,0.628,0.6607990571822118,0.647,0.6666721031562391
2024-02-04 21:00:00,Kolkata-Gauge-1,2,0.685,0.664,0.6679090403562081,0.648,0.6556743557980693,0.667,0.6663870444635702
2024-02-04 22:00:00,Kolkata-Gauge-1,2,0.664,0.628,0.6519035534641516,0.653,0.6538873410766796,0.639,0.664370990391689
2024-02-04 23:00:00,Kolkata-Gauge-1,2,0.628,0.648,0.6516385119778602,0.647,0.6560920148601403,0.619,0.6636416520217255
2024-02-05 00:00:00,Kolkata-Gauge-1,2,0.648,0.653,0.6590510965661521,0.667,0.6651133241758245,0.647,0.6835445965480597
2024-02-05 01:00:00,Kolkata-Gauge-1,2,0.653,0.647,0.6594046004580935,0.639,0.6620080693149446,0.697,0.6980600792833174
2024-02-05 02:00:00,Kolkata-Gauge-1,2,0.647,0.667,0.6596083440293368,0.619,0.6682963647225596,0.714,0.7127498998853377
2024-02-05 03:00:00,Kolkata-Gauge-1,2,0.667,0.639,0.6617446016605943,0.647,0.6747958628986754,0.726,0.7237165213748372
2024-02-05 04:00:00,Kolkata-Gauge-1,2,0.639,0.619,0.6553496422018029,0.697,0.6996881208919076,0.716,0.7215237300002975
2024-02-05 05:00:00,Kolkata-Gauge-1,2,0.619,0.647,0.6547371634305741,0.714,0.7024299258462122,0.708,0.7162559396079896
2024-02-05 06:00:00,Kolkata-Gauge-1,2,0.647,0.697,0.6683547649463828,0.726,0.7048907737945601,0.715,0.7246258594292834
2024-02-05 07:00:00,Kolkata-Gauge-1,2,0.697,0.714,0.7009844981053807,0.716,0.7037087989590748,0.745,0.739048053592875
2024-02-05 08:00:00,Kolkata-Gauge-1,2,0.714,0.726,0.7186444310210484,0.708,0.7175074310616113,0.757,0.7528344359232327
2024-02-05 09:00:00,Kolkata-Gauge-1,2,0.726,0.716,0.7280384426448345,0.715,0.7391992453044808,0.78,0.769424794424107
2024-02-05 10:00:00,Kolkata-Gauge-1,2,0.716,0.708,0.7194847319934518,0.745,0.7489117415329835,0.765,0.7733294095597941
2024-02-05 11:00:00,Kolkata-Gauge-1,2,0.708,0.715,0.7148553967173451,0.757,0.7353529928971252,0.781,0.7631303768069857
2024-02-05 12:00:00,Kolkata-Gauge-1,2,0.715,0.745,0.728828287660554,0.78,0.7602867388734644,0.772,0.7838248242210898
2024-02-05 13:00:00,Kolkata-Gauge-1,2,0.745,0.757,0.7432545669053571,0.765,0.7589977834531048,0.778,0.7800574233214447
2024-02-05 14:00:00,Kolkata-Gauge-1,2,0.757,0.78,0.7676748856472554,0.781,0.7731888587608838,0.792,0.7840203952101193
2024-02-05 15:00:00,Kolkata-Gauge-1,2,0.78,0.765,0.7776395564935815,0.772,0.7796881542318368,0.783,0.7856023794251031
2024-02-05 16:00:00,Kolkata-Gauge-1,2,0.765,0.781,0.7789125911413637,0.778,0.780015076550258,0.763,0.7850111147318286
2024-02-05 17:00:00,Kolkata-Gauge-1,2,0.781,0.772,0.7825707862847454,0.792,0.7847887239913852,0.772,0.7855309870849772
2024-02-05 18:00:00,Kolkata-Gauge-1,2,0.772,0.778,0.7753423917427373,0.783,0.7815330745901403,0.77,0.7795027773780561
2024-02-05 19:00:00,Kolkata-Gauge-1,2,0.778,0.792,0.7850670039228038,0.763,0.7768271180451275,0.774,0.7817324343664619
2024-02-05 20:00:00,Kolkata-Gauge-1,2,0.792,0.783,0.7902347481833153,0.772,0.7827844517256638,0.789,0.7858966402117595
2024-02-05 21:00:00,Kolkata-Gauge-1,2,0.783,0.763,0.7720555253924798,0.77,0.7724010201726318,0.817,0.7873771987086795
2024-02-05 22:00:00,Kolkata-Gauge-1,2,0.763,0.772,0.76337539836465,0.774,0.775069746970734,0.833,0.7885325169093895
2024-02-05 23:00:00,Kolkata-Gauge-1,2,0.772,0.77,0.766034924994528,0.789,0.7775247713983677,0.846,0.7789607660377678
2024-02-06 00:00:00,Kolkata-Gauge-1,2,0.77,0.774,0.765902316092753,0.817,0.7845728098532232,0.841,0.7858138531513584
2024-02-06 01:00:00,Kolkata-Gauge-1,2,0.774,0.789,0.7800592111293683,0.833,0.7842377390389796,0.84,0.7890005715174696
2024-02-06 02:00:00,Kolkata-Gauge-1,2,0.789,0.817,0.805453277615478,0.846,0.8066219386597415,0.854,0.800886671868208
2024-02-06 03:00:00,Kolkata-Gauge-1,2,0.817,0.833,0.8239175761125352,0.841,0.8125310038555293,0.85,0.8039983066450845
2024-02-06 04:00:00,Kolkata-Gauge-1,2,0.833,0.846,0.837435432274697,0.84,0.8382926649844318,0.862,0.9035177695601668
2024-02-06 05:00:00,Kolkata-Gauge-1,2,0.846,0.841,0.8431084271561474,0.854,0.8600995306622015,0.847,0.9034277092596344
2024-02-06 06:00:00,Kolkata-Gauge-1,2,0.841,0.84,0.8489453627689639,0.85,0.8683921207891546,0.884,0.9109375203648028
2024-02-06 07:00:00,Kolkata-Gauge-1,2,0.84,0.854,0.8486319411340687,0.862,0.8646182575803013,0.886,0.8866401417235933
2024-02-06 08:00:00,Kolkata-Gauge-1,2,0.854,0.85,0.8623581666858425,0.847,0.8822220914018203,0.886,0.8880913336642396
2024-02-06 09:00:00,Kolkata-Gauge-1,2,0.85,0.862,0.8603104959057739,0.884,0.871648332035546,0.873,0.8775963513490972
2024-02-06 10:00:00,Kolkata-Gauge-1,2,0.862,0.847,0.8591052529097783,0.886,0.880167198782109,0.909,0.8824429773032304
2024-02-06 11:00:00,Kolkata-Gauge-1,2,0.847,0.884,0.8599771042167793,0.886,0.8685604165927405,0.881,0.8755383418150551
2024-02-06 12:00:00,Kolkata-Gauge-1,2,0.884,0.886,0.8867149245347391,0.873,0.8850698989042474,0.865,0.8831665082335801
2024-02-06 13:00:00,Kolkata-Gauge-1,2,0.886,0.886,0.8890881544221477,0.909,0.8835713776934562,0.88,0.8788149681053032
2024-02-06 14:00:00,Kolkata-Gauge-1,2,0.886,0.873,0.8893498058097894,0.881,0.884939370884331,0.882,0.8787089412573514
2024-02-06 15:00:00,Kolkata-Gauge-1,2,0.873,0.909,0.8854574805029007,0.865,0.8835439937458164,0.868,0.8759788615584922
2024-02-06 16:00:00,Kolkata-Gauge-1,2,0.909,0.881,0.9003716996699999,0.88,0.903950832886341,0.855,0.8876894698567727
2024-02-06 17:00:00,Kolkata-Gauge-1,2,0.881,0.865,0.8796642710415308,0.882,0.8852578719900165,0.848,0.8817046183285648
2024-02-06 18:00:00,Kolkata-Gauge-1,2,0.865,0.88,0.86257253323052,0.868,0.8789335597032502,0.848,0.884270738589821
2024-02-06 19:00:00,Kolkata-Gauge-1,2,0.88,0.882,0.8814544693058568,0.855,0.8822668700092623,0.878,0.8859953366188937
2024-02-06 20:00:00,Kolkata-Gauge-1,2,0.882,0.868,0.8798230301767863,0.848,0.8806578400626689,0.888,0.8824113404333739
2024-02-06 21:00:00,Kolkata-Gauge-1,2,0.868,0.855,0.8684304510454033,0.848,0.8791485059395489,0.906,0.8809116303750975
2024-02-06 22:00:00,Kolkata-Gauge-1,2,0.855,0.848,0.8588459813789322,0.878,0.8740524509706417,0.894,0.8815925279847542
2024-02-06 23:00:00,Kolkata-Gauge-1,2,0.848,0.848,0.8554602481990077,0.888,0.873959793582331,0.901,0.8790392772139497
2024-02-07 00:00:00,Kolkata-Gauge-1,2,0.848,0.878,0.8572324084418168,0.906,0.8737601222200505,0.867,0.8779923746131496
2024-02-07 01:00:00,Kolkata-Gauge-1,2,0.878,0.888,0.8811271991380489,0.894,0.8840005101134154,0.869,0.8808648044824839
2024-02-07 02:00:00,Kolkata-Gauge-1,2,0.888,0.906,0.8970279026097665,0.901,0.889691401112023,0.869,0.905067143677576
2024-02-07 03:00:00,Kolkata-Gauge-1,2,0.906,0.894,0.9016568590380979,0.867,0.8933944773097883,0.903,0.9077764105778238
2024-02-07 04:00:00,Kolkata-Gauge-1,2,0.894,0.901,0.8968962348313255,0.869,0.8884513455875733,0.931,0.9081314176970329
2024-02-07 05:00:00,Kolkata-Gauge-1,2,0.901,0.867,0.8946558105629083,0.869,0.8886540891237029,0.922,0.9083362877443922
2024-02-07 06:00:00,Kolkata-Gauge-1,2,0.867,0.869,0.8696525894691827,0.903,0.8858484041434745,0.902,0.9075095005964474
2024-02-07 07:00:00,Kolkata-Gauge-1,2,0.869,0.869,0.8817893561589082,0.931,0.8913810788648673,0.883,0.902723398808141
2024-02-07 08:00:00,Kolkata-Gauge-1,2,0.869,0.903,0.8841015322613545,0.922,0.8918968108735278,0.875,0.9016452254479366
2024-02-07 09:00:00,Kolkata-Gauge-1,2,0.903,0.931,0.9053109626692629,0.902,0.8940156896234863,0.899,0.9115500735234726
2024-02-07 10:00:00,Kolkata-Gauge-1,2,0.931,0.922,0.9298437801604833,0.883,0.9181917608688949,0.904,0.9167334002606341
2024-02-07 11:00:00,Kolkata-Gauge-1,2,0.922,0.902,0.9167590588792169,0.875,0.9030753860191497,0.911,0.9072592533190985
2024-02-07 12:00:00,Kolkata-Gauge-1,2,0.902,0.883,0.8926226869384848,0.899,0.8891205018489519,0.924,0.9044354780073484
2024-02-07 13:00:00,Kolkata-Gauge-1,2,0.883,0.875,0.8831007422698267,0.904,0.8858444914256103,0.901,0.9010773923293833
2024-02-07 14:00:00,Kolkata-Gauge-1,2,0.875,0.899,0.8865304199615832,0.911,0.885615921341872,0.883,0.8981946953092685
2024-02-07 15:00:00,Kolkata-Gauge-1,2,0.899,0.904,0.8993248123537602,0.924,0.8945632122798877,0.891,0.9043960565468189
2024-02-07 16:00:00,Kolkata-Gauge-1,2,0.904,0.911,0.9015918613384577,0.901,0.8924387977146166,0.873,0.8926802344218256
2024-02-07 17:00:00,Kolkata-Gauge-1,2,0.911,0.924,0.9170984077570253,0.883,0.8987539459777649,0.84,0.8825445013070198
2024-02-07 18:00:00,Kolkata-Gauge-1,2,0.924,0.901,0.9200564555315142,0.891,0.9027331508963455,0.817,0.896200973927432
2024-02-07 19:00:00,Kolkata-Gauge-1,2,0.901,0.883,0.8919579907610566,0.873,0.8877685234171242,0.838,0.8696704735750409
2024-02-07 20:00:00,Kolkata-Gauge-1,2,0.883,0.891,0.8830726492442559,0.84,0.8817652499093293,0.829,0.8608903623508477
2024-02-07 21:00:00,Kolkata-Gauge-1,2,0.891,0.873,0.8844479956676018,0.817,0.8814157816537153,0.833,0.8619004613531912
2024-02-07 22:00:00,Kolkata-Gauge-1,2,0.873,0.84,0.8738228736848813,0.838,0.8840245723848333,0.811,0.8601335643143756
2024-02-07 23:00:00,Kolkata-Gauge-1,2,0.84,0.817,0.835434931037786,0.829,0.8429683553171541,0.819,0.8521197879262689
2024-02-08 00:00:00,Kolkata-Gauge-1,2,0.817,0.838,0.8248145966618808,0.833,0.8123966709912411,0.813,0.8031848009743576
2024-02-08 01:00:00,Kolkata-Gauge-1,2,0.838,0.829,0.8266449816499661,0.811,0.8337041476302086,0.821,0.8511242026167571
2024-02-08 02:00:00,Kolkata-Gauge-1,2,0.829,0.833,0.8303493825290457,0.819,0.8236440405933693,0.811,0.8247412259078756
2024-02-08 03:00:00,Kolkata-Gauge-1,2,0.833,0.811,0.827098678935831,0.813,0.83321585938687,0.821,0.846833917676493
2024-02-08 04:00:00,Kolkata-Gauge-1,2,0.811,0.819,0.8196667233546187,0.821,0.8126110057391516,0.81,0.8044647957460919
2024-02-08 05:00:00,Kolkata-Gauge-1,2,0.819,0.813,0.8151431855184742,0.811,0.8093234463372967,0.808,0.8077672468529319
2024-02-08 06:00:00,Kolkata-Gauge-1,2,0.813,0.821,0.8147158618421948,0.821,0.8085360652896985,0.802,0.8053304642711426
2024-02-08 07:00:00,Kolkata-Gauge-1,2,0.821,0.811,0.8144641137806361,0.81,0.8093775926904744,0.803,0.8041349711183178
2024-02-08 08:00:00,Kolkata-Gauge-1,2,0.811,0.821,0.8133033356820282,0.808,0.8076655778351928,0.808,0.8039653864862368
2024-02-08 09:00:00,Kolkata-Gauge-1,2,0.821,0.81,0.8144166499330799,0.802,0.8084691105616904,0.801,0.8058639228378948
2024-02-08 10:00:00,Kolkata-Gauge-1,2,0.81,0.808,0.8137724316852141,0.803,0.8070368279050296,0.802,0.8027154225940112
2024-02-08 11:00:00,Kolkata-Gauge-1,2,0.808,0.802,0.8067344303051052,0.808,0.8081474842943522,0.809,0.8074092016447536
2024-02-08 12:00:00,Kolkata-Gauge-1,2,0.802,0.803,0.8040525284309675,0.801,0.8094752737183335,0.823,0.8095606355489389
2024-02-08 13:00:00,Kolkata-Gauge-1,2,0.803,0.808,0.8048732749178796,0.802,0.8085888835016344,0.825,0.8095109206780349
2024-02-08 14:00:00,Kolkata-Gauge-1,2,0.808,0.801,0.8077823198588797,0.809,0.808163750877407,0.812,0.8065359588424849
2024-02-08 15:00:00,Kolkata-Gauge-1,2,0.801,0.802,0.8038258336292708,0.823,0.8142532737606613,0.814,0.8077646160965272
2024-02-08 16:00:00,Kolkata-Gauge-1,2,0.802,0.809,0.8055063530708428,0.825,0.8141177990039365,0.829,0.8074311037870774
2024-02-08 17:00:00,Kolkata-Gauge-1,2,0.809,0.823,0.8150998586962106,0.812,0.8111479732770558,0.805,0.8024166194234017
2024-02-08 18:00:00,Kolkata-Gauge-1,2,0.823,0.825,0.815777565665504,0.814,0.8087203961753711,0.78,0.7697958732654607
2024-02-08 19:00:00,Kolkata-Gauge-1,2,0.825,0.812,0.8166980568745557,0.829,0.8170386253952661,0.77,0.7853246969060791
2024-02-08 20:00:00,Kolkata-Gauge-1,2,0.812,0.814,0.8154212986807704,0.805,0.8083330213041986,0.769,0.7723912586833097
2024-02-08 21:00:00,Kolkata-Gauge-1,2,0.814,0.829,0.8183494457647569,0.78,0.7953329098734488,0.729,0.7677394904710845
2024-02-08 22:00:00,Kolkata-Gauge-1,2,0.829,0.805,0.8197327833266008,0.77,0.811843878875105,0.745,0.8190568556734731
2024-02-08 23:00:00,Kolkata-Gauge-1,2,0.805,0.78,0.8012495525052276,0.769,0.8037152547225119,0.744,0.7754503387532753
2024-02-09 00:00:00,Kolkata-Gauge-1,2,0.78,0.77,0.7735034348068337,0.729,0.741626724080994,0.7,0.7147382091121759
2024-02-09 01:00:00,Kolkata-Gauge-1,2,0.77,0.769,0.7693052158512543,0.745,0.7432440346870549,0.682,0.7148964722402373
2024-02-09 02:00:00,Kolkata-Gauge-1,2,0.769,0.729,0.7596436676443434,0.744,0.7409455084134601,0.68,0.711516130365699
2024-02-09 03:00:00,Kolkata-Gauge-1,2,0.729,0.745,0.741576396296404,0.7,0.7286944587870774,0.649,0.703891962130571
2024-02-09 04:00:00,Kolkata-Gauge-1,2,0.745,0.744,0.740834567075005,0.682,0.7303901622208978,0.673,0.7114284050064595
2024-02-09 05:00:00,Kolkata-Gauge-1,2,0.744,0.7,0.7335597775983271,0.68,0.7245492133034076,0.681,0.7080581777620643
2024-02-09 06:00:00,Kolkata-Gauge-1,2,0.7,0.682,0.6885938685660747,0.649,0.6707948765187843,0.698,0.6945531608756073
2024-02-09 07:00:00,Kolkata-Gauge-1,2,0.682,0.68,0.6710085034872536,0.673,0.6739129658368737,0.68,0.681895544697133
2024-02-09 08:00:00,Kolkata-Gauge-1,2,0.68,0.649,0.6682613071881823,0.681,0.6757009618570571,0.692,0.6819374455509088
2024-02-09 09:00:00,Kolkata-Gauge-1,2,0.649,0.673,0.6597992963092696,0.698,0.6909501385096526,0.682,0.6939004461811334
2024-02-09 10:00:00,Kolkata-Gauge-1,2,0.673,0.681,0.6856330803176943,0.68,0.6859228240770806,0.682,0.7011788750078897
2024-02-09 11:00:00,Kolkata-Gauge-1,2,0.681,0.698,0.6891924759868402,0.692,0.688190222726226,0.692,0.7048518128938056
2024-02-09 12:00:00,Kolkata-Gauge-1,2,0.698,0.68,0.6959703926807126,0.682,0.6979706459675945,0.694,0.7239423749360704
2024-02-09 13:00:00,Kolkata-Gauge-1,2,0.68,0.692,0.6869189786161554,0.682,0.6972499380590047,0.716,0.7322981172357719
2024-02-09 14:00:00,Kolkata-Gauge-1,2,0.692,0.682,0.6931710937117079,0.692,0.7016012275565442,0.723,0.7349885276290153
2024-02-09 15:00:00,Kolkata-Gauge-1,2,0.682,0.682,0.6858017543752548,0.694,0.709013376125568,0.718,0.739696289165447
2024-02-09 16:00:00,Kolkata-Gauge-1,2,0.682,0.692,0.6896856937297454,0.716,0.7150388190431574,0.74,0.7555205517322396
2024-02-09 17:00:00,Kolkata-Gauge-1,2,0.692,0.694,0.6938328108834251,0.723,0.720593994608333,0.765,0.7667389379730757
2024-02-09 18:00:00,Kolkata-Gauge-1,2,0.694,0.716,0.6979121316015141,0.718,0.7105888478582966,0.77,0.765984553868023
2024-02-09 19:00:00,Kolkata-Gauge-1,2,0.716,0.723,0.7288732319001806,0.74,0.7544268545113056,0.797,0.7772668786720044
2024-02-09 20:00:00,Kolkata-Gauge-1,2,0.723,0.718,0.7270750814136989,0.765,0.7598962638241369,0.795,0.7846666612349935
2024-02-09 21:00:00,Kolkata-Gauge-1,2,0.718,0.74,0.7269217297499307,0.77,0.7581413137852064,0.795,0.7826006012106969
2024-02-09 22:00:00,Kolkata-Gauge-1,2,0.74,0.765,0.7490441185090954,0.797,0.7714546064552723,0.803,0.7876671829499321
2024-02-09 23:00:00,Kolkata-Gauge-1,2,0.765,0.77,0.7759904735972901,0.795,0.7830340016261471,0.809,0.7939785042824364
2024-02-10 00:00:00,Kolkata-Gauge-1,2,0.77,0.797,0.7805367766270828,0.795,0.7814752370107975,0.81,0.7919811594468527
2024-02-10 01:00:00,Kolkata-Gauge-1,2,0.797,0.795,0.8070668200408503,0.803,0.8066042082492745,0.803,0.799713851942719
2024-02-10 02:00:00,Kolkata-Gauge-1,2,0.795,0.795,0.8005756384747386,0.809,0.804681872521215,0.789,0.7883120044054465
2024-02-10 03:00:00,Kolkata-Gauge-1,2,0.795,0.803,0.8013392793781821,0.81,0.8049939887492852,0.798,0.7905044422856491
2024-02-10 04:00:00,Kolkata-Gauge-1,2,0.803,0.809,0.8154147261329181,0.803,0.853950385517084,0.862,0.9272375298036798
2024-02-10 05:00:00,Kolkata-Gauge-1,2,0.809,0.81,0.8156931427332307,0.789,0.8457786021496152,0.917,0.940016838934772
2024-02-10 06:00:00,Kolkata-Gauge-1,2,0.81,0.803,0.8148292461772695,0.798,0.8420873297877179,0.962,0.9435773250458831
2024-02-10 07:00:00,Kolkata-Gauge-1,2,0.803,0.789,0.8042563352490885,0.862,0.853381019261592,1.026,0.9441589608686467
2024-02-10 08:00:00,Kolkata-Gauge-1,2,0.789,0.798,0.7994812299556737,0.917,0.8488583004548907,1.064,0.9252985070377407
2024-02-10 09:00:00,Kolkata-Gauge-1,2,0.798,0.862,0.8168578297680174,0.962,0.863236906595675,1.081,0.9396977144281174
2024-02-10 10:00:00,Kolkata-Gauge-1,2,0.862,0.917,0.8865367151202843,1.026,0.9596858356062711,1.069,1.0494879618081903
2024-02-10 11:00:00,Kolkata-Gauge-1,2,0.917,0.962,0.946082731193552,1.064,1.034256970387212,1.064,1.07503342318456
2024-02-10 12:00:00,Kolkata-Gauge-1,2,0.962,1.026,0.9981899240853117,1.081,1.0814400284437784,1.049,1.095533979302817
2024-02-10 13:00:00,Kolkata-Gauge-1,2,1.026,1.064,1.0656388623003052,1.069,1.0641100621031032,1.054,1.0527620680882293
2024-02-10 14:00:00,Kolkata-Gauge-1,2,1.064,1.081,1.0917506851488739,1.064,1.0767302482007253,1.065,1.0501721876913905
2024-02-10 15:00:00,Kolkata-Gauge-1,2,1.081,1.069,1.0966085788673756,1.049,1.0870560778674008,1.023,1.0515078924293693
2024-02-10 16:00:00,Kolkata-Gauge-1,2,1.069,1.064,1.061726040293048,1.054,1.046154067139823,1.013,1.0159481482493862
2024-02-10 17:00:00,Kolkata-Gauge-1,2,1.064,1.049,1.0530514299974894,1.065,1.041216478260345,0.949,1.0007907786824672
2024-02-10 18:00:00,Kolkata-Gauge-1,2,1.049,1.054,1.0423450353542045,1.023,1.031115981047404,0.943,0.9919916477515476
2024-02-10 19:00:00,Kolkata-Gauge-1,2,1.054,1.065,1.051919329677402,1.013,1.0285784682490067,0.936,0.990715182931421
2024-02-10 20:00:00,Kolkata-Gauge-1,2,1.065,1.023,1.0508635875773635,0.949,1.0274381152757504,0.968,1.0025419197630512
2024-02-10 21:00:00,Kolkata-Gauge-1,2,1.023,1.013,1.0100932748654068,0.943,0.9873443084834718,0.992,0.9856930770721422
2024-02-10 22:00:00,Kolkata-Gauge-1,2,1.013,0.949,0.9971440178483489,0.936,0.9891111536613523,1.005,0.9952888219168864
2024-02-10 23:00:00,Kolkata-Gauge-1,2,0.949,0.943,0.9490064310967301,0.968,0.9579961788892188,0.98,0.9896200725147005
2024-02-11 00:00:00,Kolkata-Gauge-1,2,0.943,0.936,0.9468039527363181,0.992,0.9682985220706779,0.954,0.985327365036634
2024-02-11 01:00:00,Kolkata-Gauge-1,2,0.936,0.968,0.952646508387856,1.005,0.9678520231634199,0.927,0.9549770620421892
2024-02-11 02:00:00,Kolkata-Gauge-1,2,0.968,0.992,0.9689307756302473,0.98,0.9643422976789332,0.954,0.9748586859612018
2024-02-11 03:00:00,Kolkata-Gauge-1,2,0.992,1.005,0.9948139849767089,0.954,0.9777023857692108,0.931,0.9683528998953755
2024-02-11 04:00:00,Kolkata-Gauge-1,2,1.005,0.98,0.9978326089287127,0.927,0.9841893523125178,0.922,0.9693475355853269
2024-02-11 05:00:00,Kolkata-Gauge-1,2,0.98,0.954,0.9720507507123723,0.954,0.9738450173710024,0.903,0.9610865247505147
2024-02-11 06:00:00,Kolkata-Gauge-1,2,0.954,0.927,0.945144401674255,0.931,0.9479987737462346,0.877,0.9594315797077985
2024-02-11 07:00:00,Kolkata-Gauge-1,2,0.927,0.954,0.9487002517968792,0.922,0.93103455026713,0.886,0.9172578901967403
2024-02-11 08:00:00,Kolkata-Gauge-1,2,0.954,0.931,0.9426378169510747,0.903,0.9428335816191674,0.891,0.9385681954973177
2024-02-11 09:00:00,Kolkata-Gauge-1,2,0.931,0.922,0.9371577910395879,0.877,0.9160201060235592,0.848,0.9064410727072177
2024-02-11 10:00:00,Kolkata-Gauge-1,2,0.922,0.903,0.9105335606198619,0.886,0.9119100871004964,0.823,0.9142809587142305
2024-02-11 11:00:00,Kolkata-Gauge-1,2,0.903,0.877,0.8887887184048302,0.891,0.8944575395402439,0.83,0.9018353316081131
2024-02-11 12:00:00,Kolkata-Gauge-1,2,0.877,0.886,0.8731910804715424,0.848,0.8870816486387817,0.83,0.901960094433479
2024-02-11 13:00:00,Kolkata-Gauge-1,2,0.886,0.891,0.8904327604211334,0.823,0.8856869399812793,0.842,0.9133348968912808
2024-02-11 14:00:00,Kolkata-Gauge-1,2,0.891,0.848,0.8821698193335056,0.83,0.8854046334348642,0.873,0.9068982456638077
2024-02-11 15:00:00,Kolkata-Gauge-1,2,0.848,0.823,0.8519346434536005,0.83,0.8536375467578311,0.863,0.8935181038457417
2024-02-11 16:00:00,Kolkata-Gauge-1,2,0.823,0.83,0.828492228001888,0.842,0.8389938827068752,0.869,0.8406415318269231
2024-02-11 17:00:00,Kolkata-Gauge-1,2,0.83,0.83,0.827940451301528,0.873,0.8511482305381446,0.898,0.8847196381093736
2024-02-11 18:00:00,Kolkata-Gauge-1,2,0.83,0.842,0.8332745912371584,0.863,0.8481974721340001,0.902,0.8835037430063181
2024-02-11 19:00:00,Kolkata-Gauge-1,2,0.842,0.873,0.8613932612542251,0.869,0.8903153839783287,0.905,0.9633301092362917
2024-02-11 20:00:00,Kolkata-Gauge-1,2,0.873,0.863,0.8812685881598206,0.898,0.9275305881619135,0.879,0.9333298716186715
2024-02-11 21:00:00,Kolkata-Gauge-1,2,0.863,0.869,0.8777454549642701,0.902,0.9183125776944886,0.86,0.930362898937739
2024-02-11 22:00:00,Kolkata-Gauge-1,2,0.869,0.898,0.8843474533100104,0.905,0.8871212680784288,0.825,0.8473510495754799
2024-02-11 23:00:00,Kolkata-Gauge-1,2,0.898,0.902,0.9039665859361457,0.879,0.8872054126330882,0.785,0.8543610397876696
2024-02-12 00:00:00,Kolkata-Gauge-1,2,0.902,0.905,0.9048978053747408,0.86,0.8795959996244428,0.777,0.8481425905805577
2024-02-12 01:00:00,Kolkata-Gauge-1,2,0.905,0.879,0.9015848173427864,0.825,0.8673698292951315,0.789,0.8514683783424772
2024-02-12 02:00:00,Kolkata-Gauge-1,2,0.879,0.86,0.8665853236840948,0.785,0.8561265476785561,0.791,0.8404836970278471
2024-02-12 03:00:00,Kolkata-Gauge-1,2,0.86,0.825,0.8519743367893685,0.777,0.8398095495195387,0.82,0.8440308802652587
2024-02-12 04:00:00,Kolkata-Gauge-1,2,0.825,0.785,0.8169692261068183,0.789,0.8031281597771917,0.814,0.8087119615623395
2024-02-12 05:00:00,Kolkata-Gauge-1,2,0.785,0.777,0.7837095475610348,0.791,0.7790017257899104,0.775,0.7746580534533309
2024-02-12 06:00:00,Kolkata-Gauge-1,2,0.777,0.789,0.7761534808155311,0.82,0.7777490590662023,0.786,0.7735385550828842
2024-02-12 07:00:00,Kolkata-Gauge-1,2,0.789,0.791,0.7902561766331032,0.814,0.7887795165668071,0.768,0.7913229905123835
2024-02-12 08:00:00,Kolkata-Gauge-1,2,0.791,0.82,0.8124682299570364,0.775,0.7830743186398152,0.772,0.7798578944045661
2024-02-12 09:00:00,Kolkata-Gauge-1,2,0.82,0.814,0.812384888048265,0.786,0.7890076276162349,0.727,0.766033919459758
2024-02-12 10:00:00,Kolkata-Gauge-1,2,0.814,0.775,0.805115627311093,0.768,0.7823409612558933,0.727,0.7615207768409312
2024-02-12 11:00:00,Kolkata-Gauge-1,2,0.775,0.786,0.7707825696633003,0.772,0.7605593394116451,0.747,0.759443087284492
2024-02-12 12:00:00,Kolkata-Gauge-1,2,0.786,0.768,0.7696060623530022,0.727,0.7542907653715286,0.764,0.7633783148861972
2024-02-12 13:00:00,Kolkata-Gauge-1,2,0.768,0.772,0.7637022394412435,0.727,0.7498129790349546,0.767,0.760398863443047
2024-02-12 14:00:00,Kolkata-Gauge-1,2,0.772,0.727,0.7592714420223174,0.747,0.7511955624711479,0.776,0.7597483081135435
2024-02-12 15:00:00,Kolkata-Gauge-1,2,0.727,0.727,0.7410907253282468,0.764,0.7524593040347314,0.776,0.7580341557209196
2024-02-12 16:00:00,Kolkata-Gauge-1,2,0.727,0.747,0.7508056331290528,0.767,0.766215045934898,0.776,0.7727613439318026
2024-02-12 17:00:00,Kolkata-Gauge-1,2,0.747,0.764,0.7545181220698974,0.776,0.7727121362111519,0.794,0.7798129784979857
2024-02-12 18:00:00,Kolkata-Gauge-1,2,0.764,0.767,0.7685003073948244,0.776,0.7728930378141643,0.784,0.7791977629284327
2024-02-12 19:00:00,Kolkata-Gauge-1,2,0.767,0.776,0.773441689281805,0.776,0.7872404485294882,0.774,0.8080731564765297
2024-02-12 20:00:00,Kolkata-Gauge-1,2,0.776,0.776,0.781511013810185,0.794,0.7945809193217831,0.743,0.8067581022976195
2024-02-12 21:00:00,Kolkata-Gauge-1,2,0.776,0.776,0.7870295657552021,0.784,0.7976499384457286,0.758,0.8043681165741692
2024-02-12 22:00:00,Kolkata-Gauge-1,2,0.776,0.794,0.7875597915248029,0.774,0.7795627511179326,0.753,0.7648780819052523
2024-02-12 23:00:00,Kolkata-Gauge-1,2,0.794,0.784,0.7948891611367794,0.743,0.7853231782368089,0.729,0.7644952324207022
2024-02-13 00:00:00,Kolkata-Gauge-1,2,0.784,0.774,0.7735948496309667,0.758,0.7543308736917141,0.748,0.7542007286594475
2024-02-13 01:00:00,Kolkata-Gauge-1,2,0.774,0.743,0.7609932659987773,0.753,0.7532019735056922,0.747,0.753289021034565
2024-02-13 02:00:00,Kolkata-Gauge-1,2,0.743,0.758,0.7449798640624152,0.729,0.7483713764260085,0.733,0.7529889217055374
2024-02-13 03:00:00,Kolkata-Gauge-1,2,0.758,0.753,0.7515800878465018,0.748,0.7507905153996133,0.752,0.7538328519446782
2024-02-13 04:00:00,Kolkata-Gauge-1,2,0.753,0.729,0.7407406204016069,0.747,0.748869140015896,0.746,0.7521916594465805
2024-02-13 05:00:00,Kolkata-Gauge-1,2,0.729,0.748,0.741527217900814,0.733,0.7491451945073838,0.715,0.752781942637039
2024-02-13 06:00:00,Kolkata-Gauge-1,2,0.748,0.747,0.7434206552281606,0.752,0.7537650870088535,0.736,0.7552725087962465
2024-02-13 07:00:00,Kolkata-Gauge-1,2,0.747,0.733,0.7396335080858183,0.746,0.7533537579666739,0.751,0.7654008392216612
2024-02-13 08:00:00,Kolkata-Gauge-1,2,0.733,0.752,0.7451666679257993,0.715,0.7595969175865929,0.843,0.8272206230794169
2024-02-13 09:00:00,Kolkata-Gauge-1,2,0.752,0.746,0.7474701491071241,0.736,0.7585184276724498,0.862,0.8264984644708391
2024-02-13 10:00:00,Kolkata-Gauge-1,2,0.746,0.715,0.7394757688543632,0.751,0.7624238803727924,0.85,0.8255300672569329
2024-02-13 11:00:00,Kolkata-Gauge-1,2,0.715,0.736,0.7290905950946246,0.843,0.7694637630275388,0.914,0.818032006920658
2024-02-13 12:00:00,Kolkata-Gauge-1,2,0.736,0.751,0.7464574770330231,0.862,0.7780419987520253,0.939,0.826359480078495
2024-02-13 13:00:00,Kolkata-Gauge-1,2,0.751,0.843,0.7736438124812774,0.85,0.8130288260564752,0.941,0.8711541239038308
2024-02-13 14:00:00,Kolkata-Gauge-1,2,0.843,0.862,0.8670595210851739,0.914,0.9117859467947838,0.946,0.9361403085173258
2024-02-13 15:00:00,Kolkata-Gauge-1,2,0.862,0.85,0.8797639074195557,0.939,0.9321886330875718,0.916,0.9357948368250832
2024-02-13 16:00:00,Kolkata-Gauge-1,2,0.85,0.914,0.8735329944035634,0.941,0.8825632188738278,0.872,0.8893050388915804
2024-02-13 17:00:00,Kolkata-Gauge-1,2,0.914,0.939,0.9424757192508653,0.946,0.9534213679870205,0.917,0.9374444534863423
2024-02-13 18:00:00,Kolkata-Gauge-1,2,0.939,0.941,0.9484315247182248,0.916,0.9531420699264374,0.893,0.9438932991166059
2024-02-13 19:00:00,Kolkata-Gauge-1,2,0.941,0.946,0.9370420856488259,0.872,0.9224686125087539,0.933,0.9301543792066407
2024-02-13 20:00:00,Kolkata-Gauge-1,2,0.946,0.916,0.951168463363411,0.917,0.9456747648961215,0.949,0.9571792634021979
2024-02-13 21:00:00,Kolkata-Gauge-1,2,0.916,0.872,0.9071632305948106,0.893,0.9099758892350469,0.957,0.9273286913637687
2024-02-13 22:00:00,Kolkata-Gauge-1,2,0.872,0.917,0.8908503887152084,0.933,0.8803487592157104,0.951,0.89070033613078
2024-02-13 23:00:00,Kolkata-Gauge-1,2,0.917,0.893,0.9171782523458691,0.949,0.9484975211650168,0.995,0.9832879535312917
2024-02-14 00:00:00,Kolkata-Gauge-1,2,0.893,0.933,0.9116142413806301,0.957,0.9483426022020419,0.975,0.9635870249168882
2024-02-14 01:00:00,Kolkata-Gauge-1,2,0.933,0.949,0.9545867113543861,0.951,0.9549435076992195,0.957,0.9634403642564472
2024-02-14 02:00:00,Kolkata-Gauge-1,2,0.949,0.957,0.9560568976556364,0.995,0.9514094397998542,0.965,0.9666013687547691
2024-02-14 03:00:00,Kolkata-Gauge-1,2,0.957,0.951,0.9567468754961761,0.975,0.9696665492626946,0.947,0.9696912117282613
2024-02-14 04:00:00,Kolkata-Gauge-1,2,0.951,0.995,0.9666889315755871,0.957,0.9526854073966001,0.921,0.9520698704237697
2024-02-14 05:00:00,Kolkata-Gauge-1,2,0.995,0.975,0.9833421903481185,0.965,0.9789114330563656,0.916,0.9675401237298947
2024-02-14 06:00:00,Kolkata-Gauge-1,2,0.975,0.957,0.9652413728518432,0.947,0.9726350416973282,0.926,0.9663968662028182
2024-02-14 07:00:00,Kolkata-Gauge-1,2,0.957,0.965,0.954853784320047,0.921,0.9474563867186228,0.959,0.9632013529841771
2024-02-14 08:00:00,Kolkata-Gauge-1,2,0.965,0.947,0.9658126400959479,0.916,0.9538876225142249,0.995,0.9693471525235267
2024-02-14 09:00:00,Kolkata-Gauge-1,2,0.947,0.921,0.9466645715621206,0.926,0.9463309640592423,0.952,0.962167419564046
2024-02-14 10:00:00,Kolkata-Gauge-1,2,0.921,0.916,0.9165931378466472,0.959,0.9339604039942319,0.968,0.932083261793526
2024-02-14 11:00:00,Kolkata-Gauge-1,2,0.916,0.926,0.9164232113252261,0.995,0.936535680105166,0.943,0.9168694701997352
2024-02-14 12:00:00,Kolkata-Gauge-1,2,0.926,0.959,0.9388277247219593,0.952,0.9385720448169064,0.92,0.9237005659869699
2024-02-14 13:00:00,Kolkata-Gauge-1,2,0.959,0.995,0.9720946680644592,0.968,0.9654061963104799,0.905,0.9541964180531273
2024-02-14 14:00:00,Kolkata-Gauge-1,2,0.995,0.952,0.9829081278193622,0.943,0.9824577674665148,0.89,0.9715040007937435
2024-02-14 15:00:00,Kolkata-Gauge-1,2,0.952,0.968,0.9588712929804423,0.92,0.9460837368120275,0.865,0.9626078751996923
2024-02-14 16:00:00,Kolkata-Gauge-1,2,0.968,0.943,0.9654065929332007,0.905,0.9581745103157181,0.816,0.9518151761596506
2024-02-14 17:00:00,Kolkata-Gauge-1,2,0.943,0.92,0.9472050198033344,0.89,0.9421625430611384,0.844,0.941640200642819
2024-02-14 18:00:00,Kolkata-Gauge-1,2,0.92,0.905,0.9100480224041454,0.865,0.9062648806905962,0.86,0.9128721486653002
2024-02-14 19:00:00,Kolkata-Gauge-1,2,0.905,0.89,0.899071266619624,0.816,0.8729051235191273,0.857,0.8936783693888094
2024-02-14 20:00:00,Kolkata-Gauge-1,2,0.89,0.865,0.886540689193096,0.844,0.8729612911932726,0.835,0.8813921854974154
2024-02-14 21:00:00,Kolkata-Gauge-1,2,0.865,0.816,0.8476204105075941,0.86,0.8700634988290752,0.858,0.8812945561727296
2024-02-14 22:00:00,Kolkata-Gauge-1,2,0.816,0.844,0.8221408731002834,0.857,0.8218555639641619,0.854,0.8271349104547906
2024-02-14 23:00:00,Kolkata-Gauge-1,2,0.844,0.86,0.8441410371074408,0.835,0.842546546104902,0.84,0.8761763136514628
2024-02-15 00:00:00,Kolkata-Gauge-1,2,0.86,0.857,0.8548729061645479,0.858,0.8613738170077876,0.805,0.8675283465489143
2024-02-15 01:00:00,Kolkata-Gauge-1,2,0.857,0.835,0.8501995168545383,0.854,0.8666426915115013,0.814,0.872852926031287
2024-02-15 02:00:00,Kolkata-Gauge-1,2,0.835,0.858,0.847687445207881,0.84,0.8423099445072061,0.806,0.8624600865128206
2024-02-15 03:00:00,Kolkata-Gauge-1,2,0.858,0.854,0.8545459439107259,0.805,0.8501192891075607,0.81,0.8758686942783905
2024-02-15 04:00:00,Kolkata-Gauge-1,2,0.854,0.84,0.8530956835040211,0.814,0.8585482636247832,0.832,0.8805353405119695
2024-02-15 05:00:00,Kolkata-Gauge-1,2,0.84,0.805,0.8388987203024482,0.806,0.8494645293909747,0.862,0.89196953798087
2024-02-15 06:00:00,Kolkata-Gauge-1,2,0.805,0.814,0.8006675448877834,0.81,0.8144440399165599,0.883,0.842740270146722
2024-02-15 07:00:00,Kolkata-Gauge-1,2,0.814,0.806,0.8126017526015165,0.832,0.8275978798974122,0.892,0.8563023569421265
2024-02-15 08:00:00,Kolkata-Gauge-1,2,0.806,0.81,0.8040453639535429,0.862,0.8272708993967252,0.919,0.8473613082304196
2024-02-15 09:00:00,Kolkata-Gauge-1,2,0.81,0.832,0.8150934884068077,0.883,0.8352501468386679,0.952,0.8570004705812001
2024-02-15 10:00:00,Kolkata-Gauge-1,2,0.832,0.862,0.8473583512632802,0.892,0.8807058696729467,1.023,0.9888288697751509
2024-02-15 11:00:00,Kolkata-Gauge-1,2,0.862,0.883,0.8798764825806118,0.919,0.9205253363610659,1.038,0.9815370038186199
2024-02-15 12:00:00,Kolkata-Gauge-1,2,0.883,0.892,0.8932683707748871,0.952,0.9347456371845994,1.098,0.9969214203067105
2024-02-15 13:00:00,Kolkata-Gauge-1,2,0.892,0.919,0.9044079367896826,1.023,0.9116734758426063,1.104,0.9445236098729605
2024-02-15 14:00:00,Kolkata-Gauge-1,2,0.919,0.952,0.9402635832300934,1.038,0.9671765812387879,1.162,1.001353725390984
2024-02-15 15:00:00,Kolkata-Gauge-1,2,0.952,1.023,0.9859958830764602,1.098,0.9954257760916323,1.186,1.0400163178026665
2024-02-15 16:00:00,Kolkata-Gauge-1,2,1.023,1.038,1.0715846637106041,1.104,1.1653024693117338,1.197,1.2398880408683732
2024-02-15 17:00:00,Kolkata-Gauge-1,2,1.038,1.098,1.082722213279998,1.162,1.1596584511002335,1.22,1.2348562019379683
2024-02-15 18:00:00,Kolkata-Gauge-1,2,1.098,1.104,1.1300198604119192,1.186,1.2243841655988348,1.263,1.251509527617277
2024-02-15 19:00:00,Kolkata-Gauge-1,2,1.104,1.162,1.1466055560832467,1.197,1.1539480686390144,1.297,1.1876269670042967
2024-02-15 20:00:00,Kolkata-Gauge-1,2,1.162,1.186,1.1976393657285085,1.22,1.2041414385266118,1.328,1.2551569243139615
2024-02-15 21:00:00,Kolkata-Gauge-1,2,1.186,1.197,1.211143171504405,1.263,1.2319768950778403,1.352,1.2715412055857338
2024-02-15 22:00:00,Kolkata-Gauge-1,2,1.197,1.22,1.203949926344981,1.297,1.22583679641842,1.484,1.2727340770125366
2024-02-15 23:00:00,Kolkata-Gauge-1,2,1.22,1.263,1.2335682798489946,1.328,1.2520191647639813,1.587,1.2955891426501214
2024-02-16 00:00:00,Kolkata-Gauge-1,2,1.263,1.297,1.3157535498944137,1.352,1.3847342363382802,1.605,1.5853325606066053
2024-02-16 01:00:00,Kolkata-Gauge-1,2,1.297,1.328,1.3337386689038009,1.484,1.4851852830237569,1.684,1.594281455526364
2024-02-16 02:00:00,Kolkata-Gauge-1,2,1.328,1.352,1.371347166429452,1.587,1.5203472156594764,1.76,1.5946921301383803
2024-02-16 03:00:00,Kolkata-Gauge-1,2,1.352,1.484,1.4097787673435715,1.605,1.44701866005854,1.818,1.4586354661543426
2024-02-16 04:00:00,Kolkata-Gauge-1,2,1.484,1.587,1.550729009554579,1.684,1.6172198113950682,1.782,1.6503964519184942
2024-02-16 05:00:00,Kolkata-Gauge-1,2,1.587,1.605,1.6101885540099523,1.76,1.722016510005589,1.739,1.6946348699815976
2024-02-16 06:00:00,Kolkata-Gauge-1,2,1.605,1.684,1.6393724666358556,1.818,1.7339059875405807,1.706,1.7042282134668165
2024-02-16 07:00:00,Kolkata-Gauge-1,2,1.684,1.76,1.7328940783813782,1.782,1.7297002708004174,1.693,1.6997483746397075
2024-02-16 08:00:00,Kolkata-Gauge-1,2,1.76,1.818,1.7838722362994064,1.739,1.7435233503457253,1.64,1.6978418843193837
2024-02-16 09:00:00,Kolkata-Gauge-1,2,1.818,1.782,1.8266179768538,1.706,1.8371705579483864,1.634,1.7481483698695093
2024-02-16 10:00:00,Kolkata-Gauge-1,2,1.782,1.739,1.7672449741571887,1.693,1.7313676233435362,1.621,1.6764593295091799
2024-02-16 11:00:00,Kolkata-Gauge-1,2,1.739,1.706,1.720171181963749,1.64,1.6874589515797331,1.632,1.6650354647044525
2024-02-16 12:00:00,Kolkata-Gauge-1,2,1.706,1.693,1.6986835622320142,1.634,1.6760605884586923,1.631,1.6470783294629845
2024-02-16 13:00:00,Kolkata-Gauge-1,2,1.693,1.64,1.6831888714968146,1.621,1.6645308125744631,1.602,1.624541218919835
2024-02-16 14:00:00,Kolkata-Gauge-1,2,1.64,1.634,1.6290640198723636,1.632,1.6199532290388192,1.554,1.5982630758868248
2024-02-16 15:00:00,Kolkata-Gauge-1,2,1.634,1.621,1.6242383096216522,1.631,1.6204943947940238,1.525,1.5901027915525234
2024-02-16 16:00:00,Kolkata-Gauge-1,2,1.621,1.632,1.6091866176077292,1.602,1.5825624872731956,1.542,1.5420314149251289
2024-02-16 17:00:00,Kolkata-Gauge-1,2,1.632,1.631,1.6195444319762813,1.554,1.5792538615837515,1.535,1.5459277319332847
2024-02-16 18:00:00,Kolkata-Gauge-1,2,1.631,1.602,1.613875362045315,1.525,1.5753085372612283,1.538,1.5460182929139175
2024-02-16 19:00:00,Kolkata-Gauge-1,2,1.602,1.554,1.5793303156340224,1.542,1.5523920680657566,1.516,1.5375571107860384
2024-02-16 20:00:00,Kolkata-Gauge-1,2,1.554,1.525,1.5441218771425982,1.535,1.5374222862926572,1.551,1.5543590115322057
2024-02-16 21:00:00,Kolkata-Gauge-1,2,1.525,1.542,1.520120044817373,1.538,1.5145358672185452,1.544,1.5308481717582727
2024-02-16 22:00:00,Kolkata-Gauge-1,2,1.542,1.535,1.5305681149219015,1.516,1.5241382068307288,1.587,1.550907490480021
2024-02-16 23:00:00,Kolkata-Gauge-1,2,1.535,1.538,1.5296986958372414,1.551,1.5241389788747184,1.603,1.554995457588331
2024-02-17 00:00:00,Kolkata-Gauge-1,2,1.538,1.516,1.5272674524006746,1.544,1.5318695817541021,1.599,1.5383311638312476
2024-02-17 01:00:00,Kolkata-Gauge-1,2,1.516,1.551,1.5130810339364607,1.587,1.5107115772727266,1.702,1.5296600931774678
2024-02-17 02:00:00,Kolkata-Gauge-1,2,1.551,1.544,1.5657488901412324,1.603,1.6115846667735,1.725,1.7168957424622666
2024-02-17 03:00:00,Kolkata-Gauge-1,2,1.544,1.587,1.5660324804640835,1.599,1.6034850267097944,1.773,1.6810436458660516
2024-02-17 04:00:00,Kolkata-Gauge-1,2,1.587,1.603,1.6140629944663423,1.702,1.6822136025245322,1.779,1.7115053303321133
2024-02-17 05:00:00,Kolkata-Gauge-1,2,1.603,1.599,1.6226634333579426,1.725,1.6719486550286156,1.82,1.7038533012016777
2024-02-17 06:00:00,Kolkata-Gauge-1,2,1.599,1.702,1.6229683073083208,1.773,1.654021710778205,1.865,1.6798213854808666
2024-02-17 07:00:00,Kolkata-Gauge-1,2,1.702,1.725,1.7361334726792095,1.779,1.7924981262516506,1.865,1.8343109132117883
2024-02-17 08:00:00,Kolkata-Gauge-1,2,1.725,1.773,1.765432382570452,1.82,1.8123321345838308,1.886,1.833665684771796
2024-02-17 09:00:00,Kolkata-Gauge-1,2,1.773,1.779,1.7946479518357707,1.865,1.8501024133760973,1.887,1.8579129195343123
2024-02-17 10:00:00,Kolkata-Gauge-1,2,1.779,1.82,1.7938027266925272,1.865,1.8525535367140455,1.875,1.8609483178762956
2024-02-17 11:00:00,Kolkata-Gauge-1,2,1.82,1.865,1.854549389130749,1.886,1.8826514264067689,1.809,1.8633938482350987
2024-02-17 12:00:00,Kolkata-Gauge-1,2,1.865,1.865,1.8778801569861878,1.887,1.8736991627062023,1.766,1.7911001021642947
2024-02-17 13:00:00,Kolkata-Gauge-1,2,1.865,1.886,1.882019394181455,1.875,1.8699647005248652,1.781,1.7764705283589055
2024-02-17 14:00:00,Kolkata-Gauge-1,2,1.886,1.887,1.9055426208989092,1.809,1.8779564077065722,1.763,1.8328926265336465
2024-02-17 15:00:00,Kolkata-Gauge-1,2,1.887,1.875,1.8930657575333028,1.766,1.839840535293079,1.746,1.8175066978464693
2024-02-17 16:00:00,Kolkata-Gauge-1,2,1.875,1.809,1.8451717912224794,1.781,1.8154264677208551,1.711,1.7677194659259416
2024-02-17 17:00:00,Kolkata-Gauge-1,2,1.809,1.766,1.7935007056588637,1.763,1.7804544373011828,1.681,1.7221149315553912
2024-02-17 18:00:00,Kolkata-Gauge-1,2,1.766,1.781,1.7662863762516114,1.746,1.7292844651531527,1.688,1.6880970003162805
2024-02-17 19:00:00,Kolkata-Gauge-1,2,1.781,1.763,1.7686649556102196,1.711,1.7329037775494887,1.702,1.7023602685966996
2024-02-17 20:00:00,Kolkata-Gauge-1,2,1.763,1.746,1.7589516925739028,1.681,1.7142386129503662,1.7,1.6923485742350082
2024-02-17 21:00:00,Kolkata-Gauge-1,2,1.746,1.711,1.7309380341262803,1.688,1.704934863856753,1.694,1.6887791191281718
2024-02-17 22:00:00,Kolkata-Gauge-1,2,1.711,1.681,1.6953492879596934,1.702,1.685219856403478,1.69,1.669915453128323
2024-02-17 23:00:00,Kolkata-Gauge-1,2,1.681,1.688,1.673818252431061,1.7,1.6558472217954485,1.672,1.6174307463203872
2024-02-18 00:00:00,Kolkata-Gauge-1,2,1.688,1.702,1.6883428205597641,1.694,1.6678009012162727,1.633,1.6138936955594596
2024-02-18 01:00:00,Kolkata-Gauge-1,2,1.702,1.7,1.6923263046737549,1.69,1.6757951856146118,1.59,1.618321441311071
2024-02-18 02:00:00,Kolkata-Gauge-1,2,1.7,1.694,1.688275025661855,1.672,1.6627945162016151,1.603,1.6144187478929874
2024-02-18 03:00:00,Kolkata-Gauge-1,2,1.694,1.69,1.6866360681176746,1.633,1.6544087700750179,1.589,1.6115762036922199
2024-02-18 04:00:00,Kolkata-Gauge-1,2,1.69,1.672,1.6841757194028595,1.59,1.6493692530860227,1.585,1.6087156936987408
2024-02-18 05:00:00,Kolkata-Gauge-1,2,1.672,1.633,1.6523409737306098,1.603,1.6310421352245317,1.576,1.5990114508306013
2024-02-18 06:00:00,Kolkata-Gauge-1,2,1.633,1.59,1.6141869889652105,1.589,1.5926682118737017,1.567,1.5648917349237836
2024-02-18 07:00:00,Kolkata-Gauge-1,2,1.59,1.603,1.5928782910164894,1.585,1.5847490579747674,1.561,1.571722979564172
2024-02-18 08:00:00,Kolkata-Gauge-1,2,1.603,1.589,1.595042101436787,1.576,1.584575540008329,1.565,1.570617145828421
2024-02-18 09:00:00,Kolkata-Gauge-1,2,1.589,1.585,1.5826793020578107,1.567,1.5722245710552365,1.549,1.5625787371317286
2024-02-18 10:00:00,Kolkata-Gauge-1,2,1.585,1.576,1.5748679892169384,1.561,1.5659536900441708,1.573,1.5639548457636383
2024-02-18 11:00:00,Kolkata-Gauge-1,2,1.576,1.567,1.570448207678836,1.565,1.5592874398775403,1.557,1.5558176480872266
2024-02-18 12:00:00,Kolkata-Gauge-1,2,1.567,1.561,1.5640811835726405,1.549,1.5530402810936237,1.562,1.551087767722323
2024-02-18 13:00:00,Kolkata-Gauge-1,2,1.561,1.565,1.5632331545503584,1.573,1.552448777821251,1.538,1.541758618609087
2024-02-18 14:00:00,Kolkata-Gauge-1,2,1.565,1.549,1.5574018135661656,1.557,1.550980282845969,1.532,1.5258362890882915
2024-02-18 15:00:00,Kolkata-Gauge-1,2,1.549,1.573,1.5521701617245074,1.562,1.5355416130263804,1.507,1.5158516531487625
2024-02-18 16:00:00,Kolkata-Gauge-1,2,1.573,1.557,1.5661613730770472,1.538,1.5502742061575925,1.495,1.5296914620411584
2024-02-18 17:00:00,Kolkata-Gauge-1,2,1.557,1.562,1.5541087063724828,1.532,1.5356856523823983,1.498,1.5156155676127718
2024-02-18 18:00:00,Kolkata-Gauge-1,2,1.562,1.538,1.5570148045640726,1.507,1.5461526746160152,1.488,1.521860395105441
2024-02-18 19:00:00,Kolkata-Gauge-1,2,1.538,1.532,1.5274034475711742,1.495,1.5202808412444098,1.515,1.5118496956085852
2024-02-18 20:00:00,Kolkata-Gauge-1,2,1.532,1.507,1.5215106196993533,1.498,1.506181914722041,1.518,1.5072376330971338
2024-02-18 21:00:00,Kolkata-Gauge-1,2,1.507,1.495,1.5004016614579865,1.488,1.495511996848103,1.501,1.4978811663029699
2024-02-18 22:00:00,Kolkata-Gauge-1,2,1.495,1.498,1.4935005681852211,1.515,1.491849440605971,1.486,1.4667627722352627
2024-02-18 23:00:00,Kolkata-Gauge-1,2,1.498,1.488,1.4945891652447896,1.518,1.4994060018145665,1.481,1.4907275659847483
2024-02-19 00:00:00,Kolkata-Gauge-1,2,1.488,1.515,1.4888352123864113,1.501,1.474113072368768,1.482,1.4421035335677863
2024-02-19 01:00:00,Kolkata-Gauge-1,2,1.515,1.518,1.5111392402853714,1.486,1.5042382042112672,1.445,1.4909765698209465
2024-02-19 02:00:00,Kolkata-Gauge-1,2,1.518,1.501,1.5112518339266046,1.481,1.5042334989874229,1.445,1.4969296684102402
2024-02-19 03:00:00,Kolkata-Gauge-1,2,1.501,1.486,1.4951317759354175,1.482,1.4946720013781574,1.409,1.4783122681035399
2024-02-19 04:00:00,Kolkata-Gauge-1,2,1.486,1.481,1.4820340728370753,1.445,1.469230092249547,1.408,1.4385324598104392
2024-02-19 05:00:00,Kolkata-Gauge-1,2,1.481,1.482,1.4717306569045572,1.445,1.4551382100453296,1.419,1.4207344597950773
2024-02-19 06:00:00,Kolkata-Gauge-1,2,1.482,1.445,1.4690079731619445,1.409,1.4474923994778992,1.412,1.413742380629039
2024-02-19 07:00:00,Kolkata-Gauge-1,2,1.445,1.445,1.4288264942774234,1.408,1.4033232654602228,1.354,1.3601610935186428
2024-02-19 08:00:00,Kolkata-Gauge-1,2,1.445,1.409,1.4272988082891493,1.419,1.4025875106465322,1.308,1.3490471156427355
2024-02-19 09:00:00,Kolkata-Gauge-1,2,1.409,1.408,1.4013683315968386,1.412,1.3698298316894264,1.309,1.3198682611931494
2024-02-19 10:00:00,Kolkata-Gauge-1,2,1.408,1.419,1.401256267089683,1.354,1.3618931371322678,1.252,1.3143443880903105
2024-02-19 11:00:00,Kolkata-Gauge-1,2,1.419,1.412,1.4035677277002896,1.308,1.3734845708151298,1.258,1.3332234990060075
2024-02-19 12:00:00,Kolkata-Gauge-1,2,1.412,1.354,1.3998241309552335,1.309,1.3635358327740315,1.27,1.3143390858169022
2024-02-19 13:00:00,Kolkata-Gauge-1,2,1.354,1.308,1.340399007429987,1.252,1.3127989126754167,1.286,1.2821004736733255
2024-02-19 14:00:00,Kolkata-Gauge-1,2,1.308,1.309,1.285806716807189,1.258,1.2699696905354625,1.272,1.235631861860616
2024-02-19 15:00:00,Kolkata-Gauge-1,2,1.309,1.252,1.2827036157006444,1.27,1.2661856669495972,1.273,1.2382600677595021
2024-02-19 16:00:00,Kolkata-Gauge-1,2,1.252,1.258,1.2542195262536144,1.286,1.2612622854763624,1.268,1.2785799191333684
2024-02-19 17:00:00,Kolkata-Gauge-1,2,1.258,1.27,1.25419078658807,1.272,1.2567290403114701,1.229,1.2726540865602465
2024-02-19 18:00:00,Kolkata-Gauge-1,2,1.27,1.286,1.2685743049015126,1.273,1.2545545099853328,1.235,1.2713153806036133
2024-02-19 19:00:00,Kolkata-Gauge-1,2,1.286,1.272,1.2786327250888343,1.268,1.2622776903981472,1.256,1.2736585709571613
2024-02-19 20:00:00,Kolkata-Gauge-1,2,1.272,1.273,1.2702590712761044,1.229,1.2507387306868045,1.261,1.2725933049848352
2024-02-19 21:00:00,Kolkata-Gauge-1,2,1.273,1.268,1.2679077456660302,1.235,1.2509609832287907,1.243,1.2726331469762115
2024-02-19 22:00:00,Kolkata-Gauge-1,2,1.268,1.229,1.2512974890620654,1.256,1.2437785053245112,1.249,1.2659908319286137
2024-02-19 23:00:00,Kolkata-Gauge-1,2,1.229,1.235,1.220563572151708,1.261,1.2270117958969493,1.303,1.260428886929081
2024-02-20 00:00:00,Kolkata-Gauge-1,2,1.235,1.256,1.2353946321551383,1.243,1.2337587238524368,1.352,1.271431493096761
2024-02-20 01:00:00,Kolkata-Gauge-1,2,1.256,1.261,1.2539448919271123,1.249,1.25844954391072,1.395,1.2943786383116227
2024-02-20 02:00:00,Kolkata-Gauge-1,2,1.261,1.243,1.2527177743128137,1.303,1.2619320016405737,1.385,1.2874930626273964
2024-02-20 03:00:00,Kolkata-Gauge-1,2,1.243,1.249,1.240411164434857,1.352,1.2540321466624589,1.414,1.2843482124412797
2024-02-20 04:00:00,Kolkata-Gauge-1,2,1.249,1.303,1.2515666530368283,1.395,1.2614768066716058,1.448,1.2824107886122424
2024-02-20 05:00:00,Kolkata-Gauge-1,2,1.303,1.352,1.333397932953736,1.385,1.378117115763171,1.455,1.391817616468257
2024-02-20 06:00:00,Kolkata-Gauge-1,2,1.352,1.395,1.384348835540199,1.414,1.4219594259735626,1.457,1.4419465828889846
2024-02-20 07:00:00,Kolkata-Gauge-1,2,1.395,1.385,1.4042040197344186,1.448,1.4631172747634411,1.48,1.4799723418778339
2024-02-20 08:00:00,Kolkata-Gauge-1,2,1.385,1.414,1.4008001816495166,1.455,1.380959054568651,1.434,1.3802169573593355
2024-02-20 09:00:00,Kolkata-Gauge-1,2,1.414,1.448,1.4248549979806844,1.457,1.4187336155826342,1.437,1.400427860385577
2024-02-20 10:00:00,Kolkata-Gauge-1,2,1.448,1.455,1.4578331645181057,1.48,1.4448867073261595,1.438,1.4011491132533296
2024-02-20 11:00:00,Kolkata-Gauge-1,2,1.455,1.457,1.445286700374935,1.434,1.4123143734926231,1.449,1.3957824423554612
2024-02-20 12:00:00,Kolkata-Gauge-1,2,1.457,1.48,1.4539060562057111,1.437,1.4323214013590557,1.466,1.4473093161789348
2024-02-20 13:00:00,Kolkata-Gauge-1,2,1.48,1.434,1.4632280607604613,1.438,1.4532039799057943,1.435,1.4463789661497133
2024-02-20 14:00:00,Kolkata-Gauge-1,2,1.434,1.437,1.4314102624042788,1.449,1.4304269346455096,1.452,1.4200598132835964
2024-02-20 15:00:00,Kolkata-Gauge-1,2,1.437,1.438,1.4277525174244239,1.466,1.4327188314166206,1.454,1.3993350570643899
2024-02-20 16:00:00,Kolkata-Gauge-1,2,1.438,1.449,1.4293524021258082,1.435,1.4293785502814216,1.438,1.399196373549022
2024-02-20 17:00:00,Kolkata-Gauge-1,2,1.449,1.466,1.452404770437455,1.452,1.4261662280806524,1.409,1.3909021186772423
2024-02-20 18:00:00,Kolkata-Gauge-1,2,1.466,1.435,1.457508479628165,1.454,1.4422693563361249,1.402,1.4069833253690551
2024-02-20 19:00:00,Kolkata-Gauge-1,2,1.435,1.452,1.430465243485784,1.438,1.4040406858142795,1.396,1.3790965496514107
2024-02-20 20:00:00,Kolkata-Gauge-1,2,1.452,1.454,1.445952287219266,1.409,1.4129488249578668,1.392,1.3817445828216635
2024-02-20 21:00:00,Kolkata-Gauge-1,2,1.454,1.438,1.444185695197046,1.402,1.4101186498212306,1.369,1.3822475969470889
2024-02-20 22:00:00,Kolkata-Gauge-1,2,1.438,1.409,1.4304963363314616,1.396,1.4151207833474662,1.369,1.3963250394552607
2024-02-20 23:00:00,Kolkata-Gauge-1,2,1.409,1.402,1.4057943309741363,1.392,1.3821825201934925,1.347,1.3532948960484157
2024-02-21 00:00:00,Kolkata-Gauge-1,2,1.402,1.396,1.400036285567449,1.369,1.377274761273161,1.359,1.3510814221984537
2024-02-21 01:00:00,Kolkata-Gauge-1,2,1.396,1.392,1.3932465375554333,1.369,1.3688778994110558,1.38,1.3460481436172933
2024-02-21 02:00:00,Kolkata-Gauge-1,2,1.392,1.369,1.3786768684950792,1.347,1.363562970834274,1.35,1.3375643445118093
2024-02-21 03:00:00,Kolkata-Gauge-1,2,1.369,1.369,1.3604314209280086,1.359,1.3508065432906817,1.338,1.3325515755022275
2024-02-21 04:00:00,Kolkata-Gauge-1,2,1.369,1.347,1.356331158232403,1.38,1.3518263588830133,1.344,1.3297231928418436
2024-02-21 05:00:00,Kolkata-Gauge-1,2,1.347,1.359,1.3412147031002624,1.35,1.3129414315793086,1.337,1.295400806424305
2024-02-21 06:00:00,Kolkata-Gauge-1,2,1.359,1.38,1.3523549736712899,1.338,1.334274301628016,1.296,1.3036141073712668
2024-02-21 07:00:00,Kolkata-Gauge-1,2,1.38,1.35,1.3698554872784263,1.344,1.3589849227005826,1.303,1.3165268772886713
2024-02-21 08:00:00,Kolkata-Gauge-1,2,1.35,1.338,1.345481743316309,1.337,1.3239989819517912,1.28,1.2946346349042221
2024-02-21 09:00:00,Kolkata-Gauge-1,2,1.338,1.344,1.3303957169214682,1.296,1.3081296608666264,1.274,1.2852661244777885
2024-02-21 10:00:00,Kolkata-Gauge-1,2,1.344,1.337,1.3259023452805276,1.303,1.3044142628279722,1.244,1.255300051730142
2024-02-21 11:00:00,Kolkata-Gauge-1,2,1.337,1.296,1.320346445927609,1.28,1.3002958766852541,1.25,1.233170919475572
2024-02-21 12:00:00,Kolkata-Gauge-1,2,1.296,1.303,1.2893400096063592,1.274,1.2675046615697796,1.232,1.2252146411535345
2024-02-21 13:00:00,Kolkata-Gauge-1,2,1.303,1.28,1.29357824749074,1.244,1.2818484621883732,1.239,1.2727299168629804
2024-02-21 14:00:00,Kolkata-Gauge-1,2,1.28,1.274,1.2668212325841866,1.25,1.2524919627626223,1.223,1.245571394803695
2024-02-21 15:00:00,Kolkata-Gauge-1,2,1.274,1.244,1.2639572489914634,1.232,1.2487288991127685,1.203,1.236354933608851
2024-02-21 16:00:00,Kolkata-Gauge-1,2,1.244,1.25,1.239011804737988,1.239,1.2222311554366265,1.203,1.215951229056839
2024-02-21 17:00:00,Kolkata-Gauge-1,2,1.25,1.232,1.245811462904084,1.223,1.2372560136721413,1.174,1.2201301183646358
2024-02-21 18:00:00,Kolkata-Gauge-1,2,1.232,1.239,1.2212753091551434,1.203,1.21449724534802,1.202,1.2175057408524472
2024-02-21 19:00:00,Kolkata-Gauge-1,2,1.239,1.223,1.2375151159268838,1.203,1.2185187869522431,1.26,1.219672807314705
2024-02-21 20:00:00,Kolkata-Gauge-1,2,1.223,1.203,1.2117154265849086,1.174,1.2086803215371942,1.327,1.2072402503975022
2024-02-21 21:00:00,Kolkata-Gauge-1,2,1.203,1.203,1.2014035005227555,1.202,1.1890618360042282,1.395,1.1859484350051142
2024-02-21 22:00:00,Kolkata-Gauge-1,2,1.203,1.174,1.1993147748172508,1.26,1.2162229191318201,1.472,1.2634454294346722
2024-02-21 23:00:00,Kolkata-Gauge-1,2,1.174,1.202,1.1788561452757091,1.327,1.1867983315062949,1.567,1.276823799579806
2024-02-22 00:00:00,Kolkata-Gauge-1,2,1.202,1.26,1.205694503694364,1.395,1.2224559560930612,1.621,1.2710826669943363
2024-02-22 01:00:00,Kolkata-Gauge-1,2,1.26,1.327,1.318103917867263,1.472,1.4320442064464671,1.628,1.5621531779678657
2024-02-22 02:00:00,Kolkata-Gauge-1,2,1.327,1.395,1.3900600196425232,1.567,1.514742557572466,1.621,1.584103526505494
2024-02-22 03:00:00,Kolkata-Gauge-1,2,1.395,1.472,1.4559161396337859,1.621,1.57219186998187,1.646,1.5754788846910168
2024-02-22 04:00:00,Kolkata-Gauge-1,2,1.472,1.567,1.5338437169312167,1.628,1.6068967629735826,1.653,1.6374218038235333
2024-02-22 05:00:00,Kolkata-Gauge-1,2,1.567,1.621,1.5931216064691411,1.621,1.5813997400342017,1.671,1.5717118602157827
2024-02-22 06:00:00,Kolkata-Gauge-1,2,1.621,1.628,1.6348590568598071,1.646,1.6339261827215443,1.668,1.6546139392687145
2024-02-22 07:00:00,Kolkata-Gauge-1,2,1.628,1.621,1.627930700953535,1.653,1.6301050506747055,1.692,1.6711028184616248
2024-02-22 08:00:00,Kolkata-Gauge-1,2,1.621,1.646,1.6280067716704498,1.671,1.630389516057608,1.709,1.6352315046640757
2024-02-22 09:00:00,Kolkata-Gauge-1,2,1.646,1.653,1.6495142685151414,1.668,1.6660144812825364,1.714,1.702530181819503
2024-02-22 10:00:00,Kolkata-Gauge-1,2,1.653,1.671,1.6578308762605485,1.692,1.6776940990156026,1.72,1.6877265431050708
2024-02-22 11:00:00,Kolkata-Gauge-1,2,1.671,1.668,1.6653450498480675,1.709,1.688403037845567,1.698,1.6797474238357595
2024-02-22 12:00:00,Kolkata-Gauge-1,2,1.668,1.692,1.6833686186834669,1.714,1.6981514336599328,1.717,1.6950963871600642
2024-02-22 13:00:00,Kolkata-Gauge-1,2,1.692,1.709,1.6966359325642104,1.72,1.699150725340701,1.693,1.6744680713800761
2024-02-22 14:00:00,Kolkata-Gauge-1,2,1.709,1.714,1.7166916450166094,1.698,1.703658073385236,1.685,1.6595255792304973
2024-02-22 15:00:00,Kolkata-Gauge-1,2,1.714,1.72,1.7111313081388733,1.717,1.6996543455184507,1.682,1.6654078325348203
2024-02-22 16:00:00,Kolkata-Gauge-1,2,1.72,1.698,1.7123183657749503,1.693,1.7033688285511093,1.637,1.6648215691569361
2024-02-22 17:00:00,Kolkata-Gauge-1,2,1.698,1.717,1.696535692985697,1.685,1.683963005502219,1.62,1.6500476455272481
2024-02-22 18:00:00,Kolkata-Gauge-1,2,1.717,1.693,1.7071303094965542,1.682,1.6871596972551923,1.608,1.6450870786455132
2024-02-22 19:00:00,Kolkata-Gauge-1,2,1.693,1.685,1.6866078282001282,1.637,1.654300622591465,1.59,1.6183657256106054
2024-02-22 20:00:00,Kolkata-Gauge-1,2,1.685,1.682,1.6815583759404602,1.62,1.6401981916515622,1.574,1.6134193270787704
2024-02-22 21:00:00,Kolkata-Gauge-1,2,1.682,1.637,1.665939961290538,1.608,1.636230508435696,1.588,1.6147963535857623
2024-02-22 22:00:00,Kolkata-Gauge-1,2,1.637,1.62,1.6240425689429878,1.59,1.606159495953547,1.554,1.5698678901867675
2024-02-22 23:00:00,Kolkata-Gauge-1,2,1.62,1.608,1.6073982979901877,1.574,1.5896073963865127,1.513,1.5441599320264683
2024-02-23 00:00:00,Kolkata-Gauge-1,2,1.608,1.59,1.5943493188234148,1.588,1.5812337566538526,1.486,1.5307133050296615
2024-02-23 01:00:00,Kolkata-Gauge-1,2,1.59,1.574,1.5872607930665137,1.554,1.5761455822649806,1.486,1.551815526451544
2024-02-23 02:00:00,Kolkata-Gauge-1,2,1.574,1.588,1.5805271535285355,1.513,1.5458829847366595,1.488,1.5272128300796985
2024-02-23 03:00:00,Kolkata-Gauge-1,2,1.588,1.554,1.5815718253661857,1.486,1.5679733440483477,1.485,1.5492816262944882
2024-02-23 04:00:00,Kolkata-Gauge-1,2,1.554,1.513,1.5368368535083798,1.486,1.5302940369857183,1.489,1.5167616056004434
2024-02-23 05:00:00,Kolkata-Gauge-1,2,1.513,1.486,1.5097598690407272,1.488,1.5054869912165272,1.478,1.4980925883197673
2024-02-23 06:00:00,Kolkata-Gauge-1,2,1.486,1.486,1.4835068497917232,1.485,1.4739506411418437,1.453,1.4475151135203737
2024-02-23 07:00:00,Kolkata-Gauge-1,2,1.486,1.488,1.4844413775775647,1.489,1.4752138356177842,1.436,1.4358947234734991
2024-02-23 08:00:00,Kolkata-Gauge-1,2,1.488,1.485,1.486221753062528,1.478,1.473448751704447,1.413,1.4290775980184356
2024-02-23 09:00:00,Kolkata-Gauge-1,2,1.485,1.489,1.4815855469334047,1.453,1.452817318107194,1.411,1.424211166375716
2024-02-23 10:00:00,Kolkata-Gauge-1,2,1.489,1.478,1.4850827623793632,1.436,1.4612270315851719,1.429,1.4296030257882582
2024-02-23 11:00:00,Kolkata-Gauge-1,2,1.478,1.453,1.4651674135924453,1.413,1.441572469747112,1.435,1.4181586677958575
2024-02-23 12:00:00,Kolkata-Gauge-1,2,1.453,1.436,1.4384667485828695,1.411,1.407495932307012,1.437,1.3754665363262404
2024-02-23 13:00:00,Kolkata-Gauge-1,2,1.436,1.413,1.426869395048835,1.429,1.4573877208217756,1.406,1.4643597397505865
2024-02-23 14:00:00,Kolkata-Gauge-1,2,1.413,1.411,1.421840438791061,1.435,1.4522862497085265,1.448,1.448853106636315
2024-02-23 15:00:00,Kolkata-Gauge-1,2,1.411,1.429,1.4202249413000099,1.437,1.446472602044722,1.428,1.4360759569563426
2024-02-23 16:00:00,Kolkata-Gauge-1,2,1.429,1.435,1.4301762950083892,1.406,1.4305633377194582,1.428,1.3973770866139412
2024-02-23 17:00:00,Kolkata-Gauge-1,2,1.435,1.437,1.4314613729395345,1.448,1.4315832030040467,1.461,1.3986185092882726
2024-02-23 18:00:00,Kolkata-Gauge-1,2,1.437,1.406,1.4280104455458351,1.428,1.4285227757679924,1.473,1.3997781222280883
2024-02-23 19:00:00,Kolkata-Gauge-1,2,1.406,1.448,1.408125181174125,1.428,1.3817487232472394,1.465,1.3645395584749942
2024-02-23 20:00:00,Kolkata-Gauge-1,2,1.448,1.428,1.4476256862802337,1.461,1.4422133540282795,1.489,1.4283021353539687
2024-02-23 21:00:00,Kolkata-Gauge-1,2,1.428,1.428,1.4315481041179916,1.473,1.4658925797849625,1.463,1.4800869708812656
2024-02-23 22:00:00,Kolkata-Gauge-1,2,1.428,1.461,1.4326163780003187,1.465,1.4556497188457496,1.499,1.481700174395471
2024-02-23 23:00:00,Kolkata-Gauge-1,2,1.461,1.473,1.4833464895316388,1.489,1.5164688724755637,1.49,1.5275260651735454
2024-02-24 00:00:00,Kolkata-Gauge-1,2,1.473,1.465,1.4829445445819176,1.463,1.5050398524943343,1.472,1.498709041416145
2024-02-24 01:00:00,Kolkata-Gauge-1,2,1.465,1.489,1.4871053294431795,1.499,1.5055106806361003,1.431,1.486555845391244
2024-02-24 02:00:00,Kolkata-Gauge-1,2,1.489,1.463,1.487292633426197,1.49,1.4688239996977335,1.396,1.421186772157564
2024-02-24 03:00:00,Kolkata-Gauge-1,2,1.463,1.499,1.4866572394195434,1.472,1.4591429784084677,1.385,1.410170253481342
2024-02-24 04:00:00,Kolkata-Gauge-1,2,1.499,1.49,1.5037916475845108,1.431,1.493652259613963,1.413,1.4962634876572838
2024-02-24 05:00:00,Kolkata-Gauge-1,2,1.49,1.472,1.481652666133228,1.396,1.4566688567436648,1.407,1.4355399927165338
2024-02-24 06:00:00,Kolkata-Gauge-1,2,1.472,1.431,1.460060183457839,1.385,1.4413060628685206,1.401,1.4168849987425354
2024-02-24 07:00:00,Kolkata-Gauge-1,2,1.431,1.396,1.4162763833275487,1.413,1.405060046131519,1.396,1.397902815750986
2024-02-24 08:00:00,Kolkata-Gauge-1,2,1.396,1.385,1.391909345565621,1.407,1.3836519199079025,1.431,1.3774371434004857
2024-02-24 09:00:00,Kolkata-Gauge-1,2,1.385,1.413,1.37923914720317,1.401,1.3691722602733816,1.409,1.3528440104261104
2024-02-24 10:00:00,Kolkata-Gauge-1,2,1.413,1.407,1.4090784150801694,1.396,1.3901440763109876,1.427,1.3873239753188462
2024-02-24 11:00:00,Kolkata-Gauge-1,2,1.407,1.401,1.4024995214622848,1.431,1.3789547309098933,1.404,1.3522311385971215
2024-02-24 12:00:00,Kolkata-Gauge-1,2,1.401,1.396,1.3969013808258592,1.409,1.3714772635411543,1.376,1.3452642079881634
2024-02-24 13:00:00,Kolkata-Gauge-1,2,1.396,1.431,1.3950883479943994,1.427,1.3672300998708127,1.361,1.3331608321700221
2024-02-24 14:00:00,Kolkata-Gauge-1,2,1.431,1.409,1.4161616670694495,1.404,1.3979949229492294,1.347,1.3639806868339441
2024-02-24 15:00:00,Kolkata-Gauge-1,2,1.409,1.427,1.4024309626063476,1.376,1.371274559604775,1.345,1.330474522543189
2024-02-24 16:00:00,Kolkata-Gauge-1,2,1.427,1.404,1.4132991321656092,1.361,1.3926301666591085,1.286,1.3553309666284945
2024-02-24 17:00:00,Kolkata-Gauge-1,2,1.404,1.376,1.3971610268056027,1.347,1.364959996616549,1.278,1.3236474313768831
2024-02-24 18:00:00,Kolkata-Gauge-1,2,1.376,1.361,1.3671882317217654,1.345,1.3544648487661983,1.255,1.3038516212656548
2024-02-24 19:00:00,Kolkata-Gauge-1,2,1.361,1.347,1.3481870304914234,1.286,1.3239681137926966,1.23,1.2856328112716455
2024-02-24 20:00:00,Kolkata-Gauge-1,2,1.347,1.345,1.3342536691640203,1.278,1.3042599802289272,1.194,1.257832088814244
2024-02-24 21:00:00,Kolkata-Gauge-1,2,1.345,1.286,1.3220505192876153,1.255,1.3028871997970297,1.178,1.2544498060532245
2024-02-24 22:00:00,Kolkata-Gauge-1,2,1.286,1.278,1.2810474910960952,1.23,1.2547283331704833,1.159,1.2201475811623335
2024-02-24 23:00:00,Kolkata-Gauge-1,2,1.278,1.255,1.267944423115954,1.194,1.2397025723919284,1.142,1.2069487101910457
2024-02-25 00:00:00,Kolkata-Gauge-1,2,1.255,1.23,1.2431745381209798,1.178,1.2297095701548106,1.101,1.1979139739324658
2024-02-25 01:00:00,Kolkata-Gauge-1,2,1.23,1.194,1.2160684254829002,1.159,1.2176645799300347,1.097,1.1920617035346739
2024-02-25 02:00:00,Kolkata-Gauge-1,2,1.194,1.178,1.1915040882239987,1.142,1.1901126577099497,1.075,1.178513472529211
2024-02-25 03:00:00,Kolkata-Gauge-1,2,1.178,1.159,1.1724221664977283,1.101,1.1510685208998035,1.037,1.158083339103658
2024-02-25 04:00:00,Kolkata-Gauge-1,2,1.159,1.142,1.1441025989517455,1.097,1.1325767886142388,1.022,1.1194876781716536
2024-02-25 05:00:00,Kolkata-Gauge-1,2,1.142,1.101,1.1377381260568726,1.075,1.127588307378512,1.002,1.107311263287478
2024-02-25 06:00:00,Kolkata-Gauge-1,2,1.101,1.097,1.0879589385545207,1.037,1.076733789382295,0.999,1.0402391727286304
2024-02-25 07:00:00,Kolkata-Gauge-1,2,1.097,1.075,1.0881718992895832,1.022,1.0741069885807775,0.985,1.035022759267878
2024-02-25 08:00:00,Kolkata-Gauge-1,2,1.075,1.037,1.062249915653402,1.002,1.0543567066968647,0.952,1.025042878031944
2024-02-25 09:00:00,Kolkata-Gauge-1,2,1.037,1.022,1.0337390270587412,0.999,1.0207996216415371,0.931,0.9846988775850665
2024-02-25 10:00:00,Kolkata-Gauge-1,2,1.022,1.002,1.0162634926116498,0.985,0.9849966679049835,0.893,0.9738553331512925
2024-02-25 11:00:00,Kolkata-Gauge-1,2,1.002,0.999,0.9962097180762756,0.952,0.9568110167104582,0.914,0.9718588241651144
2024-02-25 12:00:00,Kolkata-Gauge-1,2,0.999,0.985,0.996288312162694,0.931,0.9522769103239078,0.943,0.9639930096681243
2024-02-25 13:00:00,Kolkata-Gauge-1,2,0.985,0.952,0.971108619554516,0.893,0.9523278142527372,0.972,0.9639871184917386
2024-02-25 14:00:00,Kolkata-Gauge-1,2,0.952,0.931,0.9496719401005732,0.914,0.9573443351117361,0.961,0.9720693955868561
2024-02-25 15:00:00,Kolkata-Gauge-1,2,0.931,0.893,0.9302752624324013,0.943,0.9490451560315264,1.014,0.9752078339085629
2024-02-25 16:00:00,Kolkata-Gauge-1,2,0.893,0.914,0.9020567687815814,0.972,0.9263261549334735,1.047,0.9771786207349442
2024-02-25 17:00:00,Kolkata-Gauge-1,2,0.914,0.943,0.9192473648505329,0.961,0.9414418545211904,1.054,0.9779773197153203
2024-02-25 18:00:00,Kolkata-Gauge-1,2,0.943,0.972,0.9569290440395082,1.014,0.9733382750963171,1.061,1.0039062993450474
2024-02-25 19:00:00,Kolkata-Gauge-1,2,0.972,0.961,0.9732868468377568,1.047,1.0121452990050606,1.077,1.0122128127161194
2024-02-25 20:00:00,Kolkata-Gauge-1,2,0.961,1.014,0.9752008516584557,1.054,0.986101763216196,1.097,1.0051510929230048
2024-02-25 21:00:00,Kolkata-Gauge-1,2,1.014,1.047,1.0427985725539812,1.061,1.0815561675825127,1.099,1.1119420314006045
2024-02-25 22:00:00,Kolkata-Gauge-1,2,1.047,1.054,1.0645394146365164,1.077,1.088244124038323,1.094,1.0914149144450989
2024-02-25 23:00:00,Kolkata-Gauge-1,2,1.054,1.061,1.0665260596491966,1.097,1.104049423962463,1.083,1.089402731274955
2024-02-26 00:00:00,Kolkata-Gauge-1,2,1.061,1.077,1.0758307542159715,1.099,1.082559392506861,1.123,1.0940460137349313
2024-02-26 01:00:00,Kolkata-Gauge-1,2,1.077,1.097,1.092197305584477,1.094,1.086615547587695,1.135,1.1106214919778088
2024-02-26 02:00:00,Kolkata-Gauge-1,2,1.097,1.099,1.1066326263562138,1.083,1.0954260804739901,1.146,1.1177823658545136
2024-02-26 03:00:00,Kolkata-Gauge-1,2,1.099,1.094,1.0950306655390925,1.123,1.0845703608922201,1.156,1.1024190840078474
2024-02-26 04:00:00,Kolkata-Gauge-1,2,1.094,1.083,1.0929510196787315,1.135,1.0926285491178014,1.165,1.0936655023376907
2024-02-26 05:00:00,Kolkata-Gauge-1,2,1.083,1.123,1.0855969616125007,1.146,1.088156829065235,1.15,1.076933206182558
2024-02-26 06:00:00,Kolkata-Gauge-1,2,1.123,1.135,1.143641194601642,1.156,1.1674477128848129,1.126,1.1581284079775775
2024-02-26 07:00:00,Kolkata-Gauge-1,2,1.135,1.146,1.1539151456673509,1.165,1.1728275573299776,1.169,1.1780357379648005
2024-02-26 08:00:00,Kolkata-Gauge-1,2,1.146,1.156,1.159966502071058,1.15,1.1774088834437562,1.128,1.1739032280736492
2024-02-26 09:00:00,Kolkata-Gauge-1,2,1.156,1.165,1.165943773838152,1.126,1.1570893746615183,1.127,1.185523339432667
2024-02-26 10:00:00,Kolkata-Gauge-1,2,1.165,1.15,1.1649256814755542,1.169,1.1726079663002724,1.128,1.181713417579274
2024-02-26 11:00:00,Kolkata-Gauge-1,2,1.15,1.126,1.1492877816968732,1.128,1.1566971816667322,1.141,1.1696888740465496
2024-02-26 12:00:00,Kolkata-Gauge-1,2,1.126,1.169,1.1444939628915158,1.127,1.1413252764602402,1.141,1.1531630938078559
2024-02-26 13:00:00,Kolkata-Gauge-1,2,1.169,1.128,1.1557648716999955,1.128,1.1585420124750152,1.172,1.1703717931491042
2024-02-26 14:00:00,Kolkata-Gauge-1,2,1.128,1.127,1.1391132224315799,1.141,1.1486649622293728,1.168,1.1730504628091727
2024-02-26 15:00:00,Kolkata-Gauge-1,2,1.127,1.128,1.139398344095323,1.141,1.1435727334734027,1.187,1.164389885650185
2024-02-26 16:00:00,Kolkata-Gauge-1,2,1.128,1.141,1.1383754262189911,1.172,1.1535454552453712,1.2,1.174137443192233
2024-02-26 17:00:00,Kolkata-Gauge-1,2,1.141,1.141,1.1458619819657372,1.168,1.1663305712435437,1.222,1.1806764565872934
2024-02-26 18:00:00,Kolkata-Gauge-1,2,1.141,1.172,1.1483959810486015,1.187,1.1658796029331808,1.213,1.1717465748831402
2024-02-26 19:00:00,Kolkata-Gauge-1,2,1.172,1.168,1.1665967433245903,1.2,1.1703012143421079,1.212,1.1693733348212938
2024-02-26 20:00:00,Kolkata-Gauge-1,2,1.168,1.187,1.1621234322509169,1.222,1.1704390200111294,1.195,1.167931646367811
2024-02-26 21:00:00,Kolkata-Gauge-1,2,1.187,1.2,1.1897203946047752,1.213,1.18931849649769,1.188,1.1893027555303248
2024-02-26 22:00:00,Kolkata-Gauge-1,2,1.2,1.222,1.2022975451790932,1.212,1.1913909165989105,1.182,1.1900169877550468
2024-02-26 23:00:00,Kolkata-Gauge-1,2,1.222,1.213,1.2185804755269598,1.195,1.211058727006904,1.131,1.1978714285910703
2024-02-27 00:00:00,Kolkata-Gauge-1,2,1.213,1.212,1.209362371723103,1.188,1.1966948793913064,1.119,1.1835882022803077
2024-02-27 01:00:00,Kolkata-Gauge-1,2,1.212,1.195,1.2075642750707982,1.182,1.1901941411473442,1.146,1.1795073625941233
2024-02-27 02:00:00,Kolkata-Gauge-1,2,1.195,1.188,1.195346553587,1.131,1.1719665002494004,1.127,1.1766015033695056
2024-02-27 03:00:00,Kolkata-Gauge-1,2,1.188,1.182,1.1782161064147625,1.119,1.1680839265952798,1.115,1.1757463956846281
2024-02-27 04:00:00,Kolkata-Gauge-1,2,1.182,1.131,1.169597278378308,1.146,1.1661346079696342,1.147,1.1742436001739938
2024-02-27 05:00:00,Kolkata-Gauge-1,2,1.131,1.119,1.1272799976316779,1.127,1.1245220295006213,1.181,1.1271926574200177
2024-02-27 06:00:00,Kolkata-Gauge-1,2,1.119,1.146,1.1233727360111743,1.115,1.1107756876196992,1.174,1.1014901443574163
2024-02-27 07:00:00,Kolkata-Gauge-1,2,1.146,1.127,1.1523780219271904,1.147,1.1811436448163761,1.169,1.1923291519440018
2024-02-27 08:00:00,Kolkata-Gauge-1,2,1.127,1.115,1.1297496995624554,1.181,1.1813208297643776,1.158,1.1600029997149501
2024-02-27 09:00:00,Kolkata-Gauge-1,2,1.115,1.147,1.1252533859588358,1.174,1.1765708745790313,1.173,1.1612483963076035
2024-02-27 10:00:00,Kolkata-Gauge-1,2,1.147,1.181,1.1517142013322537,1.169,1.1534910698731473,1.153,1.142812124638979
2024-02-27 11:00:00,Kolkata-Gauge-1,2,1.181,1.174,1.1790823664572732,1.158,1.1871734783804435,1.137,1.191257944141251
2024-02-27 12:00:00,Kolkata-Gauge-1,2,1.174,1.169,1.1742280111555234,1.173,1.1832581516398661,1.155,1.1947913891826933
2024-02-27 13:00:00,Kolkata-Gauge-1,2,1.169,1.158,1.165833574676286,1.153,1.1643053385661861,1.126,1.1677540761690723
2024-02-27 14:00:00,Kolkata-Gauge-1,2,1.158,1.173,1.1569303714263595,1.137,1.150492711692444,1.107,1.1448973016798327
2024-02-27 15:00:00,Kolkata-Gauge-1,2,1.173,1.153,1.1683453082859823,1.155,1.1624856762965126,1.102,1.1676712677977812
2024-02-27 16:00:00,Kolkata-Gauge-1,2,1.153,1.137,1.145411533374425,1.126,1.1432890388667722,1.125,1.1348378120153417
2024-02-27 17:00:00,Kolkata-Gauge-1,2,1.137,1.155,1.139170802099192,1.107,1.126827858426448,1.092,1.1177791614063552
2024-02-27 18:00:00,Kolkata-Gauge-1,2,1.155,1.126,1.147405913727408,1.102,1.14284744171945,1.07,1.1384031059537945
2024-02-27 19:00:00,Kolkata-Gauge-1,2,1.126,1.107,1.1191148469200916,1.125,1.1165491181645895,1.074,1.1085238138178626
2024-02-27 20:00:00,Kolkata-Gauge-1,2,1.107,1.102,1.1039596654315427,1.092,1.0961541268669355,1.082,1.1040239166146486
2024-02-27 21:00:00,Kolkata-Gauge-1,2,1.102,1.125,1.098535380566034,1.07,1.0876220233786615,1.078,1.081413802857778
2024-02-27 22:00:00,Kolkata-Gauge-1,2,1.125,1.092,1.1192530712485402,1.074,1.1154107034828167,1.068,1.1069280610195642
2024-02-27 23:00:00,Kolkata-Gauge-1,2,1.092,1.07,1.0798726423323652,1.082,1.0735666688260912,1.063,1.047514575572111
2024-02-28 00:00:00,Kolkata-Gauge-1,2,1.07,1.074,1.0676739354956435,1.078,1.0491224310064748,1.025,1.0276178801387499
2024-02-28 01:00:00,Kolkata-Gauge-1,2,1.074,1.082,1.069525641824184,1.068,1.0494210508383248,1.02,1.0241145595214591
2024-02-28 02:00:00,Kolkata-Gauge-1,2,1.082,1.078,1.0795308692472076,1.063,1.068724047857986,1.043,1.0395693168762397
2024-02-28 03:00:00,Kolkata-Gauge-1,2,1.078,1.068,1.0681996113266325,1.025,1.0496333527471533,1.01,1.037719748131582
2024-02-28 04:00:00,Kolkata-Gauge-1,2,1.068,1.063,1.05793782060029,1.02,1.044289445858303,0.988,1.027758383323268
2024-02-28 05:00:00,Kolkata-Gauge-1,2,1.063,1.025,1.0495115055587172,1.043,1.0426270317170734,0.974,1.0162623790471745
2024-02-28 06:00:00,Kolkata-Gauge-1,2,1.025,1.02,1.0258411849936384,1.01,1.0108575510581064,0.962,0.9851308634056792
2024-02-28 07:00:00,Kolkata-Gauge-1,2,1.02,1.043,1.0167594618588451,0.988,0.9869663332190207,0.994,0.9774457880876493
2024-02-28 08:00:00,Kolkata-Gauge-1,2,1.043,1.01,1.0260772912575027,0.974,1.0311266443588223,0.97,0.9890762971030972
2024-02-28 09:00:00,Kolkata-Gauge-1,2,1.01,0.988,1.0066061376659652,0.962,0.966407752152973,0.942,0.9673571422681524
2024-02-28 10:00:00,Kolkata-Gauge-1,2,0.988,0.974,0.9859675096565529,0.994,0.9609808564322717,0.953,0.9675024828135155
2024-02-28 11:00:00,Kolkata-Gauge-1,2,0.974,0.962,0.969695538849746,0.97,0.9643366906976758,0.936,0.9665942584296484
2024-02-28 12:00:00,Kolkata-Gauge-1,2,0.962,0.994,0.9659113292594795,0.942,0.9628360331499691,0.947,0.9687350258187524
2024-02-28 13:00:00,Kolkata-Gauge-1,2,0.994,0.97,0.9905772532726508,0.953,0.9609801256319164,0.939,0.9689996128277589
2024-02-28 14:00:00,Kolkata-Gauge-1,2,0.97,0.942,0.9653379073686336,0.936,0.9622544978229612,0.944,0.9714264463932344
2024-02-28 15:00:00,Kolkata-Gauge-1,2,0.942,0.953,0.9481124921070465,0.947,0.9530569660791351,0.908,0.9611165254972531
2024-02-28 16:00:00,Kolkata-Gauge-1,2,0.953,0.936,0.9431807437603489,0.939,0.9575957350658366,0.914,0.9517629070298388
2024-02-28 17:00:00,Kolkata-Gauge-1,2,0.936,0.947,0.938380047974744,0.944,0.9286585545192398,0.915,0.919603353000128
2024-02-28 18:00:00,Kolkata-Gauge-1,2,0.947,0.939,0.945102229321035,0.908,0.9556265916353327,0.907,0.9518791232310324
2024-02-28 19:00:00,Kolkata-Gauge-1,2,0.939,0.944,0.9377276890306405,0.914,0.9240874528667643,0.879,0.9172407918751645
2024-02-28 20:00:00,Kolkata-Gauge-1,2,0.944,0.908,0.9442772556582085,0.915,0.9569121348833963,0.881,0.9568742719834359
2024-02-28 21:00:00,Kolkata-Gauge-1,2,0.908,0.914,0.9082277340421285,0.907,0.9019942204270153,0.893,0.9055469965879696
2024-02-28 22:00:00,Kolkata-Gauge-1,2,0.914,0.915,0.9163676118720618,0.879,0.9012501000203752,0.879,0.910335936356786
2024-02-28 23:00:00,Kolkata-Gauge-1,2,0.915,0.907,0.9164326082005471,0.881,0.9012085565716136,0.874,0.9068295076071753
2024-02-29 00:00:00,Kolkata-Gauge-1,2,0.907,0.879,0.902794267746873,0.893,0.8965219559534372,0.894,0.9049560632469661
2024-02-29 01:00:00,Kolkata-Gauge-1,2,0.879,0.881,0.873107548203174,0.879,0.882806804590508,0.933,0.9082288840758602
2024-02-29 02:00:00,Kolkata-Gauge-1,2,0.881,0.893,0.8872266134681515,0.874,0.8835605021506624,0.954,0.9101740225297499
2024-02-29 03:00:00,Kolkata-Gauge-1,2,0.893,0.879,0.8887485827422263,0.894,0.8909282946196045,0.961,0.9116402359515122
2024-02-29 04:00:00,Kolkata-Gauge-1,2,0.879,0.874,0.874691290808148,0.933,0.8872667444869967,0.961,0.9089092549815622
2024-02-29 05:00:00,Kolkata-Gauge-1,2,0.874,0.894,0.8948689848635232,0.954,0.941806061990368,0.959,0.9527802961529026
2024-02-29 06:00:00,Kolkata-Gauge-1,2,0.894,0.933,0.9111352391246116,0.961,0.9411885857640079,0.931,0.9429259253925627
2024-02-29 07:00:00,Kolkata-Gauge-1,2,0.933,0.954,0.9460664087300954,0.961,0.9484995921888573,0.927,0.9517842792257623
2024-02-29 08:00:00,Kolkata-Gauge-1,2,0.954,0.961,0.9576955804945787,0.959,0.9547302189421116,0.948,0.9629049794688747
2024-02-29 09:00:00,Kolkata-Gauge-1,2,0.961,0.961,0.9621903829459814,0.931,0.9534245466128726,0.947,0.970482728332033
2024-02-29 10:00:00,Kolkata-Gauge-1,2,0.961,0.959,0.9639831132944363,0.927,0.9503038203613652,0.931,0.9589134683871555
2024-02-29 11:00:00,Kolkata-Gauge-1,2,0.959,0.931,0.9554543247235858,0.948,0.949822252549504,0.912,0.9510510345503537
2024-02-29 12:00:00,Kolkata-Gauge-1,2,0.931,0.927,0.9276180600351402,0.947,0.9267681703882954,0.908,0.9218795733397551
2024-02-29 13:00:00,Kolkata-Gauge-1,2,0.927,0.948,0.9305420054908548,0.931,0.9256024690383462,0.88,0.923602092992647
2024-02-29 14:00:00,Kolkata-Gauge-1,2,0.948,0.947,0.944654836568034,0.912,0.9406263531020953,0.861,0.939354449166491
2024-02-29 15:00:00,Kolkata-Gauge-1,2,0.947,0.931,0.9469527296489283,0.908,0.9452568590891887,0.891,0.9467793176781787
2024-02-29 16:00:00,Kolkata-Gauge-1,2,0.931,0.912,0.9269428330898586,0.88,0.9219668979763131,0.869,0.919986014118398
2024-02-29 17:00:00,Kolkata-Gauge-1,2,0.912,0.908,0.9116207607524348,0.861,0.9014939012118527,0.853,0.8850122244190761
2024-02-29 18:00:00,Kolkata-Gauge-1,2,0.908,0.88,0.8992733060034117,0.891,0.9019569270707047,0.858,0.8831611454335001
2024-02-29 19:00:00,Kolkata-Gauge-1,2,0.88,0.861,0.8698539630607558,0.869,0.8746004885444393,0.849,0.872238961531618
2024-02-29 20:00:00,Kolkata-Gauge-1,2,0.861,0.891,0.8743774032409839,0.853,0.8579078824143769,0.849,0.8721007768751233
2024-02-29 21:00:00,Kolkata-Gauge-1,2,0.891,0.869,0.8788587712219036,0.858,0.8771440881765054,0.865,0.8732739617612716
2024-02-29 22:00:00,Kolkata-Gauge-1,2,0.869,0.853,0.8634176496175056,0.849,0.8692796720939658,0.833,0.8684229633183914
2024-02-29 23:00:00,Kolkata-Gauge-1,2,0.853,0.858,0.8537232261941263,0.849,0.8561039158194137,0.847,0.8566181632906064
2024-03-01 00:00:00,Kolkata-Gauge-1,2,0.858,0.849,0.8547992020668197,0.865,0.8542827663280852,0.835,0.8520269257787804
2024-03-01 01:00:00,Kolkata-Gauge-1,2,0.849,0.849,0.8533338167002866,0.833,0.8512474382699698,0.828,0.8521847122186411
2024-03-01 02:00:00,Kolkata-Gauge-1,2,0.849,0.865,0.8557258095818056,0.847,0.8516154731217859,0.866,0.8518406655572672
2024-03-01 03:00:00,Kolkata-Gauge-1,2,0.865,0.833,0.8516003015379098,0.835,0.8728536527168581,0.836,0.8667699574396299
2024-03-01 04:00:00,Kolkata-Gauge-1,2,0.833,0.847,0.8458714779739337,0.828,0.8295709513020454,0.849,0.8458295762792697
2024-03-01 05:00:00,Kolkata-Gauge-1,2,0.847,0.835,0.8423350105805884,0.866,0.8572415468661823,0.873,0.9140743085319509
2024-03-01 06:00:00,Kolkata-Gauge-1,2,0.835,0.828,0.8419067419771719,0.836,0.856103503083391,0.942,0.9151236203594688
2024-03-01 07:00:00,Kolkata-Gauge-1,2,0.828,0.866,0.8424041531272911,0.849,0.8450154588827269,1.009,0.8997525418419031
2024-03-01 08:00:00,Kolkata-Gauge-1,2,0.866,0.836,0.8519613540824807,0.873,0.8886471443088642,1.08,0.9360300467796301
2024-03-01 09:00:00,Kolkata-Gauge-1,2,0.836,0.849,0.8464373323244271,0.942,0.869341426083904,1.142,0.931324608848479
2024-03-01 10:00:00,Kolkata-Gauge-1,2,0.849,0.873,0.8626044420632657,1.009,0.9053333540606022,1.215,0.970624252510736
2024-03-01 11:00:00,Kolkata-Gauge-1,2,0.873,0.942,0.9012968113818423,1.08,0.9369466160758297,1.301,0.9889812983868322
2024-03-01 12:00:00,Kolkata-Gauge-1,2,0.942,1.009,0.9906083692988658,1.142,1.0899647551821816,1.284,1.1618487734256486
2024-03-01 13:00:00,Kolkata-Gauge-1,2,1.009,1.08,1.0723350833667464,1.215,1.1926471123321123,1.293,1.2279750321003242
2024-03-01 14:00:00,Kolkata-Gauge-1,2,1.08,1.142,1.1284789596058895,1.301,1.24628133388126,1.311,1.292570716456675
2024-03-01 15:00:00,Kolkata-Gauge-1,2,1.142,1.215,1.1871163130323354,1.284,1.199353007856099,1.314,1.2142863369433217
2024-03-01 16:00:00,Kolkata-Gauge-1,2,1.215,1.301,1.256113272718899,1.293,1.2412065549351372,1.318,1.2496297912948504
2024-03-01 17:00:00,Kolkata-Gauge-1,2,1.301,1.284,1.3112393122861579,1.311,1.3458690516643634,1.3,1.332831848147083
2024-03-01 18:00:00,Kolkata-Gauge-1,2,1.284,1.293,1.282883167907169,1.314,1.2732970571456361,1.241,1.262037016033369
2024-03-01 19:00:00,Kolkata-Gauge-1,2,1.293,1.311,1.2905368486255544,1.318,1.2893871582163074,1.248,1.2732633817615568
2024-03-01 20:00:00,Kolkata-Gauge-1,2,1.311,1.314,1.3045656750870203,1.3,1.2940482686816503,1.259,1.2872017884946014
2024-03-01 21:00:00,Kolkata-Gauge-1,2,1.314,1.318,1.3142648199129967,1.241,1.2923917043090087,1.254,1.2893686053747209
2024-03-01 22:00:00,Kolkata-Gauge-1,2,1.318,1.3,1.3148254940787292,1.248,1.2892116290576754,1.263,1.2868519299110994
2024-03-01 23:00:00,Kolkata-Gauge-1,2,1.3,1.241,1.2865003178935526,1.259,1.2931382592660372,1.242,1.2870025470361588
2024-03-02 00:00:00,Kolkata-Gauge-1,2,1.241,1.248,1.2435591104856614,1.254,1.2472341864432854,1.243,1.2662358368994062
2024-03-02 01:00:00,Kolkata-Gauge-1,2,1.248,1.259,1.2530547655401547,1.263,1.2515895376937705,1.262,1.2644121933888914
2024-03-02 02:00:00,Kolkata-Gauge-1,2,1.259,1.254,1.2582696213534033,1.242,1.2493879842265074,1.265,1.2702610350250714
2024-03-02 03:00:00,Kolkata-Gauge-1,2,1.254,1.263,1.2488172681901601,1.243,1.247155631899747,1.287,1.2594724939893802
2024-03-02 04:00:00,Kolkata-Gauge-1,2,1.263,1.242,1.2506845817694219,1.262,1.2454883341638068,1.307,1.2617572693390997
2024-03-02 05:00:00,Kolkata-Gauge-1,2,1.242,1.243,1.2417780311316209,1.265,1.245730464605219,1.276,1.2577454697434733
2024-03-02 06:00:00,Kolkata-Gauge-1,2,1.243,1.262,1.2412377826962746,1.287,1.2492475908231724,1.284,1.2579845094299897
2024-03-02 07:00:00,Kolkata-Gauge-1,2,1.262,1.265,1.2539635488645302,1.307,1.2488142955415855,1.264,1.2564631433068283
2024-03-02 08:00:00,Kolkata-Gauge-1,2,1.265,1.287,1.254659395035933,1.276,1.2486720866088625,1.236,1.2570096163354956
2024-03-02 09:00:00,Kolkata-Gauge-1,2,1.287,1.307,1.2870593172231728,1.284,1.2883238133991248,1.22,1.2908660656263042
2024-03-02 10:00:00,Kolkata-Gauge-1,2,1.307,1.276,1.295477386756166,1.264,1.2882779868861587,1.304,1.2893044682087822
2024-03-02 11:00:00,Kolkata-Gauge-1,2,1.276,1.284,1.2811166274124404,1.236,1.2709131504208886,1.339,1.2875600984801276
2024-03-02 12:00:00,Kolkata-Gauge-1,2,1.284,1.264,1.278410275207588,1.22,1.2587283384483698,1.389,1.3018194211547545
2024-03-02 13:00:00,Kolkata-Gauge-1,2,1.264,1.236,1.254287818111927,1.304,1.2580220458837152,1.445,1.3006396531120776
2024-03-02 14:00:00,Kolkata-Gauge-1,2,1.236,1.22,1.223105388693422,1.339,1.245599933265937,1.537,1.2955210589869024
2024-03-02 15:00:00,Kolkata-Gauge-1,2,1.22,1.304,1.2237719507860385,1.389,1.2351199948196077,1.602,1.2617594210399943
2024-03-02 16:00:00,Kolkata-Gauge-1,2,1.304,1.339,1.3360482759676324,1.445,1.449165016891469,1.586,1.5688968925518934
2024-03-02 17:00:00,Kolkata-Gauge-1,2,1.339,1.389,1.386230028720598,1.537,1.4968407728410646,1.584,1.5656964412439416
2024-03-02 18:00:00,Kolkata-Gauge-1,2,1.389,1.445,1.4462926667776668,1.602,1.5725503291506968,1.574,1.5712262037492737
2024-03-02 19:00:00,Kolkata-Gauge-1,2,1.445,1.537,1.4970239005790174,1.586,1.5783801506459585,1.577,1.5667754370057976
2024-03-02 20:00:00,Kolkata-Gauge-1,2,1.537,1.602,1.5757540700033894,1.584,1.6260971448203712,1.554,1.6082545803618393
2024-03-02 21:00:00,Kolkata-Gauge-1,2,1.602,1.586,1.6012905190972253,1.574,1.587062467082206,1.562,1.5750749413020009
2024-03-02 22:00:00,Kolkata-Gauge-1,2,1.586,1.584,1.5944380812323884,1.577,1.5748829908541824,1.574,1.5587941946062978
2024-03-02 23:00:00,Kolkata-Gauge-1,2,1.584,1.574,1.5948616438153531,1.554,1.5761678551846237,1.552,1.5529670068007169
2024-03-03 00:00:00,Kolkata-Gauge-1,2,1.574,1.577,1.5684226552499831,1.562,1.5396260867000333,1.544,1.5154380311685816
2024-03-03 01:00:00,Kolkata-Gauge-1,2,1.577,1.554,1.5667512900055065,1.574,1.544104681180036,1.526,1.519054300826621
2024-03-03 02:00:00,Kolkata-Gauge-1,2,1.554,1.562,1.5461362463399049,1.552,1.5290020047567199,1.532,1.5122991946987088
2024-03-03 03:00:00,Kolkata-Gauge-1,2,1.562,1.574,1.5574502458903454,1.544,1.5343757946491485,1.508,1.5087253382195722
2024-03-03 04:00:00,Kolkata-Gauge-1,2,1.574,1.552,1.5639185175187265,1.526,1.537010240813071,1.472,1.5094222948933669
2024-03-03 05:00:00,Kolkata-Gauge-1,2,1.552,1.544,1.5454828222790957,1.532,1.530357542914214,1.462,1.5118096636836489
2024-03-03 06:00:00,Kolkata-Gauge-1,2,1.544,1.526,1.5363911617077135,1.508,1.5247502472238188,1.473,1.5058664072490184
2024-03-03 07:00:00,Kolkata-Gauge-1,2,1.526,1.532,1.514542404068582,1.472,1.4983743688120759,1.472,1.4988632518013363
2024-03-03 08:00:00,Kolkata-Gauge-1,2,1.532,1.508,1.5206602598226087,1.462,1.5019500884889672,1.48,1.507259007580327
2024-03-03 09:00:00,Kolkata-Gauge-1,2,1.508,1.472,1.4980793852054928,1.473,1.4900625454880274,1.487,1.4977826397234166
2024-03-03 10:00:00,Kolkata-Gauge-1,2,1.472,1.462,1.4691461873616503,1.472,1.4708634125349695,1.475,1.467476295671937
2024-03-03 11:00:00,Kolkata-Gauge-1,2,1.462,1.473,1.468246948211842,1.48,1.4657796103541505,1.482,1.462969887410401
2024-03-03 12:00:00,Kolkata-Gauge-1,2,1.473,1.472,1.4700256171231132,1.487,1.4649446138994813,1.483,1.4656086819727066
2024-03-03 13:00:00,Kolkata-Gauge-1,2,1.472,1.48,1.4656646525068344,1.475,1.4531814179483822,1.47,1.4688008443013778
2024-03-03 14:00:00,Kolkata-Gauge-1,2,1.48,1.487,1.466292301945124,1.482,1.4541967235250444,1.535,1.4733260244906048
2024-03-03 15:00:00,Kolkata-Gauge-1,2,1.487,1.475,1.479836368647299,1.483,1.4668176470812602,1.568,1.478997183771423
2024-03-03 16:00:00,Kolkata-Gauge-1,2,1.475,1.482,1.4633143512662012,1.47,1.4424270867611186,1.572,1.4311436120779484
2024-03-03 17:00:00,Kolkata-Gauge-1,2,1.482,1.483,1.493203296210401,1.535,1.5485569201747322,1.606,1.5904519421429315
2024-03-03 18:00:00,Kolkata-Gauge-1,2,1.483,1.47,1.4934026186306757,1.568,1.5539564777814772,1.616,1.5850832244832767
2024-03-03 19:00:00,Kolkata-Gauge-1,2,1.47,1.535,1.4980025298454582,1.572,1.5540265348771598,1.643,1.5805693793353688
2024-03-03 20:00:00,Kolkata-Gauge-1,2,1.535,1.568,1.5710047612436875,1.606,1.6061125466452968,1.623,1.6068350703937178
2024-03-03 21:00:00,Kolkata-Gauge-1,2,1.568,1.572,1.5951074121118691,1.616,1.6185244804090955,1.592,1.606374575012891
2024-03-03 22:00:00,Kolkata-Gauge-1,2,1.572,1.606,1.6009400562307496,1.643,1.6218003696600944,1.588,1.6115496005268217
2024-03-03 23:00:00,Kolkata-Gauge-1,2,1.606,1.616,1.6164588789839534,1.623,1.6047149228977104,1.584,1.5885186696568308
2024-03-04 00:00:00,Kolkata-Gauge-1,2,1.616,1.643,1.6269413497308114,1.592,1.6096131308785715,1.565,1.59102743744402
2024-03-04 01:00:00,Kolkata-Gauge-1,2,1.643,1.623,1.643771991018048,1.588,1.6411347431763,1.579,1.6300005267669868
2024-03-04 02:00:00,Kolkata-Gauge-1,2,1.623,1.592,1.6048851896144405,1.584,1.5886973282247643,1.584,1.574183563107719
2024-03-04 03:00:00,Kolkata-Gauge-1,2,1.592,1.588,1.5806975374524257,1.565,1.568440540723765,1.581,1.562597690852679
2024-03-04 04:00:00,Kolkata-Gauge-1,2,1.588,1.584,1.5819272039704193,1.579,1.5706099345454254,1.545,1.558574293664758
2024-03-04 05:00:00,Kolkata-Gauge-1,2,1.584,1.565,1.5723119177107543,1.584,1.5635142813277392,1.569,1.5558985373300536
2024-03-04 06:00:00,Kolkata-Gauge-1,2,1.565,1.579,1.5586398013226137,1.581,1.542606521324705,1.642,1.52791236410434
2024-03-04 07:00:00,Kolkata-Gauge-1,2,1.579,1.584,1.5703175483499883,1.545,1.5516057288444611,1.644,1.5574598996615652
2024-03-04 08:00:00,Kolkata-Gauge-1,2,1.584,1.581,1.570348993605119,1.569,1.5639237822764587,1.688,1.589715701594792
2024-03-04 09:00:00,Kolkata-Gauge-1,2,1.581,1.545,1.5697576205456631,1.642,1.5677467370879983,1.736,1.5946606175748665
2024-03-04 10:00:00,Kolkata-Gauge-1,2,1.545,1.569,1.5404061648996765,1.644,1.5437993041131532,1.771,1.5629034192326077
2024-03-04 11:00:00,Kolkata-Gauge-1,2,1.569,1.642,1.6141557664599906,1.688,1.6923534134119333,1.754,1.7370626470468793
2024-03-04 12:00:00,Kolkata-Gauge-1,2,1.642,1.644,1.6567185511482085,1.736,1.741643066183464,1.747,1.7387552125124548
2024-03-04 13:00:00,Kolkata-Gauge-1,2,1.644,1.688,1.6710488114693909,1.771,1.7452179871190097,1.72,1.733732944045055
2024-03-04 14:00:00,Kolkata-Gauge-1,2,1.688,1.736,1.730324138280037,1.754,1.7253990545724562,1.724,1.6942786116343156
2024-03-04 15:00:00,Kolkata-Gauge-1,2,1.736,1.771,1.7350486204243791,1.747,1.71002281169331,1.721,1.6937701510787166
2024-03-04 16:00:00,Kolkata-Gauge-1,2,1.771,1.754,1.7852815081274274,1.72,1.7670677628585005,1.703,1.7299159106674913
2024-03-04 17:00:00,Kolkata-Gauge-1,2,1.754,1.747,1.74238913563103,1.724,1.7223148221367917,1.669,1.6724549216005877
2024-03-04 18:00:00,Kolkata-Gauge-1,2,1.747,1.72,1.7371322426297935,1.721,1.7220997544167875,1.651,1.671807152486985
2024-03-04 19:00:00,Kolkata-Gauge-1,2,1.72,1.724,1.7223508192402874,1.703,1.700318674108707,1.678,1.6681521693571133
2024-03-04 20:00:00,Kolkata-Gauge-1,2,1.724,1.721,1.7204795322703788,1.669,1.6873704051643883,1.647,1.6653982024918166
2024-03-04 21:00:00,Kolkata-Gauge-1,2,1.721,1.703,1.7169485821766783,1.651,1.6804075163163645,1.664,1.666652342187602
2024-03-04 22:00:00,Kolkata-Gauge-1,2,1.703,1.669,1.6911495864005852,1.678,1.6847701594388627,1.614,1.6380526920195804
2024-03-04 23:00:00,Kolkata-Gauge-1,2,1.669,1.651,1.6577110915253799,1.647,1.6430281851896071,1.583,1.6042016124571488
2024-03-05 00:00:00,Kolkata-Gauge-1,2,1.651,1.678,1.6541956527681045,1.664,1.628577704659786,1.56,1.5825086669289814
2024-03-05 01:00:00,Kolkata-Gauge-1,2,1.678,1.647,1.657885941027952,1.614,1.637699225595137,1.567,1.6046993288677889
2024-03-05 02:00:00,Kolkata-Gauge-1,2,1.647,1.664,1.6554989906959974,1.583,1.6144953459844475,1.556,1.571117728473737
2024-03-05 03:00:00,Kolkata-Gauge-1,2,1.664,1.614,1.646151060397256,1.56,1.6244298845508092,1.569,1.6026710688442247
2024-03-05 04:00:00,Kolkata-Gauge-1,2,1.614,1.583,1.5974153046848498,1.567,1.587493295137548,1.549,1.5556192262522468
2024-03-05 05:00:00,Kolkata-Gauge-1,2,1.583,1.56,1.571510961456841,1.556,1.5475221298430037,1.535,1.5415046390437441
2024-03-05 06:00:00,Kolkata-Gauge-1,2,1.56,1.567,1.557259321682394,1.569,1.5372564371531758,1.516,1.5333526871403897
2024-03-05 07:00:00,Kolkata-Gauge-1,2,1.567,1.556,1.560256306475366,1.549,1.5385641868329147,1.552,1.5283037452632864
2024-03-05 08:00:00,Kolkata-Gauge-1,2,1.556,1.569,1.559735511217109,1.535,1.5338545088390538,1.523,1.5234194919655288
2024-03-05 09:00:00,Kolkata-Gauge-1,2,1.569,1.549,1.5619932777981154,1.516,1.53660094108353,1.507,1.52651420243724
2024-03-05 10:00:00,Kolkata-Gauge-1,2,1.549,1.535,1.5412255741962313,1.552,1.5331579972969858,1.486,1.514840253842739
2024-03-05 11:00:00,Kolkata-Gauge-1,2,1.535,1.516,1.5259877053415913,1.523,1.5155625704027211,1.497,1.5069297670061006
2024-03-05 12:00:00,Kolkata-Gauge-1,2,1.516,1.552,1.5159072490199093,1.507,1.4997373716863711,1.473,1.4851574949112343
2024-03-05 13:00:00,Kolkata-Gauge-1,2,1.552,1.523,1.5464129906333828,1.486,1.530468562202571,1.502,1.5177198681531012
2024-03-05 14:00:00,Kolkata-Gauge-1,2,1.523,1.507,1.5123008307971415,1.497,1.5055830105155734,1.495,1.513469363567073
2024-03-05 15:00:00,Kolkata-Gauge-1,2,1.507,1.486,1.5011758003651485,1.473,1.4926391755698591,1.495,1.4980457491017518
2024-03-05 16:00:00,Kolkata-Gauge-1,2,1.486,1.497,1.4947886362662208,1.502,1.4929444286903903,1.492,1.4748275893222538
2024-03-05 17:00:00,Kolkata-Gauge-1,2,1.497,1.473,1.4955305884335846,1.495,1.4988646627828202,1.478,1.4975075956179411
2024-03-05 18:00:00,Kolkata-Gauge-1,2,1.473,1.502,1.491083546987323,1.495,1.4865127266695337,1.468,1.466046404141361
2024-03-05 19:00:00,Kolkata-Gauge-1,2,1.502,1.495,1.4961019812898588,1.492,1.4960071672309152,1.458,1.4893576458289255
2024-03-05 20:00:00,Kolkata-Gauge-1,2,1.495,1.495,1.4912851108582443,1.478,1.4877008871744395,1.456,1.4640738319573576
2024-03-05 21:00:00,Kolkata-Gauge-1,2,1.495,1.492,1.491803067384908,1.468,1.4873437346132186,1.427,1.4561248907388733
2024-03-05 22:00:00,Kolkata-Gauge-1,2,1.492,1.478,1.486341505528935,1.458,1.4687066033944172,1.395,1.4310458813503573
2024-03-05 23:00:00,Kolkata-Gauge-1,2,1.478,1.468,1.470679497727872,1.456,1.447381483869697,1.4,1.419985733899533
2024-03-06 00:00:00,Kolkata-Gauge-1,2,1.468,1.458,1.466533449196074,1.427,1.445766514478447,1.389,1.4084801094400379
2024-03-06 01:00:00,Kolkata-Gauge-1,2,1.458,1.456,1.4470464519826656,1.395,1.4114914547644335,1.337,1.3673057884058228
2024-03-06 02:00:00,Kolkata-Gauge-1,2,1.456,1.427,1.4404048245039465,1.4,1.4059620994697082,1.318,1.3595818602665914
2024-03-06 03:00:00,Kolkata-Gauge-1,2,1.427,1.395,1.4161061924850362,1.389,1.3928929521194255,1.339,1.346035379854989
2024-03-06 04:00:00,Kolkata-Gauge-1,2,1.395,1.4,1.3851738347386986,1.337,1.3619715938905708,1.325,1.319189802274347
2024-03-06 05:00:00,Kolkata-Gauge-1,2,1.4,1.389,1.3921124123973754,1.318,1.3578368070332423,1.305,1.314929270598074
2024-03-06 06:00:00,Kolkata-Gauge-1,2,1.389,1.337,1.3731696763821846,1.339,1.3573168059673193,1.265,1.3110115136646447
2024-03-06 07:00:00,Kolkata-Gauge-1,2,1.337,1.318,1.3293956083623586,1.325,1.3117737569739303,1.247,1.243095735139195
2024-03-06 08:00:00,Kolkata-Gauge-1,2,1.318,1.339,1.310407893384223,1.305,1.2758379423365922,1.217,1.2333265097935706
2024-03-06 09:00:00,Kolkata-Gauge-1,2,1.339,1.325,1.3257527251782129,1.265,1.299094578578911,1.22,1.2448822087548845
2024-03-06 10:00:00,Kolkata-Gauge-1,2,1.325,1.305,1.311703519094741,1.247,1.2899631904493296,1.216,1.2353543382976362
2024-03-06 11:00:00,Kolkata-Gauge-1,2,1.305,1.265,1.2859877653697651,1.217,1.2608823754823084,1.202,1.2299774958748002
2024-03-06 12:00:00,Kolkata-Gauge-1,2,1.265,1.247,1.252875672204935,1.22,1.2327108078299764,1.182,1.2220529624342675
2024-03-06 13:00:00,Kolkata-Gauge-1,2,1.247,1.217,1.241202496263549,1.216,1.2363719786941678,1.205,1.2661578621665301
2024-03-06 14:00:00,Kolkata-Gauge-1,2,1.217,1.22,1.2120387989965544,1.202,1.2142047824499516,1.183,1.223745780304889
2024-03-06 15:00:00,Kolkata-Gauge-1,2,1.22,1.216,1.2150811273163982,1.182,1.2197250519297478,1.162,1.2440840129065762
2024-03-06 16:00:00,Kolkata-Gauge-1,2,1.216,1.202,1.2086963961923458,1.205,1.2039289890811513,1.15,1.1745841549776768
2024-03-06 17:00:00,Kolkata-Gauge-1,2,1.202,1.182,1.195344076002489,1.183,1.1851871962840395,1.141,1.1732066934019008
2024-03-06 18:00:00,Kolkata-Gauge-1,2,1.182,1.205,1.181930412911148,1.162,1.1650879608902514,1.144,1.1730802211817883
2024-03-06 19:00:00,Kolkata-Gauge-1,2,1.205,1.183,1.1977660247128097,1.15,1.1863813317842171,1.156,1.1794342615338131
2024-03-06 20:00:00,Kolkata-Gauge-1,2,1.183,1.162,1.1739383135108654,1.141,1.163037403255378,1.165,1.1764334935046283
2024-03-06 21:00:00,Kolkata-Gauge-1,2,1.162,1.15,1.1571785896512565,1.144,1.1560757895274043,1.206,1.1580092085890559
2024-03-06 22:00:00,Kolkata-Gauge-1,2,1.15,1.141,1.1457788532797228,1.156,1.1532440358604972,1.163,1.139096362397655
2024-03-06 23:00:00,Kolkata-Gauge-1,2,1.141,1.144,1.1418631958303413,1.165,1.149066423221109,1.16,1.1324630128409614
2024-03-07 00:00:00,Kolkata-Gauge-1,2,1.144,1.156,1.1403862954817126,1.206,1.1517314354356842,1.141,1.1321082117930468
2024-03-07 01:00:00,Kolkata-Gauge-1,2,1.156,1.165,1.1557246003147696,1.163,1.1485288272394432,1.175,1.1467416934142076
2024-03-07 02:00:00,Kolkata-Gauge-1,2,1.165,1.206,1.1613264699395989,1.16,1.1591491127057112,1.17,1.158398558950684
2024-03-07 03:00:00,Kolkata-Gauge-1,2,1.206,1.163,1.1969860911791674,1.141,1.181058549972844,1.122,1.189693159750126
2024-03-07 04:00:00,Kolkata-Gauge-1,2,1.163,1.16,1.159179114678182,1.175,1.1582973056251205,1.124,1.1501898898450678
2024-03-07 05:00:00,Kolkata-Gauge-1,2,1.16,1.141,1.1550984978753784,1.17,1.1534554038869282,1.123,1.1453428763933144
2024-03-07 06:00:00,Kolkata-Gauge-1,2,1.141,1.175,1.1444324741294827,1.122,1.1333787412260201,1.131,1.1232900879986945
2024-03-07 07:00:00,Kolkata-Gauge-1,2,1.175,1.17,1.1729173518091494,1.124,1.1693245349275574,1.109,1.187108202718065
2024-03-07 08:00:00,Kolkata-Gauge-1,2,1.17,1.122,1.1675319850097226,1.123,1.1699517156085713,1.108,1.1765696808487254
2024-03-07 09:00:00,Kolkata-Gauge-1,2,1.122,1.124,1.1212719262390158,1.131,1.1158251456330284,1.095,1.1121807784873994
2024-03-07 10:00:00,Kolkata-Gauge-1,2,1.124,1.123,1.125739363354038,1.109,1.1144475727683154,1.074,1.1005154964129784
2024-03-07 11:00:00,Kolkata-Gauge-1,2,1.123,1.131,1.1255140622330282,1.108,1.1144278579840128,1.074,1.100326739823767
2024-03-07 12:00:00,Kolkata-Gauge-1,2,1.131,1.109,1.124733498014408,1.095,1.1178585869339714,1.07,1.1095724819988488
2024-03-07 13:00:00,Kolkata-Gauge-1,2,1.109,1.108,1.1032300792040473,1.074,1.0946178249566723,1.084,1.0964075675493483
2024-03-07 14:00:00,Kolkata-Gauge-1,2,1.108,1.095,1.0995738789129972,1.074,1.0927992625403595,1.077,1.0960834850901522
2024-03-07 15:00:00,Kolkata-Gauge-1,2,1.095,1.074,1.0890379769610088,1.07,1.0815496398120152,1.082,1.0489695713126956
2024-03-07 16:00:00,Kolkata-Gauge-1,2,1.074,1.074,1.0691929832215372,1.084,1.057764098950566,1.05,1.0331480878148496
2024-03-07 17:00:00,Kolkata-Gauge-1,2,1.074,1.07,1.0686109255770255,1.077,1.0573845320925932,1.071,1.031541847683124
2024-03-07 18:00:00,Kolkata-Gauge-1,2,1.07,1.084,1.0672101375545566,1.082,1.0548466007725108,1.048,1.0308950491467348
2024-03-07 19:00:00,Kolkata-Gauge-1,2,1.084,1.077,1.0830522440921369,1.05,1.069628511184764,1.063,1.054103911962737
2024-03-07 20:00:00,Kolkata-Gauge-1,2,1.077,1.082,1.0689649519415765,1.071,1.05673541127035,1.065,1.0470007601238216
2024-03-07 21:00:00,Kolkata-Gauge-1,2,1.082,1.05,1.0795749776194465,1.048,1.0692708879441943,1.065,1.0474770298621676
2024-03-07 22:00:00,Kolkata-Gauge-1,2,1.05,1.071,1.053350879349241,1.063,1.0445977735615917,1.076,1.0259143155303188
2024-03-07 23:00:00,Kolkata-Gauge-1,2,1.071,1.048,1.0624986387577748,1.065,1.056605307685575,1.03,1.0271941972361818
2024-03-08 00:00:00,Kolkata-Gauge-1,2,1.048,1.063,1.0456624582127714,1.065,1.0409963596934722,1.015,1.0162255469923112
2024-03-08 01:00:00,Kolkata-Gauge-1,2,1.063,1.065,1.0612599221362655,1.076,1.0559732513678284,1.024,1.0399584148553935
2024-03-08 02:00:00,Kolkata-Gauge-1,2,1.065,1.065,1.0618119033365432,1.03,1.0543096439520097,1.056,1.038785938983852
2024-03-08 03:00:00,Kolkata-Gauge-1,2,1.065,1.076,1.0628139965795582,1.015,1.0544332089796233,1.048,1.0407009236905023
2024-03-08 04:00:00,Kolkata-Gauge-1,2,1.076,1.03,1.0624551665144766,1.024,1.060080615673575,1.004,1.0454714698975736
2024-03-08 05:00:00,Kolkata-Gauge-1,2,1.03,1.015,1.029561172288965,1.056,1.0245931640951247,1.004,0.9972256532723113
2024-03-08 06:00:00,Kolkata-Gauge-1,2,1.015,1.024,1.0133114262857081,1.048,1.0097787584980973,1.009,0.9918408862208937
2024-03-08 07:00:00,Kolkata-Gauge-1,2,1.024,1.056,1.020139156157177,1.004,0.9979499373500074,1.038,0.987648585341859
2024-03-08 08:00:00,Kolkata-Gauge-1,2,1.056,1.048,1.0503285078430673,1.004,1.0296122107673324,1.044,1.0260014170847866
2024-03-08 09:00:00,Kolkata-Gauge-1,2,1.048,1.004,1.036264927239975,1.009,1.034386173825939,1.024,1.0326576763184419
2024-03-08 10:00:00,Kolkata-Gauge-1,2,1.004,1.004,1.0093941004242923,1.038,1.032369865252774,1.039,1.0241024286236506
2024-03-08 11:00:00,Kolkata-Gauge-1,2,1.004,1.009,1.011780331937156,1.044,1.0357249307795713,1.045,1.0203128536193464
2024-03-08 12:00:00,Kolkata-Gauge-1,2,1.009,1.038,1.0205173768416291,1.024,1.0383323083933598,1.026,1.014029581324933
2024-03-08 13:00:00,Kolkata-Gauge-1,2,1.038,1.044,1.0396535772537328,1.039,1.031924019197886,1.035,1.011500176216617
2024-03-08 14:00:00,Kolkata-Gauge-1,2,1.044,1.024,1.0413963124875862,1.045,1.0404544621229561,1.018,1.0192068366938078
2024-03-08 15:00:00,Kolkata-Gauge-1,2,1.024,1.039,1.0303770974423143,1.026,1.0207281269421598,1.007,1.0007391557329282
2024-03-08 16:00:00,Kolkata-Gauge-1,2,1.039,1.045,1.0294412671677713,1.035,1.0280841410273764,0.99,1.0022723372831868
2024-03-08 17:00:00,Kolkata-Gauge-1,2,1.045,1.026,1.0318885491081518,1.018,1.0335889433222947,0.978,1.015147137255219
2024-03-08 18:00:00,Kolkata-Gauge-1,2,1.026,1.035,1.0288814475334782,1.007,1.017264268125967,0.992,1.0025244940544098
2024-03-08 19:00:00,Kolkata-Gauge-1,2,1.035,1.018,1.025992515154947,0.99,1.0163438444301331,0.95,0.9911109035939473
2024-03-08 20:00:00,Kolkata-Gauge-1,2,1.018,1.007,1.0127978574908214,0.978,0.9917923065680042,0.97,0.9844090383892578
2024-03-08 21:00:00,Kolkata-Gauge-1,2,1.007,0.99,0.9999582728366134,0.992,0.9888704070092263,0.971,0.9807367190700861
2024-03-08 22:00:00,Kolkata-Gauge-1,2,0.99,0.978,0.9875169325571156,0.95,0.9803697702512374,0.961,0.9835873183203795
2024-03-08 23:00:00,Kolkata-Gauge-1,2,0.978,0.992,0.9774588679060282,0.97,0.9773118619740472,0.959,0.9817480397652445
2024-03-09 00:00:00,Kolkata-Gauge-1,2,0.992,0.95,0.9869646767350341,0.971,0.9823425587366513,0.939,0.9719018188896267
2024-03-09 01:00:00,Kolkata-Gauge-1,2,0.95,0.97,0.9509872305174703,0.961,0.9535787747823838,0.906,0.9704913524918005
2024-03-09 02:00:00,Kolkata-Gauge-1,2,0.97,0.971,0.9704944225590353,0.959,0.9669196460147516,0.886,0.9515685742212292
2024-03-09 03:00:00,Kolkata-Gauge-1,2,0.971,0.961,0.97010974612758,0.939,0.9692281099103296,0.846,0.9469157163799784
2024-03-09 04:00:00,Kolkata-Gauge-1,2,0.961,0.959,0.961252231599971,0.906,0.9483335765523396,0.819,0.93824873383663
2024-03-09 05:00:00,Kolkata-Gauge-1,2,0.959,0.939,0.9478818059000407,0.886,0.9439184035421158,0.789,0.9383431168802754
2024-03-09 06:00:00,Kolkata-Gauge-1,2,0.939,0.906,0.9304685084733684,0.846,0.9160998399171457,0.817,0.9099038535471801
2024-03-09 07:00:00,Kolkata-Gauge-1,2,0.906,0.886,0.8997751902224231,0.819,0.8714900483172685,0.793,0.8827184512235055
2024-03-09 08:00:00,Kolkata-Gauge-1,2,0.886,0.846,0.8761839772594822,0.789,0.8599018280292923,0.795,0.8677913895500967
2024-03-09 09:00:00,Kolkata-Gauge-1,2,0.846,0.819,0.839206512298174,0.817,0.8325322800212244,0.82,0.8553698862250555
2024-03-09 10:00:00,Kolkata-Gauge-1,2,0.819,0.789,0.8107986393132941,0.793,0.7987288573357653,0.838,0.8168800273349446
2024-03-09 11:00:00,Kolkata-Gauge-1,2,0.789,0.817,0.8038310075523032,0.795,0.7933572425395997,0.831,0.7976530199900568
2024-03-09 12:00:00,Kolkata-Gauge-1,2,0.817,0.793,0.8084138046721853,0.82,0.802746936002936,0.825,0.802101222398335
2024-03-09 13:00:00,Kolkata-Gauge-1,2,0.793,0.795,0.7996736938081094,0.838,0.8016730655873923,0.827,0.7950200901647613
2024-03-09 14:00:00,Kolkata-Gauge-1,2,0.795,0.82,0.8007960263267188,0.831,0.807138584613032,0.869,0.8168007414316123
2024-03-09 15:00:00,Kolkata-Gauge-1,2,0.82,0.838,0.8208311289402658,0.825,0.821363390343506,0.875,0.8450800420151897
2024-03-09 16:00:00,Kolkata-Gauge-1,2,0.838,0.831,0.8327708166712636,0.827,0.8340243952432586,0.886,0.8914390654290043
2024-03-09 17:00:00,Kolkata-Gauge-1,2,0.831,0.825,0.8330082593333631,0.869,0.8440912556369269,0.929,0.882323607575351
2024-03-09 18:00:00,Kolkata-Gauge-1,2,0.825,0.827,0.8248547227761119,0.875,0.8386230786570633,0.931,0.8661291650847251
2024-03-09 19:00:00,Kolkata-Gauge-1,2,0.827,0.869,0.840651554639832,0.886,0.8472553300439768,0.95,0.8808393143340614
2024-03-09 20:00:00,Kolkata-Gauge-1,2,0.869,0.875,0.8774579936278921,0.929,0.9031366876938731,0.955,0.9143319291780191
2024-03-09 21:00:00,Kolkata-Gauge-1,2,0.875,0.886,0.8859756158797809,0.931,0.9050312563384665,0.959,0.9161205561261893
2024-03-09 22:00:00,Kolkata-Gauge-1,2,0.886,0.929,0.9015035547802629,0.95,0.9086875442681198,0.935,0.9197629371539819
2024-03-09 23:00:00,Kolkata-Gauge-1,2,0.929,0.931,0.9303212341747532,0.955,0.9286046589859673,0.909,0.9220498114171207
2024-03-10 00:00:00,Kolkata-Gauge-1,2,0.931,0.95,0.9317922999836703,0.959,0.9262853049925521,0.895,0.9106020446407771
2024-03-10 01:00:00,Kolkata-Gauge-1,2,0.95,0.955,0.9553835160061219,0.935,0.9519373952188431,0.912,0.9549447253158232
2024-03-10 02:00:00,Kolkata-Gauge-1,2,0.955,0.959,0.9569763838027557,0.909,0.9481066109846077,0.931,0.9712710430550395
2024-03-10 03:00:00,Kolkata-Gauge-1,2,0.959,0.935,0.9540585401526925,0.895,0.947353684375954,0.965,0.9695551488831082
2024-03-10 04:00:00,Kolkata-Gauge-1,2,0.935,0.909,0.929323697936007,0.912,0.9205498226506735,0.971,0.9132156732940958
2024-03-10 05:00:00,Kolkata-Gauge-1,2,0.909,0.895,0.9046171252178515,0.931,0.9111222173459738,0.988,0.9091509486438062
2024-03-10 06:00:00,Kolkata-Gauge-1,2,0.895,0.912,0.8976193507361572,0.965,0.8947151926883841,1.033,0.9139408207478129
2024-03-10 07:00:00,Kolkata-Gauge-1,2,0.912,0.931,0.9217506649382592,0.971,0.9225402701788271,1.062,0.9564833403676993
2024-03-10 08:00:00,Kolkata-Gauge-1,2,0.931,0.965,0.9384488798432417,0.988,0.9428873451267962,1.081,0.970895144977014
2024-03-10 09:00:00,Kolkata-Gauge-1,2,0.965,0.971,0.985496698961226,1.033,1.051791451826799,1.071,1.0793133870154865
2024-03-10 10:00:00,Kolkata-Gauge-1,2,0.971,0.988,0.9866964209199616,1.062,1.0394666398491024,1.088,1.065375460156983
2024-03-10 11:00:00,Kolkata-Gauge-1,2,0.988,1.033,1.0085543484375732,1.081,1.0372885083176366,1.105,1.0652041765117048
2024-03-10 12:00:00,Kolkata-Gauge-1,2,1.033,1.062,1.0629589145320408,1.071,1.0974049173411327,1.12,1.1285905684682618
2024-03-10 13:00:00,Kolkata-Gauge-1,2,1.062,1.081,1.0819034194542492,1.088,1.1107133766981039,1.136,1.1340713897586312
2024-03-10 14:00:00,Kolkata-Gauge-1,2,1.081,1.071,1.0936647456765634,1.105,1.1402225399558588,1.13,1.1312229635767876
2024-03-10 15:00:00,Kolkata-Gauge-1,2,1.071,1.088,1.0855887107727715,1.12,1.1011673577528955,1.162,1.1034028793352497
2024-03-10 16:00:00,Kolkata-Gauge-1,2,1.088,1.105,1.1027546337853145,1.136,1.1025068920247205,1.156,1.1121848663412046
2024-03-10 17:00:00,Kolkata-Gauge-1,2,1.105,1.12,1.1209556668437084,1.13,1.1157105826070188,1.166,1.1375274920902136
2024-03-10 18:00:00,Kolkata-Gauge-1,2,1.12,1.136,1.128612423289308,1.162,1.1310790320920256,1.165,1.1323878457693313
2024-03-10 19:00:00,Kolkata-Gauge-1,2,1.136,1.13,1.1345385939509671,1.156,1.139917929434424,1.15,1.1330425396370591
2024-03-10 20:00:00,Kolkata-Gauge-1,2,1.13,1.162,1.140694984113309,1.166,1.1381590238810806,1.15,1.1331546768948282
2024-03-10 21:00:00,Kolkata-Gauge-1,2,1.162,1.156,1.1538068546361266,1.165,1.1551847717920023,1.187,1.1606713599057925
2024-03-10 22:00:00,Kolkata-Gauge-1,2,1.156,1.166,1.1566330643133707,1.15,1.1476963306276182,1.189,1.1495200433402248
2024-03-10 23:00:00,Kolkata-Gauge-1,2,1.166,1.165,1.1616081542775054,1.15,1.1594482911162267,1.186,1.1679885151319822
2024-03-11 00:00:00,Kolkata-Gauge-1,2,1.165,1.15,1.1681523012159063,1.187,1.1817084498201837,1.182,1.2080421318587193
2024-03-11 01:00:00,Kolkata-Gauge-1,2,1.15,1.15,1.1623344429791458,1.189,1.1912614517379427,1.177,1.2090967888593893
2024-03-11 02:00:00,Kolkata-Gauge-1,2,1.15,1.187,1.1665652093905556,1.186,1.1874551262472113,1.234,1.21706168856288
2024-03-11 03:00:00,Kolkata-Gauge-1,2,1.187,1.189,1.1900869786107555,1.182,1.2002956586825713,1.303,1.2435513294283556
2024-03-11 04:00:00,Kolkata-Gauge-1,2,1.189,1.186,1.181733872043852,1.177,1.19758677483591,1.337,1.235882150012465
2024-03-11 05:00:00,Kolkata-Gauge-1,2,1.186,1.182,1.179125092863771,1.234,1.1974262063990895,1.383,1.2378025918273718
2024-03-11 06:00:00,Kolkata-Gauge-1,2,1.182,1.177,1.1764496453274638,1.303,1.1997444090835532,1.436,1.2164536215530772
2024-03-11 07:00:00,Kolkata-Gauge-1,2,1.177,1.234,1.1955839212619028,1.337,1.2407219532887288,1.458,1.3148166881917975
2024-03-11 08:00:00,Kolkata-Gauge-1,2,1.234,1.303,1.2820469446240035,1.383,1.354923049889924,1.433,1.4180067271698884
2024-03-11 09:00:00,Kolkata-Gauge-1,2,1.303,1.337,1.3361437503678164,1.436,1.4350775007610843,1.418,1.4086521440959119
2024-03-11 10:00:00,Kolkata-Gauge-1,2,1.337,1.383,1.3802278904629728,1.458,1.4480263987878308,1.419,1.4343099324294306
2024-03-11 11:00:00,Kolkata-Gauge-1,2,1.383,1.436,1.4288064900173647,1.433,1.449002695211632,1.417,1.4484498111702322
2024-03-11 12:00:00,Kolkata-Gauge-1,2,1.436,1.458,1.4635432425540702,1.418,1.4374170711172978,1.374,1.430647524173867
2024-03-11 13:00:00,Kolkata-Gauge-1,2,1.458,1.433,1.4579571208339472,1.419,1.4385509055516956,1.359,1.443271810473068
2024-03-11 14:00:00,Kolkata-Gauge-1,2,1.433,1.418,1.4239220388874518,1.417,1.417358811922774,1.337,1.3855792550407233
2024-03-11 15:00:00,Kolkata-Gauge-1,2,1.418,1.419,1.4066122916840986,1.374,1.395354002312528,1.349,1.3770707086040757
2024-03-11 16:00:00,Kolkata-Gauge-1,2,1.419,1.417,1.4086920167659482,1.359,1.3883041892369765,1.325,1.3747472151697118
2024-03-11 17:00:00,Kolkata-Gauge-1,2,1.417,1.374,1.4058756240601746,1.337,1.388523356650517,1.306,1.3757522103063544
2024-03-11 18:00:00,Kolkata-Gauge-1,2,1.374,1.359,1.3695882774334913,1.349,1.370593156884998,1.286,1.3403879495626971
2024-03-11 19:00:00,Kolkata-Gauge-1,2,1.359,1.337,1.3486916831535585,1.325,1.3373923608931584,1.291,1.3383079672380478
2024-03-11 20:00:00,Kolkata-Gauge-1,2,1.337,1.349,1.3357661993059724,1.306,1.309300663162609,1.3,1.2964326478410981
2024-03-11 21:00:00,Kolkata-Gauge-1,2,1.349,1.325,1.3327367854043748,1.286,1.309343282997347,1.299,1.3086131282795594
2024-03-11 22:00:00,Kolkata-Gauge-1,2,1.325,1.306,1.3093951539823527,1.291,1.3029142872362387,1.31,1.296952982552156
2024-03-11 23:00:00,Kolkata-Gauge-1,2,1.306,1.286,1.292061949786556,1.3,1.290653528550588,1.323,1.2908596299303206
2024-03-12 00:00:00,Kolkata-Gauge-1,2,1.286,1.291,1.2840490421890756,1.299,1.265945583708731,1.274,1.2670020325223545
2024-03-12 01:00:00,Kolkata-Gauge-1,2,1.291,1.3,1.2884247160005506,1.31,1.28345155212913,1.275,1.2746233618265783
2024-03-12 02:00:00,Kolkata-Gauge-1,2,1.3,1.299,1.3000083025875684,1.323,1.2912190154023906,1.256,1.2789396018883445
2024-03-12 03:00:00,Kolkata-Gauge-1,2,1.299,1.31,1.2997038122153266,1.274,1.2898456477998246,1.221,1.2766054271955052
2024-03-12 04:00:00,Kolkata-Gauge-1,2,1.31,1.323,1.3035682295924114,1.275,1.2886789146445419,1.204,1.2718398079838156
2024-03-12 05:00:00,Kolkata-Gauge-1,2,1.323,1.274,1.3039478934248772,1.256,1.2991935998605626,1.21,1.2764773462440546
2024-03-12 06:00:00,Kolkata-Gauge-1,2,1.274,1.275,1.2699498040558566,1.221,1.2381005176258362,1.229,1.2208853105591218
2024-03-12 07:00:00,Kolkata-Gauge-1,2,1.275,1.256,1.265565683636603,1.204,1.2374817830885347,1.191,1.2158834807549856
2024-03-12 08:00:00,Kolkata-Gauge-1,2,1.256,1.221,1.244519821931326,1.21,1.230006549791779,1.194,1.2082427744352997
2024-03-12 09:00:00,Kolkata-Gauge-1,2,1.221,1.204,1.213757635815676,1.229,1.2211676078098024,1.224,1.206508827918848
2024-03-12 10:00:00,Kolkata-Gauge-1,2,1.204,1.21,1.202818256805601,1.191,1.1946247668154386,1.25,1.1927320271289934
2024-03-12 11:00:00,Kolkata-Gauge-1,2,1.21,1.229,1.2017382883171475,1.194,1.187987203953234,1.169,1.1773552150246513
2024-03-12 12:00:00,Kolkata-Gauge-1,2,1.229,1.191,1.223316273007711,1.224,1.2137566038048766,1.204,1.1979320607410184
2024-03-12 13:00:00,Kolkata-Gauge-1,2,1.191,1.194,1.185576043410813,1.25,1.1854867313466133,1.212,1.183148819023547
2024-03-12 14:00:00,Kolkata-Gauge-1,2,1.194,1.224,1.1990545563261605,1.169,1.1729669848639142,1.155,1.1802607802995195
2024-03-12 15:00:00,Kolkata-Gauge-1,2,1.224,1.25,1.2218425549564265,1.204,1.211629171731284,1.131,1.1922674123267618
2024-03-12 16:00:00,Kolkata-Gauge-1,2,1.25,1.169,1.2340366794346482,1.212,1.2302438700760894,1.147,1.2181222891567438
2024-03-12 17:00:00,Kolkata-Gauge-1,2,1.169,1.204,1.1747294058317135,1.155,1.1626196267738351,1.145,1.1710634176316324
2024-03-12 18:00:00,Kolkata-Gauge-1,2,1.204,1.212,1.202207098838449,1.131,1.1851719356503878,1.125,1.1860222534987128
2024-03-12 19:00:00,Kolkata-Gauge-1,2,1.212,1.155,1.194711243704589,1.147,1.1842491650731035,1.117,1.1902604077401644
2024-03-12 20:00:00,Kolkata-Gauge-1,2,1.155,1.131,1.1439845011871441,1.145,1.1470030374152005,1.119,1.157092128554045
2024-03-12 21:00:00,Kolkata-Gauge-1,2,1.131,1.147,1.1299277727660955,1.125,1.1186043149974971,1.099,1.1115457305927905
2024-03-12 22:00:00,Kolkata-Gauge-1,2,1.147,1.145,1.1377330372392696,1.117,1.1256763420412144,1.088,1.1214199454504146
2024-03-12 23:00:00,Kolkata-Gauge-1,2,1.145,1.125,1.1334815491717798,1.119,1.1280506033254345,1.098,1.1154609246182268
2024-03-13 00:00:00,Kolkata-Gauge-1,2,1.125,1.117,1.1193626405794255,1.099,1.1114152379072026,1.075,1.1003462761044862
2024-03-13 01:00:00,Kolkata-Gauge-1,2,1.117,1.119,1.1091661718334953,1.088,1.1060336421356203,1.041,1.0959128207609774
2024-03-13 02:00:00,Kolkata-Gauge-1,2,1.119,1.099,1.1166299839779232,1.098,1.1097342285692045,1.021,1.0975502453393229
2024-03-13 03:00:00,Kolkata-Gauge-1,2,1.099,1.088,1.089560031014586,1.075,1.084828484835452,0.998,1.0392194486426711
2024-03-13 04:00:00,Kolkata-Gauge-1,2,1.088,1.098,1.0851703026868267,1.041,1.0734945632911157,0.98,1.0315821096818654
2024-03-13 05:00:00,Kolkata-Gauge-1,2,1.098,1.075,1.0910246076092873,1.021,1.0811254727012243,0.941,1.0306935527160836
2024-03-13 06:00:00,Kolkata-Gauge-1,2,1.075,1.041,1.0681250753225735,0.998,1.0549272890077734,0.943,1.022149926381262
2024-03-13 07:00:00,Kolkata-Gauge-1,2,1.041,1.021,1.0355679167098182,0.98,1.0423424365239804,0.957,1.0123255743911896
2024-03-13 08:00:00,Kolkata-Gauge-1,2,1.021,0.998,1.0190829193807642,0.941,0.9873509877377049,0.937,0.978660476171915
2024-03-13 09:00:00,Kolkata-Gauge-1,2,0.998,0.98,0.997866958664957,0.943,0.9555527757382671,0.921,0.9629265590886872
2024-03-13 10:00:00,Kolkata-Gauge-1,2,0.98,0.941,0.9679334865841802,0.957,0.9560168807320555,0.914,0.9620288973845427
2024-03-13 11:00:00,Kolkata-Gauge-1,2,0.941,0.943,0.9415928097796861,0.937,0.9415591025346689,0.894,0.9348500461248984
2024-03-13 12:00:00,Kolkata-Gauge-1,2,0.943,0.957,0.9486153686924735,0.921,0.9507404797693154,0.911,0.9429190889938994
2024-03-13 13:00:00,Kolkata-Gauge-1,2,0.957,0.937,0.9455376812867891,0.914,0.9517732480035234,0.89,0.9484744603676152
2024-03-13 14:00:00,Kolkata-Gauge-1,2,0.937,0.921,0.9283504311607413,0.894,0.9286158761319816,0.876,0.922139179782776
2024-03-13 15:00:00,Kolkata-Gauge-1,2,0.921,0.914,0.9113189613419135,0.911,0.9079937627724942,0.859,0.9111076592803784
2024-03-13 16:00:00,Kolkata-Gauge-1,2,0.914,0.894,0.9109297284912538,0.89,0.9061130932211168,0.877,0.9143830260225523
2024-03-13 17:00:00,Kolkata-Gauge-1,2,0.894,0.911,0.9021249041309553,0.876,0.8929228206885225,0.87,0.9085354672480346
2024-03-13 18:00:00,Kolkata-Gauge-1,2,0.911,0.89,0.9117356717334146,0.859,0.9066211189346814,0.908,0.9107140230698676
2024-03-13 19:00:00,Kolkata-Gauge-1,2,0.89,0.876,0.8888708612438261,0.877,0.8893183384841709,0.912,0.8977372691262413
2024-03-13 20:00:00,Kolkata-Gauge-1,2,0.876,0.859,0.8696736118722311,0.87,0.887046049365105,0.932,0.8948022378641595
2024-03-13 21:00:00,Kolkata-Gauge-1,2,0.859,0.877,0.8557088101031561,0.908,0.8685716594630358,0.921,0.8900281427487461
2024-03-13 22:00:00,Kolkata-Gauge-1,2,0.877,0.87,0.8770287297019871,0.912,0.892478591373938,0.899,0.8965037384663685
2024-03-13 23:00:00,Kolkata-Gauge-1,2,0.87,0.908,0.8826908098791494,0.932,0.8930919713783961,0.895,0.8961037127150223
2024-03-14 00:00:00,Kolkata-Gauge-1,2,0.908,0.912,0.9125387327325643,0.921,0.9127469879007637,0.879,0.9151488373517294
2024-03-14 01:00:00,Kolkata-Gauge-1,2,0.912,0.932,0.9182059583867478,0.899,0.9092488287108,0.836,0.9048634338069151
2024-03-14 02:00:00,Kolkata-Gauge-1,2,0.932,0.921,0.9303374693616965,0.895,0.9237682108944715,0.856,0.9107662651346031
2024-03-14 03:00:00,Kolkata-Gauge-1,2,0.921,0.899,0.9152147243852711,0.879,0.9110052518428068,0.855,0.9039658039562486
2024-03-14 04:00:00,Kolkata-Gauge-1,2,0.899,0.895,0.8925823772387863,0.836,0.8856423848199384,0.839,0.9052000090583994
2024-03-14 05:00:00,Kolkata-Gauge-1,2,0.895,0.879,0.8911050620156501,0.856,0.8843857078840578,0.852,0.9055576390931649
2024-03-14 06:00:00,Kolkata-Gauge-1,2,0.879,0.836,0.8690108194510061,0.855,0.8843412109011147,0.861,0.9063924970760152
2024-03-14 07:00:00,Kolkata-Gauge-1,2,0.836,0.856,0.8465955243345056,0.839,0.8495032670068206,0.898,0.9049221049821621
2024-03-14 08:00:00,Kolkata-Gauge-1,2,0.856,0.855,0.8532656697695938,0.852,0.8614203435885894,0.914,0.906637068859927
2024-03-14 09:00:00,Kolkata-Gauge-1,2,0.855,0.839,0.8532148873243572,0.861,0.8666191415768301,0.918,0.9071229114751308
2024-03-14 10:00:00,Kolkata-Gauge-1,2,0.839,0.852,0.8478698793524397,0.898,0.8645716843353822,0.938,0.9126593165272768
2024-03-14 11:00:00,Kolkata-Gauge-1,2,0.852,0.861,0.8667375423063279,0.914,0.9056215105841148,0.937,0.9344960838866511
2024-03-14 12:00:00,Kolkata-Gauge-1,2,0.861,0.898,0.879873976131552,0.918,0.9193812317263018,0.944,0.9587174054154232
2024-03-14 13:00:00,Kolkata-Gauge-1,2,0.898,0.914,0.9144503265333708,0.938,0.952600520281084,0.975,0.9774518368714495
2024-03-14 14:00:00,Kolkata-Gauge-1,2,0.914,0.918,0.9280374325188137,0.937,0.936424964104141,0.956,0.9350835660363263
2024-03-14 15:00:00,Kolkata-Gauge-1,2,0.918,0.938,0.9309271707672286,0.944,0.9369302626500345,0.944,0.9427223829119596
2024-03-14 16:00:00,Kolkata-Gauge-1,2,0.938,0.937,0.9395908167558602,0.975,0.9468811657240309,0.941,0.9371202950250838
2024-03-14 17:00:00,Kolkata-Gauge-1,2,0.937,0.944,0.9367544913505592,0.956,0.9312963669491776,0.943,0.9253777867054236
2024-03-14 18:00:00,Kolkata-Gauge-1,2,0.944,0.975,0.9646482195526871,0.944,0.9600412680879776,0.966,1.0062318924050264
2024-03-14 19:00:00,Kolkata-Gauge-1,2,0.975,0.956,0.9781986385071841,0.941,1.002276937290437,0.934,1.0026776532293402
2024-03-14 20:00:00,Kolkata-Gauge-1,2,0.956,0.944,0.9604208526714256,0.943,0.9839198404160331,0.931,0.9829972441596523
2024-03-14 21:00:00,Kolkata-Gauge-1,2,0.944,0.941,0.9519562269318016,0.966,0.9550202191776417,0.919,0.9598516532016084
2024-03-14 22:00:00,Kolkata-Gauge-1,2,0.941,0.943,0.9389662575510039,0.934,0.9364578883986189,0.953,0.9610557265854515
2024-03-14 23:00:00,Kolkata-Gauge-1,2,0.943,0.966,0.9556336708507268,0.931,0.9471917311914101,0.968,0.9696451935681545
2024-03-15 00:00:00,Kolkata-Gauge-1,2,0.966,0.934,0.9665224963902443,0.919,0.958758574854661,1.016,0.9682788654670922
2024-03-15 01:00:00,Kolkata-Gauge-1,2,0.934,0.931,0.9309466676656556,0.953,0.9255195836981894,1.077,0.9637406503271085
2024-03-15 02:00:00,Kolkata-Gauge-1,2,0.931,0.919,0.9254913174534457,0.968,0.9279068437272111,1.09,0.9659313626897197
2024-03-15 03:00:00,Kolkata-Gauge-1,2,0.919,0.953,0.9197253483487899,1.016,0.9282748132421629,1.168,0.9688929702196187
2024-03-15 04:00:00,Kolkata-Gauge-1,2,0.953,0.968,0.964859509439054,1.077,0.981086836659678,1.186,1.0224753082362066
2024-03-15 05:00:00,Kolkata-Gauge-1,2,0.968,1.016,0.9750943038466527,1.09,0.9958566694679293,1.245,1.0094645233558481
2024-03-15 06:00:00,Kolkata-Gauge-1,2,1.016,1.077,1.0735188211302087,1.168,1.1834782184121702,1.246,1.2465709069640154
2024-03-15 07:00:00,Kolkata-Gauge-1,2,1.077,1.09,1.1207475515558787,1.186,1.2029343287717178,1.241,1.2445316028245992
2024-03-15 08:00:00,Kolkata-Gauge-1,2,1.09,1.168,1.1378652610359405,1.245,1.2203258625456788,1.255,1.237612587727496
2024-03-15 09:00:00,Kolkata-Gauge-1,2,1.168,1.186,1.19988262476146,1.246,1.2104356883362384,1.264,1.2445740816236923
2024-03-15 10:00:00,Kolkata-Gauge-1,2,1.186,1.245,1.21715955789162,1.241,1.2294895846895395,1.255,1.2540983387260352
2024-03-15 11:00:00,Kolkata-Gauge-1,2,1.245,1.246,1.2462730770997155,1.255,1.2397517580579749,1.236,1.2202548610413293
2024-03-15 12:00:00,Kolkata-Gauge-1,2,1.246,1.241,1.2348719032569209,1.264,1.2393000770542903,1.229,1.2198103933518207
2024-03-15 13:00:00,Kolkata-Gauge-1,2,1.241,1.255,1.2342710737341327,1.255,1.2393701100287478,1.217,1.2307044169597428
2024-03-15 14:00:00,Kolkata-Gauge-1,2,1.255,1.264,1.255428206648176,1.236,1.2410001753367765,1.215,1.2275720256145763
2024-03-15 15:00:00,Kolkata-Gauge-1,2,1.264,1.255,1.2493903377807023,1.229,1.2409763320491227,1.226,1.2330238076696731
2024-03-15 16:00:00,Kolkata-Gauge-1,2,1.255,1.236,1.2460706810325743,1.217,1.2306327254978808,1.225,1.2221021138650126
2024-03-15 17:00:00,Kolkata-Gauge-1,2,1.236,1.229,1.2224471718289818,1.215,1.222217701964492,1.218,1.2162556924032666
2024-03-15 18:00:00,Kolkata-Gauge-1,2,1.229,1.217,1.2260596208838108,1.226,1.216858676417349,1.194,1.208241354332091
2024-03-15 19:00:00,Kolkata-Gauge-1,2,1.217,1.215,1.2140668808899988,1.225,1.2048298953995753,1.19,1.2024275452326063
2024-03-15 20:00:00,Kolkata-Gauge-1,2,1.215,1.226,1.2148750637496992,1.218,1.1987605537538006,1.146,1.182727790245527
2024-03-15 21:00:00,Kolkata-Gauge-1,2,1.226,1.225,1.2217264469716547,1.194,1.2111187935057832,1.121,1.1967471065573043
2024-03-15 22:00:00,Kolkata-Gauge-1,2,1.225,1.218,1.2190363604812953,1.19,1.2102085671510565,1.124,1.199077883908776
2024-03-15 23:00:00,Kolkata-Gauge-1,2,1.218,1.194,1.211594751765425,1.146,1.204196768183306,1.133,1.1881639214929212
2024-03-16 00:00:00,Kolkata-Gauge-1,2,1.194,1.19,1.1944083408270894,1.121,1.173707699410541,1.124,1.1750192557933823
2024-03-16 01:00:00,Kolkata-Gauge-1,2,1.19,1.146,1.174366511030501,1.124,1.1689174996263487,1.119,1.1754448967987725
2024-03-16 02:00:00,Kolkata-Gauge-1,2,1.146,1.121,1.1402345222932515,1.133,1.1391015972347647,1.118,1.1322030640177116
2024-03-16 03:00:00,Kolkata-Gauge-1,2,1.121,1.124,1.1295998716656466,1.124,1.1285162483261375,1.123,1.1245863191976764
2024-03-16 04:00:00,Kolkata-Gauge-1,2,1.124,1.133,1.129210532894364,1.119,1.126530571363099,1.11,1.1272738328939937
2024-03-16 05:00:00,Kolkata-Gauge-1,2,1.133,1.124,1.1313947096820165,1.118,1.1309002146609635,1.081,1.131766344032122
2024-03-16 06:00:00,Kolkata-Gauge-1,2,1.124,1.119,1.1193246780820876,1.123,1.11142033934165,1.081,1.098664710719791
2024-03-16 07:00:00,Kolkata-Gauge-1,2,1.119,1.118,1.1158174858099985,1.11,1.109279033046686,1.112,1.0986030546930603
2024-03-16 08:00:00,Kolkata-Gauge-1,2,1.118,1.123,1.110612581931769,1.081,1.1076464624983158,1.084,1.0998981734805466
2024-03-16 09:00:00,Kolkata-Gauge-1,2,1.123,1.11,1.1195974786940004,1.081,1.1105607148894194,1.073,1.0993123446990387
2024-03-16 10:00:00,Kolkata-Gauge-1,2,1.11,1.081,1.1026594999155885,1.112,1.1009590802633216,1.057,1.0972874570570204
2024-03-16 11:00:00,Kolkata-Gauge-1,2,1.081,1.081,1.0805622513243827,1.084,1.072850885158784,1.097,1.0423640493931972
2024-03-16 12:00:00,Kolkata-Gauge-1,2,1.081,1.112,1.0826986749413514,1.073,1.0704887486190215,1.069,1.0379407009432116
2024-03-16 13:00:00,Kolkata-Gauge-1,2,1.112,1.084,1.1020029540964404,1.057,1.097976401146326,1.058,1.0962641614250264
2024-03-16 14:00:00,Kolkata-Gauge-1,2,1.084,1.073,1.0803591906445609,1.097,1.0742556006446509,1.049,1.047817354479485
2024-03-16 15:00:00,Kolkata-Gauge-1,2,1.073,1.057,1.0655403647704287,1.069,1.0569824243616326,1.022,1.0314157549532372
2024-03-16 16:00:00,Kolkata-Gauge-1,2,1.057,1.097,1.0576645399474134,1.058,1.0513031819759295,1.001,1.0220833998532275
2024-03-16 17:00:00,Kolkata-Gauge-1,2,1.097,1.069,1.0891198058329827,1.049,1.0760814336653532,1.017,1.0477323057488497
2024-03-16 18:00:00,Kolkata-Gauge-1,2,1.069,1.058,1.0636052373611538,1.022,1.0535992453813758,1.036,1.0356842751857767
2024-03-16 19:00:00,Kolkata-Gauge-1,2,1.058,1.049,1.055341223518499,1.001,1.0531330557019387,1.029,1.0384206509208558
2024-03-16 20:00:00,Kolkata-Gauge-1,2,1.049,1.022,1.0453473337035548,1.017,1.057697002963472,1.056,1.0411767190911692
2024-03-16 21:00:00,Kolkata-Gauge-1,2,1.022,1.001,1.0207898263103514,1.036,1.026647507602818,1.01,0.9985445774851807
2024-03-16 22:00:00,Kolkata-Gauge-1,2,1.001,1.017,1.0074668717903312,1.029,1.0254025227306793,0.98,1.0030678576780323
2024-03-16 23:00:00,Kolkata-Gauge-1,2,1.017,1.036,1.0267559977383633,1.056,1.0253639428927375,0.959,0.9919746729790754
2024-03-17 00:00:00,Kolkata-Gauge-1,2,1.036,1.029,1.038736772492089,1.01,1.032657352028171,0.955,0.9908676348696718
2024-03-17 01:00:00,Kolkata-Gauge-1,2,1.029,1.056,1.0372789952548147,0.98,1.0148619458325112,0.943,0.992684624156465
2024-03-17 02:00:00,Kolkata-Gauge-1,2,1.056,1.01,1.0480292957571737,0.959,1.0332986820111378,0.936,1.0272932859932415
2024-03-17 03:00:00,Kolkata-Gauge-1,2,1.01,0.98,1.0042032559769745,0.955,0.9986926779237387,0.943,0.9856337242218449
2024-03-17 04:00:00,Kolkata-Gauge-1,2,0.98,0.959,0.9695874359532926,0.943,0.9735249307100813,0.97,0.9701182126728685
2024-03-17 05:00:00,Kolkata-Gauge-1,2,0.959,0.955,0.9506104302543825,0.936,0.9480788281810736,0.984,0.9701464321033614
2024-03-17 06:00:00,Kolkata-Gauge-1,2,0.955,0.943,0.9501044224896109,0.943,0.9551665565753288,0.982,0.9777133095286458
2024-03-17 07:00:00,Kolkata-Gauge-1,2,0.943,0.936,0.9450961812473366,0.97,0.959122880624364,0.978,0.9655168924605083
2024-03-17 08:00:00,Kolkata-Gauge-1,2,0.936,0.943,0.9376066776144047,0.984,0.9577069985261831,0.997,0.96474465914532
2024-03-17 09:00:00,Kolkata-Gauge-1,2,0.943,0.97,0.9487999308587408,0.982,0.9513326071010434,1.03,0.9585368434230611
2024-03-17 10:00:00,Kolkata-Gauge-1,2,0.97,0.984,0.96936194670953,0.978,0.9687089662183356,1.037,0.9701002337241262
2024-03-17 11:00:00,Kolkata-Gauge-1,2,0.984,0.982,0.9813315000457128,0.997,0.991754201211935,1.02,0.9789116099209042
2024-03-17 12:00:00,Kolkata-Gauge-1,2,0.982,0.978,0.9812668448920382,1.03,0.9940115332123389,1.021,0.9826733433806608
2024-03-17 13:00:00,Kolkata-Gauge-1,2,0.978,0.997,0.9824251374631394,1.037,0.9860724724151922,1.034,0.9640773390277533
2024-03-17 14:00:00,Kolkata-Gauge-1,2,0.997,1.03,0.9985362190407134,1.02,0.9924791926548515,1.025,0.970350502930834
2024-03-17 15:00:00,Kolkata-Gauge-1,2,1.03,1.037,1.026012311819365,1.021,1.0291013016164678,1.049,1.040487863697709
2024-03-17 16:00:00,Kolkata-Gauge-1,2,1.037,1.02,1.0280814796590494,1.034,1.0301882078673308,1.06,1.0435305734682445
2024-03-17 17:00:00,Kolkata-Gauge-1,2,1.02,1.021,1.0233781976399343,1.025,1.0138093366403071,1.089,1.028600765912098
2024-03-17 18:00:00,Kolkata-Gauge-1,2,1.021,1.034,1.0230748179039173,1.049,1.0163575984193194,1.074,1.0280789011934697
2024-03-17 19:00:00,Kolkata-Gauge-1,2,1.034,1.025,1.0381800304076516,1.06,1.0632885526232436,1.037,1.0392164756913667
2024-03-17 20:00:00,Kolkata-Gauge-1,2,1.025,1.049,1.037312716195665,1.089,1.0605627036963223,1.029,1.025621683366216
2024-03-17 21:00:00,Kolkata-Gauge-1,2,1.049,1.06,1.0566252826684785,1.074,1.0826929385593735,1.024,1.0427911814330475
2024-03-17 22:00:00,Kolkata-Gauge-1,2,1.06,1.089,1.079601832198351,1.037,1.0635091370110015,0.983,1.0400609194945736
2024-03-17 23:00:00,Kolkata-Gauge-1,2,1.089,1.074,1.0847066969702948,1.029,1.0785211876945469,0.966,1.0522590089636235
2024-03-18 00:00:00,Kolkata-Gauge-1,2,1.074,1.037,1.0689003078260675,1.024,1.0628636343006228,0.987,1.0452388835490694
2024-03-18 01:00:00,Kolkata-Gauge-1,2,1.037,1.029,1.0374708987439738,0.983,1.0260312740007267,0.992,1.0126090441140423
2024-03-18 02:00:00,Kolkata-Gauge-1,2,1.029,1.024,1.0343560369076328,0.966,1.0191302084795764,1.015,1.0118660301043636
2024-03-18 03:00:00,Kolkata-Gauge-1,2,1.024,0.983,1.0153366477163426,0.987,1.0019028350101415,1.012,0.9948344167171485
2024-03-18 04:00:00,Kolkata-Gauge-1,2,0.983,0.966,0.9733315148826304,0.992,0.9768258362258692,1.056,0.99390039795945
2024-03-18 05:00:00,Kolkata-Gauge-1,2,0.966,0.987,0.970918987936966,1.015,0.9683658918324075,1.065,0.992138564079683
2024-03-18 06:00:00,Kolkata-Gauge-1,2,0.987,0.992,0.9810208876273475,1.012,0.9808690262099383,1.084,0.9992109624975072
2024-03-18 07:00:00,Kolkata-Gauge-1,2,0.992,1.015,0.996265409052574,1.056,0.9875323604489002,1.109,0.9966434167143216
2024-03-18 08:00:00,Kolkata-Gauge-1,2,1.015,1.012,1.0264751416737732,1.065,1.0680246889753358,1.104,1.100722571210676
2024-03-18 09:00:00,Kolkata-Gauge-1,2,1.012,1.056,1.032572472107512,1.084,1.0673457661200954,1.128,1.0925316766794742
2024-03-18 10:00:00,Kolkata-Gauge-1,2,1.056,1.065,1.0671588684948274,1.109,1.1016442128192006,1.133,1.1186659186516748
2024-03-18 11:00:00,Kolkata-Gauge-1,2,1.065,1.084,1.0792363893495645,1.104,1.088233428870238,1.168,1.1095012084797498
2024-03-18 12:00:00,Kolkata-Gauge-1,2,1.084,1.109,1.0990691271485724,1.128,1.1030925217295744,1.192,1.121454521053192
2024-03-18 13:00:00,Kolkata-Gauge-1,2,1.109,1.104,1.1168128552423224,1.133,1.1205135929399004,1.226,1.1354251092645067
2024-03-18 14:00:00,Kolkata-Gauge-1,2,1.104,1.128,1.1050075573212608,1.168,1.099766911619897,1.247,1.1252024464911587
2024-03-18 15:00:00,Kolkata-Gauge-1,2,1.128,1.133,1.1299106990215526,1.192,1.1431912714219166,1.272,1.158828361378077
2024-03-18 16:00:00,Kolkata-Gauge-1,2,1.133,1.168,1.1383367307501377,1.226,1.1444096110722102,1.286,1.156777397052502
2024-03-18 17:00:00,Kolkata-Gauge-1,2,1.168,1.192,1.1978058014458066,1.247,1.2528463643199117,1.265,1.2802539145502911
2024-03-18 18:00:00,Kolkata-Gauge-1,2,1.192,1.226,1.2219402342229067,1.272,1.2589271423381896,1.236,1.2636306208689256
2024-03-18 19:00:00,Kolkata-Gauge-1,2,1.226,1.247,1.260432195430848,1.286,1.3382976549580585,1.221,1.3281775438798153
2024-03-18 20:00:00,Kolkata-Gauge-1,2,1.247,1.272,1.2575723209579184,1.265,1.2592392600500404,1.206,1.2491906571329954
2024-03-18 21:00:00,Kolkata-Gauge-1,2,1.272,1.286,1.2918284451133615,1.236,1.270391649190226,1.233,1.25812331927567
2024-03-18 22:00:00,Kolkata-Gauge-1,2,1.286,1.265,1.287858434374392,1.221,1.2693023408557162,1.246,1.2632349633191153
2024-03-18 23:00:00,Kolkata-Gauge-1,2,1.265,1.236,1.2512216489237429,1.206,1.2389164191393678,1.235,1.2519507664490135
2024-03-19 00:00:00,Kolkata-Gauge-1,2,1.236,1.221,1.2201212157813701,1.233,1.2319969682293026,1.219,1.2472140280475286
2024-03-19 01:00:00,Kolkata-Gauge-1,2,1.221,1.206,1.2194115853022776,1.246,1.2312829479442613,1.224,1.239102965141279
2024-03-19 02:00:00,Kolkata-Gauge-1,2,1.206,1.233,1.21080796544083,1.235,1.2031867132798781,1.255,1.2001109813505417
2024-03-19 03:00:00,Kolkata-Gauge-1,2,1.233,1.246,1.23693203478282,1.219,1.2292187810594628,1.262,1.2448515058706733
2024-03-19 04:00:00,Kolkata-Gauge-1,2,1.246,1.235,1.2440065079704503,1.224,1.2438640577054578,1.216,1.2537823708530023
2024-03-19 05:00:00,Kolkata-Gauge-1,2,1.235,1.219,1.2211777904508234,1.255,1.2378366970033066,1.224,1.2455863595271697
2024-03-19 06:00:00,Kolkata-Gauge-1,2,1.219,1.224,1.2192614189621802,1.262,1.233226425644004,1.234,1.226286229110667
2024-03-19 07:00:00,Kolkata-Gauge-1,2,1.224,1.255,1.2293257550882195,1.216,1.2323965106662726,1.267,1.2282117770023846
2024-03-19 08:00:00,Kolkata-Gauge-1,2,1.255,1.262,1.2542703352710711,1.224,1.2408234357296475,1.25,1.236532202529096
2024-03-19 09:00:00,Kolkata-Gauge-1,2,1.262,1.216,1.2535793439567884,1.234,1.2468443718210125,1.242,1.2414786149522408
2024-03-19 10:00:00,Kolkata-Gauge-1,2,1.216,1.224,1.2146589326643042,1.267,1.2062481082501402,1.241,1.1833214323023313
2024-03-19 11:00:00,Kolkata-Gauge-1,2,1.224,1.234,1.2230658979952833,1.25,1.2141599681638449,1.215,1.1990364731821765
2024-03-19 12:00:00,Kolkata-Gauge-1,2,1.234,1.267,1.2353511687779581,1.242,1.2177535786048748,1.189,1.2139468592684195
2024-03-19 13:00:00,Kolkata-Gauge-1,2,1.267,1.25,1.2545158232034193,1.241,1.246689255902353,1.187,1.2310841702030346
2024-03-19 14:00:00,Kolkata-Gauge-1,2,1.25,1.242,1.2408615956332547,1.215,1.2275480937216756,1.147,1.2161898529767226
2024-03-19 15:00:00,Kolkata-Gauge-1,2,1.242,1.241,1.2393337475051425,1.189,1.22192183293178,1.12,1.2155709011184006
2024-03-19 16:00:00,Kolkata-Gauge-1,2,1.241,1.215,1.2319317644395886,1.187,1.2190400278350007,1.136,1.2065170661609528
2024-03-19 17:00:00,Kolkata-Gauge-1,2,1.215,1.189,1.2026759068450614,1.147,1.1902202483126834,1.181,1.208918903259149
2024-03-19 18:00:00,Kolkata-Gauge-1,2,1.189,1.187,1.1824831521881678,1.12,1.1677568025029357,1.241,1.1832423353006127
2024-03-19 19:00:00,Kolkata-Gauge-1,2,1.187,1.147,1.177949004811971,1.136,1.1678876407449865,1.283,1.189086018076805
2024-03-19 20:00:00,Kolkata-Gauge-1,2,1.147,1.12,1.1350572402110912,1.181,1.1301343641633137,1.314,1.148148889547078
2024-03-19 21:00:00,Kolkata-Gauge-1,2,1.12,1.136,1.1270142209747251,1.241,1.1670249708802298,1.363,1.1966355235589672
2024-03-19 22:00:00,Kolkata-Gauge-1,2,1.136,1.181,1.1521167327141761,1.283,1.1857481374898022,1.375,1.2077275487783052
2024-03-19 23:00:00,Kolkata-Gauge-1,2,1.181,1.241,1.2325494520700455,1.314,1.3019334946888619,1.356,1.3702376739783912
2024-03-20 00:00:00,Kolkata-Gauge-1,2,1.241,1.283,1.2768722196816762,1.363,1.362434112061005,1.343,1.3662658359213957
2024-03-20 01:00:00,Kolkata-Gauge-1,2,1.283,1.314,1.3179645905578634,1.375,1.3727758468247435,1.34,1.3656753365851884
2024-03-20 02:00:00,Kolkata-Gauge-1,2,1.314,1.363,1.3518985682930136,1.356,1.3619939358993507,1.326,1.36524843847983
2024-03-20 03:00:00,Kolkata-Gauge-1,2,1.363,1.375,1.3800466723461986,1.343,1.3625272668999284,1.341,1.3881101165006406
2024-03-20 04:00:00,Kolkata-Gauge-1,2,1.375,1.356,1.3832209206176695,1.34,1.3715407469494756,1.38,1.3852339956619832
2024-03-20 05:00:00,Kolkata-Gauge-1,2,1.356,1.343,1.3477204379848204,1.326,1.337789069218112,1.423,1.3916875856076232
2024-03-20 06:00:00,Kolkata-Gauge-1,2,1.343,1.34,1.3335941784953234,1.341,1.340789748793864,1.466,1.4221982142463787
2024-03-20 07:00:00,Kolkata-Gauge-1,2,1.34,1.326,1.3287365677779124,1.38,1.3487035381167847,1.497,1.4259439036054076
2024-03-20 08:00:00,Kolkata-Gauge-1,2,1.326,1.341,1.3234446935265567,1.423,1.3451030192242661,1.546,1.423446266124203
2024-03-20 09:00:00,Kolkata-Gauge-1,2,1.341,1.38,1.3839248620362596,1.466,1.5058412427021215,1.5,1.5688241792364779
2024-03-20 10:00:00,Kolkata-Gauge-1,2,1.38,1.423,1.4281616353553859,1.497,1.5251226542528533,1.495,1.5339820860063145
2024-03-20 11:00:00,Kolkata-Gauge-1,2,1.423,1.466,1.4663705310669437,1.546,1.549581221792913,1.518,1.5378890225256774
2024-03-20 12:00:00,Kolkata-Gauge-1,2,1.466,1.497,1.5110013120459378,1.5,1.503955519699034,1.527,1.5031612359989355
2024-03-20 13:00:00,Kolkata-Gauge-1,2,1.497,1.546,1.5305449239034632,1.495,1.513699438193789,1.548,1.5243486697337005
2024-03-20 14:00:00,Kolkata-Gauge-1,2,1.546,1.5,1.5549880105871858,1.518,1.556526591872461,1.563,1.5539535207120556
2024-03-20 15:00:00,Kolkata-Gauge-1,2,1.5,1.495,1.4912179946314348,1.527,1.5026268216784062,1.578,1.5284987551105933
2024-03-20 16:00:00,Kolkata-Gauge-1,2,1.495,1.518,1.4923780756916287,1.548,1.4964950801541443,1.576,1.521062848277705
2024-03-20 17:00:00,Kolkata-Gauge-1,2,1.518,1.527,1.5084785382618109,1.563,1.5102475473327108,1.635,1.522606637502905
2024-03-20 18:00:00,Kolkata-Gauge-1,2,1.527,1.548,1.5420312968494074,1.578,1.5744939486828964,1.628,1.6175107550242633
2024-03-20 19:00:00,Kolkata-Gauge-1,2,1.548,1.563,1.5651341119797526,1.576,1.5945432123235033,1.599,1.6008027512237004
2024-03-20 20:00:00,Kolkata-Gauge-1,2,1.563,1.578,1.5837771084094112,1.635,1.6366000793652704,1.57,1.621933228285446
2024-03-20 21:00:00,Kolkata-Gauge-1,2,1.578,1.576,1.5941822125486205,1.628,1.5901381534170438,1.559,1.5494004917942188
2024-03-20 22:00:00,Kolkata-Gauge-1,2,1.576,1.635,1.6045809083582219,1.599,1.5864525200972728,1.506,1.539284045739761
2024-03-20 23:00:00,Kolkata-Gauge-1,2,1.635,1.628,1.6462795502984824,1.57,1.6150694001718073,1.518,1.5856124960696472
2024-03-21 00:00:00,Kolkata-Gauge-1,2,1.628,1.599,1.6089177170569178,1.559,1.5866876330118742,1.499,1.5575371244047216
2024-03-21 01:00:00,Kolkata-Gauge-1,2,1.599,1.57,1.5773978811970815,1.506,1.5428574026576043,1.498,1.5275179925764573
2024-03-21 02:00:00,Kolkata-Gauge-1,2,1.57,1.559,1.556386126662566,1.518,1.5323134400127942,1.497,1.5145562234437195
2024-03-21 03:00:00,Kolkata-Gauge-1,2,1.559,1.506,1.5443019089700614,1.499,1.5266522717863311,1.506,1.505980518890581
2024-03-21 04:00:00,Kolkata-Gauge-1,2,1.506,1.518,1.5058708536407994,1.498,1.5091585195416182,1.503,1.5035223036314218
2024-03-21 05:00:00,Kolkata-Gauge-1,2,1.518,1.499,1.509947434318365,1.497,1.5070924212879213,1.505,1.5080191048219735
2024-03-21 06:00:00,Kolkata-Gauge-1,2,1.499,1.498,1.495190784817307,1.506,1.498761978057222,1.513,1.5088339342283452
2024-03-21 07:00:00,Kolkata-Gauge-1,2,1.498,1.497,1.4951912731041221,1.503,1.500975101000392,1.506,1.5119176179358853
2024-03-21 08:00:00,Kolkata-Gauge-1,2,1.497,1.506,1.4945595340790088,1.505,1.50075841257096,1.549,1.5115990344389478
2024-03-21 09:00:00,Kolkata-Gauge-1,2,1.506,1.503,1.5036368632007457,1.513,1.5050961640328195,1.555,1.5095420212001973
2024-03-21 10:00:00,Kolkata-Gauge-1,2,1.503,1.505,1.5018238639659176,1.506,1.504059826058222,1.552,1.5093381053341335
2024-03-21 11:00:00,Kolkata-Gauge-1,2,1.505,1.513,1.5018040017029415,1.549,1.5073235980365858,1.535,1.5045117817414455
2024-03-21 12:00:00,Kolkata-Gauge-1,2,1.513,1.506,1.5088618880778197,1.555,1.5105186800900108,1.53,1.5089455620036525
2024-03-21 13:00:00,Kolkata-Gauge-1,2,1.506,1.549,1.5238528577136932,1.552,1.5190416274679068,1.562,1.5231730426166428
2024-03-21 14:00:00,Kolkata-Gauge-1,2,1.549,1.555,1.552215556074707,1.535,1.5434598451709816,1.586,1.5706099419433337
2024-03-21 15:00:00,Kolkata-Gauge-1,2,1.555,1.552,1.5532004386081852,1.53,1.5442609122940525,1.644,1.570232697443882
2024-03-21 16:00:00,Kolkata-Gauge-1,2,1.552,1.535,1.5455356765851564,1.562,1.5436378956084262,1.657,1.551938971950858
2024-03-21 17:00:00,Kolkata-Gauge-1,2,1.535,1.53,1.5288214161073994,1.586,1.5457271198009848,1.688,1.5574742845557275
2024-03-21 18:00:00,Kolkata-Gauge-1,2,1.53,1.562,1.5276952371441124,1.644,1.5430201014888247,1.683,1.5449493590543075
2024-03-21 19:00:00,Kolkata-Gauge-1,2,1.562,1.586,1.5895148787426694,1.657,1.6427850576440228,1.71,1.7177126948923829
2024-03-21 20:00:00,Kolkata-Gauge-1,2,1.586,1.644,1.6213176332054418,1.688,1.6814752807875517,1.669,1.6932624962211706
2024-03-21 21:00:00,Kolkata-Gauge-1,2,1.644,1.657,1.6600966383107523,1.683,1.7245613114614702,1.694,1.727395756961004
2024-03-21 22:00:00,Kolkata-Gauge-1,2,1.657,1.688,1.693718552738567,1.71,1.6987868703686284,1.673,1.672723528854156
2024-03-21 23:00:00,Kolkata-Gauge-1,2,1.688,1.683,1.7054504229946341,1.669,1.7037964762686313,1.612,1.6643705917527218
2024-03-22 00:00:00,Kolkata-Gauge-1,2,1.683,1.71,1.7039364638181378,1.694,1.6987010292173628,1.623,1.661483447271825
2024-03-22 01:00:00,Kolkata-Gauge-1,2,1.71,1.669,1.6970189286809552,1.673,1.6753368583954138,1.609,1.6326528378011376
2024-03-22 02:00:00,Kolkata-Gauge-1,2,1.669,1.694,1.6651894972390504,1.612,1.6321567296692836,1.584,1.6085414901456423
2024-03-22 03:00:00,Kolkata-Gauge-1,2,1.694,1.673,1.6864091161401489,1.623,1.649528512266383,1.581,1.6166609832456689
2024-03-22 04:00:00,Kolkata-Gauge-1,2,1.673,1.612,1.6491325406204842,1.609,1.6310326508614166,1.579,1.6068347749080008
2024-03-22 05:00:00,Kolkata-Gauge-1,2,1.612,1.623,1.6028732003179842,1.584,1.5913380479177055,1.571,1.5740294032562097
2024-03-22 06:00:00,Kolkata-Gauge-1,2,1.623,1.609,1.6115635819079421,1.581,1.5945856546391373,1.578,1.5764736692385672
2024-03-22 07:00:00,Kolkata-Gauge-1,2,1.609,1.584,1.5961143578714787,1.579,1.5908525251322667,1.568,1.5706776448296327
2024-03-22 08:00:00,Kolkata-Gauge-1,2,1.584,1.581,1.5774857958231225,1.571,1.568303958604321,1.566,1.569834067955267
2024-03-22 09:00:00,Kolkata-Gauge-1,2,1.581,1.579,1.577357166570018,1.578,1.564253037219776,1.54,1.5687328763195225
2024-03-22 10:00:00,Kolkata-Gauge-1,2,1.579,1.571,1.5759518216596864,1.568,1.56043804082602,1.541,1.5641528727802148
2024-03-22 11:00:00,Kolkata-Gauge-1,2,1.571,1.578,1.5686261115923847,1.566,1.5494837210318684,1.516,1.5499796108707058
2024-03-22 12:00:00,Kolkata-Gauge-1,2,1.578,1.568,1.5720104622116817,1.54,1.5585698875222584,1.479,1.5610468211373745
2024-03-22 13:00:00,Kolkata-Gauge-1,2,1.568,1.566,1.5607035198176706,1.541,1.5427607392275782,1.46,1.510862084185774
2024-03-22 14:00:00,Kolkata-Gauge-1,2,1.566,1.54,1.553040902119004,1.516,1.5399810248108876,1.441,1.5054199699699555
2024-03-22 15:00:00,Kolkata-Gauge-1,2,1.54,1.541,1.5293805624179797,1.479,1.5096153934840462,1.446,1.4959112704055275
2024-03-22 16:00:00,Kolkata-Gauge-1,2,1.541,1.516,1.5295169746443387,1.46,1.5086414478984984,1.403,1.4980047183974798
2024-03-22 17:00:00,Kolkata-Gauge-1,2,1.516,1.479,1.5078680068866672,1.441,1.4985545500735207,1.412,1.4877239366796793
2024-03-22 18:00:00,Kolkata-Gauge-1,2,1.479,1.46,1.4702877816829796,1.446,1.4641709518446455,1.387,1.438020019731247
2024-03-22 19:00:00,Kolkata-Gauge-1,2,1.46,1.441,1.4546864717190406,1.403,1.4228957421957997,1.325,1.3720452650629968
2024-03-22 20:00:00,Kolkata-Gauge-1,2,1.441,1.446,1.4301601478887072,1.412,1.4071395926536805,1.29,1.3567624449492715
2024-03-22 21:00:00,Kolkata-Gauge-1,2,1.446,1.403,1.434463472562262,1.387,1.407240857137588,1.274,1.3522535884814375
2024-03-22 22:00:00,Kolkata-Gauge-1,2,1.403,1.412,1.394837184339176,1.325,1.361305490572436,1.273,1.316632724650333
2024-03-22 23:00:00,Kolkata-Gauge-1,2,1.412,1.387,1.4030344780272148,1.29,1.3639278760653462,1.264,1.3166219874169314
2024-03-23 00:00:00,Kolkata-Gauge-1,2,1.387,1.325,1.3719425639051732,1.274,1.3573719693492605,1.234,1.3102489430986586
2024-03-23 01:00:00,Kolkata-Gauge-1,2,1.325,1.29,1.3084920066331007,1.273,1.2943147923647311,1.213,1.23589819708854
2024-03-23 02:00:00,Kolkata-Gauge-1,2,1.29,1.274,1.283396617161683,1.264,1.2643049659963415,1.184,1.2194648755088768
2024-03-23 03:00:00,Kolkata-Gauge-1,2,1.274,1.273,1.267904434081215,1.234,1.2397334163550486,1.185,1.2100834395239979
2024-03-23 04:00:00,Kolkata-Gauge-1,2,1.273,1.264,1.2663684518189664,1.213,1.2379554152587153,1.179,1.2122670871060344
2024-03-23 05:00:00,Kolkata-Gauge-1,2,1.264,1.234,1.2564369329131624,1.184,1.2615552582391534,1.184,1.2775613863408801
2024-03-23 06:00:00,Kolkata-Gauge-1,2,1.234,1.213,1.2207954401219558,1.185,1.2239884076916738,1.14,1.249522305209627
2024-03-23 07:00:00,Kolkata-Gauge-1,2,1.213,1.184,1.205982489824099,1.179,1.212511415512524,1.123,1.229526364329529
2024-03-23 08:00:00,Kolkata-Gauge-1,2,1.184,1.185,1.1886181080020353,1.184,1.2022811373457063,1.157,1.201626078220808
2024-03-23 09:00:00,Kolkata-Gauge-1,2,1.185,1.179,1.182923924735422,1.14,1.1740458370986715,1.162,1.178948109158509
2024-03-23 10:00:00,Kolkata-Gauge-1,2,1.179,1.184,1.1751097453050847,1.123,1.159966928292557,1.149,1.1716318578484957
2024-03-23 11:00:00,Kolkata-Gauge-1,2,1.184,1.14,1.1716419460914376,1.157,1.1677518869048622,1.126,1.1767402240771354
2024-03-23 12:00:00,Kolkata-Gauge-1,2,1.14,1.123,1.136535840507571,1.162,1.1549742161724876,1.145,1.140505300231972
2024-03-23 13:00:00,Kolkata-Gauge-1,2,1.123,1.157,1.1342615238194151,1.149,1.1266562483321167,1.173,1.1166172867370643
2024-03-23 14:00:00,Kolkata-Gauge-1,2,1.157,1.162,1.15524886141726,1.126,1.1516516530719965,1.145,1.1485807724249484
2024-03-23 15:00:00,Kolkata-Gauge-1,2,1.162,1.149,1.1576013150852404,1.145,1.1537445120071637,1.12,1.1509714013034267
2024-03-23 16:00:00,Kolkata-Gauge-1,2,1.149,1.126,1.140518832575522,1.173,1.1585992717114808,1.122,1.1359118503255508
2024-03-23 17:00:00,Kolkata-Gauge-1,2,1.126,1.145,1.1301850333239505,1.145,1.1297730292596877,1.123,1.1145381171647288
2024-03-23 18:00:00,Kolkata-Gauge-1,2,1.145,1.173,1.1488789611610204,1.12,1.150626026348647,1.125,1.131539824492912
2024-03-23 19:00:00,Kolkata-Gauge-1,2,1.173,1.145,1.1705445580068785,1.122,1.170765463813113,1.154,1.2007138824666315
2024-03-23 20:00:00,Kolkata-Gauge-1,2,1.145,1.12,1.1386599103622201,1.123,1.1442148290319911,1.126,1.1380636028299629
2024-03-23 21:00:00,Kolkata-Gauge-1,2,1.12,1.122,1.1236702235167249,1.125,1.116916189286221,1.119,1.1091031128180608
2024-03-23 22:00:00,Kolkata-Gauge-1,2,1.122,1.123,1.126003508976285,1.154,1.1183877454928641,1.126,1.1033048625889204
2024-03-23 23:00:00,Kolkata-Gauge-1,2,1.123,1.125,1.1242667310319694,1.126,1.115438438649893,1.132,1.1022844597678196
2024-03-24 00:00:00,Kolkata-Gauge-1,2,1.125,1.154,1.1239205756919985,1.119,1.1167930889174797,1.11,1.1008911328605542
2024-03-24 01:00:00,Kolkata-Gauge-1,2,1.154,1.126,1.145703573968873,1.126,1.1490133934196747,1.09,1.142000472297251
2024-03-24 02:00:00,Kolkata-Gauge-1,2,1.126,1.119,1.121513516865927,1.132,1.1166985838275083,1.074,1.102569170953577
2024-03-24 03:00:00,Kolkata-Gauge-1,2,1.119,1.126,1.120067853950146,1.11,1.1105025787761593,1.101,1.0975244100513792
2024-03-24 04:00:00,Kolkata-Gauge-1,2,1.126,1.132,1.122762164326467,1.09,1.1124847241795193,1.073,1.0988515749742516
2024-03-24 05:00:00,Kolkata-Gauge-1,2,1.132,1.11,1.124828007011835,1.074,1.1160346646587294,1.06,1.1065766366455148
2024-03-24 06:00:00,Kolkata-Gauge-1,2,1.11,1.09,1.1040631752772494,1.101,1.0994573215284864,1.068,1.0963329738080563
2024-03-24 07:00:00,Kolkata-Gauge-1,2,1.09,1.074,1.080656336192237,1.073,1.074918808154556,1.039,1.0441639534983722
2024-03-24 08:00:00,Kolkata-Gauge-1,2,1.074,1.101,1.0710177887962082,1.06,1.053552501960724,1.038,1.028367284323451
2024-03-24 09:00:00,Kolkata-Gauge-1,2,1.101,1.073,1.0914727354846894,1.068,1.081034492618759,0.993,1.0497088261947973
2024-03-24 10:00:00,Kolkata-Gauge-1,2,1.073,1.06,1.0707824700963886,1.039,1.0528440189732795,0.995,1.0302529000006733
2024-03-24 11:00:00,Kolkata-Gauge-1,2,1.06,1.068,1.0585953041929,1.038,1.0474007776151022,0.994,1.0242261815739682
2024-03-24 12:00:00,Kolkata-Gauge-1,2,1.068,1.039,1.0581042058080252,0.993,1.0474980574507982,0.996,1.0218309989117433
2024-03-24 13:00:00,Kolkata-Gauge-1,2,1.039,1.038,1.0310982750088549,0.995,1.0231427174200465,0.976,0.9839505521156451
2024-03-24 14:00:00,Kolkata-Gauge-1,2,1.038,0.993,1.0284892533535888,0.994,1.0211339598203215,0.979,0.977542670912312
2024-03-24 15:00:00,Kolkata-Gauge-1,2,0.993,0.995,0.9983880498113448,0.996,0.9922495358355651,0.976,0.9894552928650477
2024-03-24 16:00:00,Kolkata-Gauge-1,2,0.995,0.994,0.9954671317773166,0.976,0.9874240497616339,1.019,0.9979039313461471
2024-03-24 17:00:00,Kolkata-Gauge-1,2,0.994,0.996,0.9920117786456871,0.979,0.9861991273604814,1.047,0.9963964421343744
2024-03-24 18:00:00,Kolkata-Gauge-1,2,0.996,0.976,0.9919818561762808,0.976,0.988004681816792,1.033,0.9943421258658954
2024-03-24 19:00:00,Kolkata-Gauge-1,2,0.976,0.979,0.9845766948380473,1.019,0.9884994048615099,1.031,0.986679910507682
2024-03-24 20:00:00,Kolkata-Gauge-1,2,0.979,0.976,0.9860181863188008,1.047,0.9912275526748526,1.033,0.9882181954456928
2024-03-24 21:00:00,Kolkata-Gauge-1,2,0.976,1.019,0.9869778489996833,1.033,0.9899611983722733,1.051,0.9718359238441729
2024-03-24 22:00:00,Kolkata-Gauge-1,2,1.019,1.047,1.0372104859652647,1.031,1.0577622683449495,1.042,1.087489758803744
2024-03-24 23:00:00,Kolkata-Gauge-1,2,1.047,1.033,1.0515439425579136,1.033,1.0836197748688163,1.033,1.0892422307545369
2024-03-25 00:00:00,Kolkata-Gauge-1,2,1.033,1.031,1.0442739613403973,1.051,1.0707041863375593,1.083,1.077664655305736
2024-03-25 01:00:00,Kolkata-Gauge-1,2,1.031,1.033,1.0430116337184405,1.042,1.0444289526622472,1.066,1.0483071580401548
2024-03-25 02:00:00,Kolkata-Gauge-1,2,1.033,1.051,1.0436821641446246,1.033,1.0433825276918594,1.087,1.0461571900603448
2024-03-25 03:00:00,Kolkata-Gauge-1,2,1.051,1.042,1.0587395280765497,1.083,1.0605575034171033,1.076,1.066017888774068
2024-03-25 04:00:00,Kolkata-Gauge-1,2,1.042,1.033,1.0383649977250398,1.066,1.0386131923585984,1.025,1.0207537880275697
2024-03-25 05:00:00,Kolkata-Gauge-1,2,1.033,1.083,1.0369178650285398,1.087,1.0289306209857014,1.04,0.9965321972353435
2024-03-25 06:00:00,Kolkata-Gauge-1,2,1.083,1.066,1.0757404220381999,1.076,1.0701841412892728,1.072,1.0750839201014388
2024-03-25 07:00:00,Kolkata-Gauge-1,2,1.066,1.087,1.0585225515557088,1.025,1.0444621063805972,1.114,1.0704999054013495
2024-03-25 08:00:00,Kolkata-Gauge-1,2,1.087,1.076,1.083556690823586,1.04,1.0695014329315866,1.149,1.0937023620426298
2024-03-25 09:00:00,Kolkata-Gauge-1,2,1.076,1.025,1.0579709892296767,1.072,1.0528044316310519,1.177,1.0653260390667711
2024-03-25 10:00:00,Kolkata-Gauge-1,2,1.025,1.04,1.026303311207674,1.114,1.020737157144511,1.194,1.012271112902477
2024-03-25 11:00:00,Kolkata-Gauge-1,2,1.04,1.072,1.0518884656365428,1.149,1.1081525118441777,1.224,1.1498783491532127
2024-03-25 12:00:00,Kolkata-Gauge-1,2,1.072,1.114,1.0938869805370903,1.177,1.1344695021134625,1.226,1.1645342902225517
2024-03-25 13:00:00,Kolkata-Gauge-1,2,1.114,1.149,1.150316557344337,1.194,1.195765783724933,1.205,1.2252719731556179
2024-03-25 14:00:00,Kolkata-Gauge-1,2,1.149,1.177,1.1776944753095413,1.224,1.2041866893016904,1.206,1.1924834706396772
2024-03-25 15:00:00,Kolkata-Gauge-1,2,1.177,1.194,1.2028204663143347,1.226,1.2295834894107467,1.193,1.208995151960013
2024-03-25 16:00:00,Kolkata-Gauge-1,2,1.194,1.224,1.219053107837017,1.205,1.2182286852620254,1.212,1.204363085347581
2024-03-25 17:00:00,Kolkata-Gauge-1,2,1.224,1.226,1.231812816720171,1.206,1.2322816619823065,1.214,1.2357659093156705
2024-03-25 18:00:00,Kolkata-Gauge-1,2,1.226,1.205,1.2294077351981163,1.193,1.233979661042187,1.191,1.2542258003729323
2024-03-25 19:00:00,Kolkata-Gauge-1,2,1.205,1.206,1.2090646526597186,1.212,1.2012987548878697,1.162,1.191613562985839
2024-03-25 20:00:00,Kolkata-Gauge-1,2,1.206,1.193,1.2056294100704008,1.214,1.1967886761171396,1.146,1.1974137390482746
2024-03-25 21:00:00,Kolkata-Gauge-1,2,1.193,1.212,1.1894248165654773,1.191,1.1861726557556795,1.189,1.1964937729665366
2024-03-25 22:00:00,Kolkata-Gauge-1,2,1.212,1.214,1.21249090067884,1.162,1.1934501347635775,1.179,1.1938970181309216
2024-03-25 23:00:00,Kolkata-Gauge-1,2,1.214,1.191,1.210890063764739,1.146,1.19756693980168,1.189,1.1825882522069506
2024-03-26 00:00:00,Kolkata-Gauge-1,2,1.191,1.162,1.1791192450213341,1.189,1.1900137196410012,1.157,1.1854292713609127
2024-03-26 01:00:00,Kolkata-Gauge-1,2,1.162,1.146,1.1555809941505835,1.179,1.1674186915891709,1.13,1.1699593249237465
2024-03-26 02:00:00,Kolkata-Gauge-1,2,1.146,1.189,1.1567868597835655,1.189,1.1674825267809876,1.16,1.16766402846282
2024-03-26 03:00:00,Kolkata-Gauge-1,2,1.189,1.179,1.1866629186404878,1.157,1.1837417510077517,1.243,1.211081170450915
2024-03-26 04:00:00,Kolkata-Gauge-1,2,1.179,1.189,1.177303721392481,1.13,1.1743272242101164,1.263,1.204366301289696
2024-03-26 05:00:00,Kolkata-Gauge-1,2,1.189,1.157,1.179246908852216,1.16,1.1800856351429123,1.297,1.1938020653451333
2024-03-26 06:00:00,Kolkata-Gauge-1,2,1.157,1.13,1.1499777702802223,1.243,1.170437781323334,1.36,1.1991096613742944
2024-03-26 07:00:00,Kolkata-Gauge-1,2,1.13,1.16,1.1389380290779763,1.263,1.1626456921545985,1.435,1.1820445228038483
2024-03-26 08:00:00,Kolkata-Gauge-1,2,1.16,1.243,1.2150497177210184,1.297,1.2863297878217916,1.448,1.3811593698582258
2024-03-26 09:00:00,Kolkata-Gauge-1,2,1.243,1.263,1.2846039109059515,1.36,1.4013238050402752,1.45,1.4850195033731248
2024-03-26 10:00:00,Kolkata-Gauge-1,2,1.263,1.297,1.3058255877785574,1.435,1.4197641237425431,1.42,1.471468978925486
2024-03-26 11:00:00,Kolkata-Gauge-1,2,1.297,1.36,1.3397525043050487,1.448,1.4064868573881826,1.382,1.3493201769033072
2024-03-26 12:00:00,Kolkata-Gauge-1,2,1.36,1.435,1.4128478945408949,1.45,1.4250603028060176,1.348,1.4024261291760545
2024-03-26 13:00:00,Kolkata-Gauge-1,2,1.435,1.448,1.462505523213226,1.42,1.4356235291649833,1.32,1.3913270881736324
2024-03-26 14:00:00,Kolkata-Gauge-1,2,1.448,1.45,1.4453080820075137,1.382,1.4202938131628051,1.315,1.387161574315278
2024-03-26 15:00:00,Kolkata-Gauge-1,2,1.45,1.42,1.4429255181803289,1.348,1.4048203996539246,1.281,1.3790202645379972
2024-03-26 16:00:00,Kolkata-Gauge-1,2,1.42,1.382,1.4035803904670379,1.32,1.3782731452796462,1.277,1.3637605893578149
2024-03-26 17:00:00,Kolkata-Gauge-1,2,1.382,1.348,1.365034705773248,1.315,1.3630625527363616,1.262,1.3498277801130025
2024-03-26 18:00:00,Kolkata-Gauge-1,2,1.348,1.32,1.3408847855721424,1.281,1.3284650798805797,1.248,1.3266215650928357
2024-03-26 19:00:00,Kolkata-Gauge-1,2,1.32,1.315,1.310982568615446,1.277,1.3043243765609176,1.263,1.3025213618334484
2024-03-26 20:00:00,Kolkata-Gauge-1,2,1.315,1.281,1.3020565169844298,1.262,1.2898468104673564,1.24,1.2836700608192193
2024-03-26 21:00:00,Kolkata-Gauge-1,2,1.281,1.277,1.268735784529494,1.248,1.2501985745198672,1.266,1.2505529909716462
2024-03-26 22:00:00,Kolkata-Gauge-1,2,1.277,1.262,1.268207988984023,1.263,1.243141031457484,1.281,1.2508143828274114
2024-03-26 23:00:00,Kolkata-Gauge-1,2,1.262,1.248,1.2496487375357397,1.24,1.234721807671488,1.259,1.2308139330071308
2024-03-27 00:00:00,Kolkata-Gauge-1,2,1.248,1.263,1.2548628520659728,1.266,1.26412270670453,1.276,1.2578748485742508
2024-03-27 01:00:00,Kolkata-Gauge-1,2,1.263,1.24,1.2576676609339958,1.281,1.2670450302619225,1.246,1.262382926168509
2024-03-27 02:00:00,Kolkata-Gauge-1,2,1.24,1.266,1.2481965143244254,1.259,1.2484508035964845,1.265,1.2512513578407816
2024-03-27 03:00:00,Kolkata-Gauge-1,2,1.266,1.281,1.260204602925552,1.276,1.2563652603787934,1.265,1.2656560221622164
2024-03-27 04:00:00,Kolkata-Gauge-1,2,1.281,1.259,1.270008058385154,1.246,1.2611306136828586,1.227,1.2639189321622752
2024-03-27 05:00:00,Kolkata-Gauge-1,2,1.259,1.276,1.2573014086080256,1.265,1.256459703400685,1.195,1.260583354829935
2024-03-27 06:00:00,Kolkata-Gauge-1,2,1.276,1.246,1.2639679855838097,1.265,1.2539880847751506,1.182,1.2542415681350942
2024-03-27 07:00:00,Kolkata-Gauge-1,2,1.246,1.265,1.2441461672037828,1.227,1.2345629922975532,1.256,1.252509805004207
2024-03-27 08:00:00,Kolkata-Gauge-1,2,1.265,1.265,1.2585530715851128,1.195,1.2435637623639357,1.323,1.2912364391329096
2024-03-27 09:00:00,Kolkata-Gauge-1,2,1.265,1.227,1.2530379904348272,1.182,1.2418543492882022,1.386,1.3006780811969907
2024-03-27 10:00:00,Kolkata-Gauge-1,2,1.227,1.195,1.2170894985143903,1.256,1.2360902401978384,1.45,1.3040838831082238
2024-03-27 11:00:00,Kolkata-Gauge-1,2,1.195,1.182,1.1926247707991495,1.323,1.2464971498206943,1.472,1.2805011375414042
2024-03-27 12:00:00,Kolkata-Gauge-1,2,1.182,1.256,1.1953644582432907,1.386,1.2363161984358773,1.55,1.2578511535170684
2024-03-27 13:00:00,Kolkata-Gauge-1,2,1.256,1.323,1.3055223342840434,1.45,1.4280589615361485,1.579,1.5694848408651543
2024-03-27 14:00:00,Kolkata-Gauge-1,2,1.323,1.386,1.3823083000196974,1.472,1.4829807712535286,1.582,1.5813341114801596
2024-03-27 15:00:00,Kolkata-Gauge-1,2,1.386,1.45,1.4439848636548633,1.55,1.5614044295410472,1.56,1.574445838940471
2024-03-27 16:00:00,Kolkata-Gauge-1,2,1.45,1.472,1.489907482485435,1.579,1.514540825227193,1.534,1.4842175697033766
2024-03-27 17:00:00,Kolkata-Gauge-1,2,1.472,1.55,1.5196246162019824,1.582,1.504923533233241,1.504,1.4893681754084471
2024-03-27 18:00:00,Kolkata-Gauge-1,2,1.55,1.579,1.5760665764278072,1.56,1.5678912622795065,1.475,1.556382643822895
2024-03-27 19:00:00,Kolkata-Gauge-1,2,1.579,1.582,1.5743436771051722,1.534,1.5494445643451265,1.514,1.5440320536413106
2024-03-27 20:00:00,Kolkata-Gauge-1,2,1.582,1.56,1.5697561181565856,1.504,1.5445321375306709,1.504,1.5346885637206382
2024-03-27 21:00:00,Kolkata-Gauge-1,2,1.56,1.534,1.5495355149762124,1.475,1.528393506394861,1.515,1.5213959554742436
2024-03-27 22:00:00,Kolkata-Gauge-1,2,1.534,1.504,1.5217482259627295,1.514,1.516504544040418,1.545,1.5218337258898538
2024-03-27 23:00:00,Kolkata-Gauge-1,2,1.504,1.475,1.4973987767942665,1.504,1.500725448110365,1.561,1.5258916269916842
2024-03-28 00:00:00,Kolkata-Gauge-1,2,1.475,1.514,1.4823980486923,1.515,1.4856280454445578,1.555,1.5029906388270013
2024-03-28 01:00:00,Kolkata-Gauge-1,2,1.514,1.504,1.50877687632151,1.545,1.5109365722579864,1.578,1.503522346746246
2024-03-28 02:00:00,Kolkata-Gauge-1,2,1.504,1.515,1.5035450741836442,1.561,1.5008123406592069,1.577,1.5051171779450114
2024-03-28 03:00:00,Kolkata-Gauge-1,2,1.515,1.545,1.5165606191455734,1.555,1.5117652935503068,1.61,1.5164453693232025
2024-03-28 04:00:00,Kolkata-Gauge-1,2,1.545,1.561,1.5574954038053483,1.578,1.5887167264245816,1.584,1.5936612473773732
2024-03-28 05:00:00,Kolkata-Gauge-1,2,1.561,1.555,1.5599251284477686,1.577,1.6010766246549963,1.571,1.5934375118954622
2024-01-01 00:00:00,Guwahati-Gauge-1,3,1.0,0.994,0.9985715923736377,1.004,1.0031402813759605,0.979,1.018771070359964
2024-01-01 01:00:00,Guwahati-Gauge-1,3,0.994,1.025,1.000495016616902,0.97,1.0060772690923172,0.993,1.0241949943854256
2024-01-01 02:00:00,Guwahati-Gauge-1,3,1.025,1.004,1.0240302763543778,0.933,1.0115858354358154,1.018,1.0281495464740533
2024-01-01 03:00:00,Guwahati-Gauge-1,3,1.004,0.97,0.9989974831525081,0.979,1.0045067321162693,1.089,1.038079597386472
2024-01-01 04:00:00,Guwahati-Gauge-1,3,0.97,0.933,0.9718898283679487,0.993,0.9922805174794516,1.141,1.0671706559507315
2024-01-01 05:00:00,Guwahati-Gauge-1,3,0.933,0.979,0.9484430381131014,1.018,0.9625903247345696,1.162,1.0401049725802534
2024-01-01 06:00:00,Guwahati-Gauge-1,3,0.979,0.993,0.9964514646193219,1.089,1.0634674995400932,1.212,1.127667543755201
2024-01-01 07:00:00,Guwahati-Gauge-1,3,0.993,1.018,1.0246084526432393,1.141,1.1010474813379796,1.223,1.145699156449628
2024-01-01 08:00:00,Guwahati-Gauge-1,3,1.018,1.089,1.054380673971113,1.162,1.1186982714005835,1.237,1.162064887184051
2024-01-01 09:00:00,Guwahati-Gauge-1,3,1.089,1.141,1.1357467304840339,1.212,1.2025872644007891,1.218,1.174108140972646
2024-01-01 10:00:00,Guwahati-Gauge-1,3,1.141,1.162,1.181895514695769,1.223,1.2302358748576536,1.192,1.2164558525546745
2024-01-01 11:00:00,Guwahati-Gauge-1,3,1.162,1.212,1.2031169641768547,1.237,1.2277979894697277,1.193,1.2189983665569322
2024-01-01 12:00:00,Guwahati-Gauge-1,3,1.212,1.223,1.222003732457445,1.218,1.2157180030817627,1.161,1.1937984738268155
2024-01-01 13:00:00,Guwahati-Gauge-1,3,1.223,1.237,1.231430944423557,1.192,1.216806063995208,1.157,1.2058959228518507
2024-01-01 14:00:00,Guwahati-Gauge-1,3,1.237,1.218,1.2356422573296724,1.193,1.2212922397648296,1.186,1.2185615420500904
2024-01-01 15:00:00,Guwahati-Gauge-1,3,1.218,1.192,1.2118612696966748,1.161,1.2069005492007496,1.197,1.1927672408924683
2024-01-01 16:00:00,Guwahati-Gauge-1,3,1.192,1.193,1.1839499655050725,1.157,1.1839343505070508,1.197,1.1793304878577864
2024-01-01 17:00:00,Guwahati-Gauge-1,3,1.193,1.161,1.182212894448913,1.186,1.1814485742246383,1.171,1.1806696765167892
2024-01-01 18:00:00,Guwahati-Gauge-1,3,1.161,1.157,1.1560781760698082,1.197,1.1694594951958273,1.166,1.155790435256848
2024-01-01 19:00:00,Guwahati-Gauge-1,3,1.157,1.186,1.1609118450454978,1.197,1.1705465986728878,1.146,1.154849600599821
2024-01-01 20:00:00,Guwahati-Gauge-1,3,1.186,1.197,1.1758045047521624,1.171,1.1766088798529823,1.172,1.1810211298381672
2024-01-01 21:00:00,Guwahati-Gauge-1,3,1.197,1.197,1.1988079657747464,1.166,1.1823033489335164,1.159,1.1848912287329383
2024-01-01 22:00:00,Guwahati-Gauge-1,3,1.197,1.171,1.1943117195000146,1.146,1.180150772034484,1.139,1.1810341089994032
2024-01-01 23:00:00,Guwahati-Gauge-1,3,1.171,1.166,1.1679826824177382,1.172,1.170207138320508,1.132,1.16615624871464
2024-01-02 00:00:00,Guwahati-Gauge-1,3,1.166,1.146,1.1616679451914171,1.159,1.1645693889458797,1.113,1.1604991406454261
2024-01-02 01:00:00,Guwahati-Gauge-1,3,1.146,1.172,1.1478309067942554,1.139,1.1403027600422084,1.115,1.13174023640957
2024-01-02 02:00:00,Guwahati-Gauge-1,3,1.172,1.159,1.164842969660152,1.132,1.165266633909586,1.148,1.1655544571505687
2024-01-02 03:00:00,Guwahati-Gauge-1,3,1.159,1.139,1.1538918305811827,1.113,1.1528309819822404,1.145,1.1522862438915469
2024-01-02 04:00:00,Guwahati-Gauge-1,3,1.139,1.132,1.1441689471648238,1.115,1.135200658275881,1.122,1.1303049456614092
2024-01-02 05:00:00,Guwahati-Gauge-1,3,1.132,1.113,1.1315916176868077,1.148,1.1317790107173828,1.116,1.1314922542741215
2024-01-02 06:00:00,Guwahati-Gauge-1,3,1.113,1.115,1.1167708480376157,1.145,1.1135994365678124,1.087,1.1182909104355714
2024-01-02 07:00:00,Guwahati-Gauge-1,3,1.115,1.148,1.1149478516867677,1.122,1.1116350006247122,1.142,1.1236083664450356
2024-01-02 08:00:00,Guwahati-Gauge-1,3,1.148,1.145,1.1416819206761084,1.116,1.137251953481126,1.174,1.1407194586890952
2024-01-02 09:00:00,Guwahati-Gauge-1,3,1.145,1.122,1.1375736638988354,1.087,1.1352173212165317,1.193,1.134888216208204
2024-01-02 10:00:00,Guwahati-Gauge-1,3,1.122,1.116,1.1206964918058613,1.142,1.1171847694497958,1.203,1.1263704317276724
2024-01-02 11:00:00,Guwahati-Gauge-1,3,1.116,1.087,1.1098170171087516,1.174,1.112383822560702,1.224,1.1256620884504378
2024-01-02 12:00:00,Guwahati-Gauge-1,3,1.087,1.142,1.0863234460849411,1.193,1.0837279218744993,1.244,1.097392827302022
2024-01-02 13:00:00,Guwahati-Gauge-1,3,1.142,1.174,1.1393951373337394,1.203,1.138966842076023,1.263,1.1448258529082096
2024-01-02 14:00:00,Guwahati-Gauge-1,3,1.174,1.193,1.1742647253633385,1.224,1.172888088340399,1.333,1.2141676865688191
2024-01-02 15:00:00,Guwahati-Gauge-1,3,1.193,1.203,1.1920749901514545,1.244,1.200039730807854,1.349,1.2374216458832685
2024-01-02 16:00:00,Guwahati-Gauge-1,3,1.203,1.224,1.2025289689453509,1.263,1.2018851791996814,1.357,1.2340586799170339
2024-01-02 17:00:00,Guwahati-Gauge-1,3,1.224,1.244,1.2521173722831813,1.333,1.3402292270715181,1.347,1.3404720006554303
2024-01-02 18:00:00,Guwahati-Gauge-1,3,1.244,1.263,1.2666297174772012,1.349,1.346369370042654,1.349,1.3325019017281328
2024-01-02 19:00:00,Guwahati-Gauge-1,3,1.263,1.333,1.3060846548624665,1.357,1.3498932844037559,1.271,1.3287573923842728
2024-01-02 20:00:00,Guwahati-Gauge-1,3,1.333,1.349,1.3476827650337286,1.347,1.330222350935773,1.273,1.2572545753155566
2024-01-02 21:00:00,Guwahati-Gauge-1,3,1.349,1.357,1.3486688313903272,1.349,1.3327442489765786,1.215,1.2644024157847866
2024-01-02 22:00:00,Guwahati-Gauge-1,3,1.357,1.347,1.3580868905394496,1.271,1.3316271239924162,1.24,1.2897453601014928
2024-01-02 23:00:00,Guwahati-Gauge-1,3,1.347,1.349,1.3332229960378794,1.273,1.3011292826075236,1.199,1.2601305445269269
2024-01-03 00:00:00,Guwahati-Gauge-1,3,1.349,1.271,1.3253851999048307,1.215,1.3010821103655528,1.179,1.2638722220982674
2024-01-03 01:00:00,Guwahati-Gauge-1,3,1.271,1.273,1.2699889095594987,1.24,1.2494846437752376,1.136,1.227140724277331
2024-01-03 02:00:00,Guwahati-Gauge-1,3,1.273,1.215,1.2622585191166622,1.199,1.2433391116455264,1.169,1.229324626419642
2024-01-03 03:00:00,Guwahati-Gauge-1,3,1.215,1.24,1.219393505935998,1.179,1.204202580875602,1.164,1.1907279816845775
2024-01-03 04:00:00,Guwahati-Gauge-1,3,1.24,1.199,1.235014971825995,1.136,1.2170318225328396,1.205,1.213187732330857
2024-01-03 05:00:00,Guwahati-Gauge-1,3,1.199,1.179,1.1897153876537745,1.169,1.1912034475541164,1.239,1.1901428209107547
2024-01-03 06:00:00,Guwahati-Gauge-1,3,1.179,1.136,1.1655378706345114,1.164,1.159853540732724,1.257,1.1711747951734701
2024-01-03 07:00:00,Guwahati-Gauge-1,3,1.136,1.169,1.1428084813511552,1.205,1.134333292566968,1.222,1.1345417700769154
2024-01-03 08:00:00,Guwahati-Gauge-1,3,1.169,1.164,1.1573272372879824,1.239,1.1595425967432689,1.219,1.1715516109575703
2024-01-03 09:00:00,Guwahati-Gauge-1,3,1.164,1.205,1.161539069921799,1.257,1.1656652938430223,1.24,1.1565148644885173
2024-01-03 10:00:00,Guwahati-Gauge-1,3,1.205,1.239,1.2100841226488572,1.222,1.1992488602672027,1.241,1.1900278543863676
2024-01-03 11:00:00,Guwahati-Gauge-1,3,1.239,1.257,1.230615910218159,1.219,1.221153177781568,1.226,1.2174563280964228
2024-01-03 12:00:00,Guwahati-Gauge-1,3,1.257,1.222,1.2493284919149388,1.24,1.2386114238417198,1.226,1.2157735596103447
2024-01-03 13:00:00,Guwahati-Gauge-1,3,1.222,1.219,1.2111702382996983,1.241,1.2094790489521487,1.228,1.2012686797493326
2024-01-03 14:00:00,Guwahati-Gauge-1,3,1.219,1.24,1.215004401420887,1.226,1.2132663411536746,1.192,1.1953060019209572
2024-01-03 15:00:00,Guwahati-Gauge-1,3,1.24,1.241,1.2336494380573138,1.226,1.2205588372610034,1.175,1.2049728255768606
2024-01-03 16:00:00,Guwahati-Gauge-1,3,1.241,1.226,1.2326100012958388,1.228,1.2202601500946946,1.184,1.2076176223927704
2024-01-03 17:00:00,Guwahati-Gauge-1,3,1.226,1.226,1.219192970629528,1.192,1.2104064809742963,1.196,1.2115284003023952
2024-01-03 18:00:00,Guwahati-Gauge-1,3,1.226,1.228,1.220051782983704,1.175,1.2110681641653136,1.195,1.2086840974529625
2024-01-03 19:00:00,Guwahati-Gauge-1,3,1.228,1.192,1.2193656139572953,1.184,1.2124819539217744,1.182,1.2087273320109373
2024-01-03 20:00:00,Guwahati-Gauge-1,3,1.192,1.175,1.1894198252569417,1.196,1.1890835433489733,1.176,1.1943085596166474
2024-01-03 21:00:00,Guwahati-Gauge-1,3,1.175,1.184,1.1747734694310392,1.195,1.1756072582347068,1.159,1.1935321765389557
2024-01-03 22:00:00,Guwahati-Gauge-1,3,1.184,1.196,1.1881678250892092,1.182,1.1787737836452408,1.156,1.189563504285425
2024-01-03 23:00:00,Guwahati-Gauge-1,3,1.196,1.195,1.196077296078801,1.176,1.188382471541018,1.171,1.199216124558661
2024-01-04 00:00:00,Guwahati-Gauge-1,3,1.195,1.182,1.1922042301815337,1.159,1.1844624117848308,1.218,1.196068974962336
2024-01-04 01:00:00,Guwahati-Gauge-1,3,1.182,1.176,1.182143086484235,1.156,1.1801239248399147,1.191,1.1914545027249628
2024-01-04 02:00:00,Guwahati-Gauge-1,3,1.176,1.159,1.1766718093202257,1.171,1.1730834396916408,1.211,1.1969965183134514
2024-01-04 03:00:00,Guwahati-Gauge-1,3,1.159,1.156,1.1571529031948173,1.218,1.1620972196218147,1.214,1.1626026744191118
2024-01-04 04:00:00,Guwahati-Gauge-1,3,1.156,1.171,1.156331752331676,1.191,1.1533423552736601,1.176,1.1593559246942637
2024-01-04 05:00:00,Guwahati-Gauge-1,3,1.171,1.218,1.1737056641155148,1.211,1.175253614873244,1.17,1.1880947035251024
2024-01-04 06:00:00,Guwahati-Gauge-1,3,1.218,1.191,1.2094429182228963,1.214,1.2161937751397618,1.163,1.2143403606762326
2024-01-04 07:00:00,Guwahati-Gauge-1,3,1.191,1.211,1.1908235922795134,1.176,1.1858997081179017,1.159,1.1949113227353243
2024-01-04 08:00:00,Guwahati-Gauge-1,3,1.211,1.214,1.2024761861842341,1.17,1.190315311447886,1.176,1.1970887963310692
2024-01-04 09:00:00,Guwahati-Gauge-1,3,1.214,1.176,1.2021264444178457,1.163,1.18719098953236,1.21,1.1962716927632289
2024-01-04 10:00:00,Guwahati-Gauge-1,3,1.176,1.17,1.1745447494652503,1.159,1.1811672530876243,1.231,1.196268890564095
2024-01-04 11:00:00,Guwahati-Gauge-1,3,1.17,1.163,1.1657696386109946,1.176,1.1746031285211131,1.232,1.191973815950542
2024-01-04 12:00:00,Guwahati-Gauge-1,3,1.163,1.159,1.1574472648038152,1.21,1.1661907894168881,1.238,1.1828403219770702
2024-01-04 13:00:00,Guwahati-Gauge-1,3,1.159,1.176,1.1596947813973648,1.231,1.1640481312379465,1.279,1.1814390009002353
2024-01-04 14:00:00,Guwahati-Gauge-1,3,1.176,1.21,1.1730493686882337,1.232,1.1774862317948196,1.255,1.1910136515543244
2024-01-04 15:00:00,Guwahati-Gauge-1,3,1.21,1.231,1.2045442525544303,1.238,1.1959092006306529,1.279,1.1992465554846263
2024-01-04 16:00:00,Guwahati-Gauge-1,3,1.231,1.232,1.2258973377379443,1.279,1.220411361320189,1.283,1.2221740277046593
2024-01-04 17:00:00,Guwahati-Gauge-1,3,1.232,1.238,1.2342922839142259,1.255,1.249664091519476,1.277,1.2850837468252763
2024-01-04 18:00:00,Guwahati-Gauge-1,3,1.238,1.279,1.2513827968340117,1.279,1.2649237142827139,1.311,1.289973143906835
2024-01-04 19:00:00,Guwahati-Gauge-1,3,1.279,1.255,1.2808324861680034,1.283,1.2848413612665763,1.299,1.285888846722803
2024-01-04 20:00:00,Guwahati-Gauge-1,3,1.255,1.279,1.263646584889408,1.277,1.2665873593242767,1.317,1.274734283420359
2024-01-04 21:00:00,Guwahati-Gauge-1,3,1.279,1.283,1.2741848024348918,1.311,1.2739594780628276,1.372,1.2611772105096284
2024-01-04 22:00:00,Guwahati-Gauge-1,3,1.283,1.277,1.3000933343596766,1.299,1.3370272884985395,1.35,1.3663028170217764
2024-01-04 23:00:00,Guwahati-Gauge-1,3,1.277,1.311,1.30408455997502,1.317,1.3382884847559853,1.385,1.3552342029871967
2024-01-05 00:00:00,Guwahati-Gauge-1,3,1.311,1.299,1.315691796093167,1.372,1.3688519200532192,1.338,1.3448864038947224
2024-01-05 01:00:00,Guwahati-Gauge-1,3,1.299,1.317,1.3028605630497303,1.35,1.3244977234538076,1.358,1.307643655099004
2024-01-05 02:00:00,Guwahati-Gauge-1,3,1.317,1.372,1.3569201560076751,1.385,1.3724960138949387,1.323,1.3484898310404412
2024-01-05 03:00:00,Guwahati-Gauge-1,3,1.372,1.35,1.3889298001131025,1.338,1.386799089089507,1.313,1.3786457793042082
2024-01-05 04:00:00,Guwahati-Gauge-1,3,1.35,1.385,1.3638658753828594,1.358,1.3500192829367257,1.311,1.3666967807981452
2024-01-05 05:00:00,Guwahati-Gauge-1,3,1.385,1.338,1.3763834228632084,1.323,1.367560784110236,1.298,1.3403450223514983
2024-01-05 06:00:00,Guwahati-Gauge-1,3,1.338,1.358,1.3454620065271814,1.313,1.3368238521327276,1.287,1.322091563883582
2024-01-05 07:00:00,Guwahati-Gauge-1,3,1.358,1.323,1.35100267336001,1.311,1.3438094465674706,1.251,1.332163008861496
2024-01-05 08:00:00,Guwahati-Gauge-1,3,1.323,1.313,1.3168801009650026,1.298,1.3206012933126865,1.274,1.3181547531745053
2024-01-05 09:00:00,Guwahati-Gauge-1,3,1.313,1.311,1.3075346739804599,1.287,1.299797274175456,1.243,1.3076680825062883
2024-01-05 10:00:00,Guwahati-Gauge-1,3,1.311,1.298,1.3009350072263524,1.251,1.2872621171447944,1.213,1.2713313854156878
2024-01-05 11:00:00,Guwahati-Gauge-1,3,1.298,1.287,1.294476187608056,1.274,1.2893608027921644,1.206,1.2711521068533786
2024-01-05 12:00:00,Guwahati-Gauge-1,3,1.287,1.251,1.2681621175905085,1.243,1.2641464983971964,1.186,1.2531874219644814
2024-01-05 13:00:00,Guwahati-Gauge-1,3,1.251,1.274,1.2558838909186993,1.213,1.2313275759130191,1.198,1.218805513613101
2024-01-05 14:00:00,Guwahati-Gauge-1,3,1.274,1.243,1.2625585645694604,1.206,1.2451696432903658,1.182,1.2356533001672287
2024-01-05 15:00:00,Guwahati-Gauge-1,3,1.243,1.213,1.238427173066513,1.186,1.2218952093556663,1.176,1.21721995600731
2024-01-05 16:00:00,Guwahati-Gauge-1,3,1.213,1.206,1.2132271859665953,1.198,1.1987151451267992,1.174,1.1793298295586956
2024-01-05 17:00:00,Guwahati-Gauge-1,3,1.206,1.186,1.2057344903785239,1.182,1.1946605138125845,1.188,1.183700440005023
2024-01-05 18:00:00,Guwahati-Gauge-1,3,1.186,1.198,1.181756487226978,1.176,1.1726506835680612,1.172,1.1774341488524758
2024-01-05 19:00:00,Guwahati-Gauge-1,3,1.198,1.182,1.195154961517012,1.174,1.1813234971704247,1.133,1.1823190011147915
2024-01-05 20:00:00,Guwahati-Gauge-1,3,1.182,1.176,1.1761678239597195,1.188,1.172174430461685,1.113,1.172348346469344
2024-01-05 21:00:00,Guwahati-Gauge-1,3,1.176,1.174,1.1701848575160718,1.172,1.1699646435163649,1.132,1.1676639223716874
2024-01-05 22:00:00,Guwahati-Gauge-1,3,1.174,1.188,1.171105612901927,1.133,1.169871012727783,1.135,1.1758326565291592
2024-01-05 23:00:00,Guwahati-Gauge-1,3,1.188,1.172,1.18773991090592,1.113,1.1822548881379638,1.124,1.1791771331444934
2024-01-06 00:00:00,Guwahati-Gauge-1,3,1.172,1.133,1.1658578026768398,1.132,1.1709434255184437,1.121,1.1656260417234683
2024-01-06 01:00:00,Guwahati-Gauge-1,3,1.133,1.113,1.127649646635862,1.135,1.1225829206392879,1.112,1.1266542646360755
2024-01-06 02:00:00,Guwahati-Gauge-1,3,1.113,1.132,1.1113112162803889,1.124,1.1091687879009675,1.125,1.1107466148306675
2024-01-06 03:00:00,Guwahati-Gauge-1,3,1.132,1.135,1.128956831094488,1.121,1.1209286510452656,1.128,1.1251832668462665
2024-01-06 04:00:00,Guwahati-Gauge-1,3,1.135,1.124,1.1321621659831316,1.112,1.1189988607939791,1.119,1.1236561883304865
2024-01-06 05:00:00,Guwahati-Gauge-1,3,1.124,1.121,1.1203252776842902,1.125,1.1148457720652227,1.134,1.1188805641067285
2024-01-06 06:00:00,Guwahati-Gauge-1,3,1.121,1.112,1.1203762684026393,1.128,1.1135108614297675,1.154,1.1177994474314645
2024-01-06 07:00:00,Guwahati-Gauge-1,3,1.112,1.125,1.1073160965640627,1.119,1.1058789766023407,1.154,1.1216455051681693
2024-01-06 08:00:00,Guwahati-Gauge-1,3,1.125,1.128,1.1215457206322743,1.134,1.1158953248367787,1.155,1.1214547683388065
2024-01-06 09:00:00,Guwahati-Gauge-1,3,1.128,1.119,1.1228230034450766,1.154,1.119531970960644,1.221,1.1444388356650665
2024-01-06 10:00:00,Guwahati-Gauge-1,3,1.119,1.134,1.1168916339052746,1.154,1.1141268162317925,1.25,1.130148946017791
2024-01-06 11:00:00,Guwahati-Gauge-1,3,1.134,1.154,1.131893612535244,1.155,1.1217918381070011,1.298,1.1420973170829687
2024-01-06 12:00:00,Guwahati-Gauge-1,3,1.154,1.154,1.1491038603843933,1.221,1.1560394792815807,1.332,1.1954489139319897
2024-01-06 13:00:00,Guwahati-Gauge-1,3,1.154,1.155,1.1666637729782992,1.25,1.2245146976734538,1.335,1.2763341461940374
2024-01-06 14:00:00,Guwahati-Gauge-1,3,1.155,1.221,1.1799566346351966,1.298,1.227143078379413,1.285,1.2660954049082418
2024-01-06 15:00:00,Guwahati-Gauge-1,3,1.221,1.25,1.2404277198700322,1.332,1.321868618638805,1.255,1.2898554175249568
2024-01-06 16:00:00,Guwahati-Gauge-1,3,1.25,1.298,1.2652456023621952,1.335,1.2601405034211075,1.263,1.2387946519815893
2024-01-06 17:00:00,Guwahati-Gauge-1,3,1.298,1.332,1.3063877174386955,1.285,1.2959277450136324,1.239,1.256871896226253
2024-01-06 18:00:00,Guwahati-Gauge-1,3,1.332,1.335,1.3437062844735357,1.255,1.313982913287877,1.23,1.2644997539793663
2024-01-06 19:00:00,Guwahati-Gauge-1,3,1.335,1.285,1.3255488751800246,1.263,1.303498679809249,1.241,1.2619643666343692
2024-01-06 20:00:00,Guwahati-Gauge-1,3,1.285,1.255,1.270780097509655,1.239,1.2635961394094575,1.237,1.2530141414848532
2024-01-06 21:00:00,Guwahati-Gauge-1,3,1.255,1.263,1.254531157568949,1.23,1.2398646183535111,1.238,1.2250295909585394
2024-01-06 22:00:00,Guwahati-Gauge-1,3,1.263,1.239,1.2551848694094374,1.241,1.2472477905193928,1.258,1.2331457258080283
2024-01-06 23:00:00,Guwahati-Gauge-1,3,1.239,1.23,1.2345309886098732,1.237,1.2301224001802817,1.28,1.2193065317920193
2024-01-07 00:00:00,Guwahati-Gauge-1,3,1.23,1.241,1.226925054886884,1.238,1.2166420322289817,1.271,1.2126414606397917
2024-01-07 01:00:00,Guwahati-Gauge-1,3,1.241,1.237,1.239441596889956,1.258,1.2225098420243392,1.288,1.2188458821005035
2024-01-07 02:00:00,Guwahati-Gauge-1,3,1.237,1.238,1.2357284421020323,1.28,1.221659042639875,1.26,1.216324701595171
2024-01-07 03:00:00,Guwahati-Gauge-1,3,1.238,1.258,1.2367820709286668,1.271,1.2217726678803755,1.257,1.2171279706067266
2024-01-07 04:00:00,Guwahati-Gauge-1,3,1.258,1.28,1.2559992300094434,1.288,1.2399067794061644,1.261,1.2252398908494124
2024-01-07 05:00:00,Guwahati-Gauge-1,3,1.28,1.271,1.2675370644011503,1.26,1.2488602222428862,1.251,1.236555989256658
2024-01-07 06:00:00,Guwahati-Gauge-1,3,1.271,1.288,1.2732205232971325,1.257,1.2475500826869634,1.239,1.2159680342961272
2024-01-07 07:00:00,Guwahati-Gauge-1,3,1.288,1.26,1.2745357689785841,1.261,1.25770406383726,1.209,1.2408777123264236
2024-01-07 08:00:00,Guwahati-Gauge-1,3,1.26,1.257,1.2565980226784956,1.251,1.2388156408587194,1.202,1.2059591670335235
2024-01-07 09:00:00,Guwahati-Gauge-1,3,1.257,1.261,1.2549288626217583,1.239,1.2354901625113959,1.164,1.2041675236766962
2024-01-07 10:00:00,Guwahati-Gauge-1,3,1.261,1.251,1.254556927970602,1.209,1.2388565734616743,1.156,1.2066132999833967
2024-01-07 11:00:00,Guwahati-Gauge-1,3,1.251,1.239,1.2474579041010119,1.202,1.2266076239194745,1.153,1.2039821628078407
2024-01-07 12:00:00,Guwahati-Gauge-1,3,1.239,1.209,1.2278545587257286,1.164,1.2172838192935345,1.163,1.2031966225742854
2024-01-07 13:00:00,Guwahati-Gauge-1,3,1.209,1.202,1.2029907874635897,1.156,1.1921346979161696,1.135,1.1820035098681032
2024-01-07 14:00:00,Guwahati-Gauge-1,3,1.202,1.164,1.1936130693372176,1.153,1.185298096699187,1.138,1.183690717894013
2024-01-07 15:00:00,Guwahati-Gauge-1,3,1.164,1.156,1.1554717936548389,1.163,1.1582738846609582,1.145,1.1567879831665302
2024-01-07 16:00:00,Guwahati-Gauge-1,3,1.156,1.153,1.1533789590629666,1.135,1.1415289358310294,1.14,1.1485718847473028
2024-01-07 17:00:00,Guwahati-Gauge-1,3,1.153,1.163,1.1518021416662958,1.138,1.1444390435067704,1.145,1.1436842490505401
2024-01-07 18:00:00,Guwahati-Gauge-1,3,1.163,1.135,1.155492217428315,1.145,1.1568711146810722,1.146,1.1617671537016696
2024-01-07 19:00:00,Guwahati-Gauge-1,3,1.135,1.138,1.1399288059378772,1.14,1.1234618251517081,1.089,1.1240896408048497
2024-01-07 20:00:00,Guwahati-Gauge-1,3,1.138,1.145,1.1374112801650256,1.145,1.1230036215193195,1.068,1.122974397078618
2024-01-07 21:00:00,Guwahati-Gauge-1,3,1.145,1.14,1.1363701688115535,1.146,1.128128980946691,1.109,1.1246442693843293
2024-01-07 22:00:00,Guwahati-Gauge-1,3,1.14,1.145,1.139080496402607,1.089,1.1221651805774624,1.119,1.1244314350954874
2024-01-07 23:00:00,Guwahati-Gauge-1,3,1.145,1.146,1.136005136781041,1.068,1.1277495878545054,1.105,1.1293256240187441
2024-01-08 00:00:00,Guwahati-Gauge-1,3,1.146,1.089,1.1357754792525752,1.109,1.1291755477341712,1.11,1.1286760973900742
2024-01-08 01:00:00,Guwahati-Gauge-1,3,1.089,1.068,1.0805489327058977,1.119,1.0875201117880104,1.122,1.0982118961633125
2024-01-08 02:00:00,Guwahati-Gauge-1,3,1.068,1.109,1.0686598126864058,1.105,1.0585608400630617,1.15,1.095291633045065
2024-01-08 03:00:00,Guwahati-Gauge-1,3,1.109,1.119,1.1111867032118021,1.11,1.1203402221838503,1.139,1.147279913814052
2024-01-08 04:00:00,Guwahati-Gauge-1,3,1.119,1.105,1.1174545410347538,1.122,1.1245649756105331,1.147,1.152889209573847
2024-01-08 05:00:00,Guwahati-Gauge-1,3,1.105,1.11,1.1072043749438472,1.15,1.1167063060915396,1.155,1.1354792790594253
2024-01-08 06:00:00,Guwahati-Gauge-1,3,1.11,1.122,1.1106764512275165,1.139,1.1212186283653882,1.161,1.1384891288962717
2024-01-08 07:00:00,Guwahati-Gauge-1,3,1.122,1.15,1.1244434243003743,1.147,1.1279604040199989,1.167,1.1451664474423102
2024-01-08 08:00:00,Guwahati-Gauge-1,3,1.15,1.139,1.142924223929363,1.155,1.1522171857508765,1.188,1.1653527949779132
2024-01-08 09:00:00,Guwahati-Gauge-1,3,1.139,1.147,1.1379461978883605,1.161,1.1454762182655123,1.196,1.1553131356810078
2024-01-08 10:00:00,Guwahati-Gauge-1,3,1.147,1.155,1.157287795134242,1.167,1.1762500943850276,1.225,1.2147752170270785
2024-01-08 11:00:00,Guwahati-Gauge-1,3,1.155,1.161,1.169653104653368,1.188,1.2064052679001056,1.292,1.2750096625847378
2024-01-08 12:00:00,Guwahati-Gauge-1,3,1.161,1.167,1.1740982204002186,1.196,1.217743737420207,1.299,1.2769591321258533
2024-01-08 13:00:00,Guwahati-Gauge-1,3,1.167,1.188,1.182344235561634,1.225,1.1885950479523784,1.333,1.2074522244699983
2024-01-08 14:00:00,Guwahati-Gauge-1,3,1.188,1.196,1.199677598774326,1.292,1.2257375780476707,1.335,1.227764570179147
2024-01-08 15:00:00,Guwahati-Gauge-1,3,1.196,1.225,1.208861068884886,1.299,1.2247264135229605,1.379,1.2333690033953728
2024-01-08 16:00:00,Guwahati-Gauge-1,3,1.225,1.292,1.2715957859917768,1.333,1.3378363498511283,1.394,1.3648170848077217
2024-01-08 17:00:00,Guwahati-Gauge-1,3,1.292,1.299,1.316855171800558,1.335,1.362762314082904,1.369,1.3716533226674414
2024-01-08 18:00:00,Guwahati-Gauge-1,3,1.299,1.333,1.3298813719493812,1.379,1.3816456686110725,1.348,1.3657977260611724
2024-01-08 19:00:00,Guwahati-Gauge-1,3,1.333,1.335,1.3542634818956558,1.394,1.3724147605640973,1.355,1.3574288598642559
2024-01-08 20:00:00,Guwahati-Gauge-1,3,1.335,1.379,1.3593716055716512,1.369,1.357687630655405,1.342,1.3467488319500969
2024-01-08 21:00:00,Guwahati-Gauge-1,3,1.379,1.394,1.3967104731234588,1.348,1.3808508901302632,1.366,1.3832460236302184
2024-01-08 22:00:00,Guwahati-Gauge-1,3,1.394,1.369,1.3874044059012443,1.355,1.3692489642540182,1.335,1.3435038030228663
2024-01-08 23:00:00,Guwahati-Gauge-1,3,1.369,1.348,1.3499829207052951,1.342,1.3512469315142324,1.35,1.3417797313414452
2024-01-09 00:00:00,Guwahati-Gauge-1,3,1.348,1.355,1.3477050168924796,1.366,1.339494189433282,1.387,1.3369248284569577
2024-01-09 01:00:00,Guwahati-Gauge-1,3,1.355,1.342,1.348539635159823,1.335,1.3437002922262715,1.387,1.3551811536903375
2024-01-09 02:00:00,Guwahati-Gauge-1,3,1.342,1.366,1.3386959093835813,1.35,1.3341984359380281,1.366,1.3421216290167743
2024-01-09 03:00:00,Guwahati-Gauge-1,3,1.366,1.335,1.3508739262825407,1.387,1.3534286651917629,1.341,1.3424990067750222
2024-01-09 04:00:00,Guwahati-Gauge-1,3,1.335,1.35,1.3409965782808586,1.387,1.3232177848264146,1.329,1.2902399617825915
2024-01-09 05:00:00,Guwahati-Gauge-1,3,1.35,1.387,1.3570520773736985,1.366,1.334048810029236,1.334,1.2953826554835346
2024-01-09 06:00:00,Guwahati-Gauge-1,3,1.387,1.387,1.377580702123871,1.341,1.3584958874460513,1.295,1.3141028605991716
2024-01-09 07:00:00,Guwahati-Gauge-1,3,1.387,1.366,1.3778269929562315,1.329,1.3563640329413573,1.286,1.3130030063071316
2024-01-09 08:00:00,Guwahati-Gauge-1,3,1.366,1.341,1.351551562128758,1.334,1.338541922106837,1.285,1.306057966074007
2024-01-09 09:00:00,Guwahati-Gauge-1,3,1.341,1.329,1.3327795379309715,1.295,1.3088545537067162,1.313,1.2926656084142618
2024-01-09 10:00:00,Guwahati-Gauge-1,3,1.329,1.334,1.3246884847879903,1.286,1.3016917877561716,1.346,1.2866631450161319
2024-01-09 11:00:00,Guwahati-Gauge-1,3,1.334,1.295,1.32291107523064,1.285,1.300152867859721,1.338,1.2857313233884744
2024-01-09 12:00:00,Guwahati-Gauge-1,3,1.295,1.286,1.2898169517050735,1.313,1.2872153691168466,1.311,1.27424245091408
2024-01-09 13:00:00,Guwahati-Gauge-1,3,1.286,1.285,1.2881114723502867,1.346,1.3171252256439534,1.32,1.281907226449309
2024-01-09 14:00:00,Guwahati-Gauge-1,3,1.285,1.313,1.288710232196106,1.338,1.2977591302656486,1.328,1.2701453672427168
2024-01-09 15:00:00,Guwahati-Gauge-1,3,1.313,1.346,1.3191000973878235,1.311,1.3008852378513143,1.357,1.2829120962243885
2024-01-09 16:00:00,Guwahati-Gauge-1,3,1.346,1.338,1.3354872277015566,1.32,1.311732455797565,1.352,1.2870040896252768
2024-01-09 17:00:00,Guwahati-Gauge-1,3,1.338,1.311,1.3262514056430819,1.328,1.3100447332182639,1.339,1.285886912684561
2024-01-09 18:00:00,Guwahati-Gauge-1,3,1.311,1.32,1.305049133213732,1.357,1.2887100011877375,1.346,1.2763101295555475
2024-01-09 19:00:00,Guwahati-Gauge-1,3,1.32,1.328,1.320685203510224,1.352,1.3186778680297044,1.332,1.2874286210119499
2024-01-09 20:00:00,Guwahati-Gauge-1,3,1.328,1.357,1.333081527332509,1.339,1.3139869328364642,1.319,1.2859229570604416
2024-01-09 21:00:00,Guwahati-Gauge-1,3,1.357,1.352,1.3630716219352368,1.346,1.3644061279314743,1.296,1.3250864479323812
2024-01-09 22:00:00,Guwahati-Gauge-1,3,1.352,1.339,1.3462101754999365,1.332,1.3224312029826633,1.265,1.2919467918610932
2024-01-09 23:00:00,Guwahati-Gauge-1,3,1.339,1.346,1.3344221952637763,1.319,1.3105438493128072,1.272,1.2846202583915451
2024-01-10 00:00:00,Guwahati-Gauge-1,3,1.346,1.332,1.3389479653611567,1.296,1.3092377128437882,1.272,1.2866140982181686
2024-01-10 01:00:00,Guwahati-Gauge-1,3,1.332,1.319,1.3284931745041342,1.265,1.303677948434203,1.251,1.2829521414396552
2024-01-10 02:00:00,Guwahati-Gauge-1,3,1.319,1.296,1.3094423645332514,1.272,1.2911898210221489,1.262,1.2765004994650255
2024-01-10 03:00:00,Guwahati-Gauge-1,3,1.296,1.265,1.2883898966082319,1.272,1.2859708955735742,1.22,1.2662502284511106
2024-01-10 04:00:00,Guwahati-Gauge-1,3,1.265,1.272,1.258649927089747,1.251,1.2455042414707878,1.207,1.2316637191044275
2024-01-10 05:00:00,Guwahati-Gauge-1,3,1.272,1.272,1.2655406022042044,1.262,1.259366776119789,1.206,1.2425246239740124
2024-01-10 06:00:00,Guwahati-Gauge-1,3,1.272,1.251,1.2660867017119872,1.22,1.2557332276363027,1.223,1.239340365689434
2024-01-10 07:00:00,Guwahati-Gauge-1,3,1.251,1.262,1.2537393590221677,1.207,1.236046516367818,1.205,1.2184563737641851
2024-01-10 08:00:00,Guwahati-Gauge-1,3,1.262,1.22,1.254262122711571,1.206,1.2420923379211621,1.222,1.2283406402045278
2024-01-10 09:00:00,Guwahati-Gauge-1,3,1.22,1.207,1.214649473141562,1.223,1.2155271195512936,1.204,1.2127582858238688
2024-01-10 10:00:00,Guwahati-Gauge-1,3,1.207,1.206,1.206281326423116,1.205,1.1953293715882942,1.215,1.1900011881173838
2024-01-10 11:00:00,Guwahati-Gauge-1,3,1.206,1.223,1.2035456027882576,1.222,1.1970843441361556,1.243,1.1839499643414042
2024-01-10 12:00:00,Guwahati-Gauge-1,3,1.223,1.205,1.2171082722441304,1.204,1.2115287226521783,1.217,1.2000171784052251
2024-01-10 13:00:00,Guwahati-Gauge-1,3,1.205,1.222,1.2078920596050275,1.215,1.1969403574924093,1.214,1.1840790665548206
2024-01-10 14:00:00,Guwahati-Gauge-1,3,1.222,1.204,1.2161820750995709,1.243,1.2130154461927707,1.219,1.2031787946978163
2024-01-10 15:00:00,Guwahati-Gauge-1,3,1.204,1.215,1.2040935323772872,1.217,1.1907977737822548,1.188,1.187035518591453
2024-01-10 16:00:00,Guwahati-Gauge-1,3,1.215,1.243,1.2137659395229174,1.214,1.196704876840553,1.192,1.1874071420117502
2024-01-10 17:00:00,Guwahati-Gauge-1,3,1.243,1.217,1.2302344764714943,1.219,1.2237887478893457,1.177,1.219647456111755
2024-01-10 18:00:00,Guwahati-Gauge-1,3,1.217,1.214,1.2114528364344954,1.188,1.2019979625222195,1.156,1.1768442050951087
2024-01-10 19:00:00,Guwahati-Gauge-1,3,1.214,1.219,1.2045351106583024,1.192,1.1929510033648119,1.144,1.182538245472877
2024-01-10 20:00:00,Guwahati-Gauge-1,3,1.219,1.188,1.2092242519870993,1.177,1.2099719477226363,1.131,1.1907929073474597
2024-01-10 21:00:00,Guwahati-Gauge-1,3,1.188,1.192,1.1881127620920116,1.156,1.182694367942441,1.144,1.1848862540071678
2024-01-10 22:00:00,Guwahati-Gauge-1,3,1.192,1.177,1.1884248641088677,1.144,1.1800518447488242,1.14,1.1995132696171864
2024-01-10 23:00:00,Guwahati-Gauge-1,3,1.177,1.156,1.171693392460608,1.131,1.1741433353343107,1.182,1.1967216716632854
2024-01-11 00:00:00,Guwahati-Gauge-1,3,1.156,1.144,1.1523365367474576,1.144,1.1542987880216105,1.166,1.164552146952523
2024-01-11 01:00:00,Guwahati-Gauge-1,3,1.144,1.131,1.1363712380327358,1.14,1.1281377609178105,1.172,1.1252917421485478
2024-01-11 02:00:00,Guwahati-Gauge-1,3,1.131,1.144,1.132391987510906,1.182,1.1196872299002172,1.17,1.1222533062477675
2024-01-11 03:00:00,Guwahati-Gauge-1,3,1.144,1.14,1.1362453231423777,1.166,1.129866164598665,1.145,1.1249239477959538
2024-01-11 04:00:00,Guwahati-Gauge-1,3,1.14,1.182,1.1386605200213638,1.172,1.1228439120427283,1.179,1.1226266204206683
2024-01-11 05:00:00,Guwahati-Gauge-1,3,1.182,1.166,1.1789707943781649,1.17,1.1821972805256848,1.184,1.18978249089482
2024-01-11 06:00:00,Guwahati-Gauge-1,3,1.166,1.172,1.1659081753298126,1.145,1.1672770605680964,1.171,1.1704127593828662
2024-01-11 07:00:00,Guwahati-Gauge-1,3,1.172,1.17,1.1722148946478401,1.179,1.1768360813793322,1.181,1.193940820429628
2024-01-11 08:00:00,Guwahati-Gauge-1,3,1.17,1.145,1.169048139710909,1.184,1.1755101956316807,1.199,1.1934709631282698
2024-01-11 09:00:00,Guwahati-Gauge-1,3,1.145,1.179,1.152630951987503,1.171,1.1429686022207939,1.178,1.1501634783802777
2024-01-11 10:00:00,Guwahati-Gauge-1,3,1.179,1.184,1.1778302131282732,1.181,1.1773100235836256,1.176,1.186724132009421
2024-01-11 11:00:00,Guwahati-Gauge-1,3,1.184,1.171,1.1865453573558247,1.199,1.1911686638951668,1.192,1.2041503292179256
2024-01-11 12:00:00,Guwahati-Gauge-1,3,1.171,1.181,1.1748288922551486,1.178,1.1772773192632242,1.19,1.184906966279931
2024-01-11 13:00:00,Guwahati-Gauge-1,3,1.181,1.199,1.1853457329127743,1.176,1.1854826548346797,1.2,1.1917942129493733
2024-01-11 14:00:00,Guwahati-Gauge-1,3,1.199,1.178,1.1938016140272238,1.192,1.1959231309750231,1.193,1.1938374682321653
2024-01-11 15:00:00,Guwahati-Gauge-1,3,1.178,1.176,1.1747320569742528,1.19,1.1788811515608546,1.16,1.1858133665326427
2024-01-11 16:00:00,Guwahati-Gauge-1,3,1.176,1.192,1.1736446985274254,1.2,1.1789953522632168,1.156,1.184565524035085
2024-01-11 17:00:00,Guwahati-Gauge-1,3,1.192,1.19,1.190225973535974,1.193,1.1863447110499077,1.147,1.1929922311162984
2024-01-11 18:00:00,Guwahati-Gauge-1,3,1.19,1.2,1.1881796270623992,1.16,1.1854520536566835,1.147,1.1902718186236625
2024-01-11 19:00:00,Guwahati-Gauge-1,3,1.2,1.193,1.1941506305482184,1.156,1.190171319424784,1.137,1.185940889931957
2024-01-11 20:00:00,Guwahati-Gauge-1,3,1.193,1.16,1.18562770882895,1.147,1.1836881091124627,1.141,1.1787678283106442
2024-01-11 21:00:00,Guwahati-Gauge-1,3,1.16,1.156,1.1606368317897162,1.147,1.157812105910104,1.135,1.1617071051255672
2024-01-11 22:00:00,Guwahati-Gauge-1,3,1.156,1.147,1.1561283366922588,1.137,1.1474171635948451,1.151,1.1611334413113064
2024-01-11 23:00:00,Guwahati-Gauge-1,3,1.147,1.147,1.1450905711978356,1.141,1.1337483357050004,1.161,1.1324999092666939
2024-01-12 00:00:00,Guwahati-Gauge-1,3,1.147,1.137,1.1444297976187299,1.135,1.1328183164248844,1.14,1.1315788521521812
2024-01-12 01:00:00,Guwahati-Gauge-1,3,1.137,1.141,1.1423506313693599,1.151,1.127287975714279,1.162,1.1281803948403228
2024-01-12 02:00:00,Guwahati-Gauge-1,3,1.141,1.135,1.1393848580211166,1.161,1.1278290250358933,1.144,1.12852823655489
2024-01-12 03:00:00,Guwahati-Gauge-1,3,1.135,1.151,1.139307474338969,1.14,1.123930834040181,1.121,1.1284237517814326
2024-01-12 04:00:00,Guwahati-Gauge-1,3,1.151,1.161,1.152969046899112,1.162,1.1463637895224348,1.143,1.1439144462058288
2024-01-12 05:00:00,Guwahati-Gauge-1,3,1.161,1.14,1.1598310562508731,1.144,1.1599579847477368,1.131,1.1640512776661445
2024-01-12 06:00:00,Guwahati-Gauge-1,3,1.14,1.162,1.1426201378600327,1.121,1.1289760994985443,1.134,1.1285759842982064
2024-01-12 07:00:00,Guwahati-Gauge-1,3,1.162,1.144,1.1575533309468276,1.143,1.1602252409769735,1.117,1.1707076126295826
2024-01-12 08:00:00,Guwahati-Gauge-1,3,1.144,1.121,1.1404018521492143,1.131,1.132490184097869,1.119,1.1286984703072918
2024-01-12 09:00:00,Guwahati-Gauge-1,3,1.121,1.143,1.122698478812893,1.134,1.1142862146505201,1.124,1.1165142541617776
2024-01-12 10:00:00,Guwahati-Gauge-1,3,1.143,1.131,1.13897162973976,1.117,1.1321574167165758,1.122,1.1324282399185637
2024-01-12 11:00:00,Guwahati-Gauge-1,3,1.131,1.134,1.1272475338999792,1.119,1.1209680468714522,1.12,1.124965023297968
2024-01-12 12:00:00,Guwahati-Gauge-1,3,1.134,1.117,1.1295873117931339,1.124,1.122422512319258,1.13,1.130550635778083
2024-01-12 13:00:00,Guwahati-Gauge-1,3,1.117,1.119,1.11954684019618,1.122,1.1232450669447542,1.148,1.1324041569563577
2024-01-12 14:00:00,Guwahati-Gauge-1,3,1.119,1.124,1.1218634091722643,1.12,1.12508923586654,1.127,1.1229606543114208
2024-01-12 15:00:00,Guwahati-Gauge-1,3,1.124,1.122,1.1236177829276555,1.13,1.130315314433813,1.075,1.119421411334988
2024-01-12 16:00:00,Guwahati-Gauge-1,3,1.122,1.12,1.1211891233304219,1.148,1.1174733428062598,1.1,1.1151336036037975
2024-01-12 17:00:00,Guwahati-Gauge-1,3,1.12,1.13,1.122741749197194,1.127,1.1160340122894563,1.084,1.1145005161651473
2024-01-12 18:00:00,Guwahati-Gauge-1,3,1.13,1.148,1.1303418914707104,1.075,1.1213194388808831,1.07,1.1230837412045387
2024-01-12 19:00:00,Guwahati-Gauge-1,3,1.148,1.127,1.140949478394092,1.1,1.1322194840541675,1.057,1.130456185545177
2024-01-12 20:00:00,Guwahati-Gauge-1,3,1.127,1.075,1.1182270414526827,1.084,1.1182346867802289,1.028,1.1112586983585961
2024-01-12 21:00:00,Guwahati-Gauge-1,3,1.075,1.1,1.076770856825351,1.07,1.0597439089760303,1.02,1.0585551233003068
2024-01-12 22:00:00,Guwahati-Gauge-1,3,1.1,1.084,1.089492711878455,1.057,1.079679683184035,1.013,1.0674253102938114
2024-01-12 23:00:00,Guwahati-Gauge-1,3,1.084,1.07,1.0763067684067964,1.028,1.0661864447916853,1.056,1.0632601246063786
2024-01-13 00:00:00,Guwahati-Gauge-1,3,1.07,1.057,1.06369627186262,1.02,1.0472609518861085,1.077,1.063094078737231
2024-01-13 01:00:00,Guwahati-Gauge-1,3,1.057,1.028,1.0526068239517334,1.013,1.0449635863310003,1.059,1.0631906493321348
2024-01-13 02:00:00,Guwahati-Gauge-1,3,1.028,1.02,1.0303811603415938,1.056,1.04130453828932,1.064,1.0661357904724797
2024-01-13 03:00:00,Guwahati-Gauge-1,3,1.02,1.013,1.0236729639366202,1.077,1.0370553159610558,1.118,1.0587067732189281
2024-01-13 04:00:00,Guwahati-Gauge-1,3,1.013,1.056,1.0266639412556477,1.059,1.0476099234887395,1.131,1.0750915964659453
2024-01-13 05:00:00,Guwahati-Gauge-1,3,1.056,1.077,1.076826709576546,1.064,1.106070644990139,1.14,1.1584684630293451
2024-01-13 06:00:00,Guwahati-Gauge-1,3,1.077,1.059,1.0882772807322236,1.118,1.1405186458283112,1.123,1.1528591855305785
2024-01-13 07:00:00,Guwahati-Gauge-1,3,1.059,1.064,1.0747195816255806,1.131,1.1321872142716496,1.137,1.1487009382121294
2024-01-13 08:00:00,Guwahati-Gauge-1,3,1.064,1.118,1.0936469040428851,1.14,1.1017423162790718,1.136,1.0596258554536058
2024-01-13 09:00:00,Guwahati-Gauge-1,3,1.118,1.131,1.1318003977047417,1.123,1.1305412287597136,1.104,1.1267661938436293
2024-01-13 10:00:00,Guwahati-Gauge-1,3,1.131,1.14,1.1380369765910514,1.137,1.1403357683979514,1.079,1.1206970360581574
2024-01-13 11:00:00,Guwahati-Gauge-1,3,1.14,1.123,1.1368031811523351,1.136,1.1354998350339194,1.048,1.119858234916474
2024-01-13 12:00:00,Guwahati-Gauge-1,3,1.123,1.137,1.13565434487811,1.104,1.1268545689678642,1.066,1.1131659241078566
2024-01-13 13:00:00,Guwahati-Gauge-1,3,1.137,1.136,1.1340465361612286,1.079,1.1282809081659861,1.039,1.114400204329729
2024-01-13 14:00:00,Guwahati-Gauge-1,3,1.136,1.104,1.1316586983735697,1.048,1.1275092934144493,1.031,1.1139033962367209
2024-01-13 15:00:00,Guwahati-Gauge-1,3,1.104,1.079,1.0953912262378735,1.066,1.0824437224383034,1.029,1.0920687813230068
2024-01-13 16:00:00,Guwahati-Gauge-1,3,1.079,1.048,1.0694460123000291,1.039,1.0449388207499817,1.033,1.0378287775209283
2024-01-13 17:00:00,Guwahati-Gauge-1,3,1.048,1.066,1.0446660874171056,1.031,1.037014269739157,1.023,1.0499368727463034
2024-01-13 18:00:00,Guwahati-Gauge-1,3,1.066,1.039,1.0505902555501048,1.029,1.0394732207968906,1.018,1.0495391541441925
2024-01-13 19:00:00,Guwahati-Gauge-1,3,1.039,1.031,1.032015407889175,1.033,1.0299924174020172,1.019,1.0461971397817182
2024-01-13 20:00:00,Guwahati-Gauge-1,3,1.031,1.029,1.028248151721521,1.023,1.0286999242130284,1.024,1.0486694048240315
2024-01-13 21:00:00,Guwahati-Gauge-1,3,1.029,1.033,1.0273348001659002,1.018,1.0230403431490618,0.996,1.0369178622128983
2024-01-13 22:00:00,Guwahati-Gauge-1,3,1.033,1.023,1.0282097293995227,1.019,1.024282258223503,1.031,1.0362526939301848
2024-01-13 23:00:00,Guwahati-Gauge-1,3,1.023,1.018,1.012738715886696,1.024,1.01504059153528,1.066,1.0357102465636299
2024-01-14 00:00:00,Guwahati-Gauge-1,3,1.018,1.019,1.024197621403512,0.996,1.0435712959134948,1.044,1.0967955081940393
2024-01-14 01:00:00,Guwahati-Gauge-1,3,1.019,1.024,1.0241161631482254,1.031,1.0494741389631035,1.071,1.0918209842720659
2024-01-14 02:00:00,Guwahati-Gauge-1,3,1.024,0.996,1.028462604174782,1.066,1.0626615507839108,1.069,1.0884514955759514
2024-01-14 03:00:00,Guwahati-Gauge-1,3,0.996,1.031,1.0204316215758735,1.044,1.0347637825487184,1.085,1.0600838124839642
2024-01-14 04:00:00,Guwahati-Gauge-1,3,1.031,1.066,1.0505971161951588,1.071,1.0452770022862576,1.1,1.05019195751618
2024-01-14 05:00:00,Guwahati-Gauge-1,3,1.066,1.044,1.0706842628352853,1.069,1.0728918269345853,1.096,1.056128023372941
2024-01-14 06:00:00,Guwahati-Gauge-1,3,1.044,1.071,1.0381144344770068,1.085,1.0416786364889494,1.054,1.0453925159144073
2024-01-14 07:00:00,Guwahati-Gauge-1,3,1.071,1.069,1.0647080166227445,1.1,1.0514792335106427,1.057,1.0520914878975003
2024-01-14 08:00:00,Guwahati-Gauge-1,3,1.069,1.085,1.0615306504153756,1.096,1.0477136862293226,1.067,1.0509187856116808
2024-01-14 09:00:00,Guwahati-Gauge-1,3,1.085,1.1,1.0858727011001805,1.054,1.0674066468591432,1.053,1.0587887300531182
2024-01-14 10:00:00,Guwahati-Gauge-1,3,1.1,1.096,1.097769492496729,1.057,1.0829530718771818,1.056,1.0659360304892729
2024-01-14 11:00:00,Guwahati-Gauge-1,3,1.096,1.054,1.090882543717594,1.067,1.0815083754813954,1.054,1.0559348392621388
2024-01-14 12:00:00,Guwahati-Gauge-1,3,1.054,1.057,1.0570688560030093,1.053,1.041459780121403,1.034,1.0434609381386841
2024-01-14 13:00:00,Guwahati-Gauge-1,3,1.057,1.067,1.0519912761011352,1.056,1.039643980580465,1.032,1.0442259996950483
2024-01-14 14:00:00,Guwahati-Gauge-1,3,1.067,1.053,1.0533542400691343,1.054,1.0429771519397468,1.021,1.0509386519670156
2024-01-14 15:00:00,Guwahati-Gauge-1,3,1.053,1.056,1.0518139382334593,1.034,1.0376159530287234,1.028,1.0408596472569616
2024-01-14 16:00:00,Guwahati-Gauge-1,3,1.056,1.054,1.0509346400469446,1.032,1.0376068568938739,1.016,1.0418519886335014
2024-01-14 17:00:00,Guwahati-Gauge-1,3,1.054,1.034,1.0506286058592518,1.021,1.0380749800941909,1.001,1.0420944170731843
2024-01-14 18:00:00,Guwahati-Gauge-1,3,1.034,1.032,1.0298286430084789,1.028,1.0277314650537182,0.968,1.0320525407691863
2024-01-14 19:00:00,Guwahati-Gauge-1,3,1.032,1.021,1.0268460272568822,1.016,1.0242870411504696,1.014,1.032819544131452
2024-01-14 20:00:00,Guwahati-Gauge-1,3,1.021,1.028,1.0162210357275252,1.001,1.0140977817824763,1.004,1.033827050099669
2024-01-14 21:00:00,Guwahati-Gauge-1,3,1.028,1.016,1.0246050192767746,0.968,1.0194769825331043,0.981,1.0314229144411953
2024-01-14 22:00:00,Guwahati-Gauge-1,3,1.016,1.001,1.010023322461057,1.014,1.0134009972812097,0.994,1.0314987915894394
2024-01-14 23:00:00,Guwahati-Gauge-1,3,1.001,0.968,0.9930853454993052,1.004,1.0154128943456457,0.998,1.0394820152023772
2024-01-15 00:00:00,Guwahati-Gauge-1,3,0.968,1.014,0.9819812125829219,0.981,0.9978238094069698,1.009,1.0442846989103385
2024-01-15 01:00:00,Guwahati-Gauge-1,3,1.014,1.004,1.0081528161649407,0.994,1.0062773824152518,1.022,1.038060830945351
2024-01-15 02:00:00,Guwahati-Gauge-1,3,1.004,0.981,0.9986755298379043,0.998,1.0059493173255893,1.044,1.0298029459073008
2024-01-15 03:00:00,Guwahati-Gauge-1,3,0.981,0.994,0.9899189172623895,1.009,1.0023153776847122,1.021,1.0578193806161218
2024-01-15 04:00:00,Guwahati-Gauge-1,3,0.994,0.998,0.9991047770100207,1.022,1.019039418565175,1.024,1.0418164124902962
2024-01-15 05:00:00,Guwahati-Gauge-1,3,0.998,1.009,0.9979408711371097,1.044,1.0168533665330284,0.991,1.0226484896619228
2024-01-15 06:00:00,Guwahati-Gauge-1,3,1.009,1.022,1.0089999281967885,1.021,1.016052689108829,0.985,1.043296246106497
2024-01-15 07:00:00,Guwahati-Gauge-1,3,1.022,1.044,1.0229520385080584,1.024,1.0142362104769562,0.999,1.030579048029774
2024-01-15 08:00:00,Guwahati-Gauge-1,3,1.044,1.021,1.027595108398702,0.991,1.0358827274867384,0.981,1.040840188268321
2024-01-15 09:00:00,Guwahati-Gauge-1,3,1.021,1.024,1.023289603145446,0.985,1.0174940635342213,1.027,1.043800694920722
2024-01-15 10:00:00,Guwahati-Gauge-1,3,1.024,0.991,1.0202154768969145,0.999,1.0241263867407278,1.026,1.0355298373069968
2024-01-15 11:00:00,Guwahati-Gauge-1,3,0.991,0.985,0.9973806758255558,0.981,1.0039721747808994,0.989,1.0321108068849154
2024-01-15 12:00:00,Guwahati-Gauge-1,3,0.985,0.999,0.989797874287168,1.027,1.0059071807550708,1.004,1.0270564482421034
2024-01-15 13:00:00,Guwahati-Gauge-1,3,0.999,0.981,0.99850794147244,1.026,1.0200600433148164,1.048,1.0380109421040358
2024-01-15 14:00:00,Guwahati-Gauge-1,3,0.981,1.027,0.9923539363224009,0.989,1.0000727573131236,1.002,1.0488459760728877
2024-01-15 15:00:00,Guwahati-Gauge-1,3,1.027,1.026,1.0235769950909774,1.004,1.0244603668816405,1.016,1.0318135796129586
2024-01-15 16:00:00,Guwahati-Gauge-1,3,1.026,0.989,1.0249056495313804,1.048,1.0300150236382288,0.996,1.0351746605217045
2024-01-15 17:00:00,Guwahati-Gauge-1,3,0.989,1.004,0.9994642120268957,1.002,0.9994891984537143,0.995,1.0491503126849893
2024-01-15 18:00:00,Guwahati-Gauge-1,3,1.004,1.048,1.0087589876958665,1.016,1.0210187834585427,0.969,1.0298660111394438
2024-01-15 19:00:00,Guwahati-Gauge-1,3,1.048,1.002,1.031122619768342,0.996,1.038625374176632,0.988,1.0427929503604403
2024-01-15 20:00:00,Guwahati-Gauge-1,3,1.002,1.016,1.0027859794062866,0.995,1.0111755312273427,0.985,1.051581942898793
2024-01-15 21:00:00,Guwahati-Gauge-1,3,1.016,0.996,1.0126799661663597,0.969,1.0113508952047043,1.011,1.03095251330593
2024-01-15 22:00:00,Guwahati-Gauge-1,3,0.996,0.995,0.9981938748014877,0.988,1.023708084381497,0.993,1.0438400716299172
2024-01-15 23:00:00,Guwahati-Gauge-1,3,0.995,0.969,0.9967526238814289,0.985,1.0063324650908925,1.018,1.0253589329049926
2024-01-16 00:00:00,Guwahati-Gauge-1,3,0.969,0.988,0.9785125407253883,1.011,0.9979534979736183,0.999,1.0352696769750651
2024-01-16 01:00:00,Guwahati-Gauge-1,3,0.988,0.985,0.9962844414847383,0.993,1.005850407189884,1.079,1.0721501912493077
2024-01-16 02:00:00,Guwahati-Gauge-1,3,0.985,1.011,0.9969219826251448,1.018,1.030993246311268,1.141,1.085831609354747
2024-01-16 03:00:00,Guwahati-Gauge-1,3,1.011,0.993,1.0047176733541618,0.999,1.0115093810001266,1.206,1.0880993320009489
2024-01-16 04:00:00,Guwahati-Gauge-1,3,0.993,1.018,1.0017876602570308,1.079,1.0319201950677184,1.256,1.1028018237566946
2024-01-16 05:00:00,Guwahati-Gauge-1,3,1.018,0.999,1.0361617111992907,1.141,1.117358978163864,1.237,1.1738883808455678
2024-01-16 06:00:00,Guwahati-Gauge-1,3,0.999,1.079,1.0320333192605073,1.206,1.1099059031607006,1.229,1.1213626837507535
2024-01-16 07:00:00,Guwahati-Gauge-1,3,1.079,1.141,1.1107664760447695,1.256,1.169449374623281,1.228,1.1751211266780426
2024-01-16 08:00:00,Guwahati-Gauge-1,3,1.141,1.206,1.1666566542317343,1.237,1.1547953606430175,1.231,1.1436355289977684
2024-01-16 09:00:00,Guwahati-Gauge-1,3,1.206,1.256,1.22696194329446,1.229,1.2194638263796675,1.204,1.1937840804220887
2024-01-16 10:00:00,Guwahati-Gauge-1,3,1.256,1.237,1.2708421678394166,1.228,1.256745057370051,1.176,1.2274508646363764
2024-01-16 11:00:00,Guwahati-Gauge-1,3,1.237,1.229,1.2311671087530673,1.231,1.219668078934597,1.146,1.2112850102889838
2024-01-16 12:00:00,Guwahati-Gauge-1,3,1.229,1.228,1.226135783825998,1.204,1.2109258837630736,1.135,1.2029721501264488
2024-01-16 13:00:00,Guwahati-Gauge-1,3,1.228,1.231,1.2262597526757275,1.176,1.2132436581823558,1.127,1.2066800496487837
2024-01-16 14:00:00,Guwahati-Gauge-1,3,1.231,1.204,1.227202952103734,1.146,1.2196771369676171,1.115,1.2185225581146575
2024-01-16 15:00:00,Guwahati-Gauge-1,3,1.204,1.176,1.2024891299057574,1.135,1.187604345600605,1.118,1.1783601164970874
2024-01-16 16:00:00,Guwahati-Gauge-1,3,1.176,1.146,1.1696278878086503,1.127,1.1704740115233498,1.089,1.1740821330377211
2024-01-16 17:00:00,Guwahati-Gauge-1,3,1.146,1.135,1.1436667590723673,1.115,1.1312709779615837,1.074,1.1236789432074383
2024-01-16 18:00:00,Guwahati-Gauge-1,3,1.135,1.127,1.1400307388375965,1.118,1.1243260277323364,1.063,1.1190593448252488
2024-01-16 19:00:00,Guwahati-Gauge-1,3,1.127,1.115,1.1268541540720969,1.089,1.1175444148962599,1.082,1.118782232305651
2024-01-16 20:00:00,Guwahati-Gauge-1,3,1.115,1.118,1.1107301909841414,1.074,1.1062423853609211,1.088,1.1142320459535426
2024-01-16 21:00:00,Guwahati-Gauge-1,3,1.118,1.089,1.1097382497677004,1.063,1.1081890822077802,1.096,1.1119144403231123
2024-01-16 22:00:00,Guwahati-Gauge-1,3,1.089,1.074,1.079678030744153,1.082,1.090893982860969,1.079,1.0781570781515613
2024-01-16 23:00:00,Guwahati-Gauge-1,3,1.074,1.063,1.0661332300341206,1.088,1.0761250822160389,1.077,1.0831646300342337
2024-01-17 00:00:00,Guwahati-Gauge-1,3,1.063,1.082,1.0673599475165203,1.096,1.0686598728343963,1.059,1.0741237654909845
2024-01-17 01:00:00,Guwahati-Gauge-1,3,1.082,1.088,1.087393969849157,1.079,1.0857476807916606,1.043,1.0790203518694703
2024-01-17 02:00:00,Guwahati-Gauge-1,3,1.088,1.096,1.085373186222168,1.077,1.0841661129229048,1.049,1.0630232959547468
2024-01-17 03:00:00,Guwahati-Gauge-1,3,1.096,1.079,1.0909053035481397,1.059,1.08531781461831,1.034,1.06317127321805
2024-01-17 04:00:00,Guwahati-Gauge-1,3,1.079,1.077,1.071112433292084,1.043,1.0646125648364826,1.031,1.058029271478471
2024-01-17 05:00:00,Guwahati-Gauge-1,3,1.077,1.059,1.066682332658204,1.049,1.0522334636325814,1.025,1.0565072778748792
2024-01-17 06:00:00,Guwahati-Gauge-1,3,1.059,1.043,1.0536421551440684,1.034,1.0445377669393345,1.001,1.0513551871311495
2024-01-17 07:00:00,Guwahati-Gauge-1,3,1.043,1.049,1.0384091983070165,1.031,1.0382658676626961,0.989,1.0496983904815684
2024-01-17 08:00:00,Guwahati-Gauge-1,3,1.049,1.034,1.0366797823690859,1.025,1.0389380385406428,0.999,1.049774872179909
2024-01-17 09:00:00,Guwahati-Gauge-1,3,1.034,1.031,1.0337620887386574,1.001,1.0359479162367093,1.012,1.0404615602047376
2024-01-17 10:00:00,Guwahati-Gauge-1,3,1.031,1.025,1.0303791408282694,0.989,1.033776708682113,0.997,1.037542001117307
2024-01-17 11:00:00,Guwahati-Gauge-1,3,1.025,1.001,1.027013054496525,0.999,1.035907773241853,1.003,1.0415825744631388
2024-01-17 12:00:00,Guwahati-Gauge-1,3,1.001,0.989,0.9988239874242261,1.012,1.0195991115882557,1.041,1.0450762727351053
2024-01-17 13:00:00,Guwahati-Gauge-1,3,0.989,0.999,0.9957009895322338,0.997,1.0051650476833802,1.069,1.0452524526328402
2024-01-17 14:00:00,Guwahati-Gauge-1,3,0.999,1.012,1.0194514626820401,1.003,1.041576803195402,1.059,1.0759933091496208
2024-01-17 15:00:00,Guwahati-Gauge-1,3,1.012,0.997,1.0187231467046065,1.041,1.0562073915791432,1.034,1.0837657953500566
2024-01-17 16:00:00,Guwahati-Gauge-1,3,0.997,1.003,1.0157800303396418,1.069,1.0533037333653827,1.035,1.067594048843507
2024-01-17 17:00:00,Guwahati-Gauge-1,3,1.003,1.041,1.0161891527275526,1.059,1.0328992762541507,1.054,1.0508014339155325
2024-01-17 18:00:00,Guwahati-Gauge-1,3,1.041,1.069,1.0580459199274037,1.034,1.0431832201236706,1.082,1.04994955703675
2024-01-17 19:00:00,Guwahati-Gauge-1,3,1.069,1.059,1.0768002539390809,1.035,1.0594128024355494,1.069,1.0604733496216887
2024-01-17 20:00:00,Guwahati-Gauge-1,3,1.059,1.034,1.047908599096183,1.054,1.0453823804689188,1.046,1.0511747419258513
2024-01-17 21:00:00,Guwahati-Gauge-1,3,1.034,1.035,1.0345189110266149,1.082,1.0392237912901137,1.054,1.043559911707832
2024-01-17 22:00:00,Guwahati-Gauge-1,3,1.035,1.054,1.0343189155676495,1.069,1.0402932820512696,1.06,1.0478305679209827
2024-01-17 23:00:00,Guwahati-Gauge-1,3,1.054,1.082,1.0512668179776221,1.046,1.041502099439007,1.058,1.052148139086354
2024-01-18 00:00:00,Guwahati-Gauge-1,3,1.082,1.069,1.077345162158165,1.054,1.0651432994465102,1.044,1.0595283130169189
2024-01-18 01:00:00,Guwahati-Gauge-1,3,1.069,1.046,1.0613643788050278,1.06,1.0478135035306875,1.016,1.0520755512053976
2024-01-18 02:00:00,Guwahati-Gauge-1,3,1.046,1.054,1.0414483803540537,1.058,1.0430203151477466,1.029,1.0522982985829414
2024-01-18 03:00:00,Guwahati-Gauge-1,3,1.054,1.06,1.0516372392051287,1.044,1.04255564661408,1.046,1.054380072925227
2024-01-18 04:00:00,Guwahati-Gauge-1,3,1.06,1.058,1.0517452097712174,1.016,1.043508938388982,1.038,1.0590693767940818
2024-01-18 05:00:00,Guwahati-Gauge-1,3,1.058,1.044,1.0508393698258305,1.029,1.0435990298698878,1.071,1.0556950234287852
2024-01-18 06:00:00,Guwahati-Gauge-1,3,1.044,1.016,1.0376154574213665,1.046,1.0441618474405994,1.073,1.0554696012319176
2024-01-18 07:00:00,Guwahati-Gauge-1,3,1.016,1.029,1.0222686363494686,1.038,1.02998588312185,1.068,1.0489631359196685
2024-01-18 08:00:00,Guwahati-Gauge-1,3,1.029,1.046,1.0291794255929423,1.071,1.0400053020678024,1.042,1.045800498683938
2024-01-18 09:00:00,Guwahati-Gauge-1,3,1.046,1.038,1.0333780397097299,1.073,1.0432441102139223,1.007,1.052997466381307
2024-01-18 10:00:00,Guwahati-Gauge-1,3,1.038,1.071,1.036835133154459,1.068,1.0413846221288228,0.996,1.0426647499343291
2024-01-18 11:00:00,Guwahati-Gauge-1,3,1.071,1.073,1.068351140599443,1.042,1.0486967825529925,1.004,1.0563948070551021
2024-01-18 12:00:00,Guwahati-Gauge-1,3,1.073,1.068,1.0681688381153005,1.007,1.048070926418663,1.05,1.064640012910142
2024-01-18 13:00:00,Guwahati-Gauge-1,3,1.068,1.042,1.0588838827187022,0.996,1.044396170696326,1.05,1.062640064377113
2024-01-18 14:00:00,Guwahati-Gauge-1,3,1.042,1.007,1.039034193704357,1.004,1.047784423717002,1.061,1.0850126236505342
2024-01-18 15:00:00,Guwahati-Gauge-1,3,1.007,0.996,1.0105455232982972,1.05,1.0277698826679473,1.042,1.0502356035307512
2024-01-18 16:00:00,Guwahati-Gauge-1,3,0.996,1.004,0.9997118858680906,1.05,1.0285166262591208,1.045,1.0449990999714895
2024-01-18 17:00:00,Guwahati-Gauge-1,3,1.004,1.05,1.0201448395148582,1.061,1.037808246304004,1.045,1.0412064972505108
2024-01-18 18:00:00,Guwahati-Gauge-1,3,1.05,1.05,1.0418411712458715,1.042,1.0432550578457778,1.025,1.0454520461540164
2024-01-18 19:00:00,Guwahati-Gauge-1,3,1.05,1.061,1.0487185015304097,1.045,1.0499875978394775,1.051,1.0629697689254007
2024-01-18 20:00:00,Guwahati-Gauge-1,3,1.061,1.042,1.0522606233789829,1.045,1.0562901247574998,1.047,1.0677009982410677
2024-01-18 21:00:00,Guwahati-Gauge-1,3,1.042,1.045,1.0410110038115667,1.025,1.0499416195316533,1.068,1.0870810978260719
2024-01-18 22:00:00,Guwahati-Gauge-1,3,1.045,1.045,1.0432748255602806,1.051,1.051323690272589,1.066,1.090059632965953
2024-01-18 23:00:00,Guwahati-Gauge-1,3,1.045,1.025,1.043424800477992,1.047,1.0502591599645845,1.058,1.089199944578791
2024-01-19 00:00:00,Guwahati-Gauge-1,3,1.025,1.051,1.0339173235253738,1.068,1.0460558427514948,1.04,1.0816092337587002
2024-01-19 01:00:00,Guwahati-Gauge-1,3,1.051,1.047,1.046122185743867,1.066,1.0523389555270868,1.032,1.077365866197608
2024-01-19 02:00:00,Guwahati-Gauge-1,3,1.047,1.068,1.0484047287163325,1.058,1.0502639759293864,1.061,1.0847491205566366
2024-01-19 03:00:00,Guwahati-Gauge-1,3,1.068,1.066,1.060733741430939,1.04,1.0532641169627688,1.041,1.0645649081328659
2024-01-19 04:00:00,Guwahati-Gauge-1,3,1.066,1.058,1.0542330108150546,1.032,1.0571240050146724,1.053,1.084043158470864
2024-01-19 05:00:00,Guwahati-Gauge-1,3,1.058,1.04,1.0523443417470524,1.061,1.0559640983669714,1.045,1.0834015759693976
2024-01-19 06:00:00,Guwahati-Gauge-1,3,1.04,1.032,1.040746768556297,1.041,1.0453292500776208,1.056,1.0860213270313257
2024-01-19 07:00:00,Guwahati-Gauge-1,3,1.032,1.061,1.041563242410706,1.053,1.0421302793596452,1.059,1.075899984220064
2024-01-19 08:00:00,Guwahati-Gauge-1,3,1.061,1.041,1.0513447227954607,1.045,1.055709645444498,1.031,1.0779996846530326
2024-01-19 09:00:00,Guwahati-Gauge-1,3,1.041,1.053,1.0436081533050925,1.056,1.050626627266241,1.033,1.0835917536556918
2024-01-19 10:00:00,Guwahati-Gauge-1,3,1.053,1.045,1.053413278071124,1.059,1.0536772015396962,1.076,1.07279607715898
2024-01-19 11:00:00,Guwahati-Gauge-1,3,1.045,1.056,1.0474951657979201,1.031,1.0518305532302967,1.082,1.085381650268882
2024-01-19 12:00:00,Guwahati-Gauge-1,3,1.056,1.059,1.053794077583412,1.033,1.0601837293360492,1.099,1.114262826390372
2024-01-19 13:00:00,Guwahati-Gauge-1,3,1.059,1.031,1.0531526645475486,1.076,1.0618601205388383,1.104,1.1113020679699126
2024-01-19 14:00:00,Guwahati-Gauge-1,3,1.031,1.033,1.0386560952884938,1.082,1.042012147771903,1.118,1.082330229327547
2024-01-19 15:00:00,Guwahati-Gauge-1,3,1.033,1.076,1.0385139326976487,1.099,1.044974705322239,1.102,1.0804655382105743
2024-01-19 16:00:00,Guwahati-Gauge-1,3,1.076,1.082,1.0704356153132664,1.104,1.067220186728693,1.146,1.0981524885411307
2024-01-19 17:00:00,Guwahati-Gauge-1,3,1.082,1.099,1.0866144956577533,1.118,1.094457361378523,1.207,1.126258308654777
2024-01-19 18:00:00,Guwahati-Gauge-1,3,1.099,1.104,1.1026403778899487,1.102,1.111614897900488,1.241,1.1444875154905305
2024-01-19 19:00:00,Guwahati-Gauge-1,3,1.104,1.118,1.1098097390441102,1.146,1.1268681760831207,1.303,1.23802058177411
2024-01-19 20:00:00,Guwahati-Gauge-1,3,1.118,1.102,1.110813452556001,1.207,1.165311365888074,1.321,1.283473284415176
2024-01-19 21:00:00,Guwahati-Gauge-1,3,1.102,1.146,1.111699179157648,1.241,1.1389883547147719,1.378,1.2324507504087738
2024-01-19 22:00:00,Guwahati-Gauge-1,3,1.146,1.207,1.190695808707372,1.303,1.2823520603307368,1.381,1.298562261132558
2024-01-19 23:00:00,Guwahati-Gauge-1,3,1.207,1.241,1.2398327740750537,1.321,1.327285399820767,1.441,1.3607815243069838
2024-01-20 00:00:00,Guwahati-Gauge-1,3,1.241,1.303,1.28022293047755,1.378,1.382739484887389,1.439,1.4359414504924828
2024-01-20 01:00:00,Guwahati-Gauge-1,3,1.303,1.321,1.3109644619277117,1.381,1.3593253528909344,1.453,1.3903598103852763
2024-01-20 02:00:00,Guwahati-Gauge-1,3,1.321,1.378,1.3655358364817378,1.441,1.3992123890549373,1.418,1.388194856977432
2024-01-20 03:00:00,Guwahati-Gauge-1,3,1.378,1.381,1.408379187512472,1.439,1.4353098798696622,1.385,1.4094206907154028
2024-01-20 04:00:00,Guwahati-Gauge-1,3,1.381,1.441,1.4085369034045863,1.453,1.430166658646677,1.382,1.3868377451215657
2024-01-20 05:00:00,Guwahati-Gauge-1,3,1.441,1.439,1.4433834348097228,1.418,1.4569788814146802,1.367,1.4369593228075246
2024-01-20 06:00:00,Guwahati-Gauge-1,3,1.439,1.453,1.4404264166482212,1.385,1.4113020956986613,1.353,1.3812153597432852
2024-01-20 07:00:00,Guwahati-Gauge-1,3,1.453,1.418,1.4490437204192925,1.382,1.4133029654493188,1.338,1.3887770679164528
2024-01-20 08:00:00,Guwahati-Gauge-1,3,1.418,1.385,1.4095378816982784,1.367,1.4010952471115659,1.326,1.374159594077393
2024-01-20 09:00:00,Guwahati-Gauge-1,3,1.385,1.382,1.3766156832744483,1.353,1.3642701711601977,1.284,1.3464015102641818
2024-01-20 10:00:00,Guwahati-Gauge-1,3,1.382,1.367,1.3741679381360896,1.338,1.3560280412627912,1.275,1.315967023793119
2024-01-20 11:00:00,Guwahati-Gauge-1,3,1.367,1.353,1.3508357948703342,1.326,1.3401682090150282,1.265,1.3096961375272065
2024-01-20 12:00:00,Guwahati-Gauge-1,3,1.353,1.338,1.3444291261082475,1.284,1.3219070698232291,1.281,1.3015279178813668
2024-01-20 13:00:00,Guwahati-Gauge-1,3,1.338,1.326,1.3308105234796153,1.275,1.302686384954054,1.291,1.2906916540231987
2024-01-20 14:00:00,Guwahati-Gauge-1,3,1.326,1.284,1.3130890688002832,1.265,1.300315775331663,1.228,1.28721307203478
2024-01-20 15:00:00,Guwahati-Gauge-1,3,1.284,1.275,1.27742835229384,1.281,1.2637277587662623,1.209,1.2367277399377226
2024-01-20 16:00:00,Guwahati-Gauge-1,3,1.275,1.265,1.2660183932970976,1.291,1.2477108029546136,1.24,1.2194741726068206
2024-01-20 17:00:00,Guwahati-Gauge-1,3,1.265,1.281,1.2657726628283126,1.228,1.2432458346982407,1.252,1.2390752008736143
2024-01-20 18:00:00,Guwahati-Gauge-1,3,1.281,1.291,1.2679029416534344,1.209,1.2481657681651595,1.255,1.24381064660377
2024-01-20 19:00:00,Guwahati-Gauge-1,3,1.291,1.228,1.2714846178221422,1.24,1.2774585278123345,1.238,1.2625776412719045
2024-01-20 20:00:00,Guwahati-Gauge-1,3,1.228,1.209,1.214296934912569,1.252,1.224289263526326,1.246,1.2162236661055914
2024-01-20 21:00:00,Guwahati-Gauge-1,3,1.209,1.24,1.2121870696997348,1.255,1.2009863465669102,1.218,1.2269425970513055
2024-01-20 22:00:00,Guwahati-Gauge-1,3,1.24,1.252,1.2355573037206442,1.238,1.2197099305448331,1.217,1.209782209479058
2024-01-20 23:00:00,Guwahati-Gauge-1,3,1.252,1.255,1.2458948434967543,1.246,1.2285350519679645,1.235,1.21980573756936
2024-01-21 00:00:00,Guwahati-Gauge-1,3,1.255,1.238,1.2447435008432248,1.218,1.2290304001383914,1.258,1.2246972951725357
2024-01-21 01:00:00,Guwahati-Gauge-1,3,1.238,1.246,1.2318769654138608,1.217,1.21795878759077,1.272,1.2157285637879764
2024-01-21 02:00:00,Guwahati-Gauge-1,3,1.246,1.218,1.2342925623297811,1.235,1.2242523807195247,1.288,1.215925869185637
2024-01-21 03:00:00,Guwahati-Gauge-1,3,1.218,1.217,1.2232617621834476,1.258,1.2434486691483368,1.292,1.2451185436822894
2024-01-21 04:00:00,Guwahati-Gauge-1,3,1.217,1.235,1.2273732527691166,1.272,1.2529008406867361,1.279,1.3049221451511939
2024-01-21 05:00:00,Guwahati-Gauge-1,3,1.235,1.258,1.2473280589170286,1.288,1.263966140973262,1.298,1.2658601575692454
2024-01-21 06:00:00,Guwahati-Gauge-1,3,1.258,1.272,1.2672707777330443,1.292,1.2700778787381024,1.329,1.2665477363132802
2024-01-21 07:00:00,Guwahati-Gauge-1,3,1.272,1.288,1.277973538643894,1.279,1.2688800793447812,1.32,1.2529714845924373
2024-01-21 08:00:00,Guwahati-Gauge-1,3,1.288,1.292,1.2840989974788561,1.298,1.2778016618623076,1.29,1.260865757239138
2024-01-21 09:00:00,Guwahati-Gauge-1,3,1.292,1.279,1.2796747744842234,1.329,1.2854640205523153,1.278,1.2589242619494045
2024-01-21 10:00:00,Guwahati-Gauge-1,3,1.279,1.298,1.2732416936910047,1.32,1.2542068372549595,1.274,1.2341600901619145
2024-01-21 11:00:00,Guwahati-Gauge-1,3,1.298,1.329,1.3012975539502127,1.29,1.2873221071208572,1.223,1.2515433973410497
2024-01-21 12:00:00,Guwahati-Gauge-1,3,1.329,1.32,1.329674837391132,1.278,1.3030990100541395,1.244,1.275107268203456
2024-01-21 13:00:00,Guwahati-Gauge-1,3,1.32,1.29,1.3096633317716602,1.274,1.2981546749005561,1.224,1.2701844250944332
2024-01-21 14:00:00,Guwahati-Gauge-1,3,1.29,1.278,1.2748004076609047,1.223,1.2713039789851297,1.201,1.2548305134486637
2024-01-21 15:00:00,Guwahati-Gauge-1,3,1.278,1.274,1.2674739421149885,1.244,1.2474791208884342,1.189,1.2369083631750146
2024-01-21 16:00:00,Guwahati-Gauge-1,3,1.274,1.223,1.2639882584479956,1.224,1.2454532849735824,1.174,1.23221128588249
2024-01-21 17:00:00,Guwahati-Gauge-1,3,1.223,1.244,1.217469197015349,1.201,1.2151125063992885,1.17,1.201740863975592
2024-01-21 18:00:00,Guwahati-Gauge-1,3,1.244,1.224,1.2373725629376782,1.189,1.2215223547949443,1.181,1.2179507561795615
2024-01-21 19:00:00,Guwahati-Gauge-1,3,1.224,1.201,1.2134653261397625,1.174,1.2100254648083062,1.202,1.2019995113526607
2024-01-21 20:00:00,Guwahati-Gauge-1,3,1.201,1.189,1.1965436402128398,1.17,1.1821742958037038,1.214,1.1812244978791175
2024-01-21 21:00:00,Guwahati-Gauge-1,3,1.189,1.174,1.185256817576534,1.181,1.1743036372375195,1.19,1.1807786069933073
2024-01-21 22:00:00,Guwahati-Gauge-1,3,1.174,1.17,1.1699124764856523,1.202,1.1678334597071973,1.184,1.1786311849041573
2024-01-21 23:00:00,Guwahati-Gauge-1,3,1.17,1.181,1.1661713407665908,1.214,1.169095211882222,1.182,1.1604794810301284
2024-01-22 00:00:00,Guwahati-Gauge-1,3,1.181,1.202,1.1790149167646031,1.19,1.1764349240949261,1.185,1.181940391248399
2024-01-22 01:00:00,Guwahati-Gauge-1,3,1.202,1.214,1.2019614319304128,1.184,1.1916210771457032,1.189,1.194233433634728
2024-01-22 02:00:00,Guwahati-Gauge-1,3,1.214,1.19,1.2085146318373174,1.182,1.1923704129220718,1.185,1.189470629647753
2024-01-22 03:00:00,Guwahati-Gauge-1,3,1.19,1.184,1.1894060000547944,1.185,1.1859095077557087,1.178,1.1894164443117843
2024-01-22 04:00:00,Guwahati-Gauge-1,3,1.184,1.182,1.1841052772506317,1.189,1.1789943478935958,1.191,1.1937821318875768
2024-01-22 05:00:00,Guwahati-Gauge-1,3,1.182,1.185,1.1842795696290387,1.185,1.178181134863938,1.182,1.191913102418976
2024-01-22 06:00:00,Guwahati-Gauge-1,3,1.185,1.189,1.1857034743870076,1.178,1.1836203028477112,1.196,1.1966227008545274
2024-01-22 07:00:00,Guwahati-Gauge-1,3,1.189,1.185,1.1872859495135808,1.191,1.1847276411116872,1.206,1.1932760897999835
2024-01-22 08:00:00,Guwahati-Gauge-1,3,1.185,1.178,1.1799722984259058,1.182,1.1809058152388332,1.229,1.1934791738608614
2024-01-22 09:00:00,Guwahati-Gauge-1,3,1.178,1.191,1.1761080340782226,1.196,1.178428382712622,1.227,1.1861290927826447
2024-01-22 10:00:00,Guwahati-Gauge-1,3,1.191,1.182,1.1889005901637133,1.206,1.1873712188045706,1.249,1.1944382833107492
2024-01-22 11:00:00,Guwahati-Gauge-1,3,1.182,1.196,1.1825560315286807,1.229,1.1833528521489183,1.235,1.19040697064303
2024-01-22 12:00:00,Guwahati-Gauge-1,3,1.196,1.206,1.1969857114521512,1.227,1.1918923311638814,1.235,1.2069619839213674
2024-01-22 13:00:00,Guwahati-Gauge-1,3,1.206,1.229,1.20423170705822,1.249,1.1967451608028687,1.243,1.2058526263418385
2024-01-22 14:00:00,Guwahati-Gauge-1,3,1.229,1.227,1.2237045214845945,1.235,1.2142698307202553,1.216,1.2205170162944978
2024-01-22 15:00:00,Guwahati-Gauge-1,3,1.227,1.249,1.220991399435423,1.235,1.212650484733465,1.202,1.2183083922493583
2024-01-22 16:00:00,Guwahati-Gauge-1,3,1.249,1.235,1.2417352529636132,1.243,1.2326284698220404,1.182,1.2204304456151267
2024-01-22 17:00:00,Guwahati-Gauge-1,3,1.235,1.235,1.220112855512602,1.216,1.219682138312316,1.176,1.2100468679902237
2024-01-22 18:00:00,Guwahati-Gauge-1,3,1.235,1.243,1.2279528903142967,1.202,1.2225494674653803,1.16,1.2114904267997002
2024-01-22 19:00:00,Guwahati-Gauge-1,3,1.243,1.216,1.232005374902362,1.182,1.2267362203963434,1.157,1.2110876861306752
2024-01-22 20:00:00,Guwahati-Gauge-1,3,1.216,1.202,1.205001468156928,1.176,1.1942027205800483,1.151,1.186781259199931
2024-01-22 21:00:00,Guwahati-Gauge-1,3,1.202,1.182,1.1960795622321059,1.16,1.185561133996295,1.141,1.1835211731002455
2024-01-22 22:00:00,Guwahati-Gauge-1,3,1.182,1.176,1.1848107139094866,1.157,1.175666342931349,1.141,1.181251346877396
2024-01-22 23:00:00,Guwahati-Gauge-1,3,1.176,1.16,1.1694454514816934,1.151,1.1730089545431945,1.125,1.1814613849675963
2024-01-23 00:00:00,Guwahati-Gauge-1,3,1.16,1.157,1.1556158911562362,1.141,1.1580109494026234,1.105,1.1530678330088096
2024-01-23 01:00:00,Guwahati-Gauge-1,3,1.157,1.151,1.1548467570918481,1.141,1.1528329352577287,1.08,1.149818374799822
2024-01-23 02:00:00,Guwahati-Gauge-1,3,1.151,1.141,1.149301730013451,1.125,1.1462661207299158,1.043,1.1363339323290227
2024-01-23 03:00:00,Guwahati-Gauge-1,3,1.141,1.141,1.1403420246282856,1.105,1.129815250697366,1.03,1.1319330269701533
2024-01-23 04:00:00,Guwahati-Gauge-1,3,1.141,1.125,1.1363995594806133,1.08,1.124394049517827,1.039,1.117362316959737
2024-01-23 05:00:00,Guwahati-Gauge-1,3,1.125,1.105,1.120493239528407,1.043,1.1244604791645767,1.034,1.1229157391524276
2024-01-23 06:00:00,Guwahati-Gauge-1,3,1.105,1.08,1.104234062505487,1.03,1.117145996045465,1.034,1.1191325371432541
2024-01-23 07:00:00,Guwahati-Gauge-1,3,1.08,1.043,1.0744875279321089,1.039,1.075916945838199,1.024,1.0739732631349033
2024-01-23 08:00:00,Guwahati-Gauge-1,3,1.043,1.03,1.0408735608614605,1.034,1.0459017969209685,1.062,1.0741167597631431
2024-01-23 09:00:00,Guwahati-Gauge-1,3,1.03,1.039,1.0358752345084337,1.034,1.042888352365468,1.064,1.080290039487924
2024-01-23 10:00:00,Guwahati-Gauge-1,3,1.039,1.034,1.0347854418765594,1.024,1.0489218437209737,1.05,1.0809330419973195
2024-01-23 11:00:00,Guwahati-Gauge-1,3,1.034,1.034,1.0356779309573259,1.062,1.0485866907583283,1.028,1.0713442723514066
2024-01-23 12:00:00,Guwahati-Gauge-1,3,1.034,1.024,1.0350097101515696,1.064,1.0458520088456078,1.061,1.0557996753797791
2024-01-23 13:00:00,Guwahati-Gauge-1,3,1.024,1.062,1.0303436057641047,1.05,1.0442087467587744,1.032,1.0654595201445252
2024-01-23 14:00:00,Guwahati-Gauge-1,3,1.062,1.064,1.0506617525411788,1.028,1.0419262934217497,1.015,1.0548167512766315
2024-01-23 15:00:00,Guwahati-Gauge-1,3,1.064,1.05,1.0535719312002962,1.061,1.0489946113980104,0.999,1.0632891121068593
2024-01-23 16:00:00,Guwahati-Gauge-1,3,1.05,1.028,1.043900781993994,1.032,1.0460993895667774,0.998,1.0550441319545747
2024-01-23 17:00:00,Guwahati-Gauge-1,3,1.028,1.061,1.0371272142391443,1.015,1.0354382735112966,1.007,1.0571972309836863
2024-01-23 18:00:00,Guwahati-Gauge-1,3,1.061,1.032,1.049427032630477,0.999,1.0406377737382404,1.009,1.0614861772015827
2024-01-23 19:00:00,Guwahati-Gauge-1,3,1.032,1.015,1.035901407374069,0.998,1.0361904836842502,1.003,1.0555022790351414
2024-01-23 20:00:00,Guwahati-Gauge-1,3,1.015,0.999,1.018328358575542,1.007,1.0191663387162937,0.979,1.0379375604822725
2024-01-23 21:00:00,Guwahati-Gauge-1,3,0.999,0.998,0.9976299823553406,1.009,1.0221690886077506,1.021,1.039621801077209
2024-01-23 22:00:00,Guwahati-Gauge-1,3,0.998,1.007,0.9974188357200503,1.003,1.0197838697565578,1.029,1.030123883265143
2024-01-23 23:00:00,Guwahati-Gauge-1,3,1.007,1.009,1.005570554843981,0.979,1.0116039986847243,1.042,1.0387524259129572
2024-01-24 00:00:00,Guwahati-Gauge-1,3,1.009,1.003,1.007937119936429,1.021,1.0135238465630418,1.03,1.0363530653649524
2024-01-24 01:00:00,Guwahati-Gauge-1,3,1.003,0.979,0.9966769385954442,1.029,1.0172075032227932,1.026,1.0274371373859301
2024-01-24 02:00:00,Guwahati-Gauge-1,3,0.979,1.021,1.0001480037894064,1.042,1.0379510526722504,1.048,1.0536625657155747
2024-01-24 03:00:00,Guwahati-Gauge-1,3,1.021,1.029,1.0273468175744027,1.03,1.020710368820407,1.003,1.0344999076620214
2024-01-24 04:00:00,Guwahati-Gauge-1,3,1.029,1.042,1.0340205888389564,1.026,1.0272374663628523,1.02,1.0510418619912585
2024-01-24 05:00:00,Guwahati-Gauge-1,3,1.042,1.03,1.0318031939618428,1.048,1.035164668886384,1.015,1.050192160008582
2024-01-24 06:00:00,Guwahati-Gauge-1,3,1.03,1.026,1.0352858027404745,1.003,1.0279367243552504,1.025,1.0444992240671316
2024-01-24 07:00:00,Guwahati-Gauge-1,3,1.026,1.048,1.0327695571562365,1.02,1.0294909020354726,1.058,1.041346190971522
2024-01-24 08:00:00,Guwahati-Gauge-1,3,1.048,1.003,1.030347775280041,1.015,1.0355186174554654,1.049,1.064400866243654
2024-01-24 09:00:00,Guwahati-Gauge-1,3,1.003,1.02,1.0005360620331214,1.025,1.0258952610924148,0.998,1.014568396274942
2024-01-24 10:00:00,Guwahati-Gauge-1,3,1.02,1.015,1.024921135629923,1.058,1.0234507257143612,0.979,1.0151896294103049
2024-01-24 11:00:00,Guwahati-Gauge-1,3,1.015,1.025,1.0181662267185743,1.049,1.028239770994646,0.984,1.0264227551061589
2024-01-24 12:00:00,Guwahati-Gauge-1,3,1.025,1.058,1.032604556653407,0.998,1.01960777434501,1.02,1.0234532428427914
2024-01-24 13:00:00,Guwahati-Gauge-1,3,1.058,1.049,1.048083224305397,0.979,1.0320886344802502,1.015,1.044656652117183
2024-01-24 14:00:00,Guwahati-Gauge-1,3,1.049,0.998,1.035220411905615,0.984,1.037526259000942,1.05,1.0449149658643555
2024-01-24 15:00:00,Guwahati-Gauge-1,3,0.998,0.979,0.9988447248136146,1.02,1.029065231321592,1.004,1.0244892244869148
2024-01-24 16:00:00,Guwahati-Gauge-1,3,0.979,0.984,0.9951309329649021,1.015,1.0311500507699989,0.995,1.0271218752897548
2024-01-24 17:00:00,Guwahati-Gauge-1,3,0.984,1.02,0.9998230865983054,1.05,1.0362410186921012,1.018,1.0400787363453659
2024-01-24 18:00:00,Guwahati-Gauge-1,3,1.02,1.015,1.0271928135581463,1.004,1.0103917981386317,1.037,1.0216969314945374
2024-01-24 19:00:00,Guwahati-Gauge-1,3,1.015,1.05,1.0235600805416853,0.995,1.0104326896535845,0.999,1.0257573860225535
2024-01-24 20:00:00,Guwahati-Gauge-1,3,1.05,1.004,1.0354577094274453,1.018,1.0352739022077582,0.982,1.0331318175160638
2024-01-24 21:00:00,Guwahati-Gauge-1,3,1.004,0.995,1.0033435598499783,1.037,1.023003063844624,0.98,1.0079467254124848
2024-01-24 22:00:00,Guwahati-Gauge-1,3,0.995,1.018,1.002366085041444,0.999,1.0269180905945376,0.967,1.0268960843965342
2024-01-24 23:00:00,Guwahati-Gauge-1,3,1.018,1.037,1.0282996088773861,0.982,1.0127111100214556,0.991,1.0292412907694182
2024-01-25 00:00:00,Guwahati-Gauge-1,3,1.037,0.999,1.0278543233727564,0.98,1.0227139403190229,0.992,1.0238520324930882
2024-01-25 01:00:00,Guwahati-Gauge-1,3,0.999,0.982,0.9958123947975722,0.967,1.0035085396277723,0.963,1.012583026299881
2024-01-25 02:00:00,Guwahati-Gauge-1,3,0.982,0.98,0.9827265237399448,0.991,1.0008151848084055,0.974,1.0090118925821296
2024-01-25 03:00:00,Guwahati-Gauge-1,3,0.98,0.967,0.9791620185027032,0.992,0.9988216894110714,0.985,1.0240634947035856
2024-01-25 04:00:00,Guwahati-Gauge-1,3,0.967,0.991,0.9774381397188898,0.963,0.9897205358208016,0.962,1.0333250857514116
2024-01-25 05:00:00,Guwahati-Gauge-1,3,0.991,0.992,0.99491255446502,0.974,0.9947226813782069,1.017,1.0977065659736096
2024-01-25 06:00:00,Guwahati-Gauge-1,3,0.992,0.963,0.9939464435357139,0.985,0.9947843642368689,1.074,1.101157078358541
2024-01-25 07:00:00,Guwahati-Gauge-1,3,0.963,0.974,0.9758156500528229,0.962,0.9870169695607401,1.17,1.1205004792258637
2024-01-25 08:00:00,Guwahati-Gauge-1,3,0.974,0.985,0.9766828503771138,1.017,1.0163621103153486,1.235,1.1474952550974595
2024-01-25 09:00:00,Guwahati-Gauge-1,3,0.985,0.962,0.9810461473867415,1.074,1.037259572009917,1.255,1.141622595198854
2024-01-25 10:00:00,Guwahati-Gauge-1,3,0.962,1.017,0.973855194910848,1.17,1.0202982197343355,1.294,1.144629916086846
2024-01-25 11:00:00,Guwahati-Gauge-1,3,1.017,1.074,1.0733204939598366,1.235,1.2218006033536177,1.302,1.2926820061773028
2024-01-25 12:00:00,Guwahati-Gauge-1,3,1.074,1.17,1.1220208668236649,1.255,1.229435857451372,1.288,1.296029073814258
2024-01-25 13:00:00,Guwahati-Gauge-1,3,1.17,1.235,1.2206330195736999,1.294,1.324630763889569,1.26,1.310833978565259
2024-01-25 14:00:00,Guwahati-Gauge-1,3,1.235,1.255,1.2475371043677568,1.302,1.2513646437055135,1.249,1.229248273914419
2024-01-25 15:00:00,Guwahati-Gauge-1,3,1.255,1.294,1.279060566114923,1.288,1.2685100076624245,1.266,1.2423164480079307
2024-01-25 16:00:00,Guwahati-Gauge-1,3,1.294,1.302,1.3053595878689783,1.26,1.3220631098957165,1.306,1.313667858394261
2024-01-25 17:00:00,Guwahati-Gauge-1,3,1.302,1.288,1.2949877374978753,1.249,1.2858651097858151,1.301,1.2995065928763976
2024-01-25 18:00:00,Guwahati-Gauge-1,3,1.288,1.26,1.2776339949585553,1.266,1.2710344839620407,1.306,1.2710955975431768
2024-01-25 19:00:00,Guwahati-Gauge-1,3,1.26,1.249,1.2642638920906764,1.306,1.275020878800867,1.297,1.2638050793941198
2024-01-25 20:00:00,Guwahati-Gauge-1,3,1.249,1.266,1.2543357711220693,1.301,1.260336627185604,1.311,1.249486049763467
2024-01-25 21:00:00,Guwahati-Gauge-1,3,1.266,1.306,1.2662023605601185,1.306,1.267973549982397,1.302,1.2524517704671139
2024-01-25 22:00:00,Guwahati-Gauge-1,3,1.306,1.301,1.2963601269714997,1.297,1.2910830083812121,1.34,1.3154436383454484
2024-01-25 23:00:00,Guwahati-Gauge-1,3,1.301,1.306,1.2967787184289399,1.311,1.2891002889969916,1.339,1.2795406055330123
2024-01-26 00:00:00,Guwahati-Gauge-1,3,1.306,1.297,1.2975469397298813,1.302,1.288471726764801,1.325,1.2805556017039488
2024-01-26 01:00:00,Guwahati-Gauge-1,3,1.297,1.311,1.3013694798949296,1.34,1.29297091389249,1.317,1.2753371755724923
2024-01-26 02:00:00,Guwahati-Gauge-1,3,1.311,1.302,1.315112808526496,1.339,1.3181965176717196,1.324,1.2932845565298228
2024-01-26 03:00:00,Guwahati-Gauge-1,3,1.302,1.34,1.3211929608524924,1.325,1.3148833390978585,1.303,1.2838579871738252
2024-01-26 04:00:00,Guwahati-Gauge-1,3,1.34,1.339,1.3360801362760322,1.317,1.3204378837138155,1.327,1.2995478292392066
2024-01-26 05:00:00,Guwahati-Gauge-1,3,1.339,1.325,1.3253675536845049,1.324,1.3092930020602516,1.333,1.297296217571565
2024-01-26 06:00:00,Guwahati-Gauge-1,3,1.325,1.317,1.3106697104570109,1.303,1.3050879508982698,1.347,1.2904661858837625
2024-01-26 07:00:00,Guwahati-Gauge-1,3,1.317,1.324,1.307963342664442,1.327,1.2917380664673555,1.336,1.285643935254
2024-01-26 08:00:00,Guwahati-Gauge-1,3,1.324,1.303,1.3099499391449791,1.333,1.3011290478210467,1.321,1.2877421188872054
2024-01-26 09:00:00,Guwahati-Gauge-1,3,1.303,1.327,1.2969899024776335,1.347,1.292829886480316,1.319,1.283720713832569
2024-01-26 10:00:00,Guwahati-Gauge-1,3,1.327,1.333,1.3189218915277805,1.336,1.3042816156937123,1.293,1.2884232241701183
2024-01-26 11:00:00,Guwahati-Gauge-1,3,1.333,1.347,1.324479534363448,1.321,1.3067161212463634,1.301,1.2825668820201628
2024-01-26 12:00:00,Guwahati-Gauge-1,3,1.347,1.336,1.3374908934668097,1.319,1.3099775006947736,1.312,1.2931663086644127
2024-01-26 13:00:00,Guwahati-Gauge-1,3,1.336,1.321,1.3279792934387111,1.293,1.307398638112133,1.291,1.2835916216025687
2024-01-26 14:00:00,Guwahati-Gauge-1,3,1.321,1.319,1.3204376728490501,1.301,1.3045788986792648,1.298,1.2789930688698539
2024-01-26 15:00:00,Guwahati-Gauge-1,3,1.319,1.293,1.306590499150519,1.312,1.2921710359403036,1.296,1.279411029019552
2024-01-26 16:00:00,Guwahati-Gauge-1,3,1.293,1.301,1.2859995953886092,1.291,1.284268728449464,1.311,1.2717508465413638
2024-01-26 17:00:00,Guwahati-Gauge-1,3,1.301,1.312,1.2995597124548002,1.298,1.2890983290203273,1.336,1.2776024769015843
2024-01-26 18:00:00,Guwahati-Gauge-1,3,1.312,1.291,1.3047270691890502,1.296,1.292325713787847,1.343,1.276706701078951
2024-01-26 19:00:00,Guwahati-Gauge-1,3,1.291,1.298,1.2820083149236283,1.311,1.2825754871718102,1.332,1.2665393995388279
2024-01-26 20:00:00,Guwahati-Gauge-1,3,1.298,1.296,1.2997048459366243,1.336,1.291693434871527,1.348,1.2757232329589692
2024-01-26 21:00:00,Guwahati-Gauge-1,3,1.296,1.311,1.295680737217031,1.343,1.2911034669521857,1.339,1.272576793036764
2024-01-26 22:00:00,Guwahati-Gauge-1,3,1.311,1.336,1.3064582397402071,1.332,1.2931055340229933,1.324,1.274702324459533
2024-01-26 23:00:00,Guwahati-Gauge-1,3,1.336,1.343,1.328357392780437,1.348,1.3089774029410017,1.303,1.2811512085694465
2024-01-27 00:00:00,Guwahati-Gauge-1,3,1.343,1.332,1.326216192189822,1.339,1.3067749438857978,1.297,1.2678345584364634
2024-01-27 01:00:00,Guwahati-Gauge-1,3,1.332,1.348,1.3227090034744218,1.324,1.2981528968742126,1.308,1.2551148089462751
2024-01-27 02:00:00,Guwahati-Gauge-1,3,1.348,1.339,1.3301069271529053,1.303,1.3004815529126659,1.279,1.2635758291053223
2024-01-27 03:00:00,Guwahati-Gauge-1,3,1.339,1.324,1.3237094542902035,1.297,1.3000996878656077,1.246,1.2590545224429925
2024-01-27 04:00:00,Guwahati-Gauge-1,3,1.324,1.303,1.3110342503686772,1.308,1.2888702782847299,1.215,1.2475049614646643
2024-01-27 05:00:00,Guwahati-Gauge-1,3,1.303,1.297,1.2900056725104474,1.279,1.2633695400769307,1.229,1.249882374071675
2024-01-27 06:00:00,Guwahati-Gauge-1,3,1.297,1.308,1.2939211920655993,1.246,1.26192250521242,1.23,1.2482362578644777
2024-01-27 07:00:00,Guwahati-Gauge-1,3,1.308,1.279,1.2938886620049215,1.215,1.2520653148305554,1.252,1.2479747985751248
2024-01-27 08:00:00,Guwahati-Gauge-1,3,1.279,1.246,1.2648935344472887,1.229,1.2386050169389151,1.234,1.2214791377005128
2024-01-27 09:00:00,Guwahati-Gauge-1,3,1.246,1.215,1.2357203107186099,1.23,1.2192444374625397,1.203,1.2076550214856794
2024-01-27 10:00:00,Guwahati-Gauge-1,3,1.215,1.229,1.2128349898477706,1.252,1.2033718524036778,1.228,1.1860302775276574
2024-01-27 11:00:00,Guwahati-Gauge-1,3,1.229,1.23,1.2227730988155197,1.234,1.2135523526334393,1.206,1.203395361018547
2024-01-27 12:00:00,Guwahati-Gauge-1,3,1.23,1.252,1.2256116743969292,1.203,1.2128389713740908,1.214,1.2087261191728436
2024-01-27 13:00:00,Guwahati-Gauge-1,3,1.252,1.234,1.2470963006471671,1.228,1.2320572713669256,1.181,1.2181564527073223
2024-01-27 14:00:00,Guwahati-Gauge-1,3,1.234,1.203,1.2177157082588224,1.206,1.2157644429033636,1.179,1.2125364322129237
2024-01-27 15:00:00,Guwahati-Gauge-1,3,1.203,1.228,1.2081510303335956,1.214,1.1969354987260499,1.17,1.1868430765551106
2024-01-27 16:00:00,Guwahati-Gauge-1,3,1.228,1.206,1.219108806167914,1.181,1.2133155230962456,1.137,1.206146916507681
2024-01-27 17:00:00,Guwahati-Gauge-1,3,1.206,1.214,1.2064495719496169,1.179,1.195204521339719,1.17,1.1861313849346085
2024-01-27 18:00:00,Guwahati-Gauge-1,3,1.214,1.181,1.2027101495297368,1.17,1.189375127810035,1.149,1.1913968751047883
2024-01-27 19:00:00,Guwahati-Gauge-1,3,1.181,1.179,1.1826692173079985,1.137,1.1745564171139289,1.13,1.1780821229209926
2024-01-27 20:00:00,Guwahati-Gauge-1,3,1.179,1.17,1.1744240179755292,1.17,1.1716518774811633,1.117,1.1780783113297184
2024-01-27 21:00:00,Guwahati-Gauge-1,3,1.17,1.137,1.1622576525248998,1.149,1.1695116981283542,1.074,1.1744630570530927
2024-01-27 22:00:00,Guwahati-Gauge-1,3,1.137,1.17,1.1419606962105087,1.13,1.1266612320718217,1.069,1.1270411150729072
2024-01-27 23:00:00,Guwahati-Gauge-1,3,1.17,1.149,1.1620093246378596,1.117,1.1678287316883866,1.058,1.1756617716834163
2024-01-28 00:00:00,Guwahati-Gauge-1,3,1.149,1.13,1.141878975232868,1.074,1.135374909742152,1.078,1.1276373325798792
2024-01-28 01:00:00,Guwahati-Gauge-1,3,1.13,1.117,1.1237473328803818,1.069,1.1159025621949503,1.082,1.119252436852448
2024-01-28 02:00:00,Guwahati-Gauge-1,3,1.117,1.074,1.1092008331083076,1.058,1.1073566321325639,1.054,1.1080773954640821
2024-01-28 03:00:00,Guwahati-Gauge-1,3,1.074,1.069,1.075440799185383,1.078,1.065575409544156,1.039,1.074452361981917
2024-01-28 04:00:00,Guwahati-Gauge-1,3,1.069,1.058,1.068231311573878,1.082,1.0575854543223242,1.081,1.0662357000841225
2024-01-28 05:00:00,Guwahati-Gauge-1,3,1.058,1.078,1.062639346398604,1.054,1.0539611126992463,1.061,1.0667431691584552
2024-01-28 06:00:00,Guwahati-Gauge-1,3,1.078,1.082,1.0733866791343862,1.039,1.0634135245062686,1.082,1.069201655589818
2024-01-28 07:00:00,Guwahati-Gauge-1,3,1.082,1.054,1.0766322365179084,1.081,1.0732570492920337,1.073,1.0714991516970092
2024-01-28 08:00:00,Guwahati-Gauge-1,3,1.054,1.039,1.0568447501279332,1.061,1.0477878614341871,1.058,1.0666031917221754
2024-01-28 09:00:00,Guwahati-Gauge-1,3,1.039,1.081,1.0377905512954915,1.082,1.041660355077681,1.052,1.0558822009128948
2024-01-28 10:00:00,Guwahati-Gauge-1,3,1.081,1.061,1.07588082019465,1.073,1.0736133466999596,1.087,1.0716138866985072
2024-01-28 11:00:00,Guwahati-Gauge-1,3,1.061,1.082,1.0598498505357914,1.058,1.050307236704383,1.062,1.0676505874662239
2024-01-28 12:00:00,Guwahati-Gauge-1,3,1.082,1.073,1.084207184367276,1.052,1.082950588408583,1.088,1.0815032356114578
2024-01-28 13:00:00,Guwahati-Gauge-1,3,1.073,1.058,1.0685570653331518,1.087,1.0836056573829977,1.124,1.0813091341723584
2024-01-28 14:00:00,Guwahati-Gauge-1,3,1.058,1.052,1.065538815754262,1.062,1.076199929966419,1.125,1.073879242709597
2024-01-28 15:00:00,Guwahati-Gauge-1,3,1.052,1.087,1.0631288021490795,1.088,1.0541033173047578,1.158,1.0562514446549416
2024-01-28 16:00:00,Guwahati-Gauge-1,3,1.087,1.062,1.081687240574529,1.124,1.0980525747423322,1.185,1.0789423841492303
2024-01-28 17:00:00,Guwahati-Gauge-1,3,1.062,1.088,1.0670449876890318,1.125,1.0629780135237346,1.179,1.0629529613796829
2024-01-28 18:00:00,Guwahati-Gauge-1,3,1.088,1.124,1.099722980345007,1.158,1.1450204895654734,1.156,1.1586051138354188
2024-01-28 19:00:00,Guwahati-Gauge-1,3,1.124,1.125,1.1265598720011816,1.185,1.160446557024973,1.15,1.131983417369238
2024-01-28 20:00:00,Guwahati-Gauge-1,3,1.125,1.158,1.1289003633892252,1.179,1.1597355913617375,1.147,1.132140796441521
2024-01-28 21:00:00,Guwahati-Gauge-1,3,1.158,1.185,1.1683005011770962,1.156,1.1605141778162855,1.135,1.1686763174765509
2024-01-28 22:00:00,Guwahati-Gauge-1,3,1.185,1.179,1.1836793398780594,1.15,1.1879689256374057,1.143,1.194487220552641
2024-01-28 23:00:00,Guwahati-Gauge-1,3,1.179,1.156,1.1757889862427826,1.147,1.179860304985225,1.123,1.1854271006458987
2024-01-29 00:00:00,Guwahati-Gauge-1,3,1.156,1.15,1.1532795509482834,1.135,1.1478415920713196,1.101,1.1465838758948974
2024-01-29 01:00:00,Guwahati-Gauge-1,3,1.15,1.147,1.1485556499655905,1.143,1.1472213635682489,1.098,1.1361989165130342
2024-01-29 02:00:00,Guwahati-Gauge-1,3,1.147,1.135,1.1400482446458584,1.123,1.1306593283975168,1.1,1.12476022556434
2024-01-29 03:00:00,Guwahati-Gauge-1,3,1.135,1.143,1.1389231994890503,1.101,1.1237824933677174,1.123,1.1235003346873325
2024-01-29 04:00:00,Guwahati-Gauge-1,3,1.143,1.123,1.1385201959843525,1.098,1.1302701376348698,1.128,1.1238458788291297
2024-01-29 05:00:00,Guwahati-Gauge-1,3,1.123,1.101,1.119251710325941,1.1,1.115463312278628,1.139,1.113736546618306
2024-01-29 06:00:00,Guwahati-Gauge-1,3,1.101,1.098,1.0904670750985435,1.123,1.0900034914479653,1.146,1.084037828636941
2024-01-29 07:00:00,Guwahati-Gauge-1,3,1.098,1.1,1.0925155515751117,1.128,1.092706527224871,1.153,1.0822273819005161
2024-01-29 08:00:00,Guwahati-Gauge-1,3,1.1,1.123,1.0943349571828755,1.139,1.0940740580083115,1.153,1.0817333019495146
2024-01-29 09:00:00,Guwahati-Gauge-1,3,1.123,1.128,1.1219340023700217,1.146,1.1191740858130064,1.17,1.1310470534437067
2024-01-29 10:00:00,Guwahati-Gauge-1,3,1.128,1.139,1.1250907902894869,1.153,1.1236810786445226,1.185,1.1394212577768277
2024-01-29 11:00:00,Guwahati-Gauge-1,3,1.139,1.146,1.1393242536763606,1.153,1.1289645725365383,1.199,1.1449240332328756
2024-01-29 12:00:00,Guwahati-Gauge-1,3,1.146,1.153,1.1529042838615113,1.17,1.1692742394001057,1.189,1.1691585428135516
2024-01-29 13:00:00,Guwahati-Gauge-1,3,1.153,1.153,1.1609747549122211,1.185,1.1926858175560362,1.182,1.1921964376422276
2024-01-29 14:00:00,Guwahati-Gauge-1,3,1.153,1.17,1.1626609681434343,1.199,1.1928979181832358,1.21,1.1910915337214556
2024-01-29 15:00:00,Guwahati-Gauge-1,3,1.17,1.185,1.177047386066065,1.189,1.1786545434495523,1.209,1.195659830359364
2024-01-29 16:00:00,Guwahati-Gauge-1,3,1.185,1.199,1.1893395871699384,1.182,1.1969305863519126,1.215,1.2113722796948494
2024-01-29 17:00:00,Guwahati-Gauge-1,3,1.199,1.189,1.197409815518854,1.21,1.2026930373898794,1.217,1.210750923637042
2024-01-29 18:00:00,Guwahati-Gauge-1,3,1.189,1.182,1.1845004525142115,1.209,1.1866011717923908,1.207,1.1774954117975527
2024-01-29 19:00:00,Guwahati-Gauge-1,3,1.182,1.21,1.1782831643508596,1.215,1.1836662116832037,1.212,1.1762160018277739
2024-01-29 20:00:00,Guwahati-Gauge-1,3,1.21,1.209,1.2042911728648338,1.217,1.1984587144644872,1.206,1.1891799706405686
2024-01-29 21:00:00,Guwahati-Gauge-1,3,1.209,1.215,1.2037294367974316,1.207,1.1929782090233827,1.175,1.1828151667745295
2024-01-29 22:00:00,Guwahati-Gauge-1,3,1.215,1.217,1.2108352411108392,1.212,1.1984066080770235,1.174,1.1956386170703206
2024-01-29 23:00:00,Guwahati-Gauge-1,3,1.217,1.207,1.210397415665622,1.206,1.2025269501572609,1.232,1.1946502688137302
2024-01-30 00:00:00,Guwahati-Gauge-1,3,1.207,1.212,1.2053840134135225,1.175,1.1943187532535708,1.271,1.1995577480822344
2024-01-30 01:00:00,Guwahati-Gauge-1,3,1.212,1.206,1.207144034322662,1.174,1.1933796249574127,1.28,1.1964206937820554
2024-01-30 02:00:00,Guwahati-Gauge-1,3,1.206,1.175,1.2026544154290095,1.232,1.1956317280537903,1.308,1.1953567127913671
2024-01-30 03:00:00,Guwahati-Gauge-1,3,1.175,1.174,1.1700825366047198,1.271,1.182127861159519,1.326,1.194835269059753
2024-01-30 04:00:00,Guwahati-Gauge-1,3,1.174,1.232,1.195557154632129,1.28,1.2485281551844392,1.359,1.3201676428621214
2024-01-30 05:00:00,Guwahati-Gauge-1,3,1.232,1.271,1.2581506769515716,1.308,1.319595186118167,1.347,1.3066476524102808
2024-01-30 06:00:00,Guwahati-Gauge-1,3,1.271,1.28,1.291826902125638,1.326,1.3307196744239131,1.342,1.3134360943356005
2024-01-30 07:00:00,Guwahati-Gauge-1,3,1.28,1.308,1.2986374385560084,1.359,1.3102336141626736,1.318,1.2869871560437611
2024-01-30 08:00:00,Guwahati-Gauge-1,3,1.308,1.326,1.3020076305046941,1.347,1.2934521953270657,1.309,1.2621112936843724
2024-01-30 09:00:00,Guwahati-Gauge-1,3,1.326,1.359,1.3368016351597198,1.342,1.3085990326587504,1.247,1.260300048424409
2024-01-30 10:00:00,Guwahati-Gauge-1,3,1.359,1.347,1.349787226109989,1.318,1.3301349694106768,1.247,1.2916349584641913
2024-01-30 11:00:00,Guwahati-Gauge-1,3,1.347,1.342,1.3323623284594497,1.309,1.3055289084786768,1.262,1.265100942437729
2024-01-30 12:00:00,Guwahati-Gauge-1,3,1.342,1.318,1.3248694585393521,1.247,1.2989854207681453,1.291,1.2757727960685115
2024-01-30 13:00:00,Guwahati-Gauge-1,3,1.318,1.309,1.315258756855239,1.247,1.293199663239619,1.292,1.2774785255266137
2024-01-30 14:00:00,Guwahati-Gauge-1,3,1.309,1.247,1.2903251814498629,1.262,1.2911390754230068,1.276,1.2716086998971219
2024-01-30 15:00:00,Guwahati-Gauge-1,3,1.247,1.247,1.2463465820591217,1.291,1.2498042493950645,1.251,1.2414284309937527
2024-01-30 16:00:00,Guwahati-Gauge-1,3,1.247,1.262,1.2452874301009975,1.292,1.2378748610952697,1.234,1.2195467770186654
2024-01-30 17:00:00,Guwahati-Gauge-1,3,1.262,1.291,1.2608262957928997,1.276,1.2474285877329467,1.195,1.2296939577101995
2024-01-30 18:00:00,Guwahati-Gauge-1,3,1.291,1.292,1.279718838522181,1.251,1.2729862676337953,1.184,1.257165240678789
2024-01-30 19:00:00,Guwahati-Gauge-1,3,1.292,1.276,1.2788794248960689,1.234,1.2758789318325625,1.172,1.2529501532428435
2024-01-30 20:00:00,Guwahati-Gauge-1,3,1.276,1.251,1.2684543167639142,1.195,1.2413810350613603,1.173,1.2295202428617524
2024-01-30 21:00:00,Guwahati-Gauge-1,3,1.251,1.234,1.2442155760781062,1.184,1.2245223512535195,1.182,1.215624772918796
2024-01-30 22:00:00,Guwahati-Gauge-1,3,1.234,1.195,1.217320230437423,1.172,1.2154055888461193,1.241,1.215364306137515
2024-01-30 23:00:00,Guwahati-Gauge-1,3,1.195,1.184,1.1920670470876025,1.173,1.1946468772001988,1.258,1.199927828445713
2024-01-31 00:00:00,Guwahati-Gauge-1,3,1.184,1.172,1.1787898732645024,1.182,1.1748989693021872,1.301,1.1962572626321402
2024-01-31 01:00:00,Guwahati-Gauge-1,3,1.172,1.173,1.1898352252565068,1.241,1.2491206083620376,1.346,1.3207185541562785
2024-01-31 02:00:00,Guwahati-Gauge-1,3,1.173,1.182,1.1889735746924168,1.258,1.250135419256762,1.412,1.3309025007848159
2024-01-31 03:00:00,Guwahati-Gauge-1,3,1.182,1.241,1.2011920585323146,1.301,1.2502975471831859,1.447,1.3329443675215928
2024-01-31 04:00:00,Guwahati-Gauge-1,3,1.241,1.258,1.2793865180392283,1.346,1.375591412853214,1.49,1.4660927119680423
2024-01-31 05:00:00,Guwahati-Gauge-1,3,1.258,1.301,1.3032367259949162,1.412,1.3878130740671364,1.502,1.4596168977928532
2024-01-31 06:00:00,Guwahati-Gauge-1,3,1.301,1.346,1.3375059777244742,1.447,1.416070313266526,1.501,1.4570507026657837
2024-01-31 07:00:00,Guwahati-Gauge-1,3,1.346,1.412,1.3751712128190914,1.49,1.3906178072810913,1.523,1.3945984358008863
2024-01-31 08:00:00,Guwahati-Gauge-1,3,1.412,1.447,1.4394473489722073,1.502,1.4737081417094258,1.502,1.4570188353880857
2024-01-31 09:00:00,Guwahati-Gauge-1,3,1.447,1.49,1.4838326079681015,1.501,1.5175942540527894,1.471,1.4745582384187608
2024-01-31 10:00:00,Guwahati-Gauge-1,3,1.49,1.502,1.507907935472029,1.523,1.5284548752155775,1.527,1.5265541351332614
2024-01-31 11:00:00,Guwahati-Gauge-1,3,1.502,1.501,1.5058893558389645,1.502,1.5105659824207214,1.572,1.5434986381396243
2024-01-31 12:00:00,Guwahati-Gauge-1,3,1.501,1.523,1.5091675481424764,1.471,1.503172318440814,1.627,1.5529172246874519
2024-01-31 13:00:00,Guwahati-Gauge-1,3,1.523,1.502,1.5121030400869582,1.527,1.5092905028763732,1.68,1.5423841193918222
2024-01-31 14:00:00,Guwahati-Gauge-1,3,1.502,1.471,1.490080979789145,1.572,1.5059733173494123,1.751,1.5465644546322221
2024-01-31 15:00:00,Guwahati-Gauge-1,3,1.471,1.527,1.4754094836126015,1.627,1.488741330095501,1.751,1.4882219880229879
2024-01-31 16:00:00,Guwahati-Gauge-1,3,1.527,1.572,1.5617558583960967,1.68,1.64101746561105,1.73,1.694085282912213
2024-01-31 17:00:00,Guwahati-Gauge-1,3,1.572,1.627,1.6126824453200233,1.751,1.6997443561331307,1.712,1.6934148177891004
2024-01-31 18:00:00,Guwahati-Gauge-1,3,1.627,1.68,1.652239311050292,1.751,1.7411119944715303,1.721,1.7396887676321497
2024-01-31 19:00:00,Guwahati-Gauge-1,3,1.68,1.751,1.724501507258329,1.73,1.7222517417400454,1.714,1.699950227710855
2024-01-31 20:00:00,Guwahati-Gauge-1,3,1.751,1.751,1.7572727283810567,1.712,1.7247480698873854,1.723,1.7138565049651615
2024-01-31 21:00:00,Guwahati-Gauge-1,3,1.751,1.73,1.7392071772782824,1.721,1.726441416932811,1.714,1.7264723329455753
2024-01-31 22:00:00,Guwahati-Gauge-1,3,1.73,1.712,1.7197051143385889,1.714,1.7137806522104628,1.699,1.6909120620486626
2024-01-31 23:00:00,Guwahati-Gauge-1,3,1.712,1.721,1.7084314714187834,1.723,1.6984758007003082,1.698,1.6758373745354231
2024-02-01 00:00:00,Guwahati-Gauge-1,3,1.721,1.714,1.7175618303888347,1.714,1.70668407638147,1.688,1.6826122201003626
2024-02-01 01:00:00,Guwahati-Gauge-1,3,1.714,1.723,1.7105396079874102,1.699,1.6892647340554843,1.681,1.668089584424174
2024-02-01 02:00:00,Guwahati-Gauge-1,3,1.723,1.714,1.720040472588388,1.698,1.703851293806546,1.68,1.6788097789069514
2024-02-01 03:00:00,Guwahati-Gauge-1,3,1.714,1.699,1.7078816224291715,1.688,1.6885533105402517,1.674,1.6720900080223187
2024-02-01 04:00:00,Guwahati-Gauge-1,3,1.699,1.698,1.6881703437079945,1.681,1.6659641988681604,1.68,1.648082048594655
2024-02-01 05:00:00,Guwahati-Gauge-1,3,1.698,1.688,1.6885352938706124,1.68,1.6707999964400175,1.667,1.64879842876402
2024-02-01 06:00:00,Guwahati-Gauge-1,3,1.688,1.681,1.6851478295271813,1.674,1.6639602139172303,1.679,1.6590858637480457
2024-02-01 07:00:00,Guwahati-Gauge-1,3,1.681,1.68,1.6754541181456082,1.68,1.6578676024204129,1.668,1.6594813533770951
2024-02-01 08:00:00,Guwahati-Gauge-1,3,1.68,1.674,1.6713175384584713,1.667,1.6590327239762568,1.696,1.661372270498984
2024-02-01 09:00:00,Guwahati-Gauge-1,3,1.674,1.68,1.665516766812669,1.679,1.6574321603626883,1.738,1.6634497700810362
2024-02-01 10:00:00,Guwahati-Gauge-1,3,1.68,1.667,1.6683240901458787,1.668,1.6593911391177774,1.708,1.6536946858554589
2024-02-01 11:00:00,Guwahati-Gauge-1,3,1.667,1.679,1.66426698648235,1.696,1.6556704549733676,1.727,1.652148981432564
2024-02-01 12:00:00,Guwahati-Gauge-1,3,1.679,1.668,1.6854607167557192,1.738,1.7364733822771536,1.709,1.7235238330020903
2024-02-01 13:00:00,Guwahati-Gauge-1,3,1.668,1.696,1.6842000893243545,1.708,1.7051774114636575,1.69,1.6859371886081327
2024-02-01 14:00:00,Guwahati-Gauge-1,3,1.696,1.738,1.7102521999775973,1.727,1.7286228772776444,1.689,1.694600223857431
2024-02-01 15:00:00,Guwahati-Gauge-1,3,1.738,1.708,1.7256231311009456,1.709,1.7130834627254243,1.673,1.6709539205789266
2024-02-01 16:00:00,Guwahati-Gauge-1,3,1.708,1.727,1.7050352906413508,1.69,1.6927456026962557,1.666,1.6701724174288055
2024-02-01 17:00:00,Guwahati-Gauge-1,3,1.727,1.709,1.7219208163444462,1.689,1.7120144838300402,1.645,1.6719455207762441
2024-02-01 18:00:00,Guwahati-Gauge-1,3,1.709,1.69,1.6955276494705143,1.673,1.6802210871582126,1.661,1.6620363448689162
2024-02-01 19:00:00,Guwahati-Gauge-1,3,1.69,1.689,1.684338918211921,1.666,1.6596892587248477,1.641,1.6386582307414557
2024-02-01 20:00:00,Guwahati-Gauge-1,3,1.689,1.673,1.6844588562656768,1.645,1.6645578050147176,1.617,1.6381170194767194
2024-02-01 21:00:00,Guwahati-Gauge-1,3,1.673,1.666,1.6545256552094836,1.661,1.6489158370708692,1.615,1.6374972683486975
2024-02-01 22:00:00,Guwahati-Gauge-1,3,1.666,1.645,1.6541618365075406,1.641,1.642581214692809,1.59,1.6397048678775341
2024-02-01 23:00:00,Guwahati-Gauge-1,3,1.645,1.661,1.6464530109494115,1.617,1.6226514650345005,1.587,1.615724481355937
2024-02-02 00:00:00,Guwahati-Gauge-1,3,1.661,1.641,1.6499617672102498,1.615,1.6411727047701634,1.612,1.6520332238245743
2024-02-02 01:00:00,Guwahati-Gauge-1,3,1.641,1.617,1.6245540743556086,1.59,1.6046577812554346,1.602,1.606957435598685
2024-02-02 02:00:00,Guwahati-Gauge-1,3,1.617,1.615,1.617647916914508,1.587,1.6118387731063644,1.561,1.592042048997074
2024-02-02 03:00:00,Guwahati-Gauge-1,3,1.615,1.59,1.6093228754570652,1.612,1.6117272080687333,1.54,1.5856469899017034
2024-02-02 04:00:00,Guwahati-Gauge-1,3,1.59,1.587,1.5911906092007928,1.602,1.5872450661577464,1.544,1.5675625268701698
2024-02-02 05:00:00,Guwahati-Gauge-1,3,1.587,1.612,1.5923075691219812,1.561,1.5742740564561575,1.534,1.5514993933698418
2024-02-02 06:00:00,Guwahati-Gauge-1,3,1.612,1.602,1.6072249482407002,1.54,1.5950415093451809,1.536,1.5668768729606348
2024-02-02 07:00:00,Guwahati-Gauge-1,3,1.602,1.561,1.5886679249255378,1.544,1.5766154296468828,1.51,1.5607840677693294
2024-02-02 08:00:00,Guwahati-Gauge-1,3,1.561,1.54,1.5484635209175686,1.534,1.5359859990199518,1.49,1.518314030993509
2024-02-02 09:00:00,Guwahati-Gauge-1,3,1.54,1.544,1.5288332497459354,1.536,1.5215183051510162,1.492,1.5088182551627827
2024-02-02 10:00:00,Guwahati-Gauge-1,3,1.544,1.534,1.5379578118230668,1.51,1.522709012001112,1.512,1.5067022792618674
2024-02-02 11:00:00,Guwahati-Gauge-1,3,1.534,1.536,1.5294923063887944,1.49,1.5083872939315712,1.492,1.5007932230232968
2024-02-02 12:00:00,Guwahati-Gauge-1,3,1.536,1.51,1.5280405622892166,1.492,1.5193352163741956,1.481,1.5145941119268713
2024-02-02 13:00:00,Guwahati-Gauge-1,3,1.51,1.49,1.5042105703994968,1.512,1.50282268869062,1.491,1.5038838640788679
2024-02-02 14:00:00,Guwahati-Gauge-1,3,1.49,1.492,1.4872288566764726,1.492,1.4751414525084998,1.482,1.444989432227333
2024-02-02 15:00:00,Guwahati-Gauge-1,3,1.492,1.512,1.490791819687155,1.481,1.4736667905898215,1.482,1.4352685079678622
2024-02-02 16:00:00,Guwahati-Gauge-1,3,1.512,1.492,1.5090148441931703,1.491,1.5031411438975484,1.455,1.4974592787382028
2024-02-02 17:00:00,Guwahati-Gauge-1,3,1.492,1.481,1.4846127514860876,1.482,1.4720418223141079,1.444,1.4398941135091026
2024-02-02 18:00:00,Guwahati-Gauge-1,3,1.481,1.491,1.4716418335852934,1.482,1.4483928718516255,1.42,1.410491714305716
2024-02-02 19:00:00,Guwahati-Gauge-1,3,1.491,1.482,1.4843129237023822,1.455,1.4683921589602869,1.376,1.4090322249331748
2024-02-02 20:00:00,Guwahati-Gauge-1,3,1.482,1.482,1.4707449651689912,1.444,1.4453922257556802,1.349,1.4057685918962588
2024-02-02 21:00:00,Guwahati-Gauge-1,3,1.482,1.455,1.465238155675685,1.42,1.441000048871424,1.349,1.3966348426982382
2024-02-02 22:00:00,Guwahati-Gauge-1,3,1.455,1.444,1.4431461173810871,1.376,1.401507195335323,1.351,1.372421478247657
2024-02-02 23:00:00,Guwahati-Gauge-1,3,1.444,1.42,1.4288795434772104,1.349,1.3957153700110854,1.357,1.3726533756382904
2024-02-03 00:00:00,Guwahati-Gauge-1,3,1.42,1.376,1.4022786194082026,1.349,1.3874348194422015,1.358,1.3635694710765918
2024-02-03 01:00:00,Guwahati-Gauge-1,3,1.376,1.349,1.3682467865009533,1.351,1.359178568986133,1.344,1.3244053868028565
2024-02-03 02:00:00,Guwahati-Gauge-1,3,1.349,1.349,1.3399493285207917,1.357,1.3156366885624127,1.298,1.2890417967512646
2024-02-03 03:00:00,Guwahati-Gauge-1,3,1.349,1.351,1.3330888944862402,1.358,1.311499989895186,1.267,1.2868397998486383
2024-02-03 04:00:00,Guwahati-Gauge-1,3,1.351,1.357,1.3465207228323453,1.344,1.3171359044540754,1.282,1.2887745821509058
2024-02-03 05:00:00,Guwahati-Gauge-1,3,1.357,1.358,1.3490641685425966,1.298,1.3197097043344135,1.258,1.2958479967490704
2024-02-03 06:00:00,Guwahati-Gauge-1,3,1.358,1.344,1.3490161238974374,1.267,1.3193738549741736,1.296,1.2977933115009295
2024-02-03 07:00:00,Guwahati-Gauge-1,3,1.344,1.298,1.3261961666803284,1.282,1.301464199504432,1.335,1.2833069382777624
2024-02-03 08:00:00,Guwahati-Gauge-1,3,1.298,1.267,1.283070083335623,1.258,1.265326182768009,1.344,1.2769048974393786
2024-02-03 09:00:00,Guwahati-Gauge-1,3,1.267,1.282,1.2547733592826475,1.296,1.2445120857784093,1.387,1.2455309218434405
2024-02-03 10:00:00,Guwahati-Gauge-1,3,1.282,1.258,1.267277302838198,1.335,1.260136783001141,1.452,1.2640860345710512
2024-02-03 11:00:00,Guwahati-Gauge-1,3,1.258,1.296,1.2653443736129748,1.344,1.2617167335551007,1.483,1.2661906130800988
2024-02-03 12:00:00,Guwahati-Gauge-1,3,1.296,1.335,1.3318795056999102,1.387,1.419489403630819,1.468,1.4645089446037636
2024-02-03 13:00:00,Guwahati-Gauge-1,3,1.335,1.344,1.3698962049519012,1.452,1.4618118365615576,1.435,1.4611979855743666
2024-02-03 14:00:00,Guwahati-Gauge-1,3,1.344,1.387,1.373048652901805,1.483,1.4647144611080638,1.42,1.4647873711126833
2024-02-03 15:00:00,Guwahati-Gauge-1,3,1.387,1.452,1.4248011833785381,1.468,1.4151660291251464,1.422,1.4022780875372582
2024-02-03 16:00:00,Guwahati-Gauge-1,3,1.452,1.483,1.4759030446614276,1.435,1.4494352153465213,1.413,1.4066152970795458
2024-02-03 17:00:00,Guwahati-Gauge-1,3,1.483,1.468,1.4902735207648017,1.42,1.4688996624199502,1.396,1.4259437113568936
2024-02-03 18:00:00,Guwahati-Gauge-1,3,1.468,1.435,1.4584243163521895,1.422,1.4447040620512912,1.407,1.426432992375006
2024-02-03 19:00:00,Guwahati-Gauge-1,3,1.435,1.42,1.4252310336260963,1.413,1.401635319171448,1.393,1.386665127479464
2024-02-03 20:00:00,Guwahati-Gauge-1,3,1.42,1.422,1.403419482268458,1.396,1.3974153271763696,1.376,1.3843383486565473
2024-02-03 21:00:00,Guwahati-Gauge-1,3,1.422,1.413,1.4062668059556123,1.407,1.3977329543533827,1.371,1.3810216862589495
2024-02-03 22:00:00,Guwahati-Gauge-1,3,1.413,1.396,1.4034926239897352,1.393,1.393377921021051,1.389,1.382031154917173
2024-02-03 23:00:00,Guwahati-Gauge-1,3,1.396,1.407,1.3925824056628897,1.376,1.3733777333896993,1.377,1.3663652027639643
2024-02-04 00:00:00,Guwahati-Gauge-1,3,1.407,1.393,1.399268992429625,1.371,1.3707775674039686,1.35,1.3283224955927717
2024-02-04 01:00:00,Guwahati-Gauge-1,3,1.393,1.376,1.3841109890271632,1.389,1.3627769947698807,1.354,1.324713835894123
2024-02-04 02:00:00,Guwahati-Gauge-1,3,1.376,1.371,1.3700428213189446,1.377,1.3553140330732745,1.34,1.319636562747878
2024-02-04 03:00:00,Guwahati-Gauge-1,3,1.371,1.389,1.3743993686011617,1.35,1.3542106356578354,1.344,1.319075796278967
2024-02-04 04:00:00,Guwahati-Gauge-1,3,1.389,1.377,1.3787273342918123,1.354,1.357310539571907,1.299,1.3195279014903905
2024-02-04 05:00:00,Guwahati-Gauge-1,3,1.377,1.35,1.3691885784426188,1.34,1.3538281739527447,1.298,1.3124802688392525
2024-02-04 06:00:00,Guwahati-Gauge-1,3,1.35,1.354,1.3459108585162078,1.344,1.3163402193923497,1.29,1.283586549740131
2024-02-04 07:00:00,Guwahati-Gauge-1,3,1.354,1.34,1.3459604041319977,1.299,1.3164113251917888,1.268,1.292324773406865
2024-02-04 08:00:00,Guwahati-Gauge-1,3,1.34,1.344,1.3284585346193742,1.298,1.3049004011350027,1.242,1.2769725577463888
2024-02-04 09:00:00,Guwahati-Gauge-1,3,1.344,1.299,1.3204567799693776,1.29,1.3052616282953886,1.234,1.275680540823435
2024-02-04 10:00:00,Guwahati-Gauge-1,3,1.299,1.298,1.2914543202718654,1.268,1.2914543211976646,1.207,1.2745653589442874
2024-02-04 11:00:00,Guwahati-Gauge-1,3,1.298,1.29,1.2961621979843516,1.242,1.2883029492908349,1.144,1.2682984424455326
2024-02-04 12:00:00,Guwahati-Gauge-1,3,1.29,1.268,1.2769045347478958,1.234,1.2792766583918436,1.117,1.2604176990285465
2024-02-04 13:00:00,Guwahati-Gauge-1,3,1.268,1.242,1.257999108671113,1.207,1.2451603175320607,1.091,1.2263213249827052
2024-02-04 14:00:00,Guwahati-Gauge-1,3,1.242,1.234,1.2389471536951553,1.144,1.2196534899016442,1.09,1.2096508873869416
2024-02-04 15:00:00,Guwahati-Gauge-1,3,1.234,1.207,1.2261826685855448,1.117,1.216704259513859,1.064,1.2056140170923926
2024-02-04 16:00:00,Guwahati-Gauge-1,3,1.207,1.144,1.1966138616543394,1.091,1.1907520504149844,1.063,1.1817307899808724
2024-02-04 17:00:00,Guwahati-Gauge-1,3,1.144,1.117,1.13574800253729,1.09,1.1135542050810663,1.048,1.115786668357755
2024-02-04 18:00:00,Guwahati-Gauge-1,3,1.117,1.091,1.1106417564283058,1.064,1.1083330221474044,1.071,1.107240577317923
2024-02-04 19:00:00,Guwahati-Gauge-1,3,1.091,1.09,1.0808208902176768,1.063,1.0678330371805211,1.085,1.074515943135558
2024-02-04 20:00:00,Guwahati-Gauge-1,3,1.09,1.064,1.080110853951561,1.048,1.0661331163235548,1.086,1.0742442568909534
2024-02-04 21:00:00,Guwahati-Gauge-1,3,1.064,1.063,1.0617439301639688,1.071,1.0508849033857204,1.095,1.070060251684954
2024-02-04 22:00:00,Guwahati-Gauge-1,3,1.063,1.048,1.0562927647182863,1.085,1.0509177073246783,1.112,1.0701215491964422
2024-02-04 23:00:00,Guwahati-Gauge-1,3,1.048,1.071,1.0497982432545936,1.086,1.0489900585627254,1.12,1.0708660726532193
2024-02-05 00:00:00,Guwahati-Gauge-1,3,1.071,1.085,1.0732293680298914,1.095,1.0951976606732567,1.126,1.086118696896805
2024-02-05 01:00:00,Guwahati-Gauge-1,3,1.085,1.086,1.0917690672729852,1.112,1.0976778980281165,1.086,1.088353066128766
2024-02-05 02:00:00,Guwahati-Gauge-1,3,1.086,1.095,1.0933839701834616,1.12,1.094406005183084,1.08,1.0807343600168835
2024-02-05 03:00:00,Guwahati-Gauge-1,3,1.095,1.112,1.0967519477450787,1.126,1.0912942395362542,1.068,1.0601486840783108
2024-02-05 04:00:00,Guwahati-Gauge-1,3,1.112,1.12,1.1096246861317915,1.086,1.1046666513755994,1.093,1.1159454064121923
2024-02-05 05:00:00,Guwahati-Gauge-1,3,1.12,1.126,1.121541041080391,1.08,1.1129873546298756,1.083,1.1161356524765678
2024-02-05 06:00:00,Guwahati-Gauge-1,3,1.126,1.086,1.1200879436848714,1.068,1.115894392648058,1.068,1.117558333410768
2024-02-05 07:00:00,Guwahati-Gauge-1,3,1.086,1.08,1.0832523999580974,1.093,1.0882734072710483,1.078,1.0815018079612015
2024-02-05 08:00:00,Guwahati-Gauge-1,3,1.08,1.068,1.0764999410871066,1.083,1.0765995217048443,1.046,1.05151229826123
2024-02-05 09:00:00,Guwahati-Gauge-1,3,1.068,1.093,1.066940645144928,1.068,1.0526183061405698,1.044,1.0491538929453417
2024-02-05 10:00:00,Guwahati-Gauge-1,3,1.093,1.083,1.0846533615307579,1.078,1.082441859059238,1.004,1.0538517771381692
2024-02-05 11:00:00,Guwahati-Gauge-1,3,1.083,1.068,1.075261697678393,1.046,1.0699768921832373,1.018,1.054323573416646
2024-02-05 12:00:00,Guwahati-Gauge-1,3,1.068,1.078,1.0637225926004241,1.044,1.0451792504797246,1.035,1.047489588044813
2024-02-05 13:00:00,Guwahati-Gauge-1,3,1.078,1.046,1.0643740789855616,1.004,1.0486330147493703,1.091,1.0503793961777483
2024-02-05 14:00:00,Guwahati-Gauge-1,3,1.046,1.044,1.0401970450524523,1.018,1.0335090640783133,1.113,1.0434717307503845
2024-02-05 15:00:00,Guwahati-Gauge-1,3,1.044,1.004,1.0333642788660053,1.035,1.0363548453193687,1.118,1.0542928924433972
2024-02-05 16:00:00,Guwahati-Gauge-1,3,1.004,1.018,1.008442380537289,1.091,1.0587726765269279,1.138,1.106663659190364
2024-02-05 17:00:00,Guwahati-Gauge-1,3,1.018,1.035,1.0326803956206139,1.113,1.0815944093306957,1.165,1.1359404458919438
2024-02-05 18:00:00,Guwahati-Gauge-1,3,1.035,1.091,1.064242244697551,1.118,1.0942630267161808,1.121,1.1168861526188216
2024-02-05 19:00:00,Guwahati-Gauge-1,3,1.091,1.113,1.113884907520133,1.138,1.158989256642974,1.135,1.1442935203969358
2024-02-05 20:00:00,Guwahati-Gauge-1,3,1.113,1.118,1.126351584198105,1.165,1.1345103356045751,1.141,1.1366819679529176
2024-02-05 21:00:00,Guwahati-Gauge-1,3,1.118,1.138,1.1283797503475912,1.121,1.1317461064167773,1.136,1.1323662289072012
2024-02-05 22:00:00,Guwahati-Gauge-1,3,1.138,1.165,1.1581004535178219,1.135,1.1537324819325507,1.127,1.1429052804755437
2024-02-05 23:00:00,Guwahati-Gauge-1,3,1.165,1.121,1.149286116156807,1.141,1.1558823344844809,1.154,1.1630465587491126
2024-02-06 00:00:00,Guwahati-Gauge-1,3,1.121,1.135,1.1288850997348816,1.136,1.120899787800984,1.165,1.1168226896683477
2024-02-06 01:00:00,Guwahati-Gauge-1,3,1.135,1.141,1.1366008778288248,1.127,1.1347865978479688,1.14,1.124281059306464
2024-02-06 02:00:00,Guwahati-Gauge-1,3,1.141,1.136,1.137189647262499,1.154,1.1417018725809387,1.138,1.1220936448511887
2024-02-06 03:00:00,Guwahati-Gauge-1,3,1.136,1.127,1.1367128903901398,1.165,1.1366771094877117,1.16,1.1270254620182703
2024-02-06 04:00:00,Guwahati-Gauge-1,3,1.127,1.154,1.1320452026447543,1.14,1.1205565178655907,1.167,1.1173701370825861
2024-02-06 05:00:00,Guwahati-Gauge-1,3,1.154,1.165,1.1502163947875985,1.138,1.1469319912344993,1.168,1.1460447639546578
2024-02-06 06:00:00,Guwahati-Gauge-1,3,1.165,1.14,1.155652408467583,1.16,1.160767362232139,1.137,1.1576968968251826
2024-02-06 07:00:00,Guwahati-Gauge-1,3,1.14,1.138,1.14323598751498,1.167,1.1342503943002937,1.182,1.1359645453931009
2024-02-06 08:00:00,Guwahati-Gauge-1,3,1.138,1.16,1.1423672944633834,1.168,1.1313732064168738,1.194,1.1313063271339463
2024-02-06 09:00:00,Guwahati-Gauge-1,3,1.16,1.167,1.1567328908987604,1.137,1.1537745562221298,1.226,1.1665782904721815
2024-02-06 10:00:00,Guwahati-Gauge-1,3,1.167,1.168,1.1616175740165327,1.182,1.1687507913623363,1.228,1.1857509879815749
2024-02-06 11:00:00,Guwahati-Gauge-1,3,1.168,1.137,1.160924084593023,1.194,1.1690763044309809,1.223,1.1768823043088106
2024-02-06 12:00:00,Guwahati-Gauge-1,3,1.137,1.182,1.1445594045138512,1.226,1.1362724849156172,1.206,1.1297725263969582
2024-02-06 13:00:00,Guwahati-Gauge-1,3,1.182,1.194,1.1866604308557955,1.228,1.1909980882407483,1.219,1.1935167103770583
2024-02-06 14:00:00,Guwahati-Gauge-1,3,1.194,1.226,1.2004990564739235,1.223,1.1934593414923549,1.243,1.193758833656072
2024-02-06 15:00:00,Guwahati-Gauge-1,3,1.226,1.228,1.2232175638346656,1.206,1.225562472087162,1.256,1.234361499432899
2024-02-06 16:00:00,Guwahati-Gauge-1,3,1.228,1.223,1.223642658617946,1.219,1.2243168110641918,1.294,1.2241336483149998
2024-02-06 17:00:00,Guwahati-Gauge-1,3,1.223,1.206,1.2145836233455172,1.243,1.228579546328035,1.288,1.2185130076609814
2024-02-06 18:00:00,Guwahati-Gauge-1,3,1.206,1.219,1.2030393365203371,1.256,1.1988184130777262,1.267,1.1924875218772302
2024-02-06 19:00:00,Guwahati-Gauge-1,3,1.219,1.243,1.213207107924764,1.294,1.217290823269327,1.264,1.193511019483273
2024-02-06 20:00:00,Guwahati-Gauge-1,3,1.243,1.256,1.2414100464473228,1.288,1.2320892507429837,1.272,1.2312429692163396
2024-02-06 21:00:00,Guwahati-Gauge-1,3,1.256,1.294,1.2631805969839085,1.267,1.2474536866842676,1.258,1.2384783419682648
2024-02-06 22:00:00,Guwahati-Gauge-1,3,1.294,1.288,1.2842304851569355,1.264,1.2800898140629227,1.25,1.270548270262047
2024-02-06 23:00:00,Guwahati-Gauge-1,3,1.288,1.267,1.2766476560312017,1.272,1.2685481179870635,1.247,1.2648415072832018
2024-02-07 00:00:00,Guwahati-Gauge-1,3,1.267,1.264,1.2587482267086891,1.258,1.2477511125512364,1.249,1.2438308629689236
2024-02-07 01:00:00,Guwahati-Gauge-1,3,1.264,1.272,1.256094944999485,1.25,1.2425440312588614,1.244,1.2153095155997613
2024-02-07 02:00:00,Guwahati-Gauge-1,3,1.272,1.258,1.2679680719716508,1.247,1.2482856160873796,1.242,1.220929184841526
2024-02-07 03:00:00,Guwahati-Gauge-1,3,1.258,1.25,1.2552764532350318,1.249,1.2414971251223341,1.249,1.2116244348501948
2024-02-07 04:00:00,Guwahati-Gauge-1,3,1.25,1.247,1.244355607260849,1.244,1.229207929800432,1.258,1.2103689386365173
2024-02-07 05:00:00,Guwahati-Gauge-1,3,1.247,1.249,1.2408736835598004,1.242,1.2260394603590266,1.241,1.208836569528772
2024-02-07 06:00:00,Guwahati-Gauge-1,3,1.249,1.244,1.2456760527653616,1.249,1.2319550824514012,1.198,1.2097148031160303
2024-02-07 07:00:00,Guwahati-Gauge-1,3,1.244,1.242,1.2376214458058719,1.258,1.2235021326071875,1.173,1.208511205667244
2024-02-07 08:00:00,Guwahati-Gauge-1,3,1.242,1.249,1.2421566905896462,1.241,1.2223508172137834,1.177,1.211286581914552
2024-02-07 09:00:00,Guwahati-Gauge-1,3,1.249,1.258,1.2515708583447855,1.198,1.2319084367906405,1.157,1.2141573552029463
2024-02-07 10:00:00,Guwahati-Gauge-1,3,1.258,1.241,1.2617636919930688,1.173,1.2472522534651886,1.158,1.2286854773826585
2024-02-07 11:00:00,Guwahati-Gauge-1,3,1.241,1.198,1.2316601113160799,1.177,1.2190070793489671,1.152,1.2144009194406435
2024-02-07 12:00:00,Guwahati-Gauge-1,3,1.198,1.173,1.192245129269238,1.157,1.184304678770933,1.149,1.184364010097426
2024-02-07 13:00:00,Guwahati-Gauge-1,3,1.173,1.177,1.1757712768759903,1.158,1.1752295405523454,1.158,1.185244026361565
2024-02-07 14:00:00,Guwahati-Gauge-1,3,1.177,1.157,1.173579567559859,1.152,1.1731980729636085,1.181,1.1946064094558484
2024-02-07 15:00:00,Guwahati-Gauge-1,3,1.157,1.158,1.1533657046694257,1.149,1.1589647056984629,1.179,1.1715155408617137
2024-02-07 16:00:00,Guwahati-Gauge-1,3,1.158,1.152,1.1558036779294183,1.158,1.158717270641233,1.156,1.1755032467173931
2024-02-07 17:00:00,Guwahati-Gauge-1,3,1.152,1.149,1.1501103644216033,1.181,1.14911826322738,1.162,1.1439948086221905
2024-02-07 18:00:00,Guwahati-Gauge-1,3,1.149,1.158,1.142496391295295,1.179,1.138514983612174,1.175,1.1366625983070855
2024-02-07 19:00:00,Guwahati-Gauge-1,3,1.158,1.181,1.1629989650818107,1.156,1.1590346974291081,1.125,1.1686144811909238
2024-02-07 20:00:00,Guwahati-Gauge-1,3,1.181,1.179,1.184381200888888,1.162,1.1820874759046813,1.107,1.1810630966010212
2024-02-07 21:00:00,Guwahati-Gauge-1,3,1.179,1.156,1.1765797703912362,1.175,1.177112418394614,1.16,1.1885499994025774
2024-02-07 22:00:00,Guwahati-Gauge-1,3,1.156,1.162,1.1566456086200545,1.125,1.1491706337507666,1.241,1.1765962578509164
2024-02-07 23:00:00,Guwahati-Gauge-1,3,1.162,1.175,1.1633267657598938,1.107,1.1588178460951548,1.332,1.1926429890230448
2024-02-08 00:00:00,Guwahati-Gauge-1,3,1.175,1.125,1.172201423909378,1.16,1.177520914465618,1.405,1.2105298666416189
2024-02-08 01:00:00,Guwahati-Gauge-1,3,1.125,1.107,1.1186694273976656,1.241,1.134369812317611,1.506,1.2028018464924874
2024-02-08 02:00:00,Guwahati-Gauge-1,3,1.107,1.16,1.1174156509731714,1.332,1.148445424054146,1.587,1.209021493058869
2024-02-08 03:00:00,Guwahati-Gauge-1,3,1.16,1.241,1.2195159355285523,1.405,1.3265566880464303,1.577,1.4066893062656292
2024-02-08 04:00:00,Guwahati-Gauge-1,3,1.241,1.332,1.2908001996634904,1.506,1.42852920609007,1.581,1.5529450437715888
2024-02-08 05:00:00,Guwahati-Gauge-1,3,1.332,1.405,1.3927057269663885,1.587,1.5148838132707432,1.589,1.552370196679003
2024-02-08 06:00:00,Guwahati-Gauge-1,3,1.405,1.506,1.4572261456490125,1.577,1.52737475324308,1.586,1.551209084887743
2024-02-08 07:00:00,Guwahati-Gauge-1,3,1.506,1.587,1.555364118812246,1.581,1.5484545902681097,1.546,1.546093665395858
2024-02-08 08:00:00,Guwahati-Gauge-1,3,1.587,1.577,1.592377998946975,1.589,1.580748673474299,1.563,1.5585358339007678
2024-02-08 09:00:00,Guwahati-Gauge-1,3,1.577,1.581,1.5879075825183795,1.586,1.5775863763184999,1.54,1.5440008414140793
2024-02-08 10:00:00,Guwahati-Gauge-1,3,1.581,1.589,1.5746675068722082,1.546,1.5446425594015956,1.533,1.5302647993425187
2024-02-08 11:00:00,Guwahati-Gauge-1,3,1.589,1.586,1.5802307337104542,1.563,1.5540536352917222,1.518,1.5191278290547332
2024-02-08 12:00:00,Guwahati-Gauge-1,3,1.586,1.546,1.5742529521830453,1.54,1.550090880698214,1.482,1.5196896767994892
2024-02-08 13:00:00,Guwahati-Gauge-1,3,1.546,1.563,1.5472170320456606,1.533,1.5295987569519198,1.476,1.5082453773830862
2024-02-08 14:00:00,Guwahati-Gauge-1,3,1.563,1.54,1.5540079895971448,1.518,1.5324826739954578,1.474,1.503496103867531
2024-02-08 15:00:00,Guwahati-Gauge-1,3,1.54,1.533,1.5273992623088668,1.482,1.5098577036106944,1.471,1.491720075625806
2024-02-08 16:00:00,Guwahati-Gauge-1,3,1.533,1.518,1.5252745549096614,1.476,1.504265218783049,1.461,1.5032564076637454
2024-02-08 17:00:00,Guwahati-Gauge-1,3,1.518,1.482,1.5053548221926032,1.474,1.4968440464480097,1.442,1.491254067967709
2024-02-08 18:00:00,Guwahati-Gauge-1,3,1.482,1.476,1.4740153128843556,1.471,1.4714073231103801,1.466,1.462029520050218
2024-02-08 19:00:00,Guwahati-Gauge-1,3,1.476,1.474,1.4687619053104226,1.461,1.4619160027816451,1.463,1.4514171629332457
2024-02-08 20:00:00,Guwahati-Gauge-1,3,1.474,1.471,1.4673545746734762,1.442,1.4597623545385365,1.438,1.4471031980092808
2024-02-08 21:00:00,Guwahati-Gauge-1,3,1.471,1.461,1.46307241359645,1.466,1.4538354038116261,1.439,1.4478862049113084
2024-02-08 22:00:00,Guwahati-Gauge-1,3,1.461,1.442,1.45915983810466,1.463,1.451285325616561,1.439,1.440246997835642
2024-02-08 23:00:00,Guwahati-Gauge-1,3,1.442,1.466,1.438072683901313,1.438,1.4374764679997576,1.443,1.4344773531855668
2024-02-09 00:00:00,Guwahati-Gauge-1,3,1.466,1.463,1.4610709167344953,1.439,1.449320722545542,1.433,1.4404727054782736
2024-02-09 01:00:00,Guwahati-Gauge-1,3,1.463,1.438,1.4577608552221626,1.439,1.4459470739535099,1.412,1.4355730524322725
2024-02-09 02:00:00,Guwahati-Gauge-1,3,1.438,1.439,1.4324402197443953,1.443,1.4314080583725388,1.376,1.4253164244227323
2024-02-09 03:00:00,Guwahati-Gauge-1,3,1.439,1.439,1.4314298169973587,1.433,1.4054708767664887,1.359,1.3738215793513051
2024-02-09 04:00:00,Guwahati-Gauge-1,3,1.439,1.443,1.432669793489122,1.412,1.4023577348757543,1.319,1.3534539980385316
2024-02-09 05:00:00,Guwahati-Gauge-1,3,1.443,1.433,1.4316828382412217,1.376,1.3990639803818858,1.32,1.352314805345645
2024-02-09 06:00:00,Guwahati-Gauge-1,3,1.433,1.412,1.4269641113805045,1.359,1.3976921968628833,1.282,1.3519980927025779
2024-02-09 07:00:00,Guwahati-Gauge-1,3,1.412,1.376,1.4023522271676585,1.319,1.3738014425471228,1.27,1.328775108471502
2024-02-09 08:00:00,Guwahati-Gauge-1,3,1.376,1.359,1.3686782600173022,1.32,1.3545831872841776,1.282,1.3189127270767314
2024-02-09 09:00:00,Guwahati-Gauge-1,3,1.359,1.319,1.3441945545361051,1.282,1.3205196739383083,1.274,1.299304387077179
2024-02-09 10:00:00,Guwahati-Gauge-1,3,1.319,1.32,1.310367998638562,1.27,1.2917910195735058,1.269,1.277658663702737
2024-02-09 11:00:00,Guwahati-Gauge-1,3,1.32,1.282,1.303814018133045,1.282,1.281213074133178,1.274,1.2622182642481499
2024-02-09 12:00:00,Guwahati-Gauge-1,3,1.282,1.27,1.271726454882148,1.274,1.2595905001452794,1.281,1.2548562357954263
2024-02-09 13:00:00,Guwahati-Gauge-1,3,1.27,1.282,1.2696556519169961,1.269,1.2462372305184684,1.297,1.247718506615882
2024-02-09 14:00:00,Guwahati-Gauge-1,3,1.282,1.274,1.2670593782335564,1.274,1.2595542709435192,1.302,1.2731880925946195
2024-02-09 15:00:00,Guwahati-Gauge-1,3,1.274,1.269,1.2670747945147345,1.281,1.255334030491442,1.303,1.2674274664093206
2024-02-09 16:00:00,Guwahati-Gauge-1,3,1.269,1.274,1.2634721173845957,1.297,1.2574936288382668,1.257,1.2552051960093202
2024-02-09 17:00:00,Guwahati-Gauge-1,3,1.274,1.281,1.2684893171704357,1.302,1.2539750699849614,1.256,1.2527893134632224
2024-02-09 18:00:00,Guwahati-Gauge-1,3,1.281,1.297,1.2712997278359564,1.303,1.258456225654555,1.283,1.2547091527256564
2024-02-09 19:00:00,Guwahati-Gauge-1,3,1.297,1.302,1.295984379988517,1.257,1.2824158982212372,1.29,1.2762394037508906
2024-02-09 20:00:00,Guwahati-Gauge-1,3,1.302,1.303,1.2959033293901454,1.256,1.2834427636087342,1.302,1.2748352865384514
2024-02-09 21:00:00,Guwahati-Gauge-1,3,1.303,1.257,1.2911665191886808,1.283,1.2833083790762276,1.281,1.2738372924002959
2024-02-09 22:00:00,Guwahati-Gauge-1,3,1.257,1.256,1.2528874753933592,1.29,1.2423063183145682,1.273,1.2309216044167806
2024-02-09 23:00:00,Guwahati-Gauge-1,3,1.256,1.283,1.249132380983607,1.302,1.2406197137464978,1.277,1.2294728550048482
2024-02-10 00:00:00,Guwahati-Gauge-1,3,1.283,1.29,1.278971283412161,1.281,1.2595745964645284,1.279,1.254892184735145
2024-02-10 01:00:00,Guwahati-Gauge-1,3,1.29,1.302,1.2810293594073643,1.273,1.2707043990766123,1.288,1.2634454562629298
2024-02-10 02:00:00,Guwahati-Gauge-1,3,1.302,1.281,1.2903713981009017,1.277,1.2611920350646906,1.257,1.2520060510048563
2024-02-10 03:00:00,Guwahati-Gauge-1,3,1.281,1.273,1.269748931376321,1.279,1.2499626143763662,1.235,1.2225894370764878
2024-02-10 04:00:00,Guwahati-Gauge-1,3,1.273,1.277,1.2707247258930627,1.288,1.247448513223933,1.203,1.2173210469921958
2024-02-10 05:00:00,Guwahati-Gauge-1,3,1.277,1.279,1.268793987846906,1.257,1.2482123533423237,1.202,1.2182109489545347
2024-02-10 06:00:00,Guwahati-Gauge-1,3,1.279,1.288,1.2708673816590914,1.235,1.245135872039459,1.193,1.2196665951686079
2024-02-10 07:00:00,Guwahati-Gauge-1,3,1.288,1.257,1.27703123606986,1.203,1.253118224321087,1.184,1.2332165777037445
2024-02-10 08:00:00,Guwahati-Gauge-1,3,1.257,1.235,1.247740738786576,1.202,1.2344660327761476,1.165,1.2065335196181144
2024-02-10 09:00:00,Guwahati-Gauge-1,3,1.235,1.203,1.21639108068263,1.193,1.215417414093626,1.144,1.2054941305361828
2024-02-10 10:00:00,Guwahati-Gauge-1,3,1.203,1.202,1.2024232741279548,1.184,1.1973060514753664,1.139,1.1839636589466032
2024-02-10 11:00:00,Guwahati-Gauge-1,3,1.202,1.193,1.194703442027494,1.165,1.1837989559823434,1.157,1.1787043727791664
2024-02-10 12:00:00,Guwahati-Gauge-1,3,1.193,1.184,1.1847999610045967,1.144,1.1778226413944926,1.184,1.1779992684013625
2024-02-10 13:00:00,Guwahati-Gauge-1,3,1.184,1.165,1.1771686933579697,1.139,1.1730512101476,1.21,1.1817219094848355
2024-02-10 14:00:00,Guwahati-Gauge-1,3,1.165,1.144,1.1577169591099916,1.157,1.1596884771821083,1.195,1.1561962753019728
2024-02-10 15:00:00,Guwahati-Gauge-1,3,1.144,1.139,1.1394358821009747,1.184,1.1315741956098635,1.166,1.1317150147440527
2024-02-10 16:00:00,Guwahati-Gauge-1,3,1.139,1.157,1.1393671757511077,1.21,1.1285619583038047,1.18,1.1276835906466418
2024-02-10 17:00:00,Guwahati-Gauge-1,3,1.157,1.184,1.1559727803553066,1.195,1.1530176626847104,1.202,1.1552284368704673
2024-02-10 18:00:00,Guwahati-Gauge-1,3,1.184,1.21,1.1841073122256398,1.166,1.1815390443665958,1.22,1.2069336147963707
2024-02-10 19:00:00,Guwahati-Gauge-1,3,1.21,1.195,1.1998631025356636,1.18,1.194796984612632,1.227,1.217852389555989
2024-02-10 20:00:00,Guwahati-Gauge-1,3,1.195,1.166,1.1920333663924993,1.202,1.1866583227459166,1.223,1.2041717869289008
2024-02-10 21:00:00,Guwahati-Gauge-1,3,1.166,1.18,1.1719210970906668,1.22,1.1769024582844232,1.242,1.2004557284882797
2024-02-10 22:00:00,Guwahati-Gauge-1,3,1.18,1.202,1.1858595852638838,1.227,1.18102258642929,1.297,1.213929401039895
2024-02-10 23:00:00,Guwahati-Gauge-1,3,1.202,1.22,1.2011033147324535,1.223,1.19500844877905,1.345,1.2173466571987421
2024-02-11 00:00:00,Guwahati-Gauge-1,3,1.22,1.227,1.2291288364662991,1.242,1.2563680511528514,1.35,1.3076050443272973
2024-02-11 01:00:00,Guwahati-Gauge-1,3,1.227,1.223,1.2367324198423713,1.297,1.2681841800401517,1.357,1.2984204729591113
2024-02-11 02:00:00,Guwahati-Gauge-1,3,1.223,1.242,1.2306475654019022,1.345,1.27162250756957,1.382,1.3065973934500639
2024-02-11 03:00:00,Guwahati-Gauge-1,3,1.242,1.297,1.2482187818570694,1.35,1.2479228698616927,1.429,1.2452057769129126
2024-02-11 04:00:00,Guwahati-Gauge-1,3,1.297,1.345,1.3365557077990018,1.357,1.3805667982205556,1.438,1.4333162988491768
2024-02-11 05:00:00,Guwahati-Gauge-1,3,1.345,1.35,1.3680352441656762,1.382,1.4152044526304874,1.42,1.4366946722134994
2024-02-11 06:00:00,Guwahati-Gauge-1,3,1.35,1.357,1.369521983818212,1.429,1.428628107644793,1.374,1.4134323102569128
2024-02-11 07:00:00,Guwahati-Gauge-1,3,1.357,1.382,1.3722506694941607,1.438,1.3859981962364865,1.393,1.3813125548259362
2024-02-11 08:00:00,Guwahati-Gauge-1,3,1.382,1.429,1.4073097973391286,1.42,1.3903058330333928,1.426,1.3870621613486054
2024-02-11 09:00:00,Guwahati-Gauge-1,3,1.429,1.438,1.4420768829197452,1.374,1.4232718354224494,1.435,1.3967186434968366
2024-02-11 10:00:00,Guwahati-Gauge-1,3,1.438,1.42,1.4265705721224067,1.393,1.40201476928763,1.433,1.3890629250527426
2024-02-11 11:00:00,Guwahati-Gauge-1,3,1.42,1.374,1.3994381447727406,1.426,1.393311531109547,1.433,1.3825602052288057
2024-02-11 12:00:00,Guwahati-Gauge-1,3,1.374,1.393,1.3719592342441174,1.435,1.3615673414385119,1.458,1.3658649336821533
2024-02-11 13:00:00,Guwahati-Gauge-1,3,1.393,1.426,1.3868530015272418,1.433,1.3681852241454127,1.474,1.3732028108234193
2024-02-11 14:00:00,Guwahati-Gauge-1,3,1.426,1.435,1.4322654004023103,1.433,1.4536462761238915,1.455,1.4461811517573269
2024-02-11 15:00:00,Guwahati-Gauge-1,3,1.435,1.433,1.4355161947436992,1.458,1.4548764872065676,1.489,1.4541356328456954
2024-02-11 16:00:00,Guwahati-Gauge-1,3,1.433,1.433,1.4348177110334808,1.474,1.4582603083355226,1.452,1.453940518998828
2024-02-11 17:00:00,Guwahati-Gauge-1,3,1.433,1.458,1.4364506048256538,1.455,1.4356886716929498,1.435,1.400437251599068
2024-02-11 18:00:00,Guwahati-Gauge-1,3,1.458,1.474,1.4569178948264427,1.489,1.4416440537524051,1.418,1.4016880943410122
2024-02-11 19:00:00,Guwahati-Gauge-1,3,1.474,1.455,1.4751112210890296,1.452,1.4466274990009695,1.416,1.4172712700082382
2024-02-11 20:00:00,Guwahati-Gauge-1,3,1.455,1.489,1.4518872529602491,1.435,1.4117003633692655,1.436,1.3938360865405044
2024-02-11 21:00:00,Guwahati-Gauge-1,3,1.489,1.452,1.4744771401493062,1.418,1.4564417578871631,1.449,1.4258537797928417
2024-02-11 22:00:00,Guwahati-Gauge-1,3,1.452,1.435,1.4493634931392643,1.416,1.4362153193121008,1.443,1.4341267298963511
2024-02-11 23:00:00,Guwahati-Gauge-1,3,1.435,1.418,1.4298134377095522,1.436,1.4299018070963545,1.409,1.4112263984646145
2024-02-12 00:00:00,Guwahati-Gauge-1,3,1.418,1.416,1.4101127733161851,1.449,1.4093280943175648,1.421,1.397277314001415
2024-02-12 01:00:00,Guwahati-Gauge-1,3,1.416,1.436,1.407150304211028,1.443,1.4114861033732404,1.391,1.3874682932264615
2024-02-12 02:00:00,Guwahati-Gauge-1,3,1.436,1.449,1.434418315642625,1.409,1.4289778358752414,1.375,1.395582095199534
2024-02-12 03:00:00,Guwahati-Gauge-1,3,1.449,1.443,1.4494261966402453,1.421,1.4304987759370347,1.366,1.4094472379283614
2024-02-12 04:00:00,Guwahati-Gauge-1,3,1.443,1.409,1.432993956304192,1.391,1.4067293028262797,1.342,1.394717829344592
2024-02-12 05:00:00,Guwahati-Gauge-1,3,1.409,1.421,1.4030909907632807,1.375,1.3727587192543296,1.319,1.3389053678663254
2024-02-12 06:00:00,Guwahati-Gauge-1,3,1.421,1.391,1.404771074829473,1.366,1.3885865506390667,1.332,1.369208743920692
2024-02-12 07:00:00,Guwahati-Gauge-1,3,1.391,1.375,1.376475887615,1.342,1.3578036235428286,1.356,1.3352719525390746
2024-02-12 08:00:00,Guwahati-Gauge-1,3,1.375,1.366,1.3697735318272575,1.319,1.354605541400918,1.348,1.3248307565211757
2024-02-12 09:00:00,Guwahati-Gauge-1,3,1.366,1.342,1.3553346618452693,1.332,1.341980082439694,1.307,1.3190826369690967
2024-02-12 10:00:00,Guwahati-Gauge-1,3,1.342,1.319,1.3323640410349011,1.356,1.3133883012408238,1.308,1.2922232361532424
2024-02-12 11:00:00,Guwahati-Gauge-1,3,1.319,1.332,1.3162086314556254,1.348,1.3014747565229774,1.287,1.2835122325755066
2024-02-12 12:00:00,Guwahati-Gauge-1,3,1.332,1.356,1.3382716701535748,1.307,1.3107495514312426,1.289,1.2863616895841306
2024-02-12 13:00:00,Guwahati-Gauge-1,3,1.356,1.348,1.3554048929665867,1.308,1.3329411032826937,1.291,1.3087292698372806
2024-02-12 14:00:00,Guwahati-Gauge-1,3,1.348,1.307,1.3300994399741706,1.287,1.3104735125180105,1.251,1.2855113106485285
2024-02-12 15:00:00,Guwahati-Gauge-1,3,1.307,1.308,1.296798726823709,1.289,1.2874330102283325,1.241,1.271858223770986
2024-02-12 16:00:00,Guwahati-Gauge-1,3,1.308,1.287,1.29712613544959,1.291,1.2837059234887687,1.251,1.270176564811656
2024-02-12 17:00:00,Guwahati-Gauge-1,3,1.287,1.289,1.2790724046030724,1.251,1.2631395522103976,1.247,1.2558050090605881
2024-02-12 18:00:00,Guwahati-Gauge-1,3,1.289,1.291,1.2787240591917386,1.241,1.2686774760527078,1.222,1.25942173512332
2024-02-12 19:00:00,Guwahati-Gauge-1,3,1.291,1.251,1.2719418008797367,1.251,1.2871408845293113,1.23,1.2662664000058028
2024-02-12 20:00:00,Guwahati-Gauge-1,3,1.251,1.241,1.2550365336652367,1.247,1.2543516482994006,1.191,1.2332660790910284
2024-02-12 21:00:00,Guwahati-Gauge-1,3,1.241,1.251,1.2451060736063089,1.222,1.241493127497627,1.193,1.2264701716703086
2024-02-12 22:00:00,Guwahati-Gauge-1,3,1.251,1.247,1.2494047719237904,1.23,1.2364090022941503,1.179,1.2138312670019686
2024-02-12 23:00:00,Guwahati-Gauge-1,3,1.247,1.222,1.2409782219137493,1.191,1.23007707163013,1.185,1.2124847919381103
2024-02-13 00:00:00,Guwahati-Gauge-1,3,1.222,1.23,1.217127865738244,1.193,1.2218679786826878,1.177,1.1993562032571354
2024-02-13 01:00:00,Guwahati-Gauge-1,3,1.23,1.191,1.2260969445927976,1.179,1.215440888141161,1.184,1.211086635016465
2024-02-13 02:00:00,Guwahati-Gauge-1,3,1.191,1.193,1.1853475708302468,1.185,1.182573224729801,1.208,1.1916384126537183
2024-02-13 03:00:00,Guwahati-Gauge-1,3,1.193,1.179,1.187833633577977,1.177,1.1827525248090593,1.217,1.1961411635140367
2024-02-13 04:00:00,Guwahati-Gauge-1,3,1.179,1.185,1.1766264512241082,1.184,1.176322190964453,1.224,1.1922642662358447
2024-02-13 05:00:00,Guwahati-Gauge-1,3,1.185,1.177,1.1852109335180545,1.208,1.1853574657520982,1.229,1.1995018662354833
2024-02-13 06:00:00,Guwahati-Gauge-1,3,1.177,1.184,1.1746399932226563,1.217,1.1787281325625147,1.188,1.186589127537086
2024-02-13 07:00:00,Guwahati-Gauge-1,3,1.184,1.208,1.1848206322531465,1.224,1.1818560169067482,1.185,1.189115733368684
2024-02-13 08:00:00,Guwahati-Gauge-1,3,1.208,1.217,1.205291808762831,1.229,1.198414843694352,1.185,1.1922994542681529
2024-02-13 09:00:00,Guwahati-Gauge-1,3,1.217,1.224,1.2110289775596002,1.188,1.2034012833134218,1.191,1.1891176144598694
2024-02-13 10:00:00,Guwahati-Gauge-1,3,1.224,1.229,1.2189076373342007,1.185,1.2114267287870368,1.185,1.2070723083435557
2024-02-13 11:00:00,Guwahati-Gauge-1,3,1.229,1.188,1.222270745040962,1.185,1.2134769055810686,1.194,1.2122638832068928
2024-02-13 12:00:00,Guwahati-Gauge-1,3,1.188,1.185,1.186314712207002,1.191,1.1833842691862384,1.173,1.18330216190497
2024-02-13 13:00:00,Guwahati-Gauge-1,3,1.185,1.185,1.18083315928961,1.185,1.1752701447448755,1.212,1.1793609876271205
2024-02-13 14:00:00,Guwahati-Gauge-1,3,1.185,1.191,1.1854200622220927,1.194,1.1763436989312122,1.221,1.1911759695713446
2024-02-13 15:00:00,Guwahati-Gauge-1,3,1.191,1.185,1.1891444875957653,1.173,1.1852529721528244,1.199,1.1934541092918027
2024-02-13 16:00:00,Guwahati-Gauge-1,3,1.185,1.194,1.184864987373914,1.212,1.1835457785190235,1.224,1.1943007447194696
2024-02-13 17:00:00,Guwahati-Gauge-1,3,1.194,1.173,1.1942093297028935,1.221,1.1872874810176752,1.199,1.1923991875587001
2024-02-13 18:00:00,Guwahati-Gauge-1,3,1.173,1.212,1.1784106064867703,1.199,1.1748598347527661,1.193,1.1816269401690476
2024-02-13 19:00:00,Guwahati-Gauge-1,3,1.212,1.221,1.2109836928275792,1.224,1.207788862988061,1.19,1.1927501343564695
2024-02-13 20:00:00,Guwahati-Gauge-1,3,1.221,1.199,1.2129997861813318,1.199,1.2281305275466246,1.177,1.2243925774745843
2024-02-13 21:00:00,Guwahati-Gauge-1,3,1.199,1.224,1.1973015857073037,1.193,1.1883294562823603,1.17,1.184733874183052
2024-02-13 22:00:00,Guwahati-Gauge-1,3,1.224,1.199,1.2168902047019816,1.19,1.219402761619352,1.168,1.20523299952822
2024-02-13 23:00:00,Guwahati-Gauge-1,3,1.199,1.193,1.1957387545738116,1.177,1.1864348687261195,1.172,1.1878632018904454
2024-02-14 00:00:00,Guwahati-Gauge-1,3,1.193,1.19,1.185529238410728,1.17,1.1786994903006767,1.203,1.1856610594851025
2024-02-14 01:00:00,Guwahati-Gauge-1,3,1.19,1.177,1.1839591236288531,1.168,1.1769106810960592,1.227,1.1891966627463861
2024-02-14 02:00:00,Guwahati-Gauge-1,3,1.177,1.17,1.1724261870214159,1.172,1.1767486987157694,1.288,1.1999360867892805
2024-02-14 03:00:00,Guwahati-Gauge-1,3,1.17,1.168,1.16755435086926,1.203,1.1783309118934677,1.359,1.2069912165693344
2024-02-14 04:00:00,Guwahati-Gauge-1,3,1.168,1.172,1.1664652049723176,1.227,1.177293110453869,1.383,1.2086959628141891
2024-02-14 05:00:00,Guwahati-Gauge-1,3,1.172,1.203,1.2050603052686668,1.288,1.2768036840487953,1.391,1.3602459926585497
2024-02-14 06:00:00,Guwahati-Gauge-1,3,1.203,1.227,1.2258973747870585,1.359,1.2868480758889205,1.387,1.347913849619199
2024-02-14 07:00:00,Guwahati-Gauge-1,3,1.227,1.288,1.2620698816468363,1.383,1.3512745608132122,1.392,1.3557316125109504
2024-02-14 08:00:00,Guwahati-Gauge-1,3,1.288,1.359,1.306510553829172,1.391,1.3103926833787185,1.419,1.2872245409501397
2024-02-14 09:00:00,Guwahati-Gauge-1,3,1.359,1.383,1.3863857800749728,1.387,1.4120598687514465,1.408,1.4094509333175806
2024-02-14 10:00:00,Guwahati-Gauge-1,3,1.383,1.391,1.4149482786693208,1.392,1.4267590104750738,1.388,1.4062020797044057
2024-02-14 11:00:00,Guwahati-Gauge-1,3,1.391,1.387,1.3992032260853702,1.419,1.431365804584898,1.392,1.3870030699312679
2024-02-14 12:00:00,Guwahati-Gauge-1,3,1.387,1.392,1.3988824216401192,1.408,1.3755747781547718,1.344,1.3603516538180014
2024-02-14 13:00:00,Guwahati-Gauge-1,3,1.392,1.419,1.4009662632912483,1.388,1.3758351144727137,1.33,1.3623630813831127
2024-02-14 14:00:00,Guwahati-Gauge-1,3,1.419,1.408,1.4137033563292527,1.392,1.4005295190275748,1.352,1.381409617416462
2024-02-14 15:00:00,Guwahati-Gauge-1,3,1.408,1.388,1.3987517190760745,1.344,1.373709764351896,1.374,1.3658170574365778
2024-02-14 16:00:00,Guwahati-Gauge-1,3,1.388,1.392,1.378355191522622,1.33,1.3613592676576538,1.393,1.3583285547225636
2024-02-14 17:00:00,Guwahati-Gauge-1,3,1.392,1.344,1.3788727443718252,1.352,1.358724652859581,1.36,1.3339105506236255
2024-02-14 18:00:00,Guwahati-Gauge-1,3,1.344,1.33,1.3366637047845407,1.374,1.317716435625853,1.328,1.2947077864854477
2024-02-14 19:00:00,Guwahati-Gauge-1,3,1.33,1.352,1.3343918880221142,1.393,1.322559771940035,1.311,1.2869453914117124
2024-02-14 20:00:00,Guwahati-Gauge-1,3,1.352,1.374,1.3554423117194248,1.36,1.3399468021172265,1.303,1.3069220227838119
2024-02-14 21:00:00,Guwahati-Gauge-1,3,1.374,1.393,1.3743832283190969,1.328,1.357764684762769,1.281,1.3186177590854415
2024-02-14 22:00:00,Guwahati-Gauge-1,3,1.393,1.36,1.3830332934089955,1.311,1.361324748240904,1.241,1.319834235491814
2024-02-14 23:00:00,Guwahati-Gauge-1,3,1.36,1.328,1.3451286411335166,1.303,1.3219956757643088,1.253,1.2930097861728227
2024-02-15 00:00:00,Guwahati-Gauge-1,3,1.328,1.311,1.3246784379921333,1.281,1.3011070124435777,1.262,1.2835309587232324
2024-02-15 01:00:00,Guwahati-Gauge-1,3,1.311,1.303,1.299905062760753,1.241,1.2871217134676352,1.244,1.2749424089548922
2024-02-15 02:00:00,Guwahati-Gauge-1,3,1.303,1.281,1.2943455681992826,1.253,1.2867130112287908,1.252,1.2723708785263357
2024-02-15 03:00:00,Guwahati-Gauge-1,3,1.281,1.241,1.2666393493501242,1.262,1.250621379030581,1.264,1.2358410908905817
2024-02-15 04:00:00,Guwahati-Gauge-1,3,1.241,1.253,1.2397198801696139,1.244,1.2161461329226668,1.209,1.2142283327182308
2024-02-15 05:00:00,Guwahati-Gauge-1,3,1.253,1.262,1.2475387014000425,1.252,1.2295810672938947,1.216,1.2174024661589606
2024-02-15 06:00:00,Guwahati-Gauge-1,3,1.262,1.244,1.2475128968972071,1.264,1.2379245095671503,1.209,1.2228342481054684
2024-02-15 07:00:00,Guwahati-Gauge-1,3,1.244,1.252,1.2369141043425047,1.209,1.2186986865054217,1.153,1.2014025777830122
2024-02-15 08:00:00,Guwahati-Gauge-1,3,1.252,1.264,1.2441751824047087,1.216,1.227026553859365,1.169,1.2021393550043658
2024-02-15 09:00:00,Guwahati-Gauge-1,3,1.264,1.209,1.2451105279004073,1.209,1.23837231287527,1.166,1.2140823833630523
2024-02-15 10:00:00,Guwahati-Gauge-1,3,1.209,1.216,1.2041452857524368,1.153,1.191103387676443,1.129,1.1777285362200414
2024-02-15 11:00:00,Guwahati-Gauge-1,3,1.216,1.209,1.2074226927500535,1.169,1.1938159040597183,1.134,1.1800090180050034
2024-02-15 12:00:00,Guwahati-Gauge-1,3,1.209,1.153,1.194692407828002,1.166,1.190979873618818,1.133,1.178476517588445
2024-02-15 13:00:00,Guwahati-Gauge-1,3,1.153,1.169,1.1530617193938872,1.129,1.1426175947934283,1.158,1.141941779524893
2024-02-15 14:00:00,Guwahati-Gauge-1,3,1.169,1.166,1.1610597852837998,1.134,1.1586042887965313,1.153,1.1616131683500917
2024-02-15 15:00:00,Guwahati-Gauge-1,3,1.166,1.129,1.1581476664529198,1.133,1.157415063370301,1.182,1.1597432376257903
2024-02-15 16:00:00,Guwahati-Gauge-1,3,1.129,1.134,1.1257083886670047,1.158,1.123139017532499,1.196,1.1316921669320026
2024-02-15 17:00:00,Guwahati-Gauge-1,3,1.134,1.133,1.1325746438000202,1.153,1.123243436479644,1.225,1.130340873288979
2024-02-15 18:00:00,Guwahati-Gauge-1,3,1.133,1.158,1.1315095197825147,1.182,1.120577762961178,1.223,1.1243816393660144
2024-02-15 19:00:00,Guwahati-Gauge-1,3,1.158,1.153,1.1689234732384588,1.196,1.2039029955725424,1.216,1.226669618261608
2024-02-15 20:00:00,Guwahati-Gauge-1,3,1.153,1.182,1.1872789530752477,1.225,1.2402163375336548,1.244,1.2868120186234588
2024-02-15 21:00:00,Guwahati-Gauge-1,3,1.182,1.196,1.2170076805300392,1.223,1.25072040443489,1.262,1.3002576114858084
2024-02-15 22:00:00,Guwahati-Gauge-1,3,1.196,1.225,1.2226196056939496,1.216,1.2294072675066139,1.276,1.2522935535364752
2024-02-15 23:00:00,Guwahati-Gauge-1,3,1.225,1.223,1.2328652960833684,1.244,1.2543827294937482,1.3,1.2800995270632165
2024-02-16 00:00:00,Guwahati-Gauge-1,3,1.223,1.216,1.2287816242775471,1.262,1.2561834293400347,1.256,1.2550740445440371
2024-02-16 01:00:00,Guwahati-Gauge-1,3,1.216,1.244,1.2229418355874317,1.276,1.22380876760635,1.249,1.1960121683257634
2024-02-16 02:00:00,Guwahati-Gauge-1,3,1.244,1.262,1.2402434409708982,1.3,1.2413641948420222,1.249,1.2373801133957132
2024-02-16 03:00:00,Guwahati-Gauge-1,3,1.262,1.276,1.2533097856567903,1.256,1.2442006164530348,1.236,1.235758260990018
2024-02-16 04:00:00,Guwahati-Gauge-1,3,1.276,1.3,1.2745791326269744,1.249,1.2509078565526492,1.193,1.2346310905883584
2024-02-16 05:00:00,Guwahati-Gauge-1,3,1.3,1.256,1.2923846427727015,1.249,1.2919789055567938,1.207,1.2861032286822136
2024-02-16 06:00:00,Guwahati-Gauge-1,3,1.256,1.249,1.250786667141996,1.236,1.2373460573751962,1.215,1.2162316596621858
2024-02-16 07:00:00,Guwahati-Gauge-1,3,1.249,1.249,1.2425545756973417,1.193,1.2272135967210558,1.197,1.2147697853688526
2024-02-16 08:00:00,Guwahati-Gauge-1,3,1.249,1.236,1.2393277408131327,1.207,1.2267162954825737,1.212,1.2022502014545522
2024-02-16 09:00:00,Guwahati-Gauge-1,3,1.236,1.193,1.2137910756701917,1.215,1.2171061797251166,1.211,1.2013577036997214
2024-02-16 10:00:00,Guwahati-Gauge-1,3,1.193,1.207,1.1886194578820273,1.197,1.1837409460064843,1.221,1.1841504558284393
2024-02-16 11:00:00,Guwahati-Gauge-1,3,1.207,1.215,1.2085390057696643,1.212,1.1939325948663282,1.199,1.183023029438711
2024-02-16 12:00:00,Guwahati-Gauge-1,3,1.215,1.197,1.213098215917339,1.211,1.2016447079854757,1.201,1.1830118971640422
2024-02-16 13:00:00,Guwahati-Gauge-1,3,1.197,1.212,1.1968151681357995,1.221,1.182282812407087,1.203,1.177999629005959
2024-02-16 14:00:00,Guwahati-Gauge-1,3,1.212,1.211,1.2121910000142602,1.199,1.1963516723061938,1.193,1.1840791035732943
2024-02-16 15:00:00,Guwahati-Gauge-1,3,1.211,1.221,1.209881949593193,1.201,1.1935922617867492,1.135,1.1849967766806975
2024-02-16 16:00:00,Guwahati-Gauge-1,3,1.221,1.199,1.2153580820645205,1.203,1.2180585531563042,1.135,1.203835672778779
2024-02-16 17:00:00,Guwahati-Gauge-1,3,1.199,1.201,1.1971986601032156,1.193,1.1819306073879148,1.136,1.1771282153890579
2024-02-16 18:00:00,Guwahati-Gauge-1,3,1.201,1.203,1.197458521924562,1.135,1.1780425428578498,1.113,1.1764292782821841
2024-02-16 19:00:00,Guwahati-Gauge-1,3,1.203,1.193,1.1998279537093588,1.135,1.1880932296431626,1.122,1.1793467526267842
2024-02-16 20:00:00,Guwahati-Gauge-1,3,1.193,1.135,1.1800075306264866,1.136,1.1752995485455848,1.123,1.1736358174263883
2024-02-16 21:00:00,Guwahati-Gauge-1,3,1.135,1.135,1.134826761642402,1.113,1.1232586011369403,1.128,1.1289456872898314
2024-02-16 22:00:00,Guwahati-Gauge-1,3,1.135,1.136,1.1343445743699856,1.122,1.122589069478623,1.119,1.125797681249885
2024-02-16 23:00:00,Guwahati-Gauge-1,3,1.136,1.113,1.132234781572454,1.123,1.1257225557904578,1.083,1.1241453575949114
2024-02-17 00:00:00,Guwahati-Gauge-1,3,1.113,1.122,1.1103654435488808,1.128,1.1080509811226673,1.048,1.1087655393384381
2024-02-17 01:00:00,Guwahati-Gauge-1,3,1.122,1.123,1.1214770195034418,1.119,1.1147362030126216,1.062,1.1116827593286274
2024-02-17 02:00:00,Guwahati-Gauge-1,3,1.123,1.128,1.121223871260694,1.083,1.1145290760401274,1.04,1.1156736812316672
2024-02-17 03:00:00,Guwahati-Gauge-1,3,1.128,1.119,1.1235305356625966,1.048,1.119123929612449,1.024,1.134732646412242
2024-02-17 04:00:00,Guwahati-Gauge-1,3,1.119,1.083,1.1142537518822937,1.062,1.110541259192703,1.04,1.1098091401619863
2024-02-17 05:00:00,Guwahati-Gauge-1,3,1.083,1.048,1.0793017150444026,1.04,1.0893502558893255,0.996,1.0838439944568974
2024-02-17 06:00:00,Guwahati-Gauge-1,3,1.048,1.062,1.044274887384382,1.024,1.0455761979474965,1.047,1.0809445632572978
2024-02-17 07:00:00,Guwahati-Gauge-1,3,1.062,1.04,1.0545093139431645,1.04,1.052846384548618,1.144,1.0862869962279083
2024-02-17 08:00:00,Guwahati-Gauge-1,3,1.04,1.024,1.0342400217401406,0.996,1.0441343963542464,1.223,1.097881182770412
2024-02-17 09:00:00,Guwahati-Gauge-1,3,1.024,1.04,1.0223575676154562,1.047,1.0310743171415637,1.266,1.11204083947671
2024-02-17 10:00:00,Guwahati-Gauge-1,3,1.04,0.996,1.0247480903268273,1.144,1.0500697241857353,1.338,1.110855103711431
2024-02-17 11:00:00,Guwahati-Gauge-1,3,0.996,1.047,1.0161762888908263,1.223,1.0745711726880294,1.42,1.135386333680228
2024-02-17 12:00:00,Guwahati-Gauge-1,3,1.047,1.144,1.0959344555894526,1.266,1.2250240743155263,1.4,1.3001947676913876
2024-02-17 13:00:00,Guwahati-Gauge-1,3,1.144,1.223,1.1947916684364113,1.338,1.287872909126549,1.373,1.3053216794874514
2024-02-17 14:00:00,Guwahati-Gauge-1,3,1.223,1.266,1.2730066585559043,1.42,1.4185397894616274,1.341,1.407957690423004
2024-02-17 15:00:00,Guwahati-Gauge-1,3,1.266,1.338,1.318742783164897,1.4,1.3194036599677916,1.355,1.3135233506818615
2024-02-17 16:00:00,Guwahati-Gauge-1,3,1.338,1.42,1.3900108768141763,1.373,1.3918875517346856,1.372,1.3649660528251588
2024-02-17 17:00:00,Guwahati-Gauge-1,3,1.42,1.4,1.4353551034915248,1.341,1.425372169449093,1.382,1.4353696675311802
2024-02-17 18:00:00,Guwahati-Gauge-1,3,1.4,1.373,1.3939952416154282,1.355,1.383010365364933,1.402,1.4099513565216175
2024-02-17 19:00:00,Guwahati-Gauge-1,3,1.373,1.341,1.3636556152539867,1.372,1.3762734036168403,1.429,1.3944563817910103
2024-02-17 20:00:00,Guwahati-Gauge-1,3,1.341,1.355,1.3424553771319343,1.382,1.3358713013615324,1.4,1.3538150916612812
2024-02-17 21:00:00,Guwahati-Gauge-1,3,1.355,1.372,1.3562493001100533,1.402,1.3675494055425321,1.422,1.391833221292157
2024-02-17 22:00:00,Guwahati-Gauge-1,3,1.372,1.382,1.3711363168154214,1.429,1.3788740531240895,1.425,1.3993880325309185
2024-02-17 23:00:00,Guwahati-Gauge-1,3,1.382,1.402,1.3786512608671901,1.4,1.3762263904514846,1.464,1.3991506595071017
2024-02-18 00:00:00,Guwahati-Gauge-1,3,1.402,1.429,1.4027043542643411,1.422,1.373411224972443,1.531,1.3537847611672253
2024-02-18 01:00:00,Guwahati-Gauge-1,3,1.429,1.4,1.4211301476780376,1.425,1.4411165464321132,1.551,1.5079537099018827
2024-02-18 02:00:00,Guwahati-Gauge-1,3,1.4,1.422,1.4078415726130162,1.464,1.4446821622118386,1.568,1.4769297489647677
2024-02-18 03:00:00,Guwahati-Gauge-1,3,1.422,1.425,1.4227921324236428,1.531,1.4800566431942608,1.583,1.5129427706036016
2024-02-18 04:00:00,Guwahati-Gauge-1,3,1.425,1.464,1.4292128570394251,1.551,1.4537008818773112,1.607,1.4606124359958883
2024-02-18 05:00:00,Guwahati-Gauge-1,3,1.464,1.531,1.492681475317041,1.568,1.4846187353963716,1.633,1.4944313391017503
2024-02-18 06:00:00,Guwahati-Gauge-1,3,1.531,1.551,1.5364707751084532,1.583,1.5347915196915378,1.708,1.55864379296822
2024-02-18 07:00:00,Guwahati-Gauge-1,3,1.551,1.568,1.5694065304809883,1.607,1.613244529221138,1.7,1.666516035130697
2024-02-18 08:00:00,Guwahati-Gauge-1,3,1.568,1.583,1.5917607950979693,1.633,1.63442636441413,1.681,1.661013549537586
2024-02-18 09:00:00,Guwahati-Gauge-1,3,1.583,1.607,1.6036414619234747,1.708,1.6720435710789752,1.671,1.671633196208998
2024-02-18 10:00:00,Guwahati-Gauge-1,3,1.607,1.633,1.6191885930948862,1.7,1.624146693227099,1.643,1.5798529646945292
2024-02-18 11:00:00,Guwahati-Gauge-1,3,1.633,1.708,1.6566499418105551,1.681,1.6474022731426123,1.599,1.5993707756798112
2024-02-18 12:00:00,Guwahati-Gauge-1,3,1.708,1.7,1.711404536707898,1.671,1.699927729077389,1.586,1.6528307097072221
2024-02-18 13:00:00,Guwahati-Gauge-1,3,1.7,1.681,1.688043227396196,1.643,1.6585667254232832,1.622,1.6353383240180277
2024-02-18 14:00:00,Guwahati-Gauge-1,3,1.681,1.671,1.6747000221110822,1.599,1.6377981003339408,1.627,1.630056289134569
2024-02-18 15:00:00,Guwahati-Gauge-1,3,1.671,1.643,1.6533314217211954,1.586,1.6311641881788836,1.606,1.6241176143219356
2024-02-18 16:00:00,Guwahati-Gauge-1,3,1.643,1.599,1.6246529526573144,1.622,1.6182710336666217,1.601,1.6117941667619233
2024-02-18 17:00:00,Guwahati-Gauge-1,3,1.599,1.586,1.5953267966741556,1.627,1.5890399747019595,1.639,1.5804050994341614
2024-02-18 18:00:00,Guwahati-Gauge-1,3,1.586,1.622,1.5949967015718371,1.606,1.577756593573566,1.63,1.5690471441485003
2024-02-18 19:00:00,Guwahati-Gauge-1,3,1.622,1.627,1.6167274159223417,1.601,1.5995224624452555,1.616,1.601245521412884
2024-02-18 20:00:00,Guwahati-Gauge-1,3,1.627,1.606,1.6128433839351013,1.639,1.6110468662048423,1.62,1.6160579634929264
2024-02-18 21:00:00,Guwahati-Gauge-1,3,1.606,1.601,1.6001916746760576,1.63,1.6023974148238886,1.636,1.589044338862164
2024-02-18 22:00:00,Guwahati-Gauge-1,3,1.601,1.639,1.5919521435012196,1.616,1.5820632420376204,1.647,1.5712730963393708
2024-02-18 23:00:00,Guwahati-Gauge-1,3,1.639,1.63,1.62854316265209,1.62,1.6127310800017562,1.678,1.6255669566133386
2024-02-19 00:00:00,Guwahati-Gauge-1,3,1.63,1.616,1.6122169680994896,1.636,1.6048974292272151,1.68,1.6050917305044827
2024-02-19 01:00:00,Guwahati-Gauge-1,3,1.616,1.62,1.6221600436917563,1.647,1.645264481646353,1.62,1.6240047352988092
2024-02-19 02:00:00,Guwahati-Gauge-1,3,1.62,1.636,1.6271448380491655,1.678,1.6522124321746012,1.617,1.6214365983566443
2024-02-19 03:00:00,Guwahati-Gauge-1,3,1.636,1.647,1.6459178611332763,1.68,1.6586125409414796,1.613,1.6359140404110848
2024-02-19 04:00:00,Guwahati-Gauge-1,3,1.647,1.678,1.66289704846169,1.62,1.6342015318216658,1.607,1.6237352183683955
2024-02-19 05:00:00,Guwahati-Gauge-1,3,1.678,1.68,1.6677853020592535,1.617,1.6626193194652763,1.578,1.6565285049089056
2024-02-19 06:00:00,Guwahati-Gauge-1,3,1.68,1.62,1.6660472248324254,1.613,1.6622216732278328,1.606,1.6565971835647828
2024-02-19 07:00:00,Guwahati-Gauge-1,3,1.62,1.617,1.6142125016141664,1.607,1.6019330831287173,1.572,1.5865851567999474
2024-02-19 08:00:00,Guwahati-Gauge-1,3,1.617,1.613,1.6140260335487444,1.578,1.599265296808952,1.541,1.5796028765667638
2024-02-19 09:00:00,Guwahati-Gauge-1,3,1.613,1.607,1.602265432345292,1.606,1.5989071222630185,1.526,1.5773702145516506
2024-02-19 10:00:00,Guwahati-Gauge-1,3,1.607,1.578,1.5963005996480828,1.572,1.5916499348713626,1.542,1.5690425414059148
2024-02-19 11:00:00,Guwahati-Gauge-1,3,1.578,1.606,1.5816570181576781,1.541,1.554479551792,1.558,1.5469445739054626
2024-02-19 12:00:00,Guwahati-Gauge-1,3,1.606,1.572,1.5937573205805695,1.526,1.5833846402263088,1.558,1.5689467782598994
2024-02-19 13:00:00,Guwahati-Gauge-1,3,1.572,1.541,1.5607690592082537,1.542,1.5445214947258807,1.586,1.539507921914539
2024-02-19 14:00:00,Guwahati-Gauge-1,3,1.541,1.526,1.5290698004616436,1.558,1.5251022049759457,1.569,1.521433496568554
2024-02-19 15:00:00,Guwahati-Gauge-1,3,1.526,1.542,1.5230429091471975,1.558,1.5150067845913762,1.544,1.5086630652857822
2024-02-19 16:00:00,Guwahati-Gauge-1,3,1.542,1.558,1.5344326913649275,1.586,1.5232402806543086,1.546,1.510516839835776
2024-02-19 17:00:00,Guwahati-Gauge-1,3,1.558,1.558,1.5551823836952694,1.569,1.543580607074967,1.573,1.5273656073969049
2024-02-19 18:00:00,Guwahati-Gauge-1,3,1.558,1.586,1.5629829952492094,1.544,1.5426960129014469,1.6,1.5545963162922287
2024-02-19 19:00:00,Guwahati-Gauge-1,3,1.586,1.569,1.58549238402365,1.546,1.585382553595887,1.57,1.5905326881171193
2024-02-19 20:00:00,Guwahati-Gauge-1,3,1.569,1.544,1.5562943404111533,1.573,1.5645326268101385,1.538,1.558504781577578
2024-02-19 21:00:00,Guwahati-Gauge-1,3,1.544,1.546,1.5489574375763369,1.6,1.562505665435894,1.551,1.5513922517701728
2024-02-19 22:00:00,Guwahati-Gauge-1,3,1.546,1.573,1.5486856833999687,1.57,1.543454587588984,1.543,1.5227309120229802
2024-02-19 23:00:00,Guwahati-Gauge-1,3,1.573,1.6,1.5774629884408038,1.538,1.5447339184487476,1.49,1.5233785911392799
2024-02-20 00:00:00,Guwahati-Gauge-1,3,1.6,1.57,1.5886408771046787,1.551,1.5782030622318899,1.457,1.5622105189164324
2024-02-20 01:00:00,Guwahati-Gauge-1,3,1.57,1.538,1.5569865914715573,1.543,1.547361776116767,1.457,1.5129053298462452
2024-02-20 02:00:00,Guwahati-Gauge-1,3,1.538,1.551,1.5288231030425052,1.49,1.5106748123538183,1.424,1.4899192692456042
2024-02-20 03:00:00,Guwahati-Gauge-1,3,1.551,1.543,1.543892747160392,1.457,1.5263421434603832,1.396,1.4961433977535732
2024-02-20 04:00:00,Guwahati-Gauge-1,3,1.543,1.49,1.5290752151346605,1.457,1.5175718175178297,1.369,1.494586444712212
2024-02-20 05:00:00,Guwahati-Gauge-1,3,1.49,1.457,1.4810434631728369,1.424,1.471924850630249,1.379,1.4461135437862416
2024-02-20 06:00:00,Guwahati-Gauge-1,3,1.457,1.457,1.451316254979869,1.396,1.413510879801074,1.371,1.399026896124074
2024-02-20 07:00:00,Guwahati-Gauge-1,3,1.457,1.424,1.4469225978315507,1.369,1.410156079242096,1.397,1.3839877601729171
2024-02-20 08:00:00,Guwahati-Gauge-1,3,1.424,1.396,1.4136022958170484,1.379,1.3951299249275404,1.379,1.3669828332932792
2024-02-20 09:00:00,Guwahati-Gauge-1,3,1.396,1.369,1.3846470651899092,1.371,1.3649448134722155,1.367,1.3301384030742744
2024-02-20 10:00:00,Guwahati-Gauge-1,3,1.369,1.379,1.362135708421679,1.397,1.3538282051276875,1.365,1.3284886187060927
2024-02-20 11:00:00,Guwahati-Gauge-1,3,1.379,1.371,1.3708118791020396,1.379,1.3606238731014575,1.348,1.323598394412389
2024-02-20 12:00:00,Guwahati-Gauge-1,3,1.371,1.397,1.3746352255165182,1.367,1.3565105457727284,1.312,1.316310778212535
2024-02-20 13:00:00,Guwahati-Gauge-1,3,1.397,1.379,1.391664296365336,1.365,1.362529125740458,1.302,1.3242932070321634
2024-02-20 14:00:00,Guwahati-Gauge-1,3,1.379,1.367,1.3713308372695103,1.348,1.3556381183855906,1.284,1.313881687091841
2024-02-20 15:00:00,Guwahati-Gauge-1,3,1.367,1.365,1.3562259797750955,1.312,1.333177177558336,1.279,1.2993811130018689
2024-02-20 16:00:00,Guwahati-Gauge-1,3,1.365,1.348,1.3545753036261636,1.302,1.3332050416112382,1.264,1.298504116635351
2024-02-20 17:00:00,Guwahati-Gauge-1,3,1.348,1.312,1.3382440874482973,1.284,1.3127496206409242,1.268,1.2934516798110007
2024-02-20 18:00:00,Guwahati-Gauge-1,3,1.312,1.302,1.3094021586364366,1.279,1.2913364065207948,1.255,1.2717643265650156
2024-02-20 19:00:00,Guwahati-Gauge-1,3,1.302,1.284,1.290839855996592,1.264,1.2891337526529918,1.217,1.2757396881805845
2024-02-20 20:00:00,Guwahati-Gauge-1,3,1.284,1.279,1.2787468373756512,1.268,1.2646046355345402,1.2,1.2575200863461768
2024-02-20 21:00:00,Guwahati-Gauge-1,3,1.279,1.264,1.2688544406099436,1.255,1.2527877112734191,1.172,1.2388820218170031
2024-02-20 22:00:00,Guwahati-Gauge-1,3,1.264,1.268,1.2567015798354597,1.217,1.2467111330302316,1.207,1.2333128654474514
2024-02-20 23:00:00,Guwahati-Gauge-1,3,1.268,1.255,1.2508326384805153,1.2,1.240495746473801,1.203,1.2335287346629358
2024-02-21 00:00:00,Guwahati-Gauge-1,3,1.255,1.217,1.2428271522816463,1.172,1.2280173992575876,1.212,1.2235402349693254
2024-02-21 01:00:00,Guwahati-Gauge-1,3,1.217,1.2,1.2053227037040584,1.207,1.2016159368160293,1.205,1.1856518730701586
2024-02-21 02:00:00,Guwahati-Gauge-1,3,1.2,1.172,1.1903865873434227,1.203,1.1847532998557282,1.236,1.1830841664342093
2024-02-21 03:00:00,Guwahati-Gauge-1,3,1.172,1.207,1.1777069083780938,1.212,1.1726772570248394,1.205,1.1744451395546385
2024-02-21 04:00:00,Guwahati-Gauge-1,3,1.207,1.203,1.2020187585309268,1.205,1.1918391962567665,1.184,1.1854231122976155
2024-02-21 05:00:00,Guwahati-Gauge-1,3,1.203,1.212,1.2007218995707296,1.236,1.192050677541172,1.202,1.1816651882498457
2024-02-21 06:00:00,Guwahati-Gauge-1,3,1.212,1.205,1.2050753822478313,1.205,1.191878847842559,1.186,1.1847310674429066
2024-02-21 07:00:00,Guwahati-Gauge-1,3,1.205,1.236,1.2039448952597425,1.184,1.190976439614755,1.166,1.1829335346087215
2024-02-21 08:00:00,Guwahati-Gauge-1,3,1.236,1.205,1.2235538096093892,1.202,1.2191222238814723,1.15,1.2118193892613631
2024-02-21 09:00:00,Guwahati-Gauge-1,3,1.205,1.184,1.2028028795319066,1.186,1.1940093962251845,1.185,1.1854646585781154
2024-02-21 10:00:00,Guwahati-Gauge-1,3,1.184,1.202,1.1790025010429268,1.166,1.1737079903357766,1.22,1.181401865654893
2024-02-21 11:00:00,Guwahati-Gauge-1,3,1.202,1.186,1.198222283620224,1.15,1.1851337331624128,1.224,1.1876183167803873
2024-02-21 12:00:00,Guwahati-Gauge-1,3,1.186,1.166,1.1767881661113695,1.185,1.174794238270337,1.226,1.1825915701026084
2024-02-21 13:00:00,Guwahati-Gauge-1,3,1.166,1.15,1.1643090318945988,1.22,1.171351385419756,1.24,1.1656164798215094
2024-02-21 14:00:00,Guwahati-Gauge-1,3,1.15,1.185,1.150958034482124,1.224,1.148671264635877,1.245,1.139832893411478
2024-02-21 15:00:00,Guwahati-Gauge-1,3,1.185,1.22,1.1861443232885067,1.226,1.1811837661246842,1.245,1.1858395060805762
2024-02-21 16:00:00,Guwahati-Gauge-1,3,1.22,1.224,1.2158927514386673,1.24,1.2152241551506786,1.265,1.2270449816374354
2024-02-21 17:00:00,Guwahati-Gauge-1,3,1.224,1.226,1.2219647947744319,1.245,1.2348240733725115,1.278,1.245215217901051
2024-02-21 18:00:00,Guwahati-Gauge-1,3,1.226,1.24,1.2252026950040837,1.245,1.2444016761700185,1.312,1.2827454464687187
2024-02-21 19:00:00,Guwahati-Gauge-1,3,1.24,1.245,1.2473726724497782,1.265,1.2566173457009264,1.337,1.295932583777291
2024-02-21 20:00:00,Guwahati-Gauge-1,3,1.245,1.245,1.247335959528622,1.278,1.2575370923032858,1.388,1.2925270705392924
2024-02-21 21:00:00,Guwahati-Gauge-1,3,1.245,1.265,1.2451844320278889,1.312,1.2473734390846511,1.404,1.260908399857
2024-02-21 22:00:00,Guwahati-Gauge-1,3,1.265,1.278,1.2978192830463888,1.337,1.3480347492229785,1.378,1.3697721346710119
2024-02-21 23:00:00,Guwahati-Gauge-1,3,1.278,1.312,1.3041624554737707,1.388,1.3563077246863762,1.342,1.3519419456994837
2024-02-22 00:00:00,Guwahati-Gauge-1,3,1.312,1.337,1.3370295746612888,1.404,1.3804018892626975,1.32,1.3410402801859753
2024-02-22 01:00:00,Guwahati-Gauge-1,3,1.337,1.388,1.3554048335343771,1.378,1.3569626311042018,1.285,1.3063451401525485
2024-02-22 02:00:00,Guwahati-Gauge-1,3,1.388,1.404,1.3990953507963901,1.342,1.3690979927075426,1.303,1.3284481506710983
2024-02-22 03:00:00,Guwahati-Gauge-1,3,1.404,1.378,1.404237180621537,1.32,1.3771569304582763,1.295,1.3447100631124598
2024-02-22 04:00:00,Guwahati-Gauge-1,3,1.378,1.342,1.3644267130109367,1.285,1.3597684416176299,1.279,1.3393050148507244
2024-02-22 05:00:00,Guwahati-Gauge-1,3,1.342,1.32,1.337241242091083,1.303,1.3171164291016402,1.29,1.3104300156102224
2024-02-22 06:00:00,Guwahati-Gauge-1,3,1.32,1.285,1.309870453032594,1.295,1.2988246741849923,1.329,1.3041673563797962
2024-02-22 07:00:00,Guwahati-Gauge-1,3,1.285,1.303,1.2813709161364872,1.279,1.263271727892516,1.319,1.2612052341590416
2024-02-22 08:00:00,Guwahati-Gauge-1,3,1.303,1.295,1.2948511543614971,1.29,1.2889710319943626,1.296,1.292530142656807
2024-02-22 09:00:00,Guwahati-Gauge-1,3,1.295,1.279,1.2973989009713565,1.329,1.3239822075438978,1.281,1.2984617683501756
2024-02-22 10:00:00,Guwahati-Gauge-1,3,1.279,1.29,1.2899914401352555,1.319,1.2934334939835257,1.237,1.2603129337223307
2024-02-22 11:00:00,Guwahati-Gauge-1,3,1.29,1.329,1.2978767106017564,1.296,1.303995031150277,1.242,1.2651185149178912
2024-02-22 12:00:00,Guwahati-Gauge-1,3,1.329,1.319,1.3257198066705154,1.281,1.3056794127943392,1.248,1.2822466408068456
2024-02-22 13:00:00,Guwahati-Gauge-1,3,1.319,1.296,1.3061978893028645,1.237,1.2899430373424674,1.233,1.2731281980764146
2024-02-22 14:00:00,Guwahati-Gauge-1,3,1.296,1.281,1.291640790325965,1.242,1.286856941204729,1.207,1.2721008069714352
2024-02-22 15:00:00,Guwahati-Gauge-1,3,1.281,1.237,1.2656469145416525,1.248,1.2526491164413913,1.251,1.2354621455364025
2024-02-22 16:00:00,Guwahati-Gauge-1,3,1.237,1.242,1.234433155317588,1.233,1.2216032328286461,1.222,1.21227807074862
2024-02-22 17:00:00,Guwahati-Gauge-1,3,1.242,1.248,1.2410616117225486,1.207,1.2220412662382183,1.202,1.2143713654702983
2024-02-22 18:00:00,Guwahati-Gauge-1,3,1.248,1.233,1.2418468663235709,1.251,1.2264243818352631,1.199,1.2156099126614541
2024-02-22 19:00:00,Guwahati-Gauge-1,3,1.233,1.207,1.2204985435600286,1.222,1.2178956509499324,1.213,1.2134735473236495
2024-02-22 20:00:00,Guwahati-Gauge-1,3,1.207,1.251,1.2143322778557848,1.202,1.194235786476945,1.207,1.1822127521598482
2024-02-22 21:00:00,Guwahati-Gauge-1,3,1.251,1.222,1.2520515904716227,1.199,1.234351409364203,1.204,1.2152859558489362
2024-02-22 22:00:00,Guwahati-Gauge-1,3,1.222,1.202,1.2136002822863212,1.213,1.2136992158268407,1.213,1.2025226492373193
2024-02-22 23:00:00,Guwahati-Gauge-1,3,1.202,1.199,1.2014881745021249,1.207,1.1888730665439147,1.274,1.1845323988559726
2024-02-23 00:00:00,Guwahati-Gauge-1,3,1.199,1.213,1.1932329113505973,1.204,1.179699600303689,1.257,1.1829979701215019
2024-02-23 01:00:00,Guwahati-Gauge-1,3,1.213,1.207,1.210579409355176,1.213,1.199117598328197,1.242,1.1856372898535135
2024-02-23 02:00:00,Guwahati-Gauge-1,3,1.207,1.204,1.2087180257590313,1.274,1.2124680062688278,1.233,1.1936869809223623
2024-02-23 03:00:00,Guwahati-Gauge-1,3,1.204,1.213,1.2048018779626328,1.257,1.213339716604861,1.241,1.1897826990786862
2024-02-23 04:00:00,Guwahati-Gauge-1,3,1.213,1.274,1.2180335404251619,1.242,1.2173695047512534,1.285,1.1910325704827653
2024-02-23 05:00:00,Guwahati-Gauge-1,3,1.274,1.257,1.2659074978377618,1.233,1.254034102121773,1.275,1.2463709935676364
2024-02-23 06:00:00,Guwahati-Gauge-1,3,1.257,1.242,1.2549177534854385,1.241,1.2434943344435152,1.278,1.232205906293852
2024-02-23 07:00:00,Guwahati-Gauge-1,3,1.242,1.233,1.2371478434363703,1.285,1.2335429205352162,1.227,1.225170572222377
2024-02-23 08:00:00,Guwahati-Gauge-1,3,1.233,1.241,1.2289258314449563,1.275,1.2222329217587213,1.222,1.2172001308381788
2024-02-23 09:00:00,Guwahati-Gauge-1,3,1.241,1.285,1.242318756126719,1.278,1.2262013513752985,1.23,1.2244606270853702
2024-02-23 10:00:00,Guwahati-Gauge-1,3,1.285,1.275,1.2773474786613455,1.227,1.2613478095742263,1.259,1.2678390869697433
2024-02-23 11:00:00,Guwahati-Gauge-1,3,1.275,1.278,1.2712560447379764,1.222,1.2465137191680795,1.256,1.2517330648038674
2024-02-23 12:00:00,Guwahati-Gauge-1,3,1.278,1.227,1.267922251930469,1.23,1.2471793453519917,1.239,1.2521991646501802
2024-02-23 13:00:00,Guwahati-Gauge-1,3,1.227,1.222,1.2190631831892833,1.259,1.2184737538209012,1.253,1.2163835269867642
2024-02-23 14:00:00,Guwahati-Gauge-1,3,1.222,1.23,1.2133793459670517,1.256,1.212705452987122,1.231,1.2066395675705026
2024-02-23 15:00:00,Guwahati-Gauge-1,3,1.23,1.259,1.2437230699881106,1.239,1.2549781987601802,1.21,1.2672418003409356
2024-02-23 16:00:00,Guwahati-Gauge-1,3,1.259,1.256,1.2664443393860911,1.253,1.269726354776512,1.208,1.2638879347005092
2024-02-23 17:00:00,Guwahati-Gauge-1,3,1.256,1.239,1.2622798197422536,1.231,1.2667609094210204,1.156,1.2571813275229426
2024-02-23 18:00:00,Guwahati-Gauge-1,3,1.239,1.253,1.236416496134773,1.21,1.2321624395937443,1.149,1.2231291619492397
2024-02-23 19:00:00,Guwahati-Gauge-1,3,1.253,1.231,1.2579685327047079,1.208,1.2480879866365882,1.177,1.2337443921505564
2024-02-23 20:00:00,Guwahati-Gauge-1,3,1.231,1.21,1.222796998135992,1.156,1.2314833037818438,1.141,1.2233780696780976
2024-02-23 21:00:00,Guwahati-Gauge-1,3,1.21,1.208,1.2081006822168716,1.149,1.1914518475198148,1.123,1.1846979841017702
2024-02-23 22:00:00,Guwahati-Gauge-1,3,1.208,1.156,1.2017481282195308,1.177,1.1934412286211225,1.132,1.179101645696739
2024-02-23 23:00:00,Guwahati-Gauge-1,3,1.156,1.149,1.1505825516258892,1.141,1.148104000231074,1.145,1.155421471911243
2024-02-24 00:00:00,Guwahati-Gauge-1,3,1.149,1.177,1.149758573488507,1.123,1.139124178609251,1.142,1.1418256782819658
2024-02-24 01:00:00,Guwahati-Gauge-1,3,1.177,1.141,1.1682571283319279,1.132,1.1680131291414604,1.134,1.1816548895102594
2024-02-24 02:00:00,Guwahati-Gauge-1,3,1.141,1.123,1.1398411646533897,1.145,1.1352798930053707,1.163,1.1404710842298316
2024-02-24 03:00:00,Guwahati-Gauge-1,3,1.123,1.132,1.123822788717715,1.142,1.1176859134740769,1.162,1.1227821650088836
2024-02-24 04:00:00,Guwahati-Gauge-1,3,1.132,1.145,1.1332324782918517,1.134,1.1274815842918882,1.136,1.132025771773769
2024-02-24 05:00:00,Guwahati-Gauge-1,3,1.145,1.142,1.1397573448885174,1.163,1.1370264902439031,1.135,1.1341385797422465
2024-02-24 06:00:00,Guwahati-Gauge-1,3,1.142,1.134,1.1404448685702606,1.162,1.1332136185761452,1.128,1.1324207286961645
2024-02-24 07:00:00,Guwahati-Gauge-1,3,1.134,1.163,1.1335243885202642,1.136,1.1226837714746678,1.116,1.1288482298376483
2024-02-24 08:00:00,Guwahati-Gauge-1,3,1.163,1.162,1.1560234178763047,1.135,1.1523309377602688,1.111,1.1525474566176799
2024-02-24 09:00:00,Guwahati-Gauge-1,3,1.162,1.136,1.1552708965165643,1.128,1.1526186029272067,1.142,1.1502203951087435
2024-02-24 10:00:00,Guwahati-Gauge-1,3,1.136,1.135,1.1401429687600644,1.116,1.1262565895953245,1.184,1.1368662735426713
2024-02-24 11:00:00,Guwahati-Gauge-1,3,1.135,1.128,1.1361692606565883,1.111,1.1243692178442002,1.229,1.1305455822653374
2024-02-24 12:00:00,Guwahati-Gauge-1,3,1.128,1.116,1.1240683021397617,1.142,1.1237506891432611,1.256,1.1366718259626503
2024-02-24 13:00:00,Guwahati-Gauge-1,3,1.116,1.111,1.1104439361385203,1.184,1.1115779181192313,1.283,1.129286645362041
2024-02-24 14:00:00,Guwahati-Gauge-1,3,1.111,1.142,1.1410713226969014,1.229,1.1969072777866414,1.268,1.2574677727582515
2024-02-24 15:00:00,Guwahati-Gauge-1,3,1.142,1.184,1.1702472997949607,1.256,1.214891258535926,1.281,1.2611565291430311
2024-02-24 16:00:00,Guwahati-Gauge-1,3,1.184,1.229,1.218534081695273,1.283,1.262208241528352,1.251,1.28850803923942
2024-02-24 17:00:00,Guwahati-Gauge-1,3,1.229,1.256,1.2411240008045894,1.268,1.25422890085945,1.235,1.2491804553423504
2024-02-24 18:00:00,Guwahati-Gauge-1,3,1.256,1.283,1.2846713533932517,1.281,1.2661251915455054,1.213,1.239546033158543
2024-02-24 19:00:00,Guwahati-Gauge-1,3,1.283,1.268,1.2871034540228632,1.251,1.2785858215677761,1.206,1.2644377930164283
2024-02-24 20:00:00,Guwahati-Gauge-1,3,1.268,1.281,1.2604684024367614,1.235,1.2479677294748597,1.228,1.2356300849047364
2024-02-24 21:00:00,Guwahati-Gauge-1,3,1.281,1.251,1.2704986169518422,1.213,1.2503199947383563,1.198,1.2360197787839238
2024-02-24 22:00:00,Guwahati-Gauge-1,3,1.251,1.235,1.2433801839310519,1.206,1.2257941286268779,1.199,1.2138613521228003
2024-02-24 23:00:00,Guwahati-Gauge-1,3,1.235,1.213,1.2198924722938496,1.228,1.218480657399923,1.2,1.2124924341989654
2024-02-25 00:00:00,Guwahati-Gauge-1,3,1.213,1.206,1.2145454858355043,1.198,1.200531442455962,1.176,1.1859751568416308
2024-02-25 01:00:00,Guwahati-Gauge-1,3,1.206,1.228,1.2075676290051507,1.199,1.1941296779839037,1.167,1.17996064764341
2024-02-25 02:00:00,Guwahati-Gauge-1,3,1.228,1.198,1.2227229348548834,1.2,1.2145032830286047,1.145,1.2040384929311478
2024-02-25 03:00:00,Guwahati-Gauge-1,3,1.198,1.199,1.196177578637559,1.176,1.182855188377569,1.143,1.1797455145477798
2024-02-25 04:00:00,Guwahati-Gauge-1,3,1.199,1.2,1.196378411595333,1.167,1.1784079429242393,1.137,1.1779446330747818
2024-02-25 05:00:00,Guwahati-Gauge-1,3,1.2,1.176,1.1937582106579019,1.145,1.1778615709059423,1.163,1.1782989780919813
2024-02-25 06:00:00,Guwahati-Gauge-1,3,1.176,1.167,1.167594566801834,1.143,1.1697015925828331,1.143,1.1723048936115772
2024-02-25 07:00:00,Guwahati-Gauge-1,3,1.167,1.145,1.161725388461336,1.137,1.1630108937128891,1.136,1.1639968161413818
2024-02-25 08:00:00,Guwahati-Gauge-1,3,1.145,1.143,1.14433961280515,1.163,1.1401646218688068,1.124,1.1276440700252837
2024-02-25 09:00:00,Guwahati-Gauge-1,3,1.143,1.137,1.1413828084437883,1.143,1.1386746281974505,1.148,1.1271331228571917
2024-02-25 10:00:00,Guwahati-Gauge-1,3,1.137,1.163,1.1428261178855137,1.136,1.1353007920106044,1.133,1.1249908370088781
2024-02-25 11:00:00,Guwahati-Gauge-1,3,1.163,1.143,1.1571274859477765,1.124,1.1538448404293868,1.112,1.1467628507781453
2024-02-25 12:00:00,Guwahati-Gauge-1,3,1.143,1.136,1.1448664783371592,1.148,1.1391995188611685,1.093,1.126103148258104
2024-02-25 13:00:00,Guwahati-Gauge-1,3,1.136,1.124,1.140324453355992,1.133,1.132042647819387,1.074,1.1234964263673637
2024-02-25 14:00:00,Guwahati-Gauge-1,3,1.124,1.148,1.1225071940553255,1.112,1.11598612674461,1.06,1.1158936250659701
2024-02-25 15:00:00,Guwahati-Gauge-1,3,1.148,1.133,1.138299995974457,1.093,1.128124408467326,1.041,1.1265375886702422
2024-02-25 16:00:00,Guwahati-Gauge-1,3,1.133,1.112,1.1289066888155308,1.074,1.1195263797721202,1.068,1.126248898126176
2024-02-25 17:00:00,Guwahati-Gauge-1,3,1.112,1.093,1.10449018458631,1.06,1.1029409097185443,1.067,1.1110288947263165
2024-02-25 18:00:00,Guwahati-Gauge-1,3,1.093,1.074,1.083016254345059,1.041,1.077576460412939,1.104,1.09783589629481
2024-02-25 19:00:00,Guwahati-Gauge-1,3,1.074,1.06,1.0699805970333407,1.068,1.0599850715549377,1.13,1.0985861841682856
2024-02-25 20:00:00,Guwahati-Gauge-1,3,1.06,1.041,1.0560384682716066,1.067,1.05790545207557,1.187,1.0972529970029197
2024-02-25 21:00:00,Guwahati-Gauge-1,3,1.041,1.068,1.0428845431588236,1.104,1.0553179642315802,1.221,1.104576955245727
2024-02-25 22:00:00,Guwahati-Gauge-1,3,1.068,1.067,1.0856530976649132,1.13,1.1364695526961908,1.227,1.1968855927361308
2024-02-25 23:00:00,Guwahati-Gauge-1,3,1.067,1.104,1.0881299035551015,1.187,1.1394181167288375,1.267,1.1829074494651821
2024-02-26 00:00:00,Guwahati-Gauge-1,3,1.104,1.13,1.1281170018454127,1.221,1.1949460018237916,1.274,1.2365891155784239
2024-02-26 01:00:00,Guwahati-Gauge-1,3,1.13,1.187,1.1438450688928654,1.227,1.1551493597553641,1.267,1.1544630499737483
2024-02-26 02:00:00,Guwahati-Gauge-1,3,1.187,1.221,1.211169065398119,1.267,1.2253708249576658,1.248,1.2001371000803263
2024-02-26 03:00:00,Guwahati-Gauge-1,3,1.221,1.227,1.2285928428579438,1.274,1.24800377328329,1.274,1.2442172780569105
2024-02-26 04:00:00,Guwahati-Gauge-1,3,1.227,1.267,1.2347102997995958,1.267,1.236479229911396,1.25,1.2298599342747667
2024-02-26 05:00:00,Guwahati-Gauge-1,3,1.267,1.274,1.264290524385879,1.248,1.2702103108392315,1.229,1.2644805609274998
2024-02-26 06:00:00,Guwahati-Gauge-1,3,1.274,1.267,1.270137394381817,1.274,1.2633358616155317,1.208,1.247517619462814
2024-02-26 07:00:00,Guwahati-Gauge-1,3,1.267,1.248,1.2602359124733886,1.25,1.2519632161836844,1.196,1.23557016392983
2024-02-26 08:00:00,Guwahati-Gauge-1,3,1.248,1.274,1.252838873280448,1.229,1.244104319279011,1.198,1.226492026744395
2024-02-26 09:00:00,Guwahati-Gauge-1,3,1.274,1.25,1.263638153023361,1.208,1.2544248479518136,1.197,1.243100598260876
2024-02-26 10:00:00,Guwahati-Gauge-1,3,1.25,1.229,1.2491688535152117,1.196,1.237060573343105,1.21,1.2220795120194063
2024-02-26 11:00:00,Guwahati-Gauge-1,3,1.229,1.208,1.2236646305583292,1.198,1.2413123077116393,1.186,1.23129835851741
2024-02-26 12:00:00,Guwahati-Gauge-1,3,1.208,1.196,1.2070239633997228,1.197,1.2017663928756093,1.167,1.183638864018225
2024-02-26 13:00:00,Guwahati-Gauge-1,3,1.196,1.198,1.193271762377114,1.21,1.1896048114085243,1.173,1.1756078328893447
2024-02-26 14:00:00,Guwahati-Gauge-1,3,1.198,1.197,1.1940499717180233,1.186,1.1884546855319558,1.156,1.1833386078701305
2024-02-26 15:00:00,Guwahati-Gauge-1,3,1.197,1.21,1.1959056620614887,1.167,1.1880215692040472,1.13,1.1826939769850424
2024-02-26 16:00:00,Guwahati-Gauge-1,3,1.21,1.186,1.2085132424446068,1.173,1.1967539984475963,1.102,1.1841846128355242
2024-02-26 17:00:00,Guwahati-Gauge-1,3,1.186,1.167,1.1837801263669145,1.156,1.17954780453704,1.104,1.1814880198177375
2024-02-26 18:00:00,Guwahati-Gauge-1,3,1.167,1.173,1.1677194287977426,1.13,1.1645171521669153,1.106,1.1683213873416107
2024-02-26 19:00:00,Guwahati-Gauge-1,3,1.173,1.156,1.1738275130966143,1.102,1.1641892218323655,1.103,1.1727105879676487
2024-02-26 20:00:00,Guwahati-Gauge-1,3,1.156,1.13,1.1536295200812374,1.104,1.151636052293004,1.126,1.16171961466555
2024-02-26 21:00:00,Guwahati-Gauge-1,3,1.13,1.102,1.127367111217888,1.106,1.133793850163673,1.13,1.1452454388503677
2024-02-26 22:00:00,Guwahati-Gauge-1,3,1.102,1.104,1.0944625095203262,1.103,1.0897823574224692,1.128,1.1038096607118923
2024-02-26 23:00:00,Guwahati-Gauge-1,3,1.104,1.106,1.1030267810453702,1.126,1.099592159270505,1.155,1.1203598895139704
2024-02-27 00:00:00,Guwahati-Gauge-1,3,1.106,1.103,1.1008624272633207,1.13,1.0961965857488911,1.173,1.1148608464539993
2024-02-27 01:00:00,Guwahati-Gauge-1,3,1.103,1.126,1.100828861976365,1.128,1.0942421745673079,1.157,1.1087687476706736
2024-02-27 02:00:00,Guwahati-Gauge-1,3,1.126,1.13,1.1225598490824704,1.155,1.121539515869968,1.174,1.1303829123686866
2024-02-27 03:00:00,Guwahati-Gauge-1,3,1.13,1.128,1.1275889195162354,1.173,1.128876669511706,1.214,1.1403337117734766
2024-02-27 04:00:00,Guwahati-Gauge-1,3,1.128,1.155,1.1275872488121865,1.157,1.127860703429886,1.252,1.137682833939085
2024-02-27 05:00:00,Guwahati-Gauge-1,3,1.155,1.173,1.1554717485295,1.174,1.156235719520351,1.27,1.1752052609722567
2024-02-27 06:00:00,Guwahati-Gauge-1,3,1.173,1.157,1.170948207619533,1.214,1.1769317377964328,1.276,1.1913224477382047
2024-02-27 07:00:00,Guwahati-Gauge-1,3,1.157,1.174,1.158529819135613,1.252,1.165250156996502,1.279,1.1782706144730042
2024-02-27 08:00:00,Guwahati-Gauge-1,3,1.174,1.214,1.1753778423181178,1.27,1.187352590570456,1.305,1.2081105194340134
2024-02-27 09:00:00,Guwahati-Gauge-1,3,1.214,1.252,1.2225845539850553,1.276,1.2259201397369774,1.269,1.213473832946474
2024-02-27 10:00:00,Guwahati-Gauge-1,3,1.252,1.27,1.2617159724328608,1.279,1.2677175134453547,1.287,1.276745764883634
2024-02-27 11:00:00,Guwahati-Gauge-1,3,1.27,1.276,1.2716687347632782,1.305,1.286132474447829,1.281,1.2783467742726067
2024-02-27 12:00:00,Guwahati-Gauge-1,3,1.276,1.279,1.2745439373136582,1.269,1.2672033269403071,1.254,1.251845909222051
2024-02-27 13:00:00,Guwahati-Gauge-1,3,1.279,1.305,1.274794772837757,1.287,1.266355489800772,1.223,1.2525514347132958
2024-02-27 14:00:00,Guwahati-Gauge-1,3,1.305,1.269,1.2947917328765526,1.281,1.2855807775837833,1.182,1.2521651355814891
2024-02-27 15:00:00,Guwahati-Gauge-1,3,1.269,1.287,1.2650340042064427,1.254,1.2420496885270247,1.188,1.2258500941714556
2024-02-27 16:00:00,Guwahati-Gauge-1,3,1.287,1.281,1.2780770039186977,1.223,1.2523737804658182,1.221,1.2422470991744072
2024-02-27 17:00:00,Guwahati-Gauge-1,3,1.281,1.254,1.267031570928478,1.182,1.241290454150491,1.204,1.2320578210995266
2024-02-27 18:00:00,Guwahati-Gauge-1,3,1.254,1.223,1.2438668465542382,1.188,1.224360634284083,1.181,1.2175965794035173
2024-02-27 19:00:00,Guwahati-Gauge-1,3,1.223,1.182,1.2138252761350605,1.221,1.2120321122666877,1.2,1.2028058216336843
2024-02-27 20:00:00,Guwahati-Gauge-1,3,1.182,1.188,1.1872352194584346,1.204,1.1924158302608134,1.196,1.1958229429387652
2024-02-27 21:00:00,Guwahati-Gauge-1,3,1.188,1.221,1.192129653696635,1.181,1.1781622309088724,1.215,1.1935960620709796
2024-02-27 22:00:00,Guwahati-Gauge-1,3,1.221,1.204,1.2152958810041492,1.2,1.2130518787460138,1.189,1.2004210730021927
2024-02-27 23:00:00,Guwahati-Gauge-1,3,1.204,1.181,1.2012125047506534,1.196,1.1971456826024822,1.197,1.1902827988174718
2024-02-28 00:00:00,Guwahati-Gauge-1,3,1.181,1.2,1.1791857449048337,1.215,1.1785401980201013,1.228,1.185770300372935
2024-02-28 01:00:00,Guwahati-Gauge-1,3,1.2,1.196,1.1963695227502538,1.189,1.1847340012613305,1.201,1.1928707187546068
2024-02-28 02:00:00,Guwahati-Gauge-1,3,1.196,1.215,1.193203233144111,1.197,1.1817769398267393,1.189,1.1912266019895739
2024-02-28 03:00:00,Guwahati-Gauge-1,3,1.215,1.189,1.2100125234586312,1.228,1.201540389053401,1.177,1.1932831967965165
2024-02-28 04:00:00,Guwahati-Gauge-1,3,1.189,1.197,1.1877520678254676,1.201,1.1822531277539694,1.187,1.1871338593795864
2024-02-28 05:00:00,Guwahati-Gauge-1,3,1.197,1.228,1.1973157962084604,1.189,1.1860919203100344,1.208,1.195967590731846
2024-02-28 06:00:00,Guwahati-Gauge-1,3,1.228,1.201,1.2186266213456163,1.177,1.2132091554590831,1.188,1.2062635229883059
2024-02-28 07:00:00,Guwahati-Gauge-1,3,1.201,1.189,1.1962119782029774,1.187,1.187191377062842,1.232,1.193364059829517
2024-02-28 08:00:00,Guwahati-Gauge-1,3,1.189,1.177,1.1886401494024808,1.208,1.1838215496917002,1.252,1.1902052110375403
2024-02-28 09:00:00,Guwahati-Gauge-1,3,1.177,1.187,1.1761149525285333,1.188,1.1748339015709854,1.264,1.1990204879830142
2024-02-28 10:00:00,Guwahati-Gauge-1,3,1.187,1.208,1.1929501197391548,1.232,1.1889565660325654,1.315,1.2124333874484725
2024-02-28 11:00:00,Guwahati-Gauge-1,3,1.208,1.188,1.1994352791065188,1.252,1.1973248746974368,1.339,1.2177888896654059
2024-02-28 12:00:00,Guwahati-Gauge-1,3,1.188,1.232,1.1937853166868249,1.264,1.186641858103832,1.356,1.1970383407021132
2024-02-28 13:00:00,Guwahati-Gauge-1,3,1.232,1.252,1.2277235584104247,1.315,1.2270955049168013,1.37,1.245564468063736
2024-02-28 14:00:00,Guwahati-Gauge-1,3,1.252,1.264,1.27356099999556,1.339,1.3428228767659194,1.411,1.3716034289293202
2024-02-28 15:00:00,Guwahati-Gauge-1,3,1.264,1.315,1.3066575145269277,1.356,1.350882103420387,1.384,1.367284415535164
2024-02-28 16:00:00,Guwahati-Gauge-1,3,1.315,1.339,1.3450794767178882,1.37,1.3769406649220741,1.401,1.3657323924368467
2024-02-28 17:00:00,Guwahati-Gauge-1,3,1.339,1.356,1.353065869697219,1.411,1.3768718423564705,1.378,1.3204226929708216
2024-02-28 18:00:00,Guwahati-Gauge-1,3,1.356,1.37,1.3680363618745017,1.384,1.3666462106323638,1.355,1.3264115474246856
2024-02-28 19:00:00,Guwahati-Gauge-1,3,1.37,1.411,1.3939905042575336,1.401,1.3730757621626504,1.344,1.3403797503430943
2024-02-28 20:00:00,Guwahati-Gauge-1,3,1.411,1.384,1.4066521108954053,1.378,1.3859236906628818,1.344,1.3649157687822089
2024-02-28 21:00:00,Guwahati-Gauge-1,3,1.384,1.401,1.3761298992787367,1.355,1.3578137225265143,1.301,1.3180175861602588
2024-02-28 22:00:00,Guwahati-Gauge-1,3,1.401,1.378,1.3926383465856242,1.344,1.3684156381769164,1.282,1.3233775156057852
2024-02-28 23:00:00,Guwahati-Gauge-1,3,1.378,1.355,1.3695243580417862,1.344,1.3580339993989772,1.295,1.3170684075998613
2024-02-29 00:00:00,Guwahati-Gauge-1,3,1.355,1.344,1.348254097387294,1.301,1.32692653582004,1.307,1.3082348913854094
2024-02-29 01:00:00,Guwahati-Gauge-1,3,1.344,1.344,1.3353135161079495,1.282,1.3151044475507878,1.292,1.3091785600320156
2024-02-29 02:00:00,Guwahati-Gauge-1,3,1.344,1.301,1.3226229661172573,1.295,1.304986086031939,1.261,1.2890007293386503
2024-02-29 03:00:00,Guwahati-Gauge-1,3,1.301,1.282,1.2886377065005434,1.307,1.2911836723516443,1.257,1.2817227542043703
2024-02-29 04:00:00,Guwahati-Gauge-1,3,1.282,1.295,1.2714378559727366,1.292,1.2572612687403393,1.267,1.2444207779376777
2024-02-29 05:00:00,Guwahati-Gauge-1,3,1.295,1.307,1.2932627508302161,1.261,1.2834096533058752,1.263,1.2704872260568318
2024-02-29 06:00:00,Guwahati-Gauge-1,3,1.307,1.292,1.2956783239423675,1.257,1.2640295820993077,1.283,1.2638217332779995
2024-02-29 07:00:00,Guwahati-Gauge-1,3,1.292,1.261,1.273216704485162,1.267,1.2642950800619528,1.269,1.2540425511987103
2024-02-29 08:00:00,Guwahati-Gauge-1,3,1.261,1.257,1.2629504018497635,1.263,1.240496804399667,1.236,1.212132710109127
2024-02-29 09:00:00,Guwahati-Gauge-1,3,1.257,1.267,1.262530837905846,1.283,1.2377048378664504,1.219,1.2045997653350031
2024-02-29 10:00:00,Guwahati-Gauge-1,3,1.267,1.263,1.260041556403752,1.269,1.2436792887646066,1.214,1.210074651645631
2024-02-29 11:00:00,Guwahati-Gauge-1,3,1.263,1.283,1.2640124203675025,1.236,1.2402181648292099,1.196,1.2085988250663648
2024-02-29 12:00:00,Guwahati-Gauge-1,3,1.283,1.269,1.2739256666663106,1.219,1.2504857016389082,1.182,1.2323847331520066
2024-02-29 13:00:00,Guwahati-Gauge-1,3,1.269,1.236,1.2607492528356776,1.214,1.240038441492261,1.197,1.2100050624475107
2024-02-29 14:00:00,Guwahati-Gauge-1,3,1.236,1.219,1.2203225570848302,1.196,1.220696972151307,1.176,1.2138610085869284
2024-02-29 15:00:00,Guwahati-Gauge-1,3,1.219,1.214,1.2130022704873655,1.182,1.2170697141973952,1.148,1.2022214520796166
2024-02-29 16:00:00,Guwahati-Gauge-1,3,1.214,1.196,1.2041359421176483,1.197,1.1948769075426384,1.165,1.184231734126435
2024-02-29 17:00:00,Guwahati-Gauge-1,3,1.196,1.182,1.190175419880702,1.176,1.1795889608648353,1.177,1.183125707902127
2024-02-29 18:00:00,Guwahati-Gauge-1,3,1.182,1.197,1.1845368980781261,1.148,1.1733976316037995,1.156,1.1787665841535861
2024-02-29 19:00:00,Guwahati-Gauge-1,3,1.197,1.176,1.1931104818995488,1.165,1.1837309802147749,1.172,1.1883466760993018
2024-02-29 20:00:00,Guwahati-Gauge-1,3,1.176,1.148,1.1737431350396637,1.177,1.173778226227771,1.157,1.1799114010284366
2024-02-29 21:00:00,Guwahati-Gauge-1,3,1.148,1.165,1.1491425830334772,1.156,1.1311854809148583,1.146,1.1265946749849294
2024-02-29 22:00:00,Guwahati-Gauge-1,3,1.165,1.177,1.1649019569229635,1.172,1.1641691892433246,1.128,1.1675711522642704
2024-02-29 23:00:00,Guwahati-Gauge-1,3,1.177,1.156,1.1740759211086853,1.157,1.1773936142647223,1.123,1.1834281449107276
2024-03-01 00:00:00,Guwahati-Gauge-1,3,1.156,1.172,1.157835510479306,1.146,1.147865744781669,1.139,1.1536606722897262
2024-03-01 01:00:00,Guwahati-Gauge-1,3,1.172,1.157,1.173903692395675,1.128,1.1717438416397956,1.146,1.1804355368729778
2024-03-01 02:00:00,Guwahati-Gauge-1,3,1.157,1.146,1.1616526076658327,1.123,1.1608940765158602,1.126,1.1817983699783186
2024-03-01 03:00:00,Guwahati-Gauge-1,3,1.146,1.128,1.151591641083528,1.139,1.1451661419118004,1.126,1.1529213170986556
2024-03-01 04:00:00,Guwahati-Gauge-1,3,1.128,1.123,1.1259336191595841,1.146,1.1279391176445042,1.131,1.1306875891627615
2024-03-01 05:00:00,Guwahati-Gauge-1,3,1.123,1.139,1.1227716678416326,1.126,1.1171232606655714,1.148,1.1213406409574767
2024-03-01 06:00:00,Guwahati-Gauge-1,3,1.139,1.146,1.142174448400027,1.126,1.1276520733820112,1.152,1.1325191980771614
2024-03-01 07:00:00,Guwahati-Gauge-1,3,1.146,1.126,1.138903215385862,1.131,1.1321903382196037,1.163,1.1359321355929703
2024-03-01 08:00:00,Guwahati-Gauge-1,3,1.126,1.126,1.1190527848431897,1.148,1.1184994350988569,1.16,1.1232046630555328
2024-03-01 09:00:00,Guwahati-Gauge-1,3,1.126,1.131,1.121328427429878,1.152,1.1175180241116283,1.14,1.1229286990453835
2024-03-01 10:00:00,Guwahati-Gauge-1,3,1.131,1.148,1.1269095977034564,1.163,1.1218950835003745,1.141,1.1294017560242908
2024-03-01 11:00:00,Guwahati-Gauge-1,3,1.148,1.152,1.14171779418691,1.16,1.1332345943119597,1.161,1.136751182411104
2024-03-01 12:00:00,Guwahati-Gauge-1,3,1.152,1.163,1.151550329517375,1.14,1.1458190384994444,1.181,1.1508853851452292
2024-03-01 13:00:00,Guwahati-Gauge-1,3,1.163,1.16,1.1587757785461283,1.141,1.1600965956521196,1.124,1.1788189061779357
2024-03-01 14:00:00,Guwahati-Gauge-1,3,1.16,1.14,1.1559332319889444,1.161,1.1599029885187861,1.133,1.1615723022330733
2024-03-01 15:00:00,Guwahati-Gauge-1,3,1.14,1.141,1.141247004389307,1.181,1.1290788846408684,1.119,1.1292737025596957
2024-03-01 16:00:00,Guwahati-Gauge-1,3,1.141,1.161,1.1398024977585803,1.124,1.1270862184476378,1.124,1.1302090299372585
2024-03-01 17:00:00,Guwahati-Gauge-1,3,1.161,1.181,1.1583873684262054,1.133,1.1535748923895839,1.093,1.1479833162949904
2024-03-01 18:00:00,Guwahati-Gauge-1,3,1.181,1.124,1.1756003199884424,1.119,1.1799140653496123,1.103,1.1853516289445372
2024-03-01 19:00:00,Guwahati-Gauge-1,3,1.124,1.133,1.1194033152654592,1.124,1.1164694548639362,1.089,1.1263279859211397
2024-03-01 20:00:00,Guwahati-Gauge-1,3,1.133,1.119,1.1279535346419016,1.093,1.1215092788739496,1.098,1.1283124937543592
2024-03-01 21:00:00,Guwahati-Gauge-1,3,1.119,1.124,1.1214617228975245,1.103,1.1124843491647098,1.128,1.1227211127744021
2024-03-01 22:00:00,Guwahati-Gauge-1,3,1.124,1.093,1.1196652226013577,1.089,1.1127129798926387,1.154,1.123874376579446
2024-03-01 23:00:00,Guwahati-Gauge-1,3,1.093,1.103,1.0853377045398647,1.098,1.0845783933598414,1.212,1.0851905693345396
2024-03-02 00:00:00,Guwahati-Gauge-1,3,1.103,1.089,1.1056295544363695,1.128,1.1351025120091272,1.199,1.1581427074759967
2024-03-02 01:00:00,Guwahati-Gauge-1,3,1.089,1.098,1.097296154147402,1.154,1.1341369180814178,1.18,1.1592998352866173
2024-03-02 02:00:00,Guwahati-Gauge-1,3,1.098,1.128,1.1104983103658175,1.212,1.14792727434246,1.207,1.1636373244634044
2024-03-02 03:00:00,Guwahati-Gauge-1,3,1.128,1.154,1.1324780970778383,1.199,1.1364802163748218,1.171,1.1399444224346915
2024-03-02 04:00:00,Guwahati-Gauge-1,3,1.154,1.212,1.1777437135698257,1.18,1.1629470945357303,1.173,1.166906652133808
2024-03-02 05:00:00,Guwahati-Gauge-1,3,1.212,1.199,1.213873281796205,1.207,1.2152464205539408,1.182,1.1996691269613395
2024-03-02 06:00:00,Guwahati-Gauge-1,3,1.199,1.18,1.1919419265816158,1.171,1.1850514695024752,1.13,1.1804719174390028
2024-03-02 07:00:00,Guwahati-Gauge-1,3,1.18,1.207,1.184485851272115,1.173,1.1795114929690722,1.105,1.1735864171490467
2024-03-02 08:00:00,Guwahati-Gauge-1,3,1.207,1.171,1.2042286306291603,1.182,1.1991329222468359,1.074,1.1811271445896832
2024-03-02 09:00:00,Guwahati-Gauge-1,3,1.171,1.173,1.1727383683925907,1.13,1.1631565078547144,1.089,1.1619012064567862
2024-03-02 10:00:00,Guwahati-Gauge-1,3,1.173,1.182,1.172052436427098,1.105,1.1679804897841453,1.073,1.1679428276585717
2024-03-02 11:00:00,Guwahati-Gauge-1,3,1.182,1.13,1.1761069261232164,1.074,1.1754260810506316,1.066,1.1721126313645465
2024-03-02 12:00:00,Guwahati-Gauge-1,3,1.13,1.105,1.1243486917325147,1.089,1.1251399205710007,1.032,1.1294926683522732
2024-03-02 13:00:00,Guwahati-Gauge-1,3,1.105,1.074,1.0962037240483946,1.073,1.092620152585715,1.016,1.1028721634613936
2024-03-02 14:00:00,Guwahati-Gauge-1,3,1.074,1.089,1.0748683631999782,1.066,1.0505314827851937,1.001,1.0575331854245738
2024-03-02 15:00:00,Guwahati-Gauge-1,3,1.089,1.073,1.0801039400444674,1.032,1.06828795070172,0.997,1.0646017921794848
2024-03-02 16:00:00,Guwahati-Gauge-1,3,1.073,1.066,1.0704761238941642,1.016,1.0495844760923658,0.992,1.0572389791168544
2024-03-02 17:00:00,Guwahati-Gauge-1,3,1.066,1.032,1.0528492427338694,1.001,1.0449603523453945,1.022,1.0573539681244974
2024-03-02 18:00:00,Guwahati-Gauge-1,3,1.032,1.016,1.0309950235673844,0.997,1.0363181483307633,1.036,1.0632014885916452
2024-03-02 19:00:00,Guwahati-Gauge-1,3,1.016,1.001,1.0165247500716752,0.992,1.0282998215228663,0.999,1.0493941600939285
2024-03-02 20:00:00,Guwahati-Gauge-1,3,1.001,0.997,1.0039286978024498,1.022,1.0349213344124613,1.019,1.061099456932588
2024-03-02 21:00:00,Guwahati-Gauge-1,3,0.997,0.992,1.0074665293338627,1.036,1.0569231606777465,1.036,1.0954219434079717
2024-03-02 22:00:00,Guwahati-Gauge-1,3,0.992,1.022,1.0053316540260258,0.999,1.0208328389977885,1.037,1.050472525254551
2024-03-02 23:00:00,Guwahati-Gauge-1,3,1.022,1.036,1.024772322266117,1.019,1.017405189263549,1.055,1.0375826887219164
2024-03-03 00:00:00,Guwahati-Gauge-1,3,1.036,0.999,1.0257505869272359,1.036,1.0343553491227708,1.078,1.042412341182432
2024-03-03 01:00:00,Guwahati-Gauge-1,3,0.999,1.019,0.9991250597486575,1.037,1.0142280701550885,1.066,1.0510083371866743
2024-03-03 02:00:00,Guwahati-Gauge-1,3,1.019,1.036,1.0232354615034898,1.055,1.0246109216348127,1.039,1.0348724573023234
2024-03-03 03:00:00,Guwahati-Gauge-1,3,1.036,1.037,1.0277523353841151,1.078,1.0414516072228905,1.049,1.0488296130122599
2024-03-03 04:00:00,Guwahati-Gauge-1,3,1.037,1.055,1.0321224450436766,1.066,1.0385299328591366,1.032,1.0452140004666552
2024-03-03 05:00:00,Guwahati-Gauge-1,3,1.055,1.078,1.055321708465385,1.039,1.0433469602718006,1.036,1.0513136132196548
2024-03-03 06:00:00,Guwahati-Gauge-1,3,1.078,1.066,1.070501837732965,1.049,1.0575790508396246,1.014,1.061980332118323
2024-03-03 07:00:00,Guwahati-Gauge-1,3,1.066,1.039,1.056967094110555,1.032,1.054693372193372,1.033,1.0662843409350442
2024-03-03 08:00:00,Guwahati-Gauge-1,3,1.039,1.049,1.0368398887850128,1.036,1.0431743679576198,1.017,1.060069979357258
2024-03-03 09:00:00,Guwahati-Gauge-1,3,1.049,1.032,1.0392040174291703,1.014,1.0495706224730028,1.012,1.0694028283399313
2024-03-03 10:00:00,Guwahati-Gauge-1,3,1.032,1.036,1.0356104218425952,1.033,1.0442067477936356,1.007,1.058998809483739
2024-03-03 11:00:00,Guwahati-Gauge-1,3,1.036,1.014,1.0343289437518854,1.017,1.0435327436884723,0.98,1.056268526834946
2024-03-03 12:00:00,Guwahati-Gauge-1,3,1.014,1.033,1.0223968000840904,1.012,1.0439647883838397,1.004,1.074802799840103
2024-03-03 13:00:00,Guwahati-Gauge-1,3,1.033,1.017,1.027827798937241,1.007,1.0403467452670847,1.031,1.0525925721488443
2024-03-03 14:00:00,Guwahati-Gauge-1,3,1.017,1.012,1.0169745914042714,0.98,1.0210522348493767,1.029,1.0516522374810517
2024-03-03 15:00:00,Guwahati-Gauge-1,3,1.012,1.007,1.009616597195302,1.004,1.0134304170828778,1.015,1.0391082650224495
2024-03-03 16:00:00,Guwahati-Gauge-1,3,1.007,0.98,1.0043910053376472,1.031,1.022899557014759,1.012,1.0429649422567573
2024-03-03 17:00:00,Guwahati-Gauge-1,3,0.98,1.004,0.9926742448133012,1.029,1.035300977806415,1.001,1.043413301563026
2024-03-03 18:00:00,Guwahati-Gauge-1,3,1.004,1.031,1.0056848426489824,1.015,1.0160591088903521,1.024,1.0486732987119756
2024-03-03 19:00:00,Guwahati-Gauge-1,3,1.031,1.029,1.0289971789456667,1.012,1.024425197720914,1.041,1.0454888889229383
2024-03-03 20:00:00,Guwahati-Gauge-1,3,1.029,1.015,1.0301790728341866,1.001,1.0251023916271662,1.045,1.0560700263025091
2024-03-03 21:00:00,Guwahati-Gauge-1,3,1.015,1.012,1.0140101316320007,1.024,1.015771376837019,1.089,1.0620519179301255
2024-03-03 22:00:00,Guwahati-Gauge-1,3,1.012,1.001,1.0091354316741654,1.041,1.0269702776830036,1.106,1.070400781189501
2024-03-03 23:00:00,Guwahati-Gauge-1,3,1.001,1.024,1.0004374500534055,1.045,1.034616448480601,1.165,1.0915498423699515
2024-03-04 00:00:00,Guwahati-Gauge-1,3,1.024,1.041,1.0367241028694771,1.089,1.0860800132703834,1.163,1.1307107565423815
2024-03-04 01:00:00,Guwahati-Gauge-1,3,1.041,1.045,1.0591678110518974,1.106,1.1108313971787174,1.151,1.1351788151557227
2024-03-04 02:00:00,Guwahati-Gauge-1,3,1.045,1.089,1.065399733511185,1.165,1.1248694519550502,1.142,1.1311387561737507
2024-03-04 03:00:00,Guwahati-Gauge-1,3,1.089,1.106,1.102799655562593,1.163,1.1148763565760924,1.131,1.0766284588036084
2024-03-04 04:00:00,Guwahati-Gauge-1,3,1.106,1.165,1.1296004877119483,1.151,1.1195850031328927,1.125,1.1153846862483008
2024-03-04 05:00:00,Guwahati-Gauge-1,3,1.165,1.163,1.1748864808459922,1.142,1.1780174645140506,1.126,1.174161589432337
2024-03-04 06:00:00,Guwahati-Gauge-1,3,1.163,1.151,1.1553607598550024,1.131,1.1559429348014407,1.1,1.1691994394598244
2024-03-04 07:00:00,Guwahati-Gauge-1,3,1.151,1.142,1.1494516258411651,1.125,1.145282002044963,1.077,1.1403169083515046
2024-03-04 08:00:00,Guwahati-Gauge-1,3,1.142,1.131,1.1370490747997966,1.126,1.1322119030548057,1.091,1.116996877985753
2024-03-04 09:00:00,Guwahati-Gauge-1,3,1.131,1.125,1.1285680317817055,1.1,1.1218505036374047,1.099,1.115386936554823
2024-03-04 10:00:00,Guwahati-Gauge-1,3,1.125,1.126,1.121904685087751,1.077,1.1156469846705501,1.066,1.108368485821928
2024-03-04 11:00:00,Guwahati-Gauge-1,3,1.126,1.1,1.120691281002166,1.091,1.1160049993902383,1.075,1.1148115592377095
2024-03-04 12:00:00,Guwahati-Gauge-1,3,1.1,1.077,1.0881013335419247,1.099,1.09166525665695,1.09,1.083531411946849
2024-03-04 13:00:00,Guwahati-Gauge-1,3,1.077,1.091,1.0781433558851932,1.066,1.059663865492435,1.093,1.0694327253110443
2024-03-04 14:00:00,Guwahati-Gauge-1,3,1.091,1.099,1.086441117451973,1.075,1.0811165557610127,1.057,1.0752066681561452
2024-03-04 15:00:00,Guwahati-Gauge-1,3,1.099,1.066,1.0951345943508168,1.09,1.0906864146935136,1.028,1.0786729020691073
2024-03-04 16:00:00,Guwahati-Gauge-1,3,1.066,1.075,1.0597998969576006,1.093,1.0497453901791454,1.026,1.064604956597834
2024-03-04 17:00:00,Guwahati-Gauge-1,3,1.075,1.09,1.0723970415884705,1.057,1.0548359049010025,1.063,1.067095654407161
2024-03-04 18:00:00,Guwahati-Gauge-1,3,1.09,1.093,1.0832671227498003,1.028,1.0800134620741848,1.051,1.0753648737482309
2024-03-04 19:00:00,Guwahati-Gauge-1,3,1.093,1.057,1.0803218913496253,1.026,1.0781502841257873,1.061,1.0743086960610924
2024-03-04 20:00:00,Guwahati-Gauge-1,3,1.057,1.028,1.0540259740580544,1.063,1.0453639499917136,1.046,1.0603413882632677
2024-03-04 21:00:00,Guwahati-Gauge-1,3,1.028,1.026,1.0316684174280555,1.051,1.0400113522864243,1.079,1.0591064252700007
2024-03-04 22:00:00,Guwahati-Gauge-1,3,1.026,1.063,1.0324298008713328,1.061,1.0412839214059602,1.078,1.0558591314939052
2024-03-04 23:00:00,Guwahati-Gauge-1,3,1.063,1.051,1.0499963023343346,1.046,1.0407611636476741,1.051,1.0629729482139398
2024-03-05 00:00:00,Guwahati-Gauge-1,3,1.051,1.061,1.0527823263896388,1.079,1.0498357824932683,1.033,1.0588492208023028
2024-03-05 01:00:00,Guwahati-Gauge-1,3,1.061,1.046,1.0540586790857045,1.078,1.0503520248778515,1.014,1.0601600154519013
2024-03-05 02:00:00,Guwahati-Gauge-1,3,1.046,1.079,1.0473673094628781,1.051,1.0498020653332019,1.016,1.0683137911509393
2024-03-05 03:00:00,Guwahati-Gauge-1,3,1.079,1.078,1.0730527822678972,1.033,1.0581522264136645,1.002,1.0681312717932423
2024-03-05 04:00:00,Guwahati-Gauge-1,3,1.078,1.051,1.0687758366260691,1.014,1.0547099698203664,0.992,1.067892577179046
2024-03-05 05:00:00,Guwahati-Gauge-1,3,1.051,1.033,1.0511667945281504,1.016,1.0546910502433893,1.082,1.1135863369441688
2024-03-05 06:00:00,Guwahati-Gauge-1,3,1.033,1.014,1.0369184625798762,1.002,1.046742582058744,1.118,1.1058585841625255
2024-03-05 07:00:00,Guwahati-Gauge-1,3,1.014,1.016,1.0192085649312121,0.992,1.028925707887681,1.169,1.1048023538540548
2024-03-05 08:00:00,Guwahati-Gauge-1,3,1.016,1.002,1.0157294446350664,1.082,1.0363334783528055,1.209,1.106990116095191
2024-03-05 09:00:00,Guwahati-Gauge-1,3,1.002,0.992,1.0134624733936406,1.118,1.0660248948773106,1.252,1.1395026347273673
2024-03-05 10:00:00,Guwahati-Gauge-1,3,0.992,1.082,1.0154361899559612,1.169,1.058005130172744,1.308,1.1343454899039611
2024-03-05 11:00:00,Guwahati-Gauge-1,3,1.082,1.118,1.1276026171574887,1.209,1.2305316789038847,1.257,1.2371454892758382
2024-03-05 12:00:00,Guwahati-Gauge-1,3,1.118,1.169,1.167174933905211,1.252,1.2592842072551629,1.254,1.2849570936566157
2024-03-05 13:00:00,Guwahati-Gauge-1,3,1.169,1.209,1.2198621259862932,1.308,1.3207369482376283,1.241,1.2955607350583567
2024-03-05 14:00:00,Guwahati-Gauge-1,3,1.209,1.252,1.239682110509072,1.257,1.2239815503241522,1.239,1.1976515330028585
2024-03-05 15:00:00,Guwahati-Gauge-1,3,1.252,1.308,1.2836146903864603,1.254,1.2541401507523338,1.23,1.2332899053288608
2024-03-05 16:00:00,Guwahati-Gauge-1,3,1.308,1.257,1.3078440801977183,1.241,1.3324428345865067,1.22,1.356279215089811
2024-03-05 17:00:00,Guwahati-Gauge-1,3,1.257,1.254,1.2525765175772012,1.239,1.240439485171615,1.221,1.2202866071914045
2024-03-05 18:00:00,Guwahati-Gauge-1,3,1.254,1.241,1.2451668898090458,1.23,1.2304493205468576,1.205,1.2167930062995687
2024-03-05 19:00:00,Guwahati-Gauge-1,3,1.241,1.239,1.2377909868078398,1.22,1.2162848858653044,1.239,1.2146676255176159
2024-03-05 20:00:00,Guwahati-Gauge-1,3,1.239,1.23,1.234610799965068,1.221,1.2176428345157897,1.214,1.2147440416111897
2024-03-05 21:00:00,Guwahati-Gauge-1,3,1.23,1.22,1.2277478066636325,1.205,1.2127625987982433,1.237,1.2102610081391598
2024-03-05 22:00:00,Guwahati-Gauge-1,3,1.22,1.221,1.21803922223459,1.239,1.2097773458541818,1.208,1.2070122054361743
2024-03-05 23:00:00,Guwahati-Gauge-1,3,1.221,1.205,1.213843082858928,1.214,1.212133640045965,1.2,1.1953766514773874
2024-03-06 00:00:00,Guwahati-Gauge-1,3,1.205,1.239,1.2138032845719122,1.237,1.197335494821309,1.203,1.1831442878504117
2024-03-06 01:00:00,Guwahati-Gauge-1,3,1.239,1.214,1.2275425512631195,1.208,1.219042008616865,1.181,1.204668640602604
2024-03-06 02:00:00,Guwahati-Gauge-1,3,1.214,1.237,1.2130926672129665,1.2,1.198069521592955,1.158,1.1812139011499176
2024-03-06 03:00:00,Guwahati-Gauge-1,3,1.237,1.208,1.2252873401564062,1.203,1.219042008616865,1.151,1.2054755576126008
2024-03-06 04:00:00,Guwahati-Gauge-1,3,1.208,1.2,1.211914737953887,1.181,1.194619604240996,1.165,1.1881205336889884
2024-03-06 05:00:00,Guwahati-Gauge-1,3,1.2,1.203,1.195295646534914,1.158,1.181867502012998,1.162,1.185705374624219
2024-03-06 06:00:00,Guwahati-Gauge-1,3,1.203,1.181,1.1991463139143084,1.151,1.1884037584227274,1.195,1.1886503011587386
2024-03-06 07:00:00,Guwahati-Gauge-1,3,1.181,1.158,1.1742929533766953,1.165,1.1735912105009878,1.2,1.1866875235975411
2024-03-06 08:00:00,Guwahati-Gauge-1,3,1.158,1.151,1.1577905287720371,1.162,1.176290737220654,1.185,1.1762840461183628
2024-03-06 09:00:00,Guwahati-Gauge-1,3,1.151,1.165,1.1550535434238838,1.195,1.167575912391346,1.126,1.1563916145935802
2024-03-06 10:00:00,Guwahati-Gauge-1,3,1.165,1.162,1.1627502082998287,1.2,1.175948950434593,1.091,1.1645344515967646
2024-03-06 11:00:00,Guwahati-Gauge-1,3,1.162,1.195,1.1597673176335412,1.185,1.1588747518987426,1.083,1.1427560055801262
2024-03-06 12:00:00,Guwahati-Gauge-1,3,1.195,1.2,1.1942420008244037,1.126,1.182991913924667,1.049,1.173711448659321
2024-03-06 13:00:00,Guwahati-Gauge-1,3,1.2,1.185,1.1943682223513257,1.091,1.178876824028809,1.044,1.1651351243578527
2024-03-06 14:00:00,Guwahati-Gauge-1,3,1.185,1.126,1.17934465002555,1.083,1.1762074672053089,1.047,1.1623433833131753
2024-03-06 15:00:00,Guwahati-Gauge-1,3,1.126,1.091,1.1197481886373934,1.049,1.1146055546962919,1.04,1.1110408890574375
2024-03-06 16:00:00,Guwahati-Gauge-1,3,1.091,1.083,1.082303904899535,1.044,1.0726772045984339,1.033,1.0781567820078675
2024-03-06 17:00:00,Guwahati-Gauge-1,3,1.083,1.049,1.0776014522708637,1.047,1.0689625189470733,1.071,1.0753969941464696
2024-03-06 18:00:00,Guwahati-Gauge-1,3,1.049,1.044,1.0448511130839793,1.04,1.0487709492007815,1.07,1.0757877308590926
2024-03-06 19:00:00,Guwahati-Gauge-1,3,1.044,1.047,1.038551770927885,1.033,1.0503647693546914,1.067,1.0783333451934043
2024-03-06 20:00:00,Guwahati-Gauge-1,3,1.047,1.04,1.0401817586190265,1.071,1.0526424873757056,1.046,1.0744914317791263
2024-03-06 21:00:00,Guwahati-Gauge-1,3,1.04,1.033,1.0369589251464375,1.07,1.0539656483185091,1.046,1.084942523816588
2024-03-06 22:00:00,Guwahati-Gauge-1,3,1.033,1.071,1.0350343265880622,1.067,1.0437516464378485,1.037,1.0685369803367943
2024-03-06 23:00:00,Guwahati-Gauge-1,3,1.071,1.07,1.0682122218030625,1.046,1.0529017219366674,1.073,1.0711431253902854
2024-03-07 00:00:00,Guwahati-Gauge-1,3,1.07,1.067,1.066090941263543,1.046,1.0536142742396781,1.083,1.0724388164249292
2024-03-07 01:00:00,Guwahati-Gauge-1,3,1.067,1.046,1.0568526345031424,1.037,1.053232633839596,1.109,1.0750062347735738
2024-03-07 02:00:00,Guwahati-Gauge-1,3,1.046,1.046,1.042981234214996,1.073,1.0472558735885733,1.11,1.0743200451415276
2024-03-07 03:00:00,Guwahati-Gauge-1,3,1.046,1.037,1.0403790448331054,1.083,1.0466536018792416,1.132,1.0752282716241346
2024-03-07 04:00:00,Guwahati-Gauge-1,3,1.037,1.073,1.0383677932048767,1.109,1.0408587234266427,1.108,1.0628044595203079
2024-03-07 05:00:00,Guwahati-Gauge-1,3,1.073,1.083,1.0709266401817144,1.11,1.0623949885093904,1.11,1.0748834118949975
2024-03-07 06:00:00,Guwahati-Gauge-1,3,1.083,1.109,1.0840443470048728,1.132,1.0889550091118387,1.089,1.079088006474936
2024-03-07 07:00:00,Guwahati-Gauge-1,3,1.109,1.11,1.1033248858969944,1.108,1.1029926523259,1.078,1.1012905217153843
2024-03-07 08:00:00,Guwahati-Gauge-1,3,1.11,1.132,1.1094494208914192,1.11,1.1033586766342318,1.076,1.0996836713123948
2024-03-07 09:00:00,Guwahati-Gauge-1,3,1.132,1.108,1.1238188432716818,1.089,1.1171299075099623,1.055,1.1194734720255461
2024-03-07 10:00:00,Guwahati-Gauge-1,3,1.108,1.11,1.109180384609706,1.078,1.0977012559090933,1.024,1.0982594158749257
2024-03-07 11:00:00,Guwahati-Gauge-1,3,1.11,1.089,1.106483114490941,1.076,1.1034616923890437,1.043,1.100337298357201
2024-03-07 12:00:00,Guwahati-Gauge-1,3,1.089,1.078,1.0791959823067403,1.055,1.0798602780622881,1.008,1.0758705476808927
2024-03-07 13:00:00,Guwahati-Gauge-1,3,1.078,1.076,1.0705665339748158,1.024,1.055593414466719,1.041,1.0692926158654006
2024-03-07 14:00:00,Guwahati-Gauge-1,3,1.076,1.055,1.069915784043398,1.043,1.0558670965222732,1.024,1.0688490559483368
2024-03-07 15:00:00,Guwahati-Gauge-1,3,1.055,1.024,1.0567784336394848,1.008,1.0515629453959088,1.034,1.0684272942856536
2024-03-07 16:00:00,Guwahati-Gauge-1,3,1.024,1.043,1.0296311305670194,1.041,1.041850133980612,1.046,1.0744685689143858
2024-03-07 17:00:00,Guwahati-Gauge-1,3,1.043,1.008,1.0298483440723307,1.024,1.046698264536818,1.032,1.0731956886646934
2024-03-07 18:00:00,Guwahati-Gauge-1,3,1.008,1.041,1.0243836850335797,1.034,1.0568806852045534,1.05,1.1000727848517424
2024-03-07 19:00:00,Guwahati-Gauge-1,3,1.041,1.024,1.0305651676770886,1.046,1.0423825457194864,1.063,1.0514672412483326
2024-03-07 20:00:00,Guwahati-Gauge-1,3,1.024,1.034,1.0309546331927533,1.032,1.0424870198587475,1.085,1.0759524064717059
2024-03-07 21:00:00,Guwahati-Gauge-1,3,1.034,1.046,1.0326369130969122,1.05,1.0381374084206256,1.117,1.0521918629740108
2024-03-07 22:00:00,Guwahati-Gauge-1,3,1.046,1.032,1.0354562367346114,1.063,1.047787220457824,1.141,1.0684587894233677
2024-03-07 23:00:00,Guwahati-Gauge-1,3,1.032,1.05,1.041515300785184,1.085,1.0659144082424925,1.12,1.0605879687186919
2024-03-08 00:00:00,Guwahati-Gauge-1,3,1.05,1.063,1.0593885955811764,1.117,1.0909150979104265,1.115,1.075488513314006
2024-03-08 01:00:00,Guwahati-Gauge-1,3,1.063,1.085,1.0822850288442731,1.141,1.1136528097507827,1.095,1.0824064217384013
2024-03-08 02:00:00,Guwahati-Gauge-1,3,1.085,1.117,1.0941213359632747,1.12,1.0897193417386541,1.081,1.0711039526678756
2024-03-08 03:00:00,Guwahati-Gauge-1,3,1.117,1.141,1.117105347504264,1.115,1.1097744838901316,1.088,1.110246777215816
2024-03-08 04:00:00,Guwahati-Gauge-1,3,1.141,1.12,1.1395487896785808,1.095,1.1263104648020286,1.098,1.1282633514154414
2024-03-08 05:00:00,Guwahati-Gauge-1,3,1.12,1.115,1.1170062857876757,1.081,1.1123087783811316,1.106,1.1139559375078212
2024-03-08 06:00:00,Guwahati-Gauge-1,3,1.115,1.095,1.1114332539964145,1.088,1.1114936284902253,1.109,1.1127783919411427
2024-03-08 07:00:00,Guwahati-Gauge-1,3,1.095,1.081,1.0923565107190774,1.098,1.0883392908033485,1.114,1.0763395259647142
2024-03-08 08:00:00,Guwahati-Gauge-1,3,1.081,1.088,1.0754726452636523,1.106,1.072497013514038,1.102,1.0705889050542265
2024-03-08 09:00:00,Guwahati-Gauge-1,3,1.088,1.098,1.0831252048409992,1.109,1.0825242626366647,1.126,1.0764011574030377
2024-03-08 10:00:00,Guwahati-Gauge-1,3,1.098,1.106,1.0980364909540181,1.114,1.097776166532332,1.144,1.0897406873288626
2024-03-08 11:00:00,Guwahati-Gauge-1,3,1.106,1.109,1.1083024767495977,1.102,1.1080050021697072,1.147,1.1436408938130678
2024-03-08 12:00:00,Guwahati-Gauge-1,3,1.109,1.114,1.1126091552506214,1.126,1.1271523885439372,1.174,1.1617142944809251
2024-03-08 13:00:00,Guwahati-Gauge-1,3,1.114,1.102,1.1125911485772504,1.144,1.1371830565010925,1.167,1.1659823236783151
2024-03-08 14:00:00,Guwahati-Gauge-1,3,1.102,1.126,1.1065592302033271,1.147,1.1121977794866533,1.172,1.1312462736253097
2024-03-08 15:00:00,Guwahati-Gauge-1,3,1.126,1.144,1.124283039749748,1.174,1.1429435491352387,1.193,1.1639586680721155
2024-03-08 16:00:00,Guwahati-Gauge-1,3,1.144,1.147,1.1484327882033354,1.167,1.1532801525341587,1.164,1.160309217505432
2024-03-08 17:00:00,Guwahati-Gauge-1,3,1.147,1.174,1.155456224470548,1.172,1.155781170131235,1.205,1.160620918052216
2024-03-08 18:00:00,Guwahati-Gauge-1,3,1.174,1.167,1.176929295573823,1.193,1.1860037303904798,1.188,1.2152013921541363
2024-03-08 19:00:00,Guwahati-Gauge-1,3,1.167,1.172,1.1697575670539977,1.164,1.1741142597512217,1.175,1.1896583913730348
2024-03-08 20:00:00,Guwahati-Gauge-1,3,1.172,1.193,1.1734686393524734,1.205,1.1806402399250915,1.171,1.1930285763807509
2024-03-08 21:00:00,Guwahati-Gauge-1,3,1.193,1.164,1.1901987785055212,1.188,1.1980934165815456,1.182,1.2026998507617792
2024-03-08 22:00:00,Guwahati-Gauge-1,3,1.164,1.205,1.1665109653786976,1.175,1.1674570413213672,1.193,1.1819896466177786
2024-03-08 23:00:00,Guwahati-Gauge-1,3,1.205,1.188,1.2025654463096624,1.171,1.197075245863897,1.219,1.196159647560155
2024-03-09 00:00:00,Guwahati-Gauge-1,3,1.188,1.175,1.187329837653933,1.182,1.185844400109908,1.212,1.1858993311585497
2024-03-09 01:00:00,Guwahati-Gauge-1,3,1.175,1.171,1.1717952888154222,1.193,1.178763264732064,1.213,1.198934977922239
2024-03-09 02:00:00,Guwahati-Gauge-1,3,1.171,1.182,1.169240432378256,1.219,1.1740973186530546,1.177,1.1840722036316438
2024-03-09 03:00:00,Guwahati-Gauge-1,3,1.182,1.193,1.1842298944342298,1.212,1.183828915673682,1.152,1.19076370482881
2024-03-09 04:00:00,Guwahati-Gauge-1,3,1.193,1.219,1.1944568984779176,1.213,1.1904474103598828,1.146,1.1929644425323784
2024-03-09 05:00:00,Guwahati-Gauge-1,3,1.219,1.212,1.21453749925486,1.177,1.211795043942941,1.149,1.2005383138973176
2024-03-09 06:00:00,Guwahati-Gauge-1,3,1.212,1.213,1.2069795925054314,1.152,1.188509115562131,1.144,1.188267669623471
2024-03-09 07:00:00,Guwahati-Gauge-1,3,1.213,1.177,1.20530446541095,1.146,1.188175585514279,1.15,1.1864929378054847
2024-03-09 08:00:00,Guwahati-Gauge-1,3,1.177,1.152,1.172768985539736,1.149,1.1777898660507817,1.144,1.1854001779891739
2024-03-09 09:00:00,Guwahati-Gauge-1,3,1.152,1.146,1.1501476914479813,1.144,1.1500461025109159,1.135,1.1650010205025019
2024-03-09 10:00:00,Guwahati-Gauge-1,3,1.146,1.149,1.143334016923957,1.15,1.1463255535016341,1.179,1.147683327985187
2024-03-09 11:00:00,Guwahati-Gauge-1,3,1.149,1.144,1.1421624862025863,1.144,1.147135093400457,1.169,1.1438312809995244
2024-03-09 12:00:00,Guwahati-Gauge-1,3,1.144,1.15,1.1415306299403514,1.135,1.1496894358685674,1.184,1.1457940110759925
2024-03-09 13:00:00,Guwahati-Gauge-1,3,1.15,1.144,1.1455552680298686,1.179,1.1581553442251338,1.152,1.1466808771360806
2024-03-09 14:00:00,Guwahati-Gauge-1,3,1.144,1.135,1.1417914250568275,1.169,1.1534472182859583,1.15,1.1459392058118125
2024-03-09 15:00:00,Guwahati-Gauge-1,3,1.135,1.179,1.1405020556822631,1.184,1.1527862575974013,1.132,1.1428403737077002
2024-03-09 16:00:00,Guwahati-Gauge-1,3,1.179,1.169,1.1732588325239013,1.152,1.1720489199390995,1.171,1.1907352267701101
2024-03-09 17:00:00,Guwahati-Gauge-1,3,1.169,1.184,1.1665223391385815,1.15,1.1703735744797257,1.157,1.1854312627500134
2024-03-09 18:00:00,Guwahati-Gauge-1,3,1.184,1.152,1.1819733234513252,1.132,1.182375925612558,1.155,1.1983652630663193
2024-03-09 19:00:00,Guwahati-Gauge-1,3,1.152,1.15,1.1494781863757002,1.171,1.1615539830878245,1.137,1.1947649475073159
2024-03-09 20:00:00,Guwahati-Gauge-1,3,1.15,1.132,1.145122041622032,1.157,1.162243681356691,1.118,1.225476354322881
2024-03-09 21:00:00,Guwahati-Gauge-1,3,1.132,1.171,1.1343568441911644,1.155,1.1706685084273103,1.116,1.275980904108389
2024-03-09 22:00:00,Guwahati-Gauge-1,3,1.171,1.157,1.1648155760156342,1.137,1.172476352972192,1.12,1.1775626674260369
2024-03-09 23:00:00,Guwahati-Gauge-1,3,1.157,1.155,1.1566385272178341,1.118,1.1599490384822315,1.139,1.1635771636474983
2024-03-10 00:00:00,Guwahati-Gauge-1,3,1.155,1.137,1.151526953405321,1.116,1.153921467308745,1.125,1.1648401211034838
2024-03-10 01:00:00,Guwahati-Gauge-1,3,1.137,1.118,1.1364181436668113,1.12,1.1532745607649835,1.111,1.1818709435819785
2024-03-10 02:00:00,Guwahati-Gauge-1,3,1.118,1.116,1.1171608466696858,1.139,1.1657160726498366,1.174,1.2515263981141564
2024-03-10 03:00:00,Guwahati-Gauge-1,3,1.116,1.12,1.1173910083312153,1.125,1.1609330431067462,1.24,1.2840007612034336
2024-03-10 04:00:00,Guwahati-Gauge-1,3,1.12,1.139,1.1225424552630352,1.111,1.1611639517573253,1.273,1.290935405263078
2024-03-10 05:00:00,Guwahati-Gauge-1,3,1.139,1.125,1.1345746741614273,1.174,1.1577618916703756,1.314,1.2545694809226888
2024-03-10 06:00:00,Guwahati-Gauge-1,3,1.125,1.111,1.1220032926415755,1.24,1.1813591896276963,1.378,1.2968478583264498
2024-03-10 07:00:00,Guwahati-Gauge-1,3,1.111,1.174,1.1181997084656532,1.273,1.1772095115036023,1.459,1.306935256077772
2024-03-10 08:00:00,Guwahati-Gauge-1,3,1.174,1.24,1.2288572426203184,1.314,1.302684526226769,1.457,1.3870190619313962
2024-03-10 09:00:00,Guwahati-Gauge-1,3,1.24,1.273,1.2704498805522844,1.378,1.3593564432571783,1.461,1.3902739271270408
2024-03-10 10:00:00,Guwahati-Gauge-1,3,1.273,1.314,1.3133349593924595,1.459,1.39875613895568,1.454,1.4266382165701295
2024-03-10 11:00:00,Guwahati-Gauge-1,3,1.314,1.378,1.3609876347659489,1.457,1.3998451056114396,1.455,1.3990969801762299
2024-03-10 12:00:00,Guwahati-Gauge-1,3,1.378,1.459,1.413536952052577,1.461,1.411147019713771,1.493,1.4446348908121343
2024-03-10 13:00:00,Guwahati-Gauge-1,3,1.459,1.457,1.4722094348310806,1.454,1.457378455824985,1.549,1.4871868224614848
2024-03-10 14:00:00,Guwahati-Gauge-1,3,1.457,1.461,1.4518453092458865,1.455,1.4391391652708554,1.562,1.4871398087338428
2024-03-10 15:00:00,Guwahati-Gauge-1,3,1.461,1.454,1.459303820790069,1.493,1.4599645732055877,1.551,1.4794983411910132
2024-03-10 16:00:00,Guwahati-Gauge-1,3,1.454,1.455,1.4533662519175095,1.549,1.4764713671071115,1.61,1.500475705091574
2024-03-10 17:00:00,Guwahati-Gauge-1,3,1.455,1.493,1.4903737020723742,1.562,1.5557816550048886,1.584,1.5844306743499452
2024-03-10 18:00:00,Guwahati-Gauge-1,3,1.493,1.549,1.5338795372869911,1.551,1.5722458344080017,1.563,1.582637910914764
2024-03-10 19:00:00,Guwahati-Gauge-1,3,1.549,1.562,1.575291942691568,1.61,1.6236028881005131,1.54,1.6133211610516391
2024-03-10 20:00:00,Guwahati-Gauge-1,3,1.562,1.551,1.576503254395758,1.584,1.5754348462184675,1.511,1.5451239198289064
2024-03-10 21:00:00,Guwahati-Gauge-1,3,1.551,1.61,1.572955156527549,1.563,1.5644910425734404,1.543,1.548432555067618
2024-03-10 22:00:00,Guwahati-Gauge-1,3,1.61,1.584,1.614740874477618,1.54,1.6316381567344398,1.535,1.6165467340439128
2024-03-10 23:00:00,Guwahati-Gauge-1,3,1.584,1.563,1.571485812981774,1.511,1.5611734193331153,1.566,1.570911388876216
2024-03-11 00:00:00,Guwahati-Gauge-1,3,1.563,1.54,1.5495998249606502,1.543,1.5522079786120748,1.568,1.5621111037090525
2024-03-11 01:00:00,Guwahati-Gauge-1,3,1.54,1.511,1.5276916682217916,1.535,1.5407139574825923,1.597,1.5283702193906288
2024-03-11 02:00:00,Guwahati-Gauge-1,3,1.511,1.543,1.5215755884749262,1.566,1.5247975613468745,1.571,1.5234796703947302
2024-03-11 03:00:00,Guwahati-Gauge-1,3,1.543,1.535,1.5342660710160971,1.568,1.5439973326366794,1.566,1.5237447544578657
2024-03-11 04:00:00,Guwahati-Gauge-1,3,1.535,1.566,1.533631015706239,1.597,1.5208113719719458,1.528,1.5051729874708248
2024-03-11 05:00:00,Guwahati-Gauge-1,3,1.566,1.568,1.5600250000291884,1.571,1.548697738226692,1.511,1.5256829474955647
2024-03-11 06:00:00,Guwahati-Gauge-1,3,1.568,1.597,1.5661409887887083,1.566,1.5454303728139063,1.528,1.5120964479978936
2024-03-11 07:00:00,Guwahati-Gauge-1,3,1.597,1.571,1.579617235288008,1.528,1.546862424290039,1.515,1.5284948669393126
2024-03-11 08:00:00,Guwahati-Gauge-1,3,1.571,1.566,1.5623054575083992,1.511,1.5328473387323585,1.499,1.5098739786881208
2024-03-11 09:00:00,Guwahati-Gauge-1,3,1.566,1.528,1.555187831329461,1.528,1.532810641203608,1.487,1.5045282317423816
2024-03-11 10:00:00,Guwahati-Gauge-1,3,1.528,1.511,1.5157235958996678,1.515,1.5065790695811807,1.479,1.4997632701374226
2024-03-11 11:00:00,Guwahati-Gauge-1,3,1.511,1.528,1.5107171555773982,1.499,1.4959759314531902,1.471,1.4850616509158319
2024-03-11 12:00:00,Guwahati-Gauge-1,3,1.528,1.515,1.5111357631874032,1.487,1.4984219314048013,1.486,1.4909318248372225
2024-03-11 13:00:00,Guwahati-Gauge-1,3,1.515,1.499,1.5054552541054647,1.479,1.498086214635952,1.46,1.4909917841897489
2024-03-11 14:00:00,Guwahati-Gauge-1,3,1.499,1.487,1.4919283267048837,1.471,1.4891286699944175,1.445,1.476256546794424
2024-03-11 15:00:00,Guwahati-Gauge-1,3,1.487,1.479,1.4817129004706253,1.486,1.473249672557077,1.436,1.4322111316481752
2024-03-11 16:00:00,Guwahati-Gauge-1,3,1.479,1.471,1.4697792480733045,1.46,1.4592099870893056,1.408,1.4153482867192912
2024-03-11 17:00:00,Guwahati-Gauge-1,3,1.471,1.486,1.4677944509526024,1.445,1.4443982747512432,1.389,1.4004376401812964
2024-03-11 18:00:00,Guwahati-Gauge-1,3,1.486,1.46,1.4741272144648312,1.436,1.4614181549074596,1.395,1.4098105704133284
2024-03-11 19:00:00,Guwahati-Gauge-1,3,1.46,1.445,1.4557115890728156,1.408,1.412821863271157,1.369,1.386722547332534
2024-03-11 20:00:00,Guwahati-Gauge-1,3,1.445,1.436,1.4367984932235478,1.389,1.3980178002692318,1.415,1.375157232874398
2024-03-11 21:00:00,Guwahati-Gauge-1,3,1.436,1.408,1.4222106928796407,1.395,1.3918970515165412,1.437,1.377174739899395
2024-03-11 22:00:00,Guwahati-Gauge-1,3,1.408,1.389,1.3973183022560705,1.369,1.370268960195247,1.429,1.3461572841161904
2024-03-11 23:00:00,Guwahati-Gauge-1,3,1.389,1.395,1.3802407228229252,1.415,1.361024963047734,1.43,1.3418970986995786
2024-03-12 00:00:00,Guwahati-Gauge-1,3,1.395,1.369,1.3874861330981407,1.437,1.3656474144843973,1.463,1.344957027081709
2024-03-12 01:00:00,Guwahati-Gauge-1,3,1.369,1.415,1.3642555611480942,1.429,1.3508061345807607,1.492,1.336817604542987
2024-03-12 02:00:00,Guwahati-Gauge-1,3,1.415,1.437,1.412466382778575,1.43,1.4064490339559155,1.511,1.418585929335206
2024-03-12 03:00:00,Guwahati-Gauge-1,3,1.437,1.429,1.4339466437434103,1.463,1.4311887981656628,1.583,1.4499104564878125
2024-03-12 04:00:00,Guwahati-Gauge-1,3,1.429,1.43,1.4294366354056447,1.492,1.4385990412906655,1.585,1.4611221062664106
2024-03-12 05:00:00,Guwahati-Gauge-1,3,1.43,1.463,1.4337020279479906,1.511,1.4374114938137148,1.593,1.453786081553198
2024-03-12 06:00:00,Guwahati-Gauge-1,3,1.463,1.492,1.4882116276333903,1.583,1.5648499436660834,1.584,1.5787736333724969
2024-03-12 07:00:00,Guwahati-Gauge-1,3,1.492,1.511,1.5179898859737864,1.585,1.5707919876637522,1.586,1.580697231292601
2024-03-12 08:00:00,Guwahati-Gauge-1,3,1.511,1.583,1.545372260159251,1.593,1.585624302784956,1.614,1.602559820248272
2024-03-12 09:00:00,Guwahati-Gauge-1,3,1.583,1.585,1.5901185872289318,1.584,1.5912203547127308,1.601,1.583885821039228
2024-03-12 10:00:00,Guwahati-Gauge-1,3,1.585,1.593,1.592298328566428,1.586,1.59490210753814,1.598,1.5814720077693807
2024-03-12 11:00:00,Guwahati-Gauge-1,3,1.593,1.584,1.5972457890657983,1.614,1.610162526834259,1.591,1.589232245423129
2024-03-12 12:00:00,Guwahati-Gauge-1,3,1.584,1.586,1.5798551277408064,1.601,1.574334224044682,1.575,1.5564943929654231
2024-03-12 13:00:00,Guwahati-Gauge-1,3,1.586,1.614,1.5931344922165254,1.598,1.577763892314633,1.585,1.5545771404503166
2024-03-12 14:00:00,Guwahati-Gauge-1,3,1.614,1.601,1.6057332867340122,1.591,1.5948943307182908,1.579,1.577722844505832
2024-03-12 15:00:00,Guwahati-Gauge-1,3,1.601,1.598,1.5901296044678233,1.575,1.5809348419695894,1.584,1.5629688967502575
2024-03-12 16:00:00,Guwahati-Gauge-1,3,1.598,1.591,1.5865487753926988,1.585,1.5788993593103764,1.563,1.5538947435746435
2024-03-12 17:00:00,Guwahati-Gauge-1,3,1.591,1.575,1.587708138452001,1.579,1.5800809088675674,1.538,1.5532243198663882
2024-03-12 18:00:00,Guwahati-Gauge-1,3,1.575,1.585,1.5725889774877113,1.584,1.5536438149544693,1.517,1.519028257878113
2024-03-12 19:00:00,Guwahati-Gauge-1,3,1.585,1.579,1.5784225292905323,1.563,1.5664098363606358,1.509,1.5431174357915425
2024-03-12 20:00:00,Guwahati-Gauge-1,3,1.579,1.584,1.5769527562742593,1.538,1.5536210815181664,1.518,1.5398077552339728
2024-03-12 21:00:00,Guwahati-Gauge-1,3,1.584,1.563,1.5753768472482494,1.517,1.5609586112836693,1.547,1.5454761171178937
2024-03-12 22:00:00,Guwahati-Gauge-1,3,1.563,1.538,1.5518519120980088,1.509,1.5453811988289,1.535,1.5404555626075556
2024-03-12 23:00:00,Guwahati-Gauge-1,3,1.538,1.517,1.527696167694614,1.518,1.5211596590815664,1.561,1.5396416774832091
2024-03-13 00:00:00,Guwahati-Gauge-1,3,1.517,1.509,1.5154522203021779,1.547,1.5069069238311126,1.56,1.5010315349596526
2024-03-13 01:00:00,Guwahati-Gauge-1,3,1.509,1.518,1.5110312902901941,1.535,1.5027822232865453,1.534,1.501373222766236
2024-03-13 02:00:00,Guwahati-Gauge-1,3,1.518,1.547,1.5126041770194751,1.561,1.5089601079959385,1.526,1.504431127157381
2024-03-13 03:00:00,Guwahati-Gauge-1,3,1.547,1.535,1.543297889812059,1.56,1.5444510222917676,1.532,1.5596070401376574
2024-03-13 04:00:00,Guwahati-Gauge-1,3,1.535,1.561,1.5421373396416604,1.534,1.5256840820626187,1.538,1.5551788387990746
2024-03-13 05:00:00,Guwahati-Gauge-1,3,1.561,1.56,1.558368315001254,1.526,1.5465565519948583,1.515,1.540596511216952
2024-03-13 06:00:00,Guwahati-Gauge-1,3,1.56,1.534,1.555640308788619,1.532,1.5436394913545193,1.496,1.5249877852151787
2024-03-13 07:00:00,Guwahati-Gauge-1,3,1.534,1.526,1.525984367392635,1.538,1.5280476122735474,1.477,1.5273746020210968
2024-03-13 08:00:00,Guwahati-Gauge-1,3,1.526,1.532,1.5217234627580227,1.515,1.5133288019954187,1.46,1.500826838760412
2024-03-13 09:00:00,Guwahati-Gauge-1,3,1.532,1.538,1.525717066988004,1.496,1.5097780995969552,1.453,1.5042881414071567
2024-03-13 10:00:00,Guwahati-Gauge-1,3,1.538,1.515,1.528378799144918,1.477,1.5173160922927336,1.478,1.5249506580912238
2024-03-13 11:00:00,Guwahati-Gauge-1,3,1.515,1.496,1.5096551089900638,1.46,1.4997940605128932,1.455,1.5001579624104324
2024-03-13 12:00:00,Guwahati-Gauge-1,3,1.496,1.477,1.4895475484190075,1.453,1.4896320868208193,1.409,1.4791524006435697
2024-03-13 13:00:00,Guwahati-Gauge-1,3,1.477,1.46,1.4705103051004198,1.478,1.4732020350842288,1.363,1.436333309361962
2024-03-13 14:00:00,Guwahati-Gauge-1,3,1.46,1.453,1.463047705746119,1.455,1.445964508382987,1.369,1.4141080314217946
2024-03-13 15:00:00,Guwahati-Gauge-1,3,1.453,1.478,1.451870633415896,1.409,1.4293375820951957,1.348,1.4104868132038704
2024-03-13 16:00:00,Guwahati-Gauge-1,3,1.478,1.455,1.4651584537442062,1.363,1.4428112547095144,1.343,1.4216010668986911
2024-03-13 17:00:00,Guwahati-Gauge-1,3,1.455,1.409,1.440992935007926,1.369,1.4283507710569225,1.319,1.410077697926216
2024-03-13 18:00:00,Guwahati-Gauge-1,3,1.409,1.363,1.397999562573676,1.348,1.3758579214094664,1.307,1.3288169955866544
2024-03-13 19:00:00,Guwahati-Gauge-1,3,1.363,1.369,1.362211895434622,1.343,1.3469774623040787,1.292,1.3174161925526693
2024-03-13 20:00:00,Guwahati-Gauge-1,3,1.369,1.348,1.3619220302470858,1.319,1.352001096650143,1.276,1.3312003315724457
2024-03-13 21:00:00,Guwahati-Gauge-1,3,1.348,1.343,1.3405840673772476,1.307,1.3100997357971724,1.298,1.2915074765187644
2024-03-13 22:00:00,Guwahati-Gauge-1,3,1.343,1.319,1.328232335248025,1.292,1.3028534739414173,1.322,1.2904426990711688
2024-03-13 23:00:00,Guwahati-Gauge-1,3,1.319,1.307,1.3076030768139337,1.276,1.2758062754230193,1.331,1.284504230847109
2024-03-14 00:00:00,Guwahati-Gauge-1,3,1.307,1.292,1.2914484710248437,1.298,1.2954527466773085,1.367,1.2912624403362851
2024-03-14 01:00:00,Guwahati-Gauge-1,3,1.292,1.276,1.2760527374727184,1.322,1.292814865736161,1.335,1.2845057012014542
2024-03-14 02:00:00,Guwahati-Gauge-1,3,1.276,1.298,1.289011869153982,1.331,1.3147475305962797,1.321,1.2934637124337225
2024-03-14 03:00:00,Guwahati-Gauge-1,3,1.298,1.322,1.305994821074052,1.367,1.3135154016663406,1.304,1.2732581455985559
2024-03-14 04:00:00,Guwahati-Gauge-1,3,1.322,1.331,1.3241185308914127,1.335,1.3121128829739666,1.309,1.2799956640640646
2024-03-14 05:00:00,Guwahati-Gauge-1,3,1.331,1.367,1.3348271142388974,1.321,1.3062012657740463,1.275,1.2749565167048025
2024-03-14 06:00:00,Guwahati-Gauge-1,3,1.367,1.335,1.3553064916868467,1.304,1.344104353637771,1.28,1.3224642238987956
2024-03-14 07:00:00,Guwahati-Gauge-1,3,1.335,1.321,1.332374186354003,1.309,1.3095668432814525,1.243,1.2806780899010015
2024-03-14 08:00:00,Guwahati-Gauge-1,3,1.321,1.304,1.314292620055961,1.275,1.2958568615577557,1.252,1.273894034970574
2024-03-14 09:00:00,Guwahati-Gauge-1,3,1.304,1.309,1.2931340558215891,1.28,1.2839804274453182,1.269,1.2701942378870166
2024-03-14 10:00:00,Guwahati-Gauge-1,3,1.309,1.275,1.2963966844179322,1.243,1.28375772477029,1.243,1.2708979539945253
2024-03-14 11:00:00,Guwahati-Gauge-1,3,1.275,1.28,1.2684126378963858,1.252,1.246509856051207,1.233,1.2295603298310522
2024-03-14 12:00:00,Guwahati-Gauge-1,3,1.28,1.243,1.2651057836870006,1.269,1.2475831149259557,1.257,1.2327592008195043
2024-03-14 13:00:00,Guwahati-Gauge-1,3,1.243,1.252,1.2447026617897416,1.243,1.226434312694599,1.284,1.2273304921521635
2024-03-14 14:00:00,Guwahati-Gauge-1,3,1.252,1.269,1.2601608375660842,1.233,1.2326863521245566,1.253,1.2260455124913308
2024-03-14 15:00:00,Guwahati-Gauge-1,3,1.269,1.243,1.262561368383774,1.257,1.2542844137654579,1.259,1.243950701695198
2024-03-14 16:00:00,Guwahati-Gauge-1,3,1.243,1.233,1.2447544388089695,1.284,1.2628613673163023,1.266,1.270948960187346
2024-03-14 17:00:00,Guwahati-Gauge-1,3,1.233,1.257,1.232638802375416,1.253,1.251220154403835,1.26,1.263555960605576
2024-03-14 18:00:00,Guwahati-Gauge-1,3,1.257,1.284,1.2730128725239354,1.259,1.2717281420843387,1.281,1.2769225940686217
2024-03-14 19:00:00,Guwahati-Gauge-1,3,1.284,1.253,1.2724156748461126,1.266,1.2818559032052126,1.261,1.2775035229261669
2024-03-14 20:00:00,Guwahati-Gauge-1,3,1.253,1.259,1.2606822040687022,1.26,1.2654846088898863,1.245,1.2651583576882381
2024-03-14 21:00:00,Guwahati-Gauge-1,3,1.259,1.266,1.2624124265380348,1.281,1.2613024415185934,1.225,1.2393219477328474
2024-03-14 22:00:00,Guwahati-Gauge-1,3,1.266,1.26,1.261360369342343,1.261,1.2482223135778774,1.224,1.2363423848002955
2024-03-14 23:00:00,Guwahati-Gauge-1,3,1.26,1.281,1.2635073101663232,1.245,1.2475271090485232,1.212,1.235127164204362
2024-03-15 00:00:00,Guwahati-Gauge-1,3,1.281,1.261,1.268017710681219,1.225,1.2483428798743508,1.224,1.2344259974140868
2024-03-15 01:00:00,Guwahati-Gauge-1,3,1.261,1.245,1.2548026123756175,1.224,1.2387847387927509,1.21,1.2225486028845653
2024-03-15 02:00:00,Guwahati-Gauge-1,3,1.245,1.225,1.2378346919938652,1.212,1.2240433589976425,1.201,1.216038966798646
2024-03-15 03:00:00,Guwahati-Gauge-1,3,1.225,1.224,1.2157710364751715,1.224,1.215401263015658,1.2,1.2127202564271864
2024-03-15 04:00:00,Guwahati-Gauge-1,3,1.224,1.212,1.2186729047835823,1.21,1.2145765575404353,1.179,1.2041682211720144
2024-03-15 05:00:00,Guwahati-Gauge-1,3,1.212,1.224,1.2088463173035746,1.201,1.1917889321074537,1.195,1.1856216517708351
2024-03-15 06:00:00,Guwahati-Gauge-1,3,1.224,1.21,1.2154379336112169,1.2,1.2115858922023799,1.204,1.1958035733884782
2024-03-15 07:00:00,Guwahati-Gauge-1,3,1.21,1.201,1.2039540429138673,1.179,1.1923502295566868,1.212,1.1861763685034488
2024-03-15 08:00:00,Guwahati-Gauge-1,3,1.201,1.2,1.1941217802931623,1.195,1.1828022455809242,1.186,1.1845302844278829
2024-03-15 09:00:00,Guwahati-Gauge-1,3,1.2,1.179,1.1921985645624187,1.204,1.1822878368946201,1.213,1.1868011589970824
2024-03-15 10:00:00,Guwahati-Gauge-1,3,1.179,1.195,1.1741526323858886,1.212,1.1762866892627408,1.171,1.1841520629289637
2024-03-15 11:00:00,Guwahati-Gauge-1,3,1.195,1.204,1.1955825145972108,1.186,1.1865412112838223,1.182,1.1920350448146
2024-03-15 12:00:00,Guwahati-Gauge-1,3,1.204,1.212,1.2001522195931151,1.213,1.1934372226310783,1.181,1.1882732939278189
2024-03-15 13:00:00,Guwahati-Gauge-1,3,1.212,1.186,1.202436201315879,1.171,1.18999711550502,1.19,1.190539101217918
2024-03-15 14:00:00,Guwahati-Gauge-1,3,1.186,1.213,1.188332293395075,1.182,1.1835353586765567,1.181,1.193166534868875
2024-03-15 15:00:00,Guwahati-Gauge-1,3,1.213,1.171,1.20205561399234,1.181,1.196120957284348,1.18,1.2005999019409972
2024-03-15 16:00:00,Guwahati-Gauge-1,3,1.171,1.182,1.1727023350918917,1.19,1.1776742264708304,1.191,1.1935888235831562
2024-03-15 17:00:00,Guwahati-Gauge-1,3,1.182,1.181,1.1859862046506737,1.181,1.1842043036129042,1.188,1.1972552320344831
2024-03-15 18:00:00,Guwahati-Gauge-1,3,1.181,1.19,1.1847842612336053,1.18,1.1780960155141103,1.189,1.2026447512146972
2024-03-15 19:00:00,Guwahati-Gauge-1,3,1.19,1.181,1.192849779443312,1.191,1.1901779937153465,1.191,1.2123758769377901
2024-03-15 20:00:00,Guwahati-Gauge-1,3,1.181,1.18,1.1846892633552786,1.188,1.1811278748491603,1.231,1.206438123223653
2024-03-15 21:00:00,Guwahati-Gauge-1,3,1.18,1.191,1.1843012054175548,1.189,1.182419249716436,1.194,1.1947365785998278
2024-03-15 22:00:00,Guwahati-Gauge-1,3,1.191,1.188,1.1929108033242444,1.191,1.1891765785626318,1.215,1.197672722969494
2024-03-15 23:00:00,Guwahati-Gauge-1,3,1.188,1.189,1.191460977884283,1.231,1.1875609129338787,1.219,1.197081378102401
2024-03-16 00:00:00,Guwahati-Gauge-1,3,1.189,1.191,1.1922623054476682,1.194,1.1875277869780991,1.22,1.198407457444357
2024-03-16 01:00:00,Guwahati-Gauge-1,3,1.191,1.231,1.194892752760929,1.215,1.186492373023347,1.189,1.198407457444357
2024-03-16 02:00:00,Guwahati-Gauge-1,3,1.231,1.194,1.2245725438535295,1.219,1.2298981488971947,1.208,1.2334253247116067
2024-03-16 03:00:00,Guwahati-Gauge-1,3,1.194,1.215,1.1977303582672436,1.22,1.1934005872589515,1.18,1.2039374475650806
2024-03-16 04:00:00,Guwahati-Gauge-1,3,1.215,1.219,1.2075018904062182,1.189,1.1966098414045798,1.205,1.20653118556578
2024-03-16 05:00:00,Guwahati-Gauge-1,3,1.219,1.22,1.2094565854098631,1.208,1.2102109997897954,1.189,1.2058615441169471
2024-03-16 06:00:00,Guwahati-Gauge-1,3,1.22,1.189,1.208228477801478,1.18,1.2093654795606688,1.214,1.2271558582865796
2024-03-16 07:00:00,Guwahati-Gauge-1,3,1.189,1.208,1.1959059644738772,1.205,1.1865271748761361,1.195,1.1937443101252603
2024-03-16 08:00:00,Guwahati-Gauge-1,3,1.208,1.18,1.1980143782843047,1.189,1.1911829649822676,1.171,1.1962032618447656
2024-03-16 09:00:00,Guwahati-Gauge-1,3,1.18,1.205,1.1865436428111604,1.214,1.181298030450092,1.165,1.1990404493919165
2024-03-16 10:00:00,Guwahati-Gauge-1,3,1.205,1.189,1.1981921800505766,1.195,1.195079944804775,1.147,1.1983731120901548
2024-03-16 11:00:00,Guwahati-Gauge-1,3,1.189,1.214,1.1927921503594079,1.171,1.181206793165832,1.181,1.194723481910414
2024-03-16 12:00:00,Guwahati-Gauge-1,3,1.214,1.195,1.20279348083476,1.165,1.1939303310232436,1.253,1.211256425742707
2024-03-16 13:00:00,Guwahati-Gauge-1,3,1.195,1.171,1.1933753186544969,1.147,1.1819145555558803,1.278,1.210239592204206
2024-03-16 14:00:00,Guwahati-Gauge-1,3,1.171,1.165,1.1707947751903116,1.181,1.1785724280446321,1.316,1.2278654775095201
2024-03-16 15:00:00,Guwahati-Gauge-1,3,1.165,1.147,1.1572907061310962,1.253,1.1749008670355368,1.382,1.2330742469939664
2024-03-16 16:00:00,Guwahati-Gauge-1,3,1.147,1.181,1.1467659238204453,1.278,1.1711133282948525,1.418,1.2905324723519669
2024-03-16 17:00:00,Guwahati-Gauge-1,3,1.181,1.253,1.2333152641140745,1.316,1.3110351563027114,1.458,1.4081612955153078
2024-03-16 18:00:00,Guwahati-Gauge-1,3,1.253,1.278,1.2903455594963318,1.382,1.38227587742323,1.485,1.44661583266532
2024-03-16 19:00:00,Guwahati-Gauge-1,3,1.278,1.316,1.307615422084724,1.418,1.4037224076175732,1.524,1.4531460491781103
2024-03-16 20:00:00,Guwahati-Gauge-1,3,1.316,1.382,1.3627744881097459,1.458,1.3941992790935513,1.54,1.4188797106013247
2024-03-16 21:00:00,Guwahati-Gauge-1,3,1.382,1.418,1.4175493318773853,1.485,1.4212615648699503,1.569,1.4438296687844459
2024-03-16 22:00:00,Guwahati-Gauge-1,3,1.418,1.458,1.438730686929074,1.524,1.4399222237948308,1.621,1.4672567518916244
2024-03-16 23:00:00,Guwahati-Gauge-1,3,1.458,1.485,1.4775971164720485,1.54,1.5372237483959965,1.603,1.5741736997025453
2024-03-17 00:00:00,Guwahati-Gauge-1,3,1.485,1.524,1.5187600711808606,1.569,1.5642756666359234,1.601,1.5808591266383192
2024-03-17 01:00:00,Guwahati-Gauge-1,3,1.524,1.54,1.5433465378729962,1.621,1.5999060149465867,1.574,1.5933852211825166
2024-03-17 02:00:00,Guwahati-Gauge-1,3,1.54,1.569,1.5601999878434865,1.603,1.5704540958681228,1.583,1.5653556387152956
2024-03-17 03:00:00,Guwahati-Gauge-1,3,1.569,1.621,1.598363136791057,1.601,1.5892837120686985,1.537,1.5574873740517985
2024-03-17 04:00:00,Guwahati-Gauge-1,3,1.621,1.603,1.6208851740692571,1.574,1.6074311539576618,1.52,1.5923533844690285
2024-03-17 05:00:00,Guwahati-Gauge-1,3,1.603,1.601,1.600245430468859,1.583,1.57824075523563,1.53,1.53656429749017
2024-03-17 06:00:00,Guwahati-Gauge-1,3,1.601,1.574,1.5830371365485987,1.537,1.547326335766431,1.516,1.526272907271717
2024-03-17 07:00:00,Guwahati-Gauge-1,3,1.574,1.583,1.5768504393897893,1.52,1.5374060697904752,1.469,1.5095797973943006
2024-03-17 08:00:00,Guwahati-Gauge-1,3,1.583,1.537,1.5686315499089538,1.53,1.5439104437125553,1.446,1.5150942460422092
2024-03-17 09:00:00,Guwahati-Gauge-1,3,1.537,1.52,1.5247699754183357,1.516,1.5105101984938534,1.425,1.4978285487334395
2024-03-17 10:00:00,Guwahati-Gauge-1,3,1.52,1.53,1.5196897856566265,1.469,1.5015688554489202,1.45,1.4951567304959508
2024-03-17 11:00:00,Guwahati-Gauge-1,3,1.53,1.516,1.51621278125444,1.446,1.4969591497571053,1.46,1.4929037404563819
2024-03-17 12:00:00,Guwahati-Gauge-1,3,1.516,1.469,1.5041370056417682,1.425,1.4943452476914236,1.474,1.4901997134919893
2024-03-17 13:00:00,Guwahati-Gauge-1,3,1.469,1.446,1.470020280924937,1.45,1.4688514370015218,1.444,1.4477610616175187
2024-03-17 14:00:00,Guwahati-Gauge-1,3,1.446,1.425,1.443953895902297,1.46,1.443419194581496,1.437,1.422123783138402
2024-03-17 15:00:00,Guwahati-Gauge-1,3,1.425,1.45,1.4209983863332565,1.474,1.4282032949889696,1.461,1.403919129331915
2024-03-17 16:00:00,Guwahati-Gauge-1,3,1.45,1.46,1.451370192938519,1.444,1.4439034689555201,1.471,1.4239573149600442
2024-03-17 17:00:00,Guwahati-Gauge-1,3,1.46,1.474,1.4613220152991933,1.437,1.4416366966189031,1.451,1.4190294633929212
2024-03-17 18:00:00,Guwahati-Gauge-1,3,1.474,1.444,1.4683073924054832,1.461,1.454207235602162,1.456,1.4342307121440387
2024-03-17 19:00:00,Guwahati-Gauge-1,3,1.444,1.437,1.4383790178888192,1.471,1.4375286129439897,1.419,1.4108884651625648
2024-03-17 20:00:00,Guwahati-Gauge-1,3,1.437,1.461,1.4337909759121241,1.451,1.430690278592821,1.392,1.4075674568723981
2024-03-17 21:00:00,Guwahati-Gauge-1,3,1.461,1.471,1.462716529342505,1.456,1.446795634810917,1.346,1.4082673519266502
2024-03-17 22:00:00,Guwahati-Gauge-1,3,1.471,1.451,1.4611278672755939,1.419,1.4414525695677025,1.336,1.412542999712551
2024-03-17 23:00:00,Guwahati-Gauge-1,3,1.451,1.456,1.4500425783925464,1.392,1.4141821421609087,1.341,1.4002718947864843
2024-03-18 00:00:00,Guwahati-Gauge-1,3,1.456,1.419,1.4453389546730764,1.346,1.4147740891565923,1.313,1.3934649710398976
2024-03-18 01:00:00,Guwahati-Gauge-1,3,1.419,1.392,1.404736063030174,1.336,1.3910778612434727,1.304,1.3752743247794514
2024-03-18 02:00:00,Guwahati-Gauge-1,3,1.392,1.346,1.3758216730585537,1.341,1.3650782333261293,1.28,1.3184490767035952
2024-03-18 03:00:00,Guwahati-Gauge-1,3,1.346,1.336,1.3402868725717103,1.313,1.3128039138926295,1.261,1.2881811260271065
2024-03-18 04:00:00,Guwahati-Gauge-1,3,1.336,1.341,1.3287547498265873,1.304,1.306412645837245,1.233,1.2808621033381977
2024-03-18 05:00:00,Guwahati-Gauge-1,3,1.341,1.313,1.3235492368936603,1.28,1.3042973088510168,1.253,1.281453066134591
2024-03-18 06:00:00,Guwahati-Gauge-1,3,1.313,1.304,1.30345026963073,1.261,1.2720768030117615,1.232,1.258157347980631
2024-03-18 07:00:00,Guwahati-Gauge-1,3,1.304,1.28,1.29091391148698,1.233,1.26728293348504,1.221,1.2514100167000413
2024-03-18 08:00:00,Guwahati-Gauge-1,3,1.28,1.261,1.2660039617757681,1.253,1.2446980557590968,1.205,1.2313164981259648
2024-03-18 09:00:00,Guwahati-Gauge-1,3,1.261,1.233,1.2483014465306297,1.232,1.2353370771420642,1.206,1.2199294541970112
2024-03-18 10:00:00,Guwahati-Gauge-1,3,1.233,1.253,1.2217163205945056,1.221,1.2142823646345575,1.251,1.215977246569812
2024-03-18 11:00:00,Guwahati-Gauge-1,3,1.253,1.232,1.243545653436866,1.205,1.227226069290753,1.301,1.2184410585210728
2024-03-18 12:00:00,Guwahati-Gauge-1,3,1.232,1.221,1.2187906178191958,1.206,1.2136002884427812,1.289,1.216652624278779
2024-03-18 13:00:00,Guwahati-Gauge-1,3,1.221,1.205,1.2137245463627138,1.251,1.213058415203254,1.29,1.1983995671033985
2024-03-18 14:00:00,Guwahati-Gauge-1,3,1.205,1.206,1.2050947468544435,1.301,1.197808684781145,1.302,1.1898367750386987
2024-03-18 15:00:00,Guwahati-Gauge-1,3,1.206,1.251,1.2073024440381455,1.289,1.1949422630936866,1.32,1.1913736358145195
2024-03-18 16:00:00,Guwahati-Gauge-1,3,1.251,1.301,1.250952359287183,1.29,1.2314769534231025,1.326,1.2193339400099066
2024-03-18 17:00:00,Guwahati-Gauge-1,3,1.301,1.289,1.2928878446214023,1.302,1.3011087139985185,1.341,1.306818728411473
2024-03-18 18:00:00,Guwahati-Gauge-1,3,1.289,1.29,1.2796016594317756,1.32,1.2885391245606839,1.341,1.29665888245502
2024-03-18 19:00:00,Guwahati-Gauge-1,3,1.29,1.302,1.2798401922615399,1.326,1.2912580514803018,1.321,1.2976476426601375
2024-03-18 20:00:00,Guwahati-Gauge-1,3,1.302,1.32,1.2989146873709787,1.341,1.2941588735283682,1.336,1.296530021823617
2024-03-18 21:00:00,Guwahati-Gauge-1,3,1.32,1.326,1.3091647094136043,1.341,1.2996845188422463,1.334,1.297346053967062
2024-03-18 22:00:00,Guwahati-Gauge-1,3,1.326,1.341,1.3278704262569085,1.321,1.3092015064940634,1.334,1.3007187269162201
2024-03-18 23:00:00,Guwahati-Gauge-1,3,1.341,1.341,1.3361059611849924,1.336,1.3166467209298545,1.301,1.298374800146959
2024-03-19 00:00:00,Guwahati-Gauge-1,3,1.341,1.321,1.328380923278874,1.334,1.3146574156720758,1.281,1.2955120080896818
2024-03-19 01:00:00,Guwahati-Gauge-1,3,1.321,1.336,1.319191203241025,1.334,1.3061606813506776,1.27,1.2877688470079796
2024-03-19 02:00:00,Guwahati-Gauge-1,3,1.336,1.334,1.3335367956381146,1.301,1.307768216312495,1.277,1.291730077369606
2024-03-19 03:00:00,Guwahati-Gauge-1,3,1.334,1.334,1.3256553660584371,1.281,1.3033740486044147,1.307,1.2983634737898626
2024-03-19 04:00:00,Guwahati-Gauge-1,3,1.334,1.301,1.3225988668915782,1.27,1.3030694498808963,1.315,1.29744403663264
2024-03-19 05:00:00,Guwahati-Gauge-1,3,1.301,1.281,1.2920178492357017,1.277,1.2937044268863291,1.304,1.2989448567102493
2024-03-19 06:00:00,Guwahati-Gauge-1,3,1.281,1.27,1.2706084153335209,1.307,1.2848370765474344,1.277,1.2627832097956622
2024-03-19 07:00:00,Guwahati-Gauge-1,3,1.27,1.277,1.275397019416462,1.315,1.2920112115685896,1.295,1.2653397375642448
2024-03-19 08:00:00,Guwahati-Gauge-1,3,1.277,1.307,1.2775693611358518,1.304,1.2804673278454857,1.293,1.265617714891391
2024-03-19 09:00:00,Guwahati-Gauge-1,3,1.307,1.315,1.2990597871989904,1.277,1.296753838803228,1.221,1.2814103162666763
2024-03-19 10:00:00,Guwahati-Gauge-1,3,1.315,1.304,1.3073960350781566,1.295,1.2895549686872056,1.237,1.2768605523462127
2024-03-19 11:00:00,Guwahati-Gauge-1,3,1.304,1.277,1.2949203972470291,1.293,1.2904413370500252,1.238,1.2764765399183593
2024-03-19 12:00:00,Guwahati-Gauge-1,3,1.277,1.295,1.2723860811932717,1.221,1.2569466914538592,1.189,1.2402353201911709
2024-03-19 13:00:00,Guwahati-Gauge-1,3,1.295,1.293,1.2925978025010285,1.237,1.282314635426414,1.198,1.2664790478047927
2024-03-19 14:00:00,Guwahati-Gauge-1,3,1.293,1.221,1.2780691827390374,1.238,1.2828243578969603,1.196,1.2625180414495851
2024-03-19 15:00:00,Guwahati-Gauge-1,3,1.221,1.237,1.2144274004194069,1.189,1.2114774556845185,1.166,1.2002001009680023
2024-03-19 16:00:00,Guwahati-Gauge-1,3,1.237,1.238,1.2305584942127237,1.198,1.2204177115891661,1.204,1.2205171613689594
2024-03-19 17:00:00,Guwahati-Gauge-1,3,1.238,1.189,1.228726188836491,1.196,1.220429830566746,1.209,1.2198850023576533
2024-03-19 18:00:00,Guwahati-Gauge-1,3,1.189,1.198,1.1910448151607522,1.166,1.1831456365430741,1.196,1.1843172394436243
2024-03-19 19:00:00,Guwahati-Gauge-1,3,1.198,1.196,1.19173190097094,1.204,1.1845219525669222,1.175,1.1893424887029047
2024-03-19 20:00:00,Guwahati-Gauge-1,3,1.196,1.166,1.1878538951911704,1.209,1.182183670894345,1.167,1.1830756579271577
2024-03-19 21:00:00,Guwahati-Gauge-1,3,1.166,1.204,1.1714590625877332,1.196,1.1788648919596758,1.161,1.1891508060889213
2024-03-19 22:00:00,Guwahati-Gauge-1,3,1.204,1.209,1.2025131347661444,1.175,1.1944806717935748,1.169,1.1934972387541039
2024-03-19 23:00:00,Guwahati-Gauge-1,3,1.209,1.196,1.2013417387389669,1.167,1.189102504950575,1.187,1.1899714094467588
2024-03-20 00:00:00,Guwahati-Gauge-1,3,1.196,1.175,1.1921225391307757,1.161,1.1845958110379526,1.201,1.1923952248292757
2024-03-20 01:00:00,Guwahati-Gauge-1,3,1.175,1.167,1.1716044665754324,1.169,1.1789785841615825,1.226,1.2032790896545547
2024-03-20 02:00:00,Guwahati-Gauge-1,3,1.167,1.161,1.164462566319714,1.187,1.173180780834908,1.239,1.190962542639842
2024-03-20 03:00:00,Guwahati-Gauge-1,3,1.161,1.169,1.1592548717783315,1.201,1.1681500678655568,1.257,1.2065019165026858
2024-03-20 04:00:00,Guwahati-Gauge-1,3,1.169,1.187,1.168994371833817,1.226,1.1780009901918629,1.304,1.2117720471882947
2024-03-20 05:00:00,Guwahati-Gauge-1,3,1.187,1.201,1.2138425256588004,1.239,1.26187775734478,1.287,1.3184533344942488
2024-03-20 06:00:00,Guwahati-Gauge-1,3,1.201,1.226,1.2187747809291245,1.257,1.2603235574327496,1.278,1.3132117696526784
2024-03-20 07:00:00,Guwahati-Gauge-1,3,1.226,1.239,1.2563482013285658,1.304,1.3344029668197785,1.257,1.3355089429695755
2024-03-20 08:00:00,Guwahati-Gauge-1,3,1.239,1.257,1.2470413185470377,1.287,1.2510803926491392,1.274,1.244099028295944
2024-03-20 09:00:00,Guwahati-Gauge-1,3,1.257,1.304,1.2898737631313344,1.278,1.2620204619982966,1.234,1.243074282370561
2024-03-20 10:00:00,Guwahati-Gauge-1,3,1.304,1.287,1.2986663588700444,1.257,1.2994343164750772,1.213,1.2524925703544598
2024-03-20 11:00:00,Guwahati-Gauge-1,3,1.287,1.278,1.2755409956140566,1.274,1.2694744109641753,1.223,1.2580796773350433
2024-03-20 12:00:00,Guwahati-Gauge-1,3,1.278,1.257,1.2699292842339283,1.234,1.2674630410961678,1.213,1.261638201465667
2024-03-20 13:00:00,Guwahati-Gauge-1,3,1.257,1.274,1.2639359175332538,1.213,1.2532173444586405,1.224,1.250084937790234
2024-03-20 14:00:00,Guwahati-Gauge-1,3,1.274,1.234,1.2632136685158633,1.223,1.2601694744039704,1.214,1.2489612600427875
2024-03-20 15:00:00,Guwahati-Gauge-1,3,1.234,1.213,1.2204396700269975,1.213,1.2270856771560985,1.194,1.2175172015146982
2024-03-20 16:00:00,Guwahati-Gauge-1,3,1.213,1.223,1.2181758588127167,1.224,1.206964738424211,1.186,1.1784945553106512
2024-03-20 17:00:00,Guwahati-Gauge-1,3,1.223,1.213,1.216808778803214,1.214,1.2161663947367825,1.154,1.1990384368232927
2024-03-20 18:00:00,Guwahati-Gauge-1,3,1.213,1.224,1.21271736829518,1.194,1.1961752726265327,1.133,1.186228735681687
2024-03-20 19:00:00,Guwahati-Gauge-1,3,1.224,1.214,1.216696884378093,1.186,1.2114262879034472,1.147,1.1990019476996159
2024-03-20 20:00:00,Guwahati-Gauge-1,3,1.214,1.194,1.2103529796697425,1.154,1.1944286758926794,1.138,1.1788944038560425
2024-03-20 21:00:00,Guwahati-Gauge-1,3,1.194,1.186,1.1922486056687411,1.133,1.1774665808687006,1.133,1.1768818642340064
2024-03-20 22:00:00,Guwahati-Gauge-1,3,1.186,1.154,1.1776998892581292,1.147,1.1739173223737442,1.131,1.181291610889201
2024-03-20 23:00:00,Guwahati-Gauge-1,3,1.154,1.133,1.1470484406129584,1.138,1.1468375117076421,1.096,1.1349718192590823
2024-03-21 00:00:00,Guwahati-Gauge-1,3,1.133,1.147,1.1348001983721707,1.133,1.1254221396826976,1.063,1.1188900035480684
2024-03-21 01:00:00,Guwahati-Gauge-1,3,1.147,1.138,1.141257322748385,1.131,1.1312269553608643,1.07,1.1227182076710314
2024-03-21 02:00:00,Guwahati-Gauge-1,3,1.138,1.133,1.1427492184182821,1.096,1.1266354767616797,1.061,1.1204764528290203
2024-03-21 03:00:00,Guwahati-Gauge-1,3,1.133,1.131,1.1284298170787324,1.063,1.1206745671183251,1.056,1.11920174207579
2024-03-21 04:00:00,Guwahati-Gauge-1,3,1.131,1.096,1.1262495775882546,1.07,1.1201371064958023,1.067,1.1189543762305827
2024-03-21 05:00:00,Guwahati-Gauge-1,3,1.096,1.063,1.086108079612128,1.061,1.0855866681622923,1.048,1.0772684417920269
2024-03-21 06:00:00,Guwahati-Gauge-1,3,1.063,1.07,1.0614854616760587,1.056,1.052663821288337,1.035,1.072476841873473
2024-03-21 07:00:00,Guwahati-Gauge-1,3,1.07,1.061,1.0695138675482538,1.067,1.0556827524639862,1.027,1.0727062819581568
2024-03-21 08:00:00,Guwahati-Gauge-1,3,1.061,1.056,1.0588105871368596,1.048,1.0530651152058566,1.034,1.0717158564237372
2024-03-21 09:00:00,Guwahati-Gauge-1,3,1.056,1.067,1.0596249396864248,1.035,1.0510271302848018,1.026,1.072532805627046
2024-03-21 10:00:00,Guwahati-Gauge-1,3,1.067,1.048,1.060334767880805,1.027,1.0536655207785912,1.013,1.0728257301961537
2024-03-21 11:00:00,Guwahati-Gauge-1,3,1.048,1.035,1.0428224581893957,1.034,1.0471424337639865,1.047,1.0725247029677165
2024-03-21 12:00:00,Guwahati-Gauge-1,3,1.035,1.027,1.0368356671093653,1.026,1.0462015449808897,1.047,1.0656809363418842
2024-03-21 13:00:00,Guwahati-Gauge-1,3,1.027,1.034,1.0300563621144345,1.013,1.0356283959994284,1.059,1.0603231204570753
2024-03-21 14:00:00,Guwahati-Gauge-1,3,1.034,1.026,1.0298058455365449,1.047,1.0376821493636847,1.021,1.0616071804628373
2024-03-21 15:00:00,Guwahati-Gauge-1,3,1.026,1.013,1.0292757925184162,1.047,1.0330316074774373,0.995,1.0441716958219194
2024-03-21 16:00:00,Guwahati-Gauge-1,3,1.013,1.047,1.018163108031345,1.059,1.0265242187919674,1.027,1.0432743528690482
2024-03-21 17:00:00,Guwahati-Gauge-1,3,1.047,1.047,1.0314178565763865,1.021,1.038183555919248,1.057,1.054189350349088
2024-03-21 18:00:00,Guwahati-Gauge-1,3,1.047,1.059,1.0422416848200442,0.995,1.0399579435291217,1.084,1.0610832343632304
2024-03-21 19:00:00,Guwahati-Gauge-1,3,1.059,1.021,1.0490443398222284,1.027,1.0461951853572244,1.098,1.0642656979996663
2024-03-21 20:00:00,Guwahati-Gauge-1,3,1.021,0.995,1.0249620935191113,1.057,1.040683131897271,1.151,1.0846903079258134
2024-03-21 21:00:00,Guwahati-Gauge-1,3,0.995,1.027,1.0000739898614408,1.084,1.0360751490684104,1.195,1.0937067683931991
2024-03-21 22:00:00,Guwahati-Gauge-1,3,1.027,1.057,1.0455635027474526,1.098,1.0775532473188367,1.204,1.1520360937999565
2024-03-21 23:00:00,Guwahati-Gauge-1,3,1.057,1.084,1.0791730456532609,1.151,1.137415376829024,1.206,1.18717299099663
2024-03-22 00:00:00,Guwahati-Gauge-1,3,1.084,1.098,1.1087634804694495,1.195,1.174809121638846,1.196,1.1869777779804795
2024-03-22 01:00:00,Guwahati-Gauge-1,3,1.098,1.151,1.1283441847066853,1.204,1.1618347571203864,1.178,1.154069561546502
2024-03-22 02:00:00,Guwahati-Gauge-1,3,1.151,1.195,1.1867189906968347,1.206,1.1794716111618848,1.165,1.152155301273184
2024-03-22 03:00:00,Guwahati-Gauge-1,3,1.195,1.204,1.213470747004584,1.196,1.2147121790608957,1.177,1.1933017739837284
2024-03-22 04:00:00,Guwahati-Gauge-1,3,1.204,1.206,1.2014446565092223,1.178,1.1972695459751852,1.164,1.1914336796586389
2024-03-22 05:00:00,Guwahati-Gauge-1,3,1.206,1.196,1.2017964740481335,1.165,1.1927844355483492,1.161,1.1867874676741275
2024-03-22 06:00:00,Guwahati-Gauge-1,3,1.196,1.178,1.191573051174599,1.177,1.1847084070269427,1.148,1.1829657271371488
2024-03-22 07:00:00,Guwahati-Gauge-1,3,1.178,1.165,1.1713130630749562,1.164,1.1669443346940211,1.162,1.1730647896351056
2024-03-22 08:00:00,Guwahati-Gauge-1,3,1.165,1.177,1.1644839583191013,1.161,1.162451364383995,1.144,1.1616896636143457
2024-03-22 09:00:00,Guwahati-Gauge-1,3,1.177,1.164,1.1697716055470242,1.148,1.1684858525441646,1.17,1.1758871962941853
2024-03-22 10:00:00,Guwahati-Gauge-1,3,1.164,1.161,1.1624279669064923,1.162,1.1611348559522765,1.154,1.1542281747862961
2024-03-22 11:00:00,Guwahati-Gauge-1,3,1.161,1.148,1.1569723015330962,1.144,1.1567793040489103,1.138,1.1466243619702448
2024-03-22 12:00:00,Guwahati-Gauge-1,3,1.148,1.162,1.1488534810715525,1.17,1.1414399474386625,1.174,1.1309521290794569
2024-03-22 13:00:00,Guwahati-Gauge-1,3,1.162,1.144,1.157821429398185,1.154,1.1541100285121597,1.147,1.1454678489902617
2024-03-22 14:00:00,Guwahati-Gauge-1,3,1.144,1.17,1.1467579336265923,1.138,1.138612421453116,1.143,1.128823017422218
2024-03-22 15:00:00,Guwahati-Gauge-1,3,1.17,1.154,1.1643097257290398,1.174,1.1675574761424512,1.159,1.1680051616308267
2024-03-22 16:00:00,Guwahati-Gauge-1,3,1.154,1.138,1.1490886168441194,1.147,1.1453817357230294,1.124,1.1373884506330298
2024-03-22 17:00:00,Guwahati-Gauge-1,3,1.138,1.174,1.1465872738020524,1.143,1.1314286447045638,1.128,1.1236551541502382
2024-03-22 18:00:00,Guwahati-Gauge-1,3,1.174,1.147,1.1626806096495537,1.159,1.1730762000731318,1.095,1.1917442509203924
2024-03-22 19:00:00,Guwahati-Gauge-1,3,1.147,1.143,1.1463903377705784,1.124,1.1360629857084028,1.095,1.1277390622026446
2024-03-22 20:00:00,Guwahati-Gauge-1,3,1.143,1.159,1.1445765499496963,1.128,1.1358323282402152,1.137,1.1353653013990226
2024-03-22 21:00:00,Guwahati-Gauge-1,3,1.159,1.124,1.1551297999849415,1.095,1.1547694244258697,1.098,1.1721171430976354
2024-03-22 22:00:00,Guwahati-Gauge-1,3,1.124,1.128,1.1208844349753915,1.095,1.1173103491562486,1.105,1.1280551542958948
2024-03-22 23:00:00,Guwahati-Gauge-1,3,1.128,1.095,1.1216635563381294,1.137,1.1164669216571128,1.104,1.1246397760181892
2024-03-23 00:00:00,Guwahati-Gauge-1,3,1.095,1.095,1.0958247019362575,1.098,1.091413278566119,1.091,1.0856354417618272
2024-03-23 01:00:00,Guwahati-Gauge-1,3,1.095,1.137,1.100746516212528,1.105,1.0933280764299755,1.068,1.0855331255580187
2024-03-23 02:00:00,Guwahati-Gauge-1,3,1.137,1.098,1.1281221253010938,1.104,1.1220520675365473,1.096,1.1253703834626747
2024-03-23 03:00:00,Guwahati-Gauge-1,3,1.098,1.105,1.097884524765781,1.091,1.100123587067132,1.097,1.0959407211357075
2024-03-23 04:00:00,Guwahati-Gauge-1,3,1.105,1.104,1.1055347013860923,1.068,1.1022227453601374,1.057,1.1066529256732796
2024-03-23 05:00:00,Guwahati-Gauge-1,3,1.104,1.091,1.1011101160450094,1.096,1.1022738183748482,1.036,1.108161290919001
2024-03-23 06:00:00,Guwahati-Gauge-1,3,1.091,1.068,1.0807242657972786,1.097,1.0863433092127521,1.024,1.0619132915584553
2024-03-23 07:00:00,Guwahati-Gauge-1,3,1.068,1.096,1.083141631222549,1.057,1.0595942066200001,0.992,1.0566096320905476
2024-03-23 08:00:00,Guwahati-Gauge-1,3,1.096,1.097,1.093012712350242,1.036,1.0804526575007174,0.994,1.0627352439428581
2024-03-23 09:00:00,Guwahati-Gauge-1,3,1.097,1.057,1.0902751138279103,1.024,1.0759600869853605,0.999,1.0633535050758733
2024-03-23 10:00:00,Guwahati-Gauge-1,3,1.057,1.036,1.0528217317537283,0.992,1.0420772916160272,1.004,1.0523556670974101
2024-03-23 11:00:00,Guwahati-Gauge-1,3,1.036,1.024,1.0331670994255464,0.994,1.0349568849602258,1.044,1.049147256231574
2024-03-23 12:00:00,Guwahati-Gauge-1,3,1.024,0.992,1.021262387499567,0.999,1.0318548639954401,1.025,1.046532995515976
2024-03-23 13:00:00,Guwahati-Gauge-1,3,0.992,0.994,0.9976032249125951,1.004,1.0239937327557862,1.015,1.0498569160297704
2024-03-23 14:00:00,Guwahati-Gauge-1,3,0.994,0.999,1.0104013093833055,1.044,1.0599622391528294,1.005,1.0960579988152994
2024-03-23 15:00:00,Guwahati-Gauge-1,3,0.999,1.004,1.0122746136713237,1.025,1.0559545751680057,1.023,1.0936128126271962
2024-03-23 16:00:00,Guwahati-Gauge-1,3,1.004,1.044,1.0090434248405935,1.015,1.0130970560895192,1.038,1.0412051435780352
2024-03-23 17:00:00,Guwahati-Gauge-1,3,1.044,1.025,1.0287132723530354,1.005,1.0366863635116335,1.014,1.0414254267362302
2024-03-23 18:00:00,Guwahati-Gauge-1,3,1.025,1.015,1.025959974511004,1.023,1.024152250747287,1.043,1.0351358311868055
2024-03-23 19:00:00,Guwahati-Gauge-1,3,1.015,1.005,1.0153988678242176,1.038,1.016864831219487,1.023,1.0322948596188029
2024-03-23 20:00:00,Guwahati-Gauge-1,3,1.005,1.023,1.0063655976619494,1.014,1.0230127703843432,1.04,1.03887957164551
2024-03-23 21:00:00,Guwahati-Gauge-1,3,1.023,1.038,1.025707429695518,1.043,1.0242364423028005,1.055,1.0391272053869287
2024-03-23 22:00:00,Guwahati-Gauge-1,3,1.038,1.014,1.0284258980261225,1.023,1.03278111869365,1.061,1.0420626106117796
2024-03-23 23:00:00,Guwahati-Gauge-1,3,1.014,1.043,1.0179424020577652,1.04,1.0163440964425328,1.052,1.0372988624051418
2024-03-24 00:00:00,Guwahati-Gauge-1,3,1.043,1.023,1.0291622311619468,1.055,1.0363257460665307,1.045,1.042618722289625
2024-03-24 01:00:00,Guwahati-Gauge-1,3,1.023,1.04,1.0286704540464264,1.061,1.032613103707104,1.053,1.048822660549011
2024-03-24 02:00:00,Guwahati-Gauge-1,3,1.04,1.055,1.0303308822684005,1.052,1.0381839578030925,1.107,1.0551608455896526
2024-03-24 03:00:00,Guwahati-Gauge-1,3,1.055,1.061,1.0568553078391085,1.045,1.0596885772645532,1.163,1.1318771966366945
2024-03-24 04:00:00,Guwahati-Gauge-1,3,1.061,1.052,1.0543504506581305,1.053,1.0593365382648556,1.218,1.1151674579868633
2024-03-24 05:00:00,Guwahati-Gauge-1,3,1.052,1.045,1.0544336557667382,1.107,1.0611501920406605,1.263,1.1325063944172342
2024-03-24 06:00:00,Guwahati-Gauge-1,3,1.045,1.053,1.044747623266955,1.163,1.0600013393933145,1.328,1.1205303988061386
2024-03-24 07:00:00,Guwahati-Gauge-1,3,1.053,1.107,1.0563900922182516,1.218,1.0624327872888935,1.351,1.1209535798080845
2024-03-24 08:00:00,Guwahati-Gauge-1,3,1.107,1.163,1.1530712378583843,1.263,1.2509747862676543,1.344,1.302701490862383
2024-03-24 09:00:00,Guwahati-Gauge-1,3,1.163,1.218,1.215970901345924,1.328,1.320395439480182,1.324,1.3123038313166735
2024-03-24 10:00:00,Guwahati-Gauge-1,3,1.218,1.263,1.2547883235507022,1.351,1.3526090320389028,1.365,1.3551592091820217
2024-03-24 11:00:00,Guwahati-Gauge-1,3,1.263,1.328,1.310928840224727,1.344,1.286072647936236,1.371,1.27134946768262
2024-03-24 12:00:00,Guwahati-Gauge-1,3,1.328,1.351,1.3621463482215792,1.324,1.3547527278045481,1.381,1.3876471962376038
2024-03-24 13:00:00,Guwahati-Gauge-1,3,1.351,1.344,1.3697937518613752,1.365,1.3852123159828218,1.38,1.4021819787815892
2024-03-24 14:00:00,Guwahati-Gauge-1,3,1.344,1.324,1.3308879776037241,1.371,1.3508748860769393,1.369,1.3874682523640611
2024-03-24 15:00:00,Guwahati-Gauge-1,3,1.324,1.365,1.3241788246615669,1.381,1.3412088581918125,1.413,1.3846492201999085
2024-03-24 16:00:00,Guwahati-Gauge-1,3,1.365,1.371,1.3595084080886466,1.38,1.3557148953545446,1.425,1.382386936456412
2024-03-24 17:00:00,Guwahati-Gauge-1,3,1.371,1.381,1.3732197615303885,1.369,1.3639448045614084,1.407,1.3745975657084213
2024-03-24 18:00:00,Guwahati-Gauge-1,3,1.381,1.38,1.375367696495798,1.413,1.3679857243901734,1.39,1.3777404368706374
2024-03-24 19:00:00,Guwahati-Gauge-1,3,1.38,1.369,1.3752525323858358,1.425,1.3687772132556488,1.384,1.3674367976226818
2024-03-24 20:00:00,Guwahati-Gauge-1,3,1.369,1.413,1.3643215275356961,1.407,1.3474650489920992,1.362,1.308694199057935
2024-03-24 21:00:00,Guwahati-Gauge-1,3,1.413,1.425,1.4095483128077746,1.39,1.3962908155331455,1.345,1.3733492391782398
2024-03-24 22:00:00,Guwahati-Gauge-1,3,1.425,1.407,1.4126317145962166,1.384,1.404829495277277,1.304,1.3918719096062173
2024-03-24 23:00:00,Guwahati-Gauge-1,3,1.407,1.39,1.4002442755321982,1.362,1.3727707393215363,1.247,1.3152394152441902
2024-03-25 00:00:00,Guwahati-Gauge-1,3,1.39,1.384,1.3784366167843167,1.345,1.3614279119482808,1.283,1.31581628617171
2024-03-25 01:00:00,Guwahati-Gauge-1,3,1.384,1.362,1.3757563684294831,1.304,1.3605301955298619,1.267,1.3124211085681237
2024-03-25 02:00:00,Guwahati-Gauge-1,3,1.362,1.345,1.3519354932746723,1.247,1.3162489215794673,1.256,1.3014430648514304
2024-03-25 03:00:00,Guwahati-Gauge-1,3,1.345,1.304,1.328823170012129,1.283,1.3016857635762953,1.252,1.2731461150020678
2024-03-25 04:00:00,Guwahati-Gauge-1,3,1.304,1.247,1.284766871859475,1.267,1.2686549913156422,1.262,1.2624313977050545
2024-03-25 05:00:00,Guwahati-Gauge-1,3,1.247,1.283,1.2444125360335898,1.256,1.222367601660717,1.273,1.2112256901289915
2024-03-25 06:00:00,Guwahati-Gauge-1,3,1.283,1.267,1.2724181491853603,1.252,1.2742983439893893,1.286,1.2748631575726257
2024-03-25 07:00:00,Guwahati-Gauge-1,3,1.267,1.256,1.2623844630817236,1.262,1.2652460314934375,1.29,1.2695621636202326
2024-03-25 08:00:00,Guwahati-Gauge-1,3,1.256,1.252,1.25841335967164,1.273,1.2653121920196317,1.277,1.2675214180023906
2024-03-25 09:00:00,Guwahati-Gauge-1,3,1.252,1.262,1.2540947952970074,1.286,1.2503575772091822,1.294,1.2458887782030739
2024-03-25 10:00:00,Guwahati-Gauge-1,3,1.262,1.273,1.2637725835761975,1.29,1.261625964264367,1.283,1.251299654590619
2024-03-25 11:00:00,Guwahati-Gauge-1,3,1.273,1.286,1.268749205831778,1.277,1.2631722072948228,1.296,1.2564031303721552
2024-03-25 12:00:00,Guwahati-Gauge-1,3,1.286,1.29,1.2786792365477309,1.294,1.276387888200408,1.26,1.2802753235070408
2024-03-25 13:00:00,Guwahati-Gauge-1,3,1.29,1.277,1.278915008801482,1.283,1.2734847156460478,1.344,1.2859539934429949
2024-03-25 14:00:00,Guwahati-Gauge-1,3,1.277,1.294,1.2723233644604295,1.296,1.2577950160883096,1.381,1.2656674270798132
2024-03-25 15:00:00,Guwahati-Gauge-1,3,1.294,1.283,1.2819857532223233,1.26,1.278499118657426,1.406,1.2927530965451441
2024-03-25 16:00:00,Guwahati-Gauge-1,3,1.283,1.296,1.2761467530069373,1.344,1.2887196313654186,1.432,1.2898065143560664
2024-03-25 17:00:00,Guwahati-Gauge-1,3,1.296,1.26,1.2879793895001084,1.381,1.3040619148562995,1.489,1.3066724541871293
2024-03-25 18:00:00,Guwahati-Gauge-1,3,1.26,1.344,1.279525003919166,1.406,1.3022387875282881,1.583,1.3176929676679865
2024-03-25 19:00:00,Guwahati-Gauge-1,3,1.344,1.381,1.3898496917284782,1.432,1.467925683319375,1.569,1.552561255944491
2024-03-25 20:00:00,Guwahati-Gauge-1,3,1.381,1.406,1.4253510811235097,1.489,1.5280501477642439,1.556,1.5452569971082843
2024-03-25 21:00:00,Guwahati-Gauge-1,3,1.406,1.432,1.4508794759494021,1.583,1.5634838899104706,1.562,1.5493074599542622
2024-03-25 22:00:00,Guwahati-Gauge-1,3,1.432,1.489,1.4713321816753786,1.569,1.464201433423875,1.54,1.4198969218210522
2024-03-25 23:00:00,Guwahati-Gauge-1,3,1.489,1.583,1.547052856506238,1.556,1.5227148819336158,1.526,1.4790555472072564
2024-03-26 00:00:00,Guwahati-Gauge-1,3,1.583,1.569,1.5914296835063035,1.562,1.5802654066578383,1.507,1.5656075346828682
2024-03-26 01:00:00,Guwahati-Gauge-1,3,1.569,1.556,1.5574345739664186,1.54,1.5444455211669292,1.536,1.5382364307429055
2024-03-26 02:00:00,Guwahati-Gauge-1,3,1.556,1.562,1.5525432460782733,1.526,1.5357182116545511,1.525,1.5351847918257386
2024-03-26 03:00:00,Guwahati-Gauge-1,3,1.562,1.54,1.5535018502330828,1.507,1.5283217268564393,1.528,1.5089391974348247
2024-03-26 04:00:00,Guwahati-Gauge-1,3,1.54,1.526,1.5281949033921747,1.536,1.5145836102755865,1.502,1.5074840347426404
2024-03-26 05:00:00,Guwahati-Gauge-1,3,1.526,1.507,1.5119508725607285,1.525,1.5056606905148648,1.468,1.509138771802593
2024-03-26 06:00:00,Guwahati-Gauge-1,3,1.507,1.536,1.5047732950068853,1.528,1.497619241706783,1.47,1.4938602230465439
2024-03-26 07:00:00,Guwahati-Gauge-1,3,1.536,1.525,1.5283420832032126,1.502,1.5138788843500364,1.465,1.5083195844265613
2024-03-26 08:00:00,Guwahati-Gauge-1,3,1.525,1.528,1.512339939771134,1.468,1.4965560779277352,1.475,1.4903519641920868
2024-03-26 09:00:00,Guwahati-Gauge-1,3,1.528,1.502,1.5130170220833807,1.47,1.4992236812878152,1.446,1.4924486672301307
2024-03-26 10:00:00,Guwahati-Gauge-1,3,1.502,1.468,1.4922052779566082,1.465,1.4928055496960964,1.434,1.4909520662405369
2024-03-26 11:00:00,Guwahati-Gauge-1,3,1.468,1.47,1.4685878655710118,1.475,1.4717460017026167,1.398,1.434819444859573
2024-03-26 12:00:00,Guwahati-Gauge-1,3,1.47,1.465,1.4684902366735095,1.446,1.4557536292139057,1.379,1.4096806505717008
2024-03-26 13:00:00,Guwahati-Gauge-1,3,1.465,1.475,1.4674623177017874,1.434,1.4508620506848557,1.341,1.3957902828883075
2024-03-26 14:00:00,Guwahati-Gauge-1,3,1.475,1.446,1.4599835732606516,1.398,1.4399061898255414,1.329,1.3953536731893623
2024-03-26 15:00:00,Guwahati-Gauge-1,3,1.446,1.434,1.4377260901342828,1.379,1.4009460128452844,1.349,1.3759723972509748
2024-03-26 16:00:00,Guwahati-Gauge-1,3,1.434,1.398,1.4226347719788153,1.341,1.3898293579592045,1.331,1.3724282928102476
2024-03-26 17:00:00,Guwahati-Gauge-1,3,1.398,1.379,1.3872849435827639,1.329,1.365733333119412,1.312,1.3304286577957096
2024-03-26 18:00:00,Guwahati-Gauge-1,3,1.379,1.341,1.3622864928612988,1.349,1.355063624477848,1.308,1.3194390717029518
2024-03-26 19:00:00,Guwahati-Gauge-1,3,1.341,1.329,1.3324456457184168,1.331,1.3133979353178946,1.304,1.2850252657766636
2024-03-26 20:00:00,Guwahati-Gauge-1,3,1.329,1.349,1.332398892322062,1.312,1.3074280692597287,1.317,1.2873208323452867
2024-03-26 21:00:00,Guwahati-Gauge-1,3,1.349,1.331,1.3378062010394565,1.308,1.3127196425945453,1.289,1.2945410699415545
2024-03-26 22:00:00,Guwahati-Gauge-1,3,1.331,1.312,1.3283106939867937,1.304,1.3111377124210584,1.232,1.2860309317106604
2024-03-26 23:00:00,Guwahati-Gauge-1,3,1.312,1.308,1.312665701479833,1.317,1.3017078686109764,1.228,1.2711221077549986
2024-03-27 00:00:00,Guwahati-Gauge-1,3,1.308,1.304,1.2985533403493181,1.289,1.297788602960607,1.257,1.2705675256788465
2024-03-27 01:00:00,Guwahati-Gauge-1,3,1.304,1.317,1.2991453626144096,1.232,1.2815909463287203,1.247,1.2721345847841288
2024-03-27 02:00:00,Guwahati-Gauge-1,3,1.317,1.289,1.3048066421238398,1.228,1.2842661706697023,1.249,1.2743766079268193
2024-03-27 03:00:00,Guwahati-Gauge-1,3,1.289,1.232,1.2723997757196994,1.257,1.2724290451516174,1.241,1.2594226196461316
2024-03-27 04:00:00,Guwahati-Gauge-1,3,1.232,1.228,1.2240956115811679,1.247,1.2178534239278604,1.25,1.2139377986582716
2024-03-27 05:00:00,Guwahati-Gauge-1,3,1.228,1.257,1.2279847956268304,1.249,1.2173835962019883,1.238,1.2101912246607385
2024-03-27 06:00:00,Guwahati-Gauge-1,3,1.257,1.247,1.2482064715262722,1.241,1.2347387702297614,1.23,1.2181062414001222
2024-03-27 07:00:00,Guwahati-Gauge-1,3,1.247,1.249,1.2405665605695195,1.25,1.2249799454908896,1.257,1.2193115773979295
2024-03-27 08:00:00,Guwahati-Gauge-1,3,1.249,1.241,1.2419621676450876,1.238,1.2279352363773945,1.273,1.2204459822796727
2024-03-27 09:00:00,Guwahati-Gauge-1,3,1.241,1.25,1.2401693023865843,1.23,1.2224175837428024,1.252,1.215750046555001
2024-03-27 10:00:00,Guwahati-Gauge-1,3,1.25,1.238,1.2386241186413165,1.257,1.2271947608475022,1.232,1.2019577204527727
2024-03-27 11:00:00,Guwahati-Gauge-1,3,1.238,1.23,1.2279231656546092,1.273,1.2184794798574474,1.214,1.201479408226907
2024-03-27 12:00:00,Guwahati-Gauge-1,3,1.23,1.257,1.2257218067703197,1.252,1.215483412751691,1.186,1.1996687611096897
2024-03-27 13:00:00,Guwahati-Gauge-1,3,1.257,1.273,1.2586671689593418,1.232,1.2367623384143327,1.169,1.2025444157782128
2024-03-27 14:00:00,Guwahati-Gauge-1,3,1.273,1.252,1.266228797145239,1.214,1.2434309620846784,1.162,1.2150191762821565
2024-03-27 15:00:00,Guwahati-Gauge-1,3,1.252,1.232,1.2499456298197664,1.186,1.2276847685276786,1.142,1.2037149090047967
2024-03-27 16:00:00,Guwahati-Gauge-1,3,1.232,1.214,1.218739453717717,1.169,1.2145196648454737,1.148,1.2018725316829166
2024-03-27 17:00:00,Guwahati-Gauge-1,3,1.214,1.186,1.2033189736358125,1.162,1.1971349537659484,1.11,1.1833570962622086
2024-03-27 18:00:00,Guwahati-Gauge-1,3,1.186,1.169,1.1840822399246966,1.142,1.1751609520224457,1.084,1.1800997245722011
2024-03-27 19:00:00,Guwahati-Gauge-1,3,1.169,1.162,1.1602211456017506,1.148,1.1611560793555995,1.095,1.1627408658923093
2024-03-27 20:00:00,Guwahati-Gauge-1,3,1.162,1.142,1.150823969825496,1.11,1.1433269758418063,1.133,1.1441371055561704
2024-03-27 21:00:00,Guwahati-Gauge-1,3,1.142,1.148,1.1393376761913472,1.084,1.1200077610461572,1.137,1.1308433239751694
2024-03-27 22:00:00,Guwahati-Gauge-1,3,1.148,1.11,1.1360076100394927,1.095,1.124934160134812,1.119,1.1251386913919186
2024-03-27 23:00:00,Guwahati-Gauge-1,3,1.11,1.084,1.1002456424020735,1.133,1.106909647690361,1.096,1.1127828417102128
2024-03-28 00:00:00,Guwahati-Gauge-1,3,1.084,1.095,1.0816212168748143,1.137,1.087437322343324,1.087,1.0873236964280735
2024-03-28 01:00:00,Guwahati-Gauge-1,3,1.095,1.133,1.1001983753948779,1.119,1.0921831721492388,1.111,1.089800580761901
2024-03-28 02:00:00,Guwahati-Gauge-1,3,1.133,1.137,1.1257614550084727,1.096,1.120123204614568,1.118,1.1247623522214434
2024-03-28 03:00:00,Guwahati-Gauge-1,3,1.137,1.119,1.1311447285233789,1.087,1.1201571566398856,1.09,1.122258718847305
2024-03-28 04:00:00,Guwahati-Gauge-1,3,1.119,1.096,1.11382362433831,1.111,1.1102549992296011,1.095,1.1076487116795382
2024-03-28 05:00:00,Guwahati-Gauge-1,3,1.096,1.087,1.0883384746802232,1.118,1.0869995939791683,1.12,1.0840901083237662
2024-01-01 00:00:00,Sonapur-Gauge-1,4,0.9,0.922,0.900277435752114,0.893,0.8906732439008852,0.896,0.9102699886413503
2024-01-01 01:00:00,Sonapur-Gauge-1,4,0.922,0.901,0.9161974779121257,0.872,0.9067550889586588,0.9,0.9299755529100094
2024-01-01 02:00:00,Sonapur-Gauge-1,4,0.901,0.893,0.899407375882711,0.868,0.8902308373532303,0.866,0.9126993266137753
2024-01-01 03:00:00,Sonapur-Gauge-1,4,0.893,0.872,0.8941221846609795,0.896,0.8897167560945457,0.859,0.9156187017342462
2024-01-01 04:00:00,Sonapur-Gauge-1,4,0.872,0.868,0.8703839731738743,0.9,0.8864230615345675,0.866,0.9095321896221429
2024-01-01 05:00:00,Sonapur-Gauge-1,4,0.868,0.896,0.8796265800253004,0.866,0.8887690705993071,0.91,0.9160140424031098
2024-01-01 06:00:00,Sonapur-Gauge-1,4,0.896,0.9,0.8987311121229129,0.859,0.8898946003663161,0.942,0.9293323486721936
2024-01-01 07:00:00,Sonapur-Gauge-1,4,0.9,0.866,0.8997987466682136,0.866,0.8934470731278888,0.999,0.936632543215525
2024-01-01 08:00:00,Sonapur-Gauge-1,4,0.866,0.859,0.8558827671685949,0.91,0.8867302006283869,1.05,0.9418019266761867
2024-01-01 09:00:00,Sonapur-Gauge-1,4,0.859,0.866,0.8554669707851615,0.942,0.8807370200471092,1.084,0.9341682664130172
2024-01-01 10:00:00,Sonapur-Gauge-1,4,0.866,0.91,0.8765964154721243,0.999,0.9153504227695284,1.125,0.9838289713318785
2024-01-01 11:00:00,Sonapur-Gauge-1,4,0.91,0.942,0.9321915997133841,1.05,1.0201876785216704,1.123,1.0763272098109438
2024-01-01 12:00:00,Sonapur-Gauge-1,4,0.942,0.999,0.9897369654018369,1.084,1.0821229848575986,1.125,1.1218532302227138
2024-01-01 13:00:00,Sonapur-Gauge-1,4,0.999,1.05,1.036109795695046,1.125,1.1187761252160147,1.124,1.1389321511865467
2024-01-01 14:00:00,Sonapur-Gauge-1,4,1.05,1.084,1.0829353867714913,1.123,1.0961509799599478,1.139,1.0868483927438102
2024-01-01 15:00:00,Sonapur-Gauge-1,4,1.084,1.125,1.1140624586819086,1.125,1.1145867916418304,1.143,1.1030011630280603
2024-01-01 16:00:00,Sonapur-Gauge-1,4,1.125,1.123,1.1347488993824129,1.124,1.1347074208368566,1.137,1.1322553877043906
2024-01-01 17:00:00,Sonapur-Gauge-1,4,1.123,1.125,1.129592803483884,1.139,1.1280341175982171,1.123,1.1166568533477614
2024-01-01 18:00:00,Sonapur-Gauge-1,4,1.125,1.124,1.1294989823891395,1.143,1.128612915969385,1.131,1.1195297230837027
2024-01-01 19:00:00,Sonapur-Gauge-1,4,1.124,1.139,1.1307454077416386,1.137,1.1287834725894221,1.132,1.1210299772105585
2024-01-01 20:00:00,Sonapur-Gauge-1,4,1.139,1.143,1.1363949693952444,1.123,1.1333849670112173,1.124,1.128227918110479
2024-01-01 21:00:00,Sonapur-Gauge-1,4,1.143,1.137,1.1369970634273634,1.131,1.1370683220700386,1.112,1.1323496235758814
2024-01-01 22:00:00,Sonapur-Gauge-1,4,1.137,1.123,1.1380438792282808,1.132,1.1345698883040918,1.108,1.1285464225285031
2024-01-01 23:00:00,Sonapur-Gauge-1,4,1.123,1.131,1.1279056982979199,1.124,1.1222286494267337,1.089,1.1174872689253499
2024-01-02 00:00:00,Sonapur-Gauge-1,4,1.131,1.132,1.1295875801825235,1.112,1.1270428066696558,1.055,1.122002510009922
2024-01-02 01:00:00,Sonapur-Gauge-1,4,1.132,1.124,1.1296004917202014,1.108,1.1249784795360576,1.082,1.1205470947000864
2024-01-02 02:00:00,Sonapur-Gauge-1,4,1.124,1.112,1.125887131237215,1.089,1.1188030094994401,1.109,1.1176380337255096
2024-01-02 03:00:00,Sonapur-Gauge-1,4,1.112,1.108,1.111265228073676,1.055,1.1072715090120449,1.106,1.1182663345802486
2024-01-02 04:00:00,Sonapur-Gauge-1,4,1.108,1.089,1.104189348748076,1.082,1.1038642294509609,1.111,1.1222551079463527
2024-01-02 05:00:00,Sonapur-Gauge-1,4,1.089,1.055,1.0772967782811158,1.109,1.0828338260826422,1.101,1.0726634160237767
2024-01-02 06:00:00,Sonapur-Gauge-1,4,1.055,1.082,1.0608249711827638,1.106,1.0437963629174272,1.106,1.0600205187287959
2024-01-02 07:00:00,Sonapur-Gauge-1,4,1.082,1.109,1.0830046380178493,1.111,1.077285618556426,1.103,1.071252620068777
2024-01-02 08:00:00,Sonapur-Gauge-1,4,1.109,1.106,1.1042970046985612,1.101,1.1024412525747436,1.101,1.1174533631578312
2024-01-02 09:00:00,Sonapur-Gauge-1,4,1.106,1.111,1.1018624217792583,1.106,1.1020964246904117,1.076,1.113983204067688
2024-01-02 10:00:00,Sonapur-Gauge-1,4,1.111,1.101,1.1069942353971627,1.103,1.1084474960410018,1.107,1.1176961208599168
2024-01-02 11:00:00,Sonapur-Gauge-1,4,1.101,1.106,1.0982608208498672,1.101,1.0956554173962227,1.079,1.0795148221301687
2024-01-02 12:00:00,Sonapur-Gauge-1,4,1.106,1.103,1.1026472497375872,1.076,1.0939661801961986,1.091,1.087045220072541
2024-01-02 13:00:00,Sonapur-Gauge-1,4,1.103,1.101,1.0977647958114394,1.107,1.0936054291761854,1.075,1.088795488750345
2024-01-02 14:00:00,Sonapur-Gauge-1,4,1.101,1.076,1.0939519009463925,1.079,1.0909985856967608,1.035,1.091237605527586
2024-01-02 15:00:00,Sonapur-Gauge-1,4,1.076,1.107,1.0777810880771892,1.091,1.063059961420718,1.056,1.0951504371986909
2024-01-02 16:00:00,Sonapur-Gauge-1,4,1.107,1.079,1.0943768296483127,1.075,1.0910550112822117,1.06,1.0948802352581555
2024-01-02 17:00:00,Sonapur-Gauge-1,4,1.079,1.091,1.0784322308202259,1.035,1.062694087288097,1.033,1.0936267263067003
2024-01-02 18:00:00,Sonapur-Gauge-1,4,1.091,1.075,1.0858544209545686,1.056,1.0835537029636528,1.047,1.0902193489655894
2024-01-02 19:00:00,Sonapur-Gauge-1,4,1.075,1.035,1.0649878826097063,1.06,1.0755780753687607,1.036,1.078537811051428
2024-01-02 20:00:00,Sonapur-Gauge-1,4,1.035,1.056,1.0380911136579674,1.033,1.0447590094919472,1.069,1.0549250983813443
2024-01-02 21:00:00,Sonapur-Gauge-1,4,1.056,1.06,1.0608173855736913,1.047,1.068110083999209,1.037,1.065159570480075
2024-01-02 22:00:00,Sonapur-Gauge-1,4,1.06,1.033,1.0566758911899203,1.036,1.0591592546839705,1.021,1.0591156009106766
2024-01-02 23:00:00,Sonapur-Gauge-1,4,1.033,1.047,1.0348074649049446,1.069,1.0390452590952537,1.034,1.0381224811752872
2024-01-03 00:00:00,Sonapur-Gauge-1,4,1.047,1.036,1.0372953325981296,1.037,1.0461636444106517,1.022,1.0506440199370466
2024-01-03 01:00:00,Sonapur-Gauge-1,4,1.036,1.069,1.036996998745877,1.021,1.0404250593114397,1.003,1.0452306207841
2024-01-03 02:00:00,Sonapur-Gauge-1,4,1.069,1.037,1.0597515080086843,1.034,1.0516324564865587,1.005,1.0536696743280551
2024-01-03 03:00:00,Sonapur-Gauge-1,4,1.037,1.021,1.034574008886086,1.022,1.0397100951081155,1.026,1.0422331416290669
2024-01-03 04:00:00,Sonapur-Gauge-1,4,1.021,1.034,1.021554780147974,1.003,1.0239213873409077,1.024,1.0292183286772172
2024-01-03 05:00:00,Sonapur-Gauge-1,4,1.034,1.022,1.0278079659384864,1.005,1.0369538658182627,1.018,1.042632452688879
2024-01-03 06:00:00,Sonapur-Gauge-1,4,1.022,1.003,1.0210874503278304,1.026,1.0253482627063752,1.002,1.0320880089245636
2024-01-03 07:00:00,Sonapur-Gauge-1,4,1.003,1.005,0.9961828609241296,1.024,0.9999911485075759,0.993,0.9921234254164804
2024-01-03 08:00:00,Sonapur-Gauge-1,4,1.005,1.026,1.0119019421396505,1.018,1.0022249221706512,0.97,0.993990389264942
2024-01-03 09:00:00,Sonapur-Gauge-1,4,1.026,1.024,1.0258605567111254,1.002,1.0242115968842502,0.993,1.0244128792561196
2024-01-03 10:00:00,Sonapur-Gauge-1,4,1.024,1.018,1.021949960080139,0.993,1.014759541004287,1.005,1.0238923504499573
2024-01-03 11:00:00,Sonapur-Gauge-1,4,1.018,1.002,1.0186520326803374,0.97,1.0062639333744379,0.977,1.0184123463575
2024-01-03 12:00:00,Sonapur-Gauge-1,4,1.002,0.993,0.9943046906166202,0.993,0.997477042978608,0.964,0.9774208543841668
2024-01-03 13:00:00,Sonapur-Gauge-1,4,0.993,0.97,0.9924201113684389,1.005,0.9918743108246236,0.977,0.9766541613515243
2024-01-03 14:00:00,Sonapur-Gauge-1,4,0.97,0.993,0.9727640211199021,0.977,0.9711188451758457,0.989,0.9659370167834425
2024-01-03 15:00:00,Sonapur-Gauge-1,4,0.993,1.005,0.9953725403069363,0.964,0.9801563325913133,0.985,0.9792029820715936
2024-01-03 16:00:00,Sonapur-Gauge-1,4,1.005,0.977,0.9983630700863125,0.977,0.9845832696172659,0.978,0.9804356518256665
2024-01-03 17:00:00,Sonapur-Gauge-1,4,0.977,0.964,0.9704561718809636,0.989,0.9724938610781209,0.976,0.9785717916030744
2024-01-03 18:00:00,Sonapur-Gauge-1,4,0.964,0.977,0.9682902888545277,0.985,0.9635720442366343,0.965,0.9667834035983366
2024-01-03 19:00:00,Sonapur-Gauge-1,4,0.977,0.989,0.974446548222716,0.978,0.9686411552336703,0.985,0.9704132770915315
2024-01-03 20:00:00,Sonapur-Gauge-1,4,0.989,0.985,0.9917473656592388,0.976,0.9702753641917722,0.997,0.9704158440727717
2024-01-03 21:00:00,Sonapur-Gauge-1,4,0.985,0.978,0.9776621135019606,0.965,0.9704769035028632,1.001,0.9710117460161497
2024-01-03 22:00:00,Sonapur-Gauge-1,4,0.978,0.976,0.9732871744953012,0.985,0.97014382234056,0.977,0.9703130595772094
2024-01-03 23:00:00,Sonapur-Gauge-1,4,0.976,0.965,0.9699882778758183,0.997,0.9696951331506397,0.963,0.9694392437902811
2024-01-04 00:00:00,Sonapur-Gauge-1,4,0.965,0.985,0.9693573278000158,1.001,0.9639786545246848,0.949,0.9696566808131376
2024-01-04 01:00:00,Sonapur-Gauge-1,4,0.985,0.997,0.9772740178295873,0.977,0.9676629306237851,0.941,0.9687768671227107
2024-01-04 02:00:00,Sonapur-Gauge-1,4,0.997,1.001,0.9961407104975691,0.963,0.9702253533755053,0.943,0.9756887217149294
2024-01-04 03:00:00,Sonapur-Gauge-1,4,1.001,0.977,0.9896080803022205,0.949,0.9720793696876545,0.974,0.9809490654538003
2024-01-04 04:00:00,Sonapur-Gauge-1,4,0.977,0.963,0.9701751809723176,0.941,0.9684086999819426,0.976,0.969763489125813
2024-01-04 05:00:00,Sonapur-Gauge-1,4,0.963,0.949,0.9667346587011428,0.943,0.9619838999895797,0.947,0.970165478825792
2024-01-04 06:00:00,Sonapur-Gauge-1,4,0.949,0.941,0.9479269313400411,0.974,0.958568436710601,0.98,0.9737716489018324
2024-01-04 07:00:00,Sonapur-Gauge-1,4,0.941,0.943,0.9408164665294563,0.976,0.9389854975938706,0.971,0.9457252951834917
2024-01-04 08:00:00,Sonapur-Gauge-1,4,0.943,0.974,0.9493464409209379,0.947,0.948551139408175,0.998,0.9634624275833265
2024-01-04 09:00:00,Sonapur-Gauge-1,4,0.974,0.976,0.9629344491069816,0.98,0.9579889078240653,1.007,0.981806245856401
2024-01-04 10:00:00,Sonapur-Gauge-1,4,0.976,0.947,0.9633050015854299,0.971,0.9616712489506549,1.036,0.9864187756741121
2024-01-04 11:00:00,Sonapur-Gauge-1,4,0.947,0.98,0.954479525906146,0.998,0.964121896347193,1.063,0.985062554712211
2024-01-04 12:00:00,Sonapur-Gauge-1,4,0.98,0.971,0.9891656693077359,1.007,1.0239330085157916,1.062,1.050324339085082
2024-01-04 13:00:00,Sonapur-Gauge-1,4,0.971,0.998,0.9850555008742193,1.036,1.0230625370954471,1.036,1.026349075753343
2024-01-04 14:00:00,Sonapur-Gauge-1,4,0.998,1.007,1.0136641492022045,1.063,1.0627004259681405,1.02,1.0696222914595792
2024-01-04 15:00:00,Sonapur-Gauge-1,4,1.007,1.036,1.0225840176685919,1.062,1.0253871195221198,1.031,0.9916826129280363
2024-01-04 16:00:00,Sonapur-Gauge-1,4,1.036,1.063,1.0557645601481982,1.036,1.0462413109619964,1.035,1.0448391845214244
2024-01-04 17:00:00,Sonapur-Gauge-1,4,1.063,1.062,1.0723281623869445,1.02,1.0555899975740997,1.071,1.0573032676240284
2024-01-04 18:00:00,Sonapur-Gauge-1,4,1.062,1.036,1.049150404915916,1.031,1.0466068664941044,1.073,1.0561166205453654
2024-01-04 19:00:00,Sonapur-Gauge-1,4,1.036,1.02,1.0351105767901547,1.035,1.0421849365578646,1.087,1.048392098012195
2024-01-04 20:00:00,Sonapur-Gauge-1,4,1.02,1.031,1.0254196671568019,1.071,1.0350070700771685,1.078,1.0437934035599195
2024-01-04 21:00:00,Sonapur-Gauge-1,4,1.031,1.035,1.0365983989511278,1.073,1.0487941502365299,1.056,1.0524281258002093
2024-01-04 22:00:00,Sonapur-Gauge-1,4,1.035,1.071,1.0430463085326873,1.087,1.0478433048075484,1.088,1.0453560258356704
2024-01-04 23:00:00,Sonapur-Gauge-1,4,1.071,1.073,1.0679149962921906,1.078,1.0652768463693056,1.083,1.068255787807349
2024-01-05 00:00:00,Sonapur-Gauge-1,4,1.073,1.087,1.0708067898848148,1.056,1.060343003136678,1.063,1.0603920813264034
2024-01-05 01:00:00,Sonapur-Gauge-1,4,1.087,1.078,1.08577742653128,1.088,1.0897797333305224,1.07,1.0709455322087773
2024-01-05 02:00:00,Sonapur-Gauge-1,4,1.078,1.056,1.0703457560335166,1.083,1.0618826732840783,1.11,1.0673441554711942
2024-01-05 03:00:00,Sonapur-Gauge-1,4,1.056,1.088,1.0562165158178105,1.063,1.0409419087516811,1.128,1.0602951925092585
2024-01-05 04:00:00,Sonapur-Gauge-1,4,1.088,1.083,1.089387989152504,1.07,1.1040195665892558,1.115,1.1422710848294373
2024-01-05 05:00:00,Sonapur-Gauge-1,4,1.083,1.063,1.0863161568250879,1.11,1.108078047932067,1.171,1.139343210138415
2024-01-05 06:00:00,Sonapur-Gauge-1,4,1.063,1.07,1.0781021111022004,1.128,1.1253827692544969,1.143,1.1368650771713045
2024-01-05 07:00:00,Sonapur-Gauge-1,4,1.07,1.11,1.102410041464012,1.115,1.1249354774795892,1.131,1.1503485374126325
2024-01-05 08:00:00,Sonapur-Gauge-1,4,1.11,1.128,1.1389368078238986,1.171,1.1749005184718184,1.16,1.1812741144902401
2024-01-05 09:00:00,Sonapur-Gauge-1,4,1.128,1.115,1.1335367042902602,1.143,1.1753133189798954,1.157,1.1792093336594602
2024-01-05 10:00:00,Sonapur-Gauge-1,4,1.115,1.171,1.1411489319692951,1.131,1.1330368497067298,1.202,1.1516020491019985
2024-01-05 11:00:00,Sonapur-Gauge-1,4,1.171,1.143,1.1701576330963366,1.16,1.1832837127580693,1.211,1.196066273361525
2024-01-05 12:00:00,Sonapur-Gauge-1,4,1.143,1.131,1.1465131037513165,1.157,1.1475833358395604,1.182,1.150620963289913
2024-01-05 13:00:00,Sonapur-Gauge-1,4,1.131,1.16,1.1401298590976447,1.202,1.1478857582261852,1.212,1.1544796458741118
2024-01-05 14:00:00,Sonapur-Gauge-1,4,1.16,1.157,1.162635906041165,1.211,1.1762908993676495,1.215,1.1887587643665214
2024-01-05 15:00:00,Sonapur-Gauge-1,4,1.157,1.202,1.1641038073964962,1.182,1.172495589482293,1.225,1.188170210026512
2024-01-05 16:00:00,Sonapur-Gauge-1,4,1.202,1.211,1.2019350829434154,1.212,1.198547278170752,1.218,1.1931763982749315
2024-01-05 17:00:00,Sonapur-Gauge-1,4,1.211,1.182,1.2046584845567623,1.215,1.1958868298692635,1.219,1.1869155455864242
2024-01-05 18:00:00,Sonapur-Gauge-1,4,1.182,1.212,1.1816841996893797,1.225,1.1874033601737508,1.247,1.1856168614818103
2024-01-05 19:00:00,Sonapur-Gauge-1,4,1.212,1.215,1.2198505842243914,1.218,1.2252551865477743,1.221,1.2331049630170805
2024-01-05 20:00:00,Sonapur-Gauge-1,4,1.215,1.225,1.2214071221891452,1.219,1.2308989658672937,1.175,1.2335806896195436
2024-01-05 21:00:00,Sonapur-Gauge-1,4,1.225,1.218,1.2344199673408751,1.247,1.275292883024263,1.178,1.258863612001033
2024-01-05 22:00:00,Sonapur-Gauge-1,4,1.218,1.219,1.2230282694748251,1.221,1.2257636447536469,1.167,1.207513147296203
2024-01-05 23:00:00,Sonapur-Gauge-1,4,1.219,1.247,1.225921312996146,1.175,1.2224803872541419,1.179,1.2083454634615125
2024-01-06 00:00:00,Sonapur-Gauge-1,4,1.247,1.221,1.2421848507424877,1.178,1.2323143645101322,1.16,1.2314073229120406
2024-01-06 01:00:00,Sonapur-Gauge-1,4,1.221,1.175,1.2073607483936197,1.167,1.2095235573744334,1.177,1.1967655920790305
2024-01-06 02:00:00,Sonapur-Gauge-1,4,1.175,1.178,1.1731777121999454,1.179,1.1705016084233606,1.188,1.181921831902482
2024-01-06 03:00:00,Sonapur-Gauge-1,4,1.178,1.167,1.1718561441479172,1.16,1.1661626335407453,1.195,1.1834992149734975
2024-01-06 04:00:00,Sonapur-Gauge-1,4,1.167,1.179,1.165106030644059,1.177,1.16359866134322,1.165,1.1642682572921035
2024-01-06 05:00:00,Sonapur-Gauge-1,4,1.179,1.16,1.1692626964335677,1.188,1.1702216523669549,1.161,1.1763342306567557
2024-01-06 06:00:00,Sonapur-Gauge-1,4,1.16,1.177,1.164844927214355,1.195,1.183963241664127,1.179,1.1845183701115365
2024-01-06 07:00:00,Sonapur-Gauge-1,4,1.177,1.188,1.1753735913472774,1.165,1.1809128782451335,1.167,1.195929654464767
2024-01-06 08:00:00,Sonapur-Gauge-1,4,1.188,1.195,1.190366615244891,1.161,1.184450542802559,1.123,1.1826503953653493
2024-01-06 09:00:00,Sonapur-Gauge-1,4,1.195,1.165,1.193995095127974,1.179,1.1885805991082177,1.109,1.1869266737337902
2024-01-06 10:00:00,Sonapur-Gauge-1,4,1.165,1.161,1.164258603438402,1.167,1.1676741117087426,1.089,1.166183558585042
2024-01-06 11:00:00,Sonapur-Gauge-1,4,1.161,1.179,1.1614412114772643,1.123,1.1565079708230313,1.079,1.1580513563768051
2024-01-06 12:00:00,Sonapur-Gauge-1,4,1.179,1.167,1.1785717241698177,1.109,1.1699671496800939,1.049,1.1755371035596958
2024-01-06 13:00:00,Sonapur-Gauge-1,4,1.167,1.123,1.1664871458428823,1.089,1.1657954087251483,1.063,1.1668136636588173
2024-01-06 14:00:00,Sonapur-Gauge-1,4,1.123,1.109,1.1218189329312405,1.079,1.1186917163119203,1.073,1.1197234132227696
2024-01-06 15:00:00,Sonapur-Gauge-1,4,1.109,1.089,1.1044829099940652,1.049,1.0988308337697343,1.053,1.1016109463641968
2024-01-06 16:00:00,Sonapur-Gauge-1,4,1.089,1.079,1.0793450607898982,1.063,1.0843086806937363,1.043,1.061386570251457
2024-01-06 17:00:00,Sonapur-Gauge-1,4,1.079,1.049,1.0658414843196384,1.073,1.0784071681202176,1.022,1.0724839947808928
2024-01-06 18:00:00,Sonapur-Gauge-1,4,1.049,1.063,1.04878430993598,1.053,1.0446288800477683,1.029,1.0647329370893113
2024-01-06 19:00:00,Sonapur-Gauge-1,4,1.063,1.073,1.056948492188664,1.043,1.0554085339974386,1.006,1.0635937527998156
2024-01-06 20:00:00,Sonapur-Gauge-1,4,1.073,1.053,1.065855161129805,1.022,1.055705031369241,0.987,1.0469567926298806
2024-01-06 21:00:00,Sonapur-Gauge-1,4,1.053,1.043,1.053024410080948,1.029,1.0382288715751733,0.987,1.0390082699691894
2024-01-06 22:00:00,Sonapur-Gauge-1,4,1.043,1.022,1.0321220011880354,1.006,1.0292311072729126,0.967,1.0353774713242123
2024-01-06 23:00:00,Sonapur-Gauge-1,4,1.022,1.029,1.018056904889876,0.987,1.0044179251563767,0.999,1.0215900350996159
2024-01-07 00:00:00,Sonapur-Gauge-1,4,1.029,1.006,1.0231898699336113,0.987,1.0172854853017799,0.982,1.0222662447023498
2024-01-07 01:00:00,Sonapur-Gauge-1,4,1.006,0.987,1.0044830358789159,0.967,0.995685086677426,0.995,0.9888612128659369
2024-01-07 02:00:00,Sonapur-Gauge-1,4,0.987,0.987,0.9777523826282782,0.999,0.9814109858099072,1.011,0.9838024130895856
2024-01-07 03:00:00,Sonapur-Gauge-1,4,0.987,0.967,0.9773984247498809,0.982,0.9805290182117404,0.981,0.9833183661438871
2024-01-07 04:00:00,Sonapur-Gauge-1,4,0.967,0.999,0.9758417376337427,0.995,0.9670005856813424,0.974,0.9806389701748038
2024-01-07 05:00:00,Sonapur-Gauge-1,4,0.999,0.982,0.9899903124545193,1.011,0.9879371533155987,0.955,0.9727787828436745
2024-01-07 06:00:00,Sonapur-Gauge-1,4,0.982,0.995,0.9801568941584249,0.981,0.9776950664860357,0.974,0.9770239627263597
2024-01-07 07:00:00,Sonapur-Gauge-1,4,0.995,1.011,0.9950302353693302,0.974,0.9842369938797103,0.971,0.9717162399654868
2024-01-07 08:00:00,Sonapur-Gauge-1,4,1.011,0.981,1.0023328373376728,0.955,0.9890899075181971,0.988,0.9957136418066223
2024-01-07 09:00:00,Sonapur-Gauge-1,4,0.981,0.974,0.9727773578744678,0.974,0.974472336179168,1.019,0.9665432396492192
2024-01-07 10:00:00,Sonapur-Gauge-1,4,0.974,0.955,0.9696194272526418,0.971,0.9725676111352635,1.051,0.9689013144053525
2024-01-07 11:00:00,Sonapur-Gauge-1,4,0.955,0.974,0.9527999422480886,0.988,0.9529084750821132,1.027,0.9674922570341769
2024-01-07 12:00:00,Sonapur-Gauge-1,4,0.974,0.971,0.9734043127507775,1.019,0.9756006605122192,0.999,0.9583038384629361
2024-01-07 13:00:00,Sonapur-Gauge-1,4,0.971,0.988,0.9718310741900794,1.051,0.9721990347572507,0.973,0.9583212849835682
2024-01-07 14:00:00,Sonapur-Gauge-1,4,0.988,1.019,0.9911686880655916,1.027,0.9830155908846379,0.993,0.967120723316657
2024-01-07 15:00:00,Sonapur-Gauge-1,4,1.019,1.051,1.0233025973814887,0.999,1.0024075148119218,1.005,1.0240764836165959
2024-01-07 16:00:00,Sonapur-Gauge-1,4,1.051,1.027,1.0441745857317974,0.973,1.0352596053488416,1.018,1.0442717062017717
2024-01-07 17:00:00,Sonapur-Gauge-1,4,1.027,0.999,1.0263387273937654,0.993,1.0251267827087274,1.027,1.0464562086325762
2024-01-07 18:00:00,Sonapur-Gauge-1,4,0.999,0.973,0.9945766125531146,1.005,0.9954569729483542,1.017,0.9835818299010644
2024-01-07 19:00:00,Sonapur-Gauge-1,4,0.973,0.993,0.9695457423529182,1.018,0.9726081743223786,1.017,0.9766626928382856
2024-01-07 20:00:00,Sonapur-Gauge-1,4,0.993,1.005,0.9956763417108988,1.027,0.9880720365620533,1.022,0.9807062312733269
2024-01-07 21:00:00,Sonapur-Gauge-1,4,1.005,1.018,0.9996787428703603,1.017,0.9871692825547999,1.023,0.9807800944463151
2024-01-07 22:00:00,Sonapur-Gauge-1,4,1.018,1.027,1.0214407768168683,1.017,1.0063612264859787,1.006,1.0196823832818815
2024-01-07 23:00:00,Sonapur-Gauge-1,4,1.027,1.017,1.024163890250032,1.022,1.021029778892319,1.035,1.0272940350953426
2024-01-08 00:00:00,Sonapur-Gauge-1,4,1.017,1.017,1.0159181087132159,1.023,1.0080615783950224,1.007,1.0223800481569552
2024-01-08 01:00:00,Sonapur-Gauge-1,4,1.017,1.022,1.0178588375060538,1.006,1.0101177323545105,0.995,1.0246373441779866
2024-01-08 02:00:00,Sonapur-Gauge-1,4,1.022,1.023,1.0223182869966447,1.035,1.0196624757587816,1.022,1.029487332321797
2024-01-08 03:00:00,Sonapur-Gauge-1,4,1.023,1.006,1.0212583610398867,1.007,1.0151612783195099,1.037,1.031935636934246
2024-01-08 04:00:00,Sonapur-Gauge-1,4,1.006,1.035,1.0073507653303222,0.995,0.9967235910296083,1.008,0.9822548731019244
2024-01-08 05:00:00,Sonapur-Gauge-1,4,1.035,1.007,1.0265769182377653,1.022,1.0348738149375387,0.962,1.0290707197373792
2024-01-08 06:00:00,Sonapur-Gauge-1,4,1.007,0.995,1.006269762378031,1.037,1.005766445584735,0.94,0.9888280017595449
2024-01-08 07:00:00,Sonapur-Gauge-1,4,0.995,1.022,0.9955465889918725,1.008,0.9875082222495689,0.942,0.9772877713772027
2024-01-08 08:00:00,Sonapur-Gauge-1,4,1.022,1.037,1.0237976655937808,0.962,1.015172888543318,0.942,1.028287801157386
2024-01-08 09:00:00,Sonapur-Gauge-1,4,1.037,1.008,1.0259623404619032,0.94,1.0240086859107973,0.94,1.0264046980486703
2024-01-08 10:00:00,Sonapur-Gauge-1,4,1.008,0.962,1.0014095068664959,0.942,0.9951601287684514,0.951,0.9884569645721233
2024-01-08 11:00:00,Sonapur-Gauge-1,4,0.962,0.94,0.9586165453481186,0.942,0.9589426587408041,0.951,0.9749833146164009
2024-01-08 12:00:00,Sonapur-Gauge-1,4,0.94,0.942,0.9456912771434692,0.94,0.9480376456475348,0.97,0.9901223157808619
2024-01-08 13:00:00,Sonapur-Gauge-1,4,0.942,0.942,0.9468604037484419,0.951,0.9522164022529404,0.983,0.9669830647106263
2024-01-08 14:00:00,Sonapur-Gauge-1,4,0.942,0.94,0.948231974876298,0.951,0.9603143003561442,0.939,0.9680209450768075
2024-01-08 15:00:00,Sonapur-Gauge-1,4,0.94,0.951,0.9376136694822782,0.97,0.9621297239474259,0.94,0.980376559377777
2024-01-08 16:00:00,Sonapur-Gauge-1,4,0.951,0.951,0.9511584032599917,0.983,0.9519718167095993,0.934,0.9482454722014455
2024-01-08 17:00:00,Sonapur-Gauge-1,4,0.951,0.97,0.9532032071429662,0.939,0.9504552407098412,0.939,0.9560564288743585
2024-01-08 18:00:00,Sonapur-Gauge-1,4,0.97,0.983,0.965970214154016,0.94,0.9605804732250335,0.933,0.9647413317456052
2024-01-08 19:00:00,Sonapur-Gauge-1,4,0.983,0.939,0.9670839891490323,0.934,0.9684028177678662,0.901,0.9631177247813647
2024-01-08 20:00:00,Sonapur-Gauge-1,4,0.939,0.94,0.9333793684036215,0.939,0.9342263676632717,0.913,0.9436155537189806
2024-01-08 21:00:00,Sonapur-Gauge-1,4,0.94,0.934,0.9355931944086981,0.933,0.9345294021437257,0.93,0.9402878645973213
2024-01-08 22:00:00,Sonapur-Gauge-1,4,0.934,0.939,0.941059764303484,0.901,0.9374373753102266,0.896,0.9421253208648621
2024-01-08 23:00:00,Sonapur-Gauge-1,4,0.939,0.933,0.9335469124446966,0.913,0.9332416778132056,0.934,0.9392711550272329
2024-01-09 00:00:00,Sonapur-Gauge-1,4,0.933,0.901,0.9316003520375103,0.93,0.9335430613736143,0.955,0.9418722369340362
2024-01-09 01:00:00,Sonapur-Gauge-1,4,0.901,0.913,0.9078757084930423,0.896,0.9153957354498278,0.937,0.9600754742528463
2024-01-09 02:00:00,Sonapur-Gauge-1,4,0.913,0.93,0.9194559735714983,0.934,0.9342569008901448,0.914,0.9469352021915244
2024-01-09 03:00:00,Sonapur-Gauge-1,4,0.93,0.896,0.924275922792996,0.955,0.9345249591222037,0.918,0.9453771872716376
2024-01-09 04:00:00,Sonapur-Gauge-1,4,0.896,0.934,0.9077715767987429,0.937,0.9099953791148236,0.92,0.9366577858733243
2024-01-09 05:00:00,Sonapur-Gauge-1,4,0.934,0.955,0.9438536980088493,0.914,0.9334316883583517,0.932,0.9457806243651657
2024-01-09 06:00:00,Sonapur-Gauge-1,4,0.955,0.937,0.9457862866636885,0.918,0.9441478396188551,0.941,0.9547649522361533
2024-01-09 07:00:00,Sonapur-Gauge-1,4,0.937,0.914,0.9335693922881213,0.92,0.9390781204478778,0.951,0.9508624283058734
2024-01-09 08:00:00,Sonapur-Gauge-1,4,0.914,0.918,0.9179922685083545,0.932,0.9310480225065071,0.927,0.938947356274953
2024-01-09 09:00:00,Sonapur-Gauge-1,4,0.918,0.92,0.9206661697200725,0.941,0.9331102104896526,0.924,0.9426851885800295
2024-01-09 10:00:00,Sonapur-Gauge-1,4,0.92,0.932,0.9210762218258528,0.951,0.9322460831234969,0.93,0.9357358308135558
2024-01-09 11:00:00,Sonapur-Gauge-1,4,0.932,0.941,0.9351082009244565,0.927,0.932958629167324,0.924,0.9384616079949979
2024-01-09 12:00:00,Sonapur-Gauge-1,4,0.941,0.951,0.9414554128779378,0.924,0.9330782418003334,0.936,0.9367669696996181
2024-01-09 13:00:00,Sonapur-Gauge-1,4,0.951,0.927,0.9450789420339942,0.93,0.947598558262279,0.957,0.9649068057990667
2024-01-09 14:00:00,Sonapur-Gauge-1,4,0.927,0.924,0.924603966586274,0.924,0.9291050861911204,0.94,0.9367508095280177
2024-01-09 15:00:00,Sonapur-Gauge-1,4,0.924,0.93,0.9223686052327547,0.936,0.9316360911399056,0.94,0.938247426796274
2024-01-09 16:00:00,Sonapur-Gauge-1,4,0.93,0.924,0.9303170143737423,0.957,0.9327832237022077,0.929,0.9388142652127279
2024-01-09 17:00:00,Sonapur-Gauge-1,4,0.924,0.936,0.9224831348510166,0.94,0.9311761525979164,0.921,0.9359958197212904
2024-01-09 18:00:00,Sonapur-Gauge-1,4,0.936,0.957,0.9382314237340187,0.94,0.9347173644519365,0.889,0.9367869241722356
2024-01-09 19:00:00,Sonapur-Gauge-1,4,0.957,0.94,0.947388822967162,0.929,0.9463525286686524,0.9,0.9530218386988435
2024-01-09 20:00:00,Sonapur-Gauge-1,4,0.94,0.94,0.9383636780603043,0.921,0.9292614561794008,0.958,0.951484944308629
2024-01-09 21:00:00,Sonapur-Gauge-1,4,0.94,0.929,0.9320800946474639,0.889,0.9281524249772343,0.969,0.9493549840176576
2024-01-09 22:00:00,Sonapur-Gauge-1,4,0.929,0.921,0.9276732474198367,0.9,0.9262596266119334,1.017,0.9531585297283256
2024-01-09 23:00:00,Sonapur-Gauge-1,4,0.921,0.889,0.9162956975393651,0.958,0.9308981096072974,1.044,0.9499766432751814
2024-01-10 00:00:00,Sonapur-Gauge-1,4,0.889,0.9,0.8964510471986482,0.969,0.9099951654731091,1.029,0.9353799660305826
2024-01-10 01:00:00,Sonapur-Gauge-1,4,0.9,0.958,0.9119953321516109,1.017,0.9301390580829804,1.038,0.9564145502928217
2024-01-10 02:00:00,Sonapur-Gauge-1,4,0.958,0.969,0.971568215040991,1.044,0.9965041952995121,1.053,1.0388942989452907
2024-01-10 03:00:00,Sonapur-Gauge-1,4,0.969,1.017,0.9921075207749096,1.029,1.0199273407576424,1.063,1.0346424658106974
2024-01-10 04:00:00,Sonapur-Gauge-1,4,1.017,1.044,1.0288671037572212,1.038,1.0270231825755496,1.044,1.037031236726891
2024-01-10 05:00:00,Sonapur-Gauge-1,4,1.044,1.029,1.0343359680106419,1.053,1.0476355560935005,1.052,1.0486932996286842
2024-01-10 06:00:00,Sonapur-Gauge-1,4,1.029,1.038,1.0348873649142953,1.063,1.0381876910541648,1.089,1.0434172751923774
2024-01-10 07:00:00,Sonapur-Gauge-1,4,1.038,1.053,1.0373080229304668,1.044,1.037820112457754,1.061,1.0410106017545506
2024-01-10 08:00:00,Sonapur-Gauge-1,4,1.053,1.063,1.0544197303287595,1.052,1.0499696369440903,1.085,1.060576933305301
2024-01-10 09:00:00,Sonapur-Gauge-1,4,1.063,1.044,1.0523533244935472,1.089,1.052793215149409,1.112,1.06598237867533
2024-01-10 10:00:00,Sonapur-Gauge-1,4,1.044,1.052,1.0383249754887176,1.061,1.0440133725608385,1.079,1.0569844762128646
2024-01-10 11:00:00,Sonapur-Gauge-1,4,1.052,1.089,1.0734540335622615,1.085,1.0826357449201744,1.062,1.0677971948914164
2024-01-10 12:00:00,Sonapur-Gauge-1,4,1.089,1.061,1.0842106390817667,1.112,1.0975730537476733,1.052,1.0788906843333428
2024-01-10 13:00:00,Sonapur-Gauge-1,4,1.061,1.085,1.0760893288536737,1.079,1.0817209056732282,1.065,1.068410158510121
2024-01-10 14:00:00,Sonapur-Gauge-1,4,1.085,1.112,1.0895241619208036,1.062,1.0817683955831519,1.06,1.0704040446225151
2024-01-10 15:00:00,Sonapur-Gauge-1,4,1.112,1.079,1.107631970782344,1.052,1.1218974482589956,1.044,1.1446660191832858
2024-01-10 16:00:00,Sonapur-Gauge-1,4,1.079,1.062,1.0750713902757718,1.065,1.0677590095023206,1.042,1.0653133304968592
2024-01-10 17:00:00,Sonapur-Gauge-1,4,1.062,1.052,1.0530189514384989,1.06,1.0479791085055001,1.065,1.0644316703383463
2024-01-10 18:00:00,Sonapur-Gauge-1,4,1.052,1.065,1.0505408490837607,1.044,1.0429228723886672,1.075,1.060353949161738
2024-01-10 19:00:00,Sonapur-Gauge-1,4,1.065,1.06,1.0513305542985105,1.042,1.0465277206931076,1.121,1.0704004261053528
2024-01-10 20:00:00,Sonapur-Gauge-1,4,1.06,1.044,1.0503603837353146,1.065,1.0459738047629836,1.134,1.0697910855848147
2024-01-10 21:00:00,Sonapur-Gauge-1,4,1.044,1.042,1.038989629951122,1.075,1.0446192938183623,1.161,1.0622024179617466
2024-01-10 22:00:00,Sonapur-Gauge-1,4,1.042,1.065,1.0398239551250024,1.121,1.0430317865271261,1.151,1.0610472533649837
2024-01-10 23:00:00,Sonapur-Gauge-1,4,1.065,1.075,1.081634337973609,1.134,1.1297026303086832,1.15,1.1436048784875588
2024-01-11 00:00:00,Sonapur-Gauge-1,4,1.075,1.121,1.095925490961163,1.161,1.1330860752270546,1.133,1.1235331425791348
2024-01-11 01:00:00,Sonapur-Gauge-1,4,1.121,1.134,1.130494405432987,1.151,1.1501995048278775,1.116,1.118958969818764
2024-01-11 02:00:00,Sonapur-Gauge-1,4,1.134,1.161,1.1424237380501239,1.15,1.1245061653312425,1.14,1.1132345484150603
2024-01-11 03:00:00,Sonapur-Gauge-1,4,1.161,1.151,1.1627803304648916,1.133,1.157696840217078,1.12,1.168685912800119
2024-01-11 04:00:00,Sonapur-Gauge-1,4,1.151,1.15,1.1541548540577329,1.116,1.1474423852268212,1.103,1.128892424294732
2024-01-11 05:00:00,Sonapur-Gauge-1,4,1.15,1.133,1.1443180685589809,1.14,1.1434274294371864,1.062,1.1196086159088552
2024-01-11 06:00:00,Sonapur-Gauge-1,4,1.133,1.116,1.1254408504506563,1.12,1.1166855044249502,1.039,1.099113009478309
2024-01-11 07:00:00,Sonapur-Gauge-1,4,1.116,1.14,1.1172009599232353,1.103,1.1043012591688954,1.001,1.0909961777086685
2024-01-11 08:00:00,Sonapur-Gauge-1,4,1.14,1.12,1.1355755677581452,1.062,1.1210420498884288,1.022,1.106267997645003
2024-01-11 09:00:00,Sonapur-Gauge-1,4,1.12,1.103,1.1171874430401798,1.039,1.1100221179675203,1.026,1.0996324535269772
2024-01-11 10:00:00,Sonapur-Gauge-1,4,1.103,1.062,1.0944057621496328,1.001,1.086415157915713,1.038,1.1197412673551987
2024-01-11 11:00:00,Sonapur-Gauge-1,4,1.062,1.039,1.056057354719299,1.022,1.0510535257278275,1.081,1.0719308921043058
2024-01-11 12:00:00,Sonapur-Gauge-1,4,1.039,1.001,1.0355663612623005,1.026,1.0495981327037653,1.094,1.0785699620891724
2024-01-11 13:00:00,Sonapur-Gauge-1,4,1.001,1.022,1.014568071240353,1.038,1.0099209471559376,1.142,1.0366618349508638
2024-01-11 14:00:00,Sonapur-Gauge-1,4,1.022,1.026,1.0289901465610067,1.081,1.0509602022686424,1.172,1.103193184448834
2024-01-11 15:00:00,Sonapur-Gauge-1,4,1.026,1.038,1.0335950527854292,1.094,1.0558259494978306,1.216,1.100514663935933
2024-01-11 16:00:00,Sonapur-Gauge-1,4,1.038,1.081,1.0371514630401635,1.142,1.0505741132858848,1.193,1.07418220750475
2024-01-11 17:00:00,Sonapur-Gauge-1,4,1.081,1.094,1.1087292148783907,1.172,1.176995928054335,1.167,1.179570827234502
2024-01-11 18:00:00,Sonapur-Gauge-1,4,1.094,1.142,1.1337240017947738,1.216,1.192866396411407,1.151,1.1737655358823351
2024-01-11 19:00:00,Sonapur-Gauge-1,4,1.142,1.172,1.178228960381573,1.193,1.210320640603341,1.155,1.190938752286716
2024-01-11 20:00:00,Sonapur-Gauge-1,4,1.172,1.216,1.2062306514751422,1.167,1.1905938803325833,1.119,1.1829806153899933
2024-01-11 21:00:00,Sonapur-Gauge-1,4,1.216,1.193,1.223076069996067,1.151,1.2074664369708927,1.16,1.1951877830971336
2024-01-11 22:00:00,Sonapur-Gauge-1,4,1.193,1.167,1.204271154115587,1.155,1.1920060219576465,1.18,1.1896710901659238
2024-01-11 23:00:00,Sonapur-Gauge-1,4,1.167,1.151,1.1671035755293615,1.119,1.1664643846172669,1.199,1.185422628882758
2024-01-12 00:00:00,Sonapur-Gauge-1,4,1.151,1.155,1.1489856844851412,1.16,1.1549603824902828,1.219,1.17063654984609
2024-01-12 01:00:00,Sonapur-Gauge-1,4,1.155,1.119,1.1505415117099225,1.18,1.16085292187173,1.221,1.1873403846709227
2024-01-12 02:00:00,Sonapur-Gauge-1,4,1.119,1.16,1.1327929914087085,1.199,1.1371237406641024,1.19,1.1438243830813848
2024-01-12 03:00:00,Sonapur-Gauge-1,4,1.16,1.18,1.1664652904472659,1.219,1.1765923197236774,1.191,1.1796900920771198
2024-01-12 04:00:00,Sonapur-Gauge-1,4,1.18,1.199,1.1791574563491425,1.221,1.1819204817420776,1.173,1.1845396216345156
2024-01-12 05:00:00,Sonapur-Gauge-1,4,1.199,1.219,1.1994973288079736,1.19,1.1896926910962868,1.16,1.1927605363699587
2024-01-12 06:00:00,Sonapur-Gauge-1,4,1.219,1.221,1.2154541789089037,1.191,1.2102189566024135,1.17,1.1925589236945633
2024-01-12 07:00:00,Sonapur-Gauge-1,4,1.221,1.19,1.2119898441638826,1.173,1.208503058537239,1.154,1.2004885475787999
2024-01-12 08:00:00,Sonapur-Gauge-1,4,1.19,1.191,1.18542413216614,1.16,1.1876213245573166,1.138,1.1812008102003166
2024-01-12 09:00:00,Sonapur-Gauge-1,4,1.191,1.173,1.1822327568671993,1.17,1.178633405405045,1.154,1.1811414980955255
2024-01-12 10:00:00,Sonapur-Gauge-1,4,1.173,1.16,1.1696133437045377,1.154,1.162531616954854,1.133,1.1615052307929545
2024-01-12 11:00:00,Sonapur-Gauge-1,4,1.16,1.17,1.1556016564463243,1.138,1.1492809935725015,1.124,1.1481057218544553
2024-01-12 12:00:00,Sonapur-Gauge-1,4,1.17,1.154,1.163020059548753,1.154,1.1652268937058967,1.119,1.1573361495399979
2024-01-12 13:00:00,Sonapur-Gauge-1,4,1.154,1.138,1.148688029521532,1.133,1.1583770410470429,1.124,1.1593405533493646
2024-01-12 14:00:00,Sonapur-Gauge-1,4,1.138,1.154,1.143304739671117,1.124,1.1364150788892404,1.134,1.1397192060147687
2024-01-12 15:00:00,Sonapur-Gauge-1,4,1.154,1.133,1.1495411683513932,1.119,1.154395344031376,1.116,1.1618617327115832
2024-01-12 16:00:00,Sonapur-Gauge-1,4,1.133,1.124,1.1307432493383733,1.124,1.1331789307639113,1.078,1.1321132607928834
2024-01-12 17:00:00,Sonapur-Gauge-1,4,1.124,1.119,1.1205331811447004,1.134,1.1108595477884953,1.101,1.1015863144755935
2024-01-12 18:00:00,Sonapur-Gauge-1,4,1.119,1.124,1.1198195497312464,1.116,1.1093317469857722,1.052,1.0919529773385184
2024-01-12 19:00:00,Sonapur-Gauge-1,4,1.124,1.134,1.120337183673957,1.078,1.109213684808426,1.058,1.0916652790104808
2024-01-12 20:00:00,Sonapur-Gauge-1,4,1.134,1.116,1.1254313323981555,1.101,1.112671899500145,1.054,1.1073201597503242
2024-01-12 21:00:00,Sonapur-Gauge-1,4,1.116,1.078,1.1060967898749263,1.052,1.1028077869430928,1.056,1.0888834458156036
2024-01-12 22:00:00,Sonapur-Gauge-1,4,1.078,1.101,1.0838493462842296,1.058,1.0655433281468365,1.059,1.0696831106951288
2024-01-12 23:00:00,Sonapur-Gauge-1,4,1.101,1.052,1.0872247612901946,1.054,1.0825240580881565,1.051,1.0722879635720308
2024-01-13 00:00:00,Sonapur-Gauge-1,4,1.052,1.058,1.0567800692004168,1.056,1.0512809163627064,1.046,1.0581477274965467
2024-01-13 01:00:00,Sonapur-Gauge-1,4,1.058,1.054,1.0552258599089268,1.059,1.0549800339147226,1.05,1.0633594982826482
2024-01-13 02:00:00,Sonapur-Gauge-1,4,1.054,1.056,1.0552646124151264,1.051,1.0475150860460933,1.05,1.0594854713842177
2024-01-13 03:00:00,Sonapur-Gauge-1,4,1.056,1.059,1.0529202943828528,1.046,1.0456523443552155,0.99,1.0542285503942255
2024-01-13 04:00:00,Sonapur-Gauge-1,4,1.059,1.051,1.0535281471285871,1.05,1.0505423716122584,0.986,1.0539267176332325
2024-01-13 05:00:00,Sonapur-Gauge-1,4,1.051,1.046,1.048105607779457,1.05,1.0433909898866827,1.0,1.049963742154988
2024-01-13 06:00:00,Sonapur-Gauge-1,4,1.046,1.05,1.0393648816571814,0.99,1.03767043806667,0.983,1.048118038330089
2024-01-13 07:00:00,Sonapur-Gauge-1,4,1.05,1.05,1.0419144430579683,0.986,1.0397567731845552,0.989,1.0479431900574467
2024-01-13 08:00:00,Sonapur-Gauge-1,4,1.05,0.99,1.038995861124683,1.0,1.044858133054507,1.007,1.051814031647768
2024-01-13 09:00:00,Sonapur-Gauge-1,4,0.99,0.986,0.9956592870284883,0.983,0.9830801228048068,1.006,0.9985137482011947
2024-01-13 10:00:00,Sonapur-Gauge-1,4,0.986,1.0,0.9817443162739583,0.989,0.9804461492847901,1.005,0.9898741401190646
2024-01-13 11:00:00,Sonapur-Gauge-1,4,1.0,0.983,0.9960607811069232,1.007,0.996637044475948,0.975,0.9927498061255913
2024-01-13 12:00:00,Sonapur-Gauge-1,4,0.983,0.989,0.9798091728980955,1.006,0.9796979920293091,0.971,0.9868195131303238
2024-01-13 13:00:00,Sonapur-Gauge-1,4,0.989,1.007,0.9942940344437152,1.005,0.9830957893773321,0.979,0.9888476401997376
2024-01-13 14:00:00,Sonapur-Gauge-1,4,1.007,1.006,1.0053901224196087,0.975,0.9934615565129195,0.968,0.9966801956756427
2024-01-13 15:00:00,Sonapur-Gauge-1,4,1.006,1.005,1.0030567101061698,0.971,0.9906781588169422,0.958,0.9761217519741651
2024-01-13 16:00:00,Sonapur-Gauge-1,4,1.005,0.975,0.9980510171178433,0.979,0.9901857724091367,0.967,0.9761152736964698
2024-01-13 17:00:00,Sonapur-Gauge-1,4,0.975,0.971,0.9677730262684374,0.968,0.9714421899188452,0.972,0.9695273969976181
2024-01-13 18:00:00,Sonapur-Gauge-1,4,0.971,0.979,0.9708253399730483,0.958,0.9676394690746737,0.979,0.9685369166369567
2024-01-13 19:00:00,Sonapur-Gauge-1,4,0.979,0.968,0.9731244730825728,0.967,0.9717413969628954,0.945,0.9682487223800185
2024-01-13 20:00:00,Sonapur-Gauge-1,4,0.968,0.958,0.9692942918417892,0.972,0.9636797099842683,0.952,0.9664725530353971
2024-01-13 21:00:00,Sonapur-Gauge-1,4,0.958,0.967,0.9543241041630718,0.979,0.9607373450348974,0.919,0.9644743507404322
2024-01-13 22:00:00,Sonapur-Gauge-1,4,0.967,0.972,0.9686875552189531,0.945,0.9592782936835637,0.914,0.9676227421049093
2024-01-13 23:00:00,Sonapur-Gauge-1,4,0.972,0.979,0.9692056347550758,0.952,0.957906771124816,0.957,0.9661725747853347
2024-01-14 00:00:00,Sonapur-Gauge-1,4,0.979,0.945,0.9678816063560662,0.919,0.9574370817854163,0.971,0.9692482684579271
2024-01-14 01:00:00,Sonapur-Gauge-1,4,0.945,0.952,0.9500901221657269,0.914,0.95286700368632,0.98,0.9702248037311118
2024-01-14 02:00:00,Sonapur-Gauge-1,4,0.952,0.919,0.9426527390444825,0.957,0.9540027531622937,0.965,0.9726953335745167
2024-01-14 03:00:00,Sonapur-Gauge-1,4,0.919,0.914,0.9228321118069834,0.971,0.9413280827500593,0.998,0.9556615896069255
2024-01-14 04:00:00,Sonapur-Gauge-1,4,0.914,0.957,0.9262250190450497,0.98,0.940879129626713,1.004,0.9830804131219473
2024-01-14 05:00:00,Sonapur-Gauge-1,4,0.957,0.971,0.96985823032579,0.965,0.9813868816710056,0.955,1.0037575539418653
2024-01-14 06:00:00,Sonapur-Gauge-1,4,0.971,0.98,0.9799017524738872,0.998,1.002864565993236,0.94,0.9876219300638824
2024-01-14 07:00:00,Sonapur-Gauge-1,4,0.98,0.965,0.9834604867178494,1.004,0.9997667859561603,0.944,0.9808367162346994
2024-01-14 08:00:00,Sonapur-Gauge-1,4,0.965,0.998,0.9823610902005402,0.955,0.9657835135108445,0.938,0.9625007405031419
2024-01-14 09:00:00,Sonapur-Gauge-1,4,0.998,1.004,0.9931624933729193,0.94,0.9816120610133033,0.959,0.9748366562562125
2024-01-14 10:00:00,Sonapur-Gauge-1,4,1.004,0.955,0.995547144822252,0.944,0.9860309585265,0.934,0.9771648219515349
2024-01-14 11:00:00,Sonapur-Gauge-1,4,0.955,0.94,0.9483464654801689,0.938,0.9502881944891672,0.937,0.9653156326931238
2024-01-14 12:00:00,Sonapur-Gauge-1,4,0.94,0.944,0.9398072159520743,0.959,0.945675252138474,0.923,0.9729336252767337
2024-01-14 13:00:00,Sonapur-Gauge-1,4,0.944,0.938,0.9449202532056126,0.934,0.9490216831047584,0.925,0.9583300602368442
2024-01-14 14:00:00,Sonapur-Gauge-1,4,0.938,0.959,0.9387358820665863,0.937,0.9335061510140755,0.914,0.9399195769527001
2024-01-14 15:00:00,Sonapur-Gauge-1,4,0.959,0.934,0.9465721502193635,0.923,0.947893608567933,0.914,0.950603898629348
2024-01-14 16:00:00,Sonapur-Gauge-1,4,0.934,0.937,0.9326553322189639,0.925,0.9309203888352557,0.944,0.9411448286337915
2024-01-14 17:00:00,Sonapur-Gauge-1,4,0.937,0.923,0.9325027879126971,0.914,0.9314007218611311,0.913,0.9373500223569879
2024-01-14 18:00:00,Sonapur-Gauge-1,4,0.923,0.925,0.9201710019774442,0.914,0.9299948829264701,0.956,0.9421484610385138
2024-01-14 19:00:00,Sonapur-Gauge-1,4,0.925,0.914,0.923596246775742,0.944,0.9327711454563139,1.027,0.9430892687898034
2024-01-14 20:00:00,Sonapur-Gauge-1,4,0.914,0.914,0.918729099716123,0.913,0.9314996521786729,1.019,0.9440941787247373
2024-01-14 21:00:00,Sonapur-Gauge-1,4,0.914,0.944,0.9215732916632945,0.956,0.9350288554757267,1.05,0.9453637246447614
2024-01-14 22:00:00,Sonapur-Gauge-1,4,0.944,0.913,0.9458174528538484,1.027,0.9752568622142163,1.069,1.0014304603278004
2024-01-14 23:00:00,Sonapur-Gauge-1,4,0.913,0.956,0.92429697991783,1.019,0.9393238110163935,1.084,0.9703875121111112
2024-01-15 00:00:00,Sonapur-Gauge-1,4,0.956,1.027,0.9775585161199776,1.05,1.0007543376933445,1.071,1.021648952967631
2024-01-15 01:00:00,Sonapur-Gauge-1,4,1.027,1.019,1.0295156233561766,1.069,1.031087183254333,1.054,1.0369678527295134
2024-01-15 02:00:00,Sonapur-Gauge-1,4,1.019,1.05,1.0382057108186715,1.084,1.0423957512848059,1.044,1.0378690189824527
2024-01-15 03:00:00,Sonapur-Gauge-1,4,1.05,1.069,1.0491357027522246,1.071,1.0549151896064914,1.035,1.0482346394485484
2024-01-15 04:00:00,Sonapur-Gauge-1,4,1.069,1.084,1.0685343582639708,1.054,1.058873450142292,1.011,1.0563592813765308
2024-01-15 05:00:00,Sonapur-Gauge-1,4,1.084,1.071,1.0845463342606856,1.044,1.084914530753086,0.996,1.065084944088081
2024-01-15 06:00:00,Sonapur-Gauge-1,4,1.071,1.054,1.068807490528438,1.035,1.0579249547670408,1.013,1.0637055201567012
2024-01-15 07:00:00,Sonapur-Gauge-1,4,1.054,1.044,1.0597771241605265,1.011,1.047534390341083,1.041,1.0561371779316278
2024-01-15 08:00:00,Sonapur-Gauge-1,4,1.044,1.035,1.039894840165485,0.996,1.0383032817795523,1.019,1.054765946380227
2024-01-15 09:00:00,Sonapur-Gauge-1,4,1.035,1.011,1.0358293627969408,1.013,1.036498691363517,1.065,1.0432071752994927
2024-01-15 10:00:00,Sonapur-Gauge-1,4,1.011,0.996,1.0128151678943818,1.041,1.018115656839566,1.035,1.0173054055690465
2024-01-15 11:00:00,Sonapur-Gauge-1,4,0.996,1.013,1.007830401079101,1.019,0.9981466805977458,1.011,1.004842391392228
2024-01-15 12:00:00,Sonapur-Gauge-1,4,1.013,1.041,1.0239114488632015,1.065,1.0189180207951893,0.973,1.013380690609491
2024-01-15 13:00:00,Sonapur-Gauge-1,4,1.041,1.019,1.0300078049015045,1.035,1.0364154143119786,0.938,1.0312928427684527
2024-01-15 14:00:00,Sonapur-Gauge-1,4,1.019,1.065,1.0320208828448603,1.011,1.0127665245089388,0.962,1.0167865251058004
2024-01-15 15:00:00,Sonapur-Gauge-1,4,1.065,1.035,1.0459527391021581,0.973,1.037155990238544,0.954,1.036485045886396
2024-01-15 16:00:00,Sonapur-Gauge-1,4,1.035,1.011,1.034456598787386,0.938,1.029373507408791,0.951,1.0436988114386323
2024-01-15 17:00:00,Sonapur-Gauge-1,4,1.011,0.973,1.007232941921682,0.962,1.0077488917556994,0.973,1.0024346129538722
2024-01-15 18:00:00,Sonapur-Gauge-1,4,0.973,0.938,0.9695416615005548,0.954,0.9779944622979201,0.974,0.9700418449879368
2024-01-15 19:00:00,Sonapur-Gauge-1,4,0.938,0.962,0.9456197286762202,0.951,0.9708968740904473,0.967,1.0205336691804845
2024-01-15 20:00:00,Sonapur-Gauge-1,4,0.962,0.954,0.9590929667926702,0.973,0.956366660195108,0.949,0.9518694618781544
2024-01-15 21:00:00,Sonapur-Gauge-1,4,0.954,0.951,0.9479742574786126,0.974,0.9635647898568946,0.971,0.9809527114390628
2024-01-15 22:00:00,Sonapur-Gauge-1,4,0.951,0.973,0.9535512425446477,0.967,0.960762753490296,1.005,0.9892623641223265
2024-01-15 23:00:00,Sonapur-Gauge-1,4,0.973,0.974,0.9863355023271871,0.949,1.0200121007267513,0.98,1.0388572211211597
2024-01-16 00:00:00,Sonapur-Gauge-1,4,0.974,0.967,0.9831446793601302,0.971,1.0189186897137446,0.93,1.0142104575203563
2024-01-16 01:00:00,Sonapur-Gauge-1,4,0.967,0.949,0.9837494267188751,1.005,1.0217460786961805,0.945,1.0085123102826803
2024-01-16 02:00:00,Sonapur-Gauge-1,4,0.949,0.971,0.9615260889074861,0.98,0.9570584421939042,0.962,0.9576889828130516
2024-01-16 03:00:00,Sonapur-Gauge-1,4,0.971,1.005,0.9851631498356148,0.93,0.9665475233740831,0.929,0.9607229057154979
2024-01-16 04:00:00,Sonapur-Gauge-1,4,1.005,0.98,1.015899890184014,0.945,1.0082075693497268,0.901,0.9780966500055299
2024-01-16 05:00:00,Sonapur-Gauge-1,4,0.98,0.93,0.9649944138344744,0.962,0.9731572998877741,0.915,0.9657504021346422
2024-01-16 06:00:00,Sonapur-Gauge-1,4,0.93,0.945,0.9339467319870548,0.929,0.9254593950429219,0.876,0.9220053085786499
2024-01-16 07:00:00,Sonapur-Gauge-1,4,0.945,0.962,0.9471839754228218,0.901,0.940251520025691,0.848,0.9439255532626876
2024-01-16 08:00:00,Sonapur-Gauge-1,4,0.962,0.929,0.9562341934621948,0.915,0.9469119917202218,0.878,0.9561049645445401
2024-01-16 09:00:00,Sonapur-Gauge-1,4,0.929,0.901,0.9222325832987327,0.876,0.9233730563889251,0.868,0.9203233332440788
2024-01-16 10:00:00,Sonapur-Gauge-1,4,0.901,0.915,0.9033466481120928,0.848,0.8745078787431276,0.869,0.8951599062147598
2024-01-16 11:00:00,Sonapur-Gauge-1,4,0.915,0.876,0.9036317308121384,0.878,0.9128833429403334,0.843,0.9155515780199228
2024-01-16 12:00:00,Sonapur-Gauge-1,4,0.876,0.848,0.8635668870857216,0.868,0.8647805635765178,0.864,0.8632021792165379
2024-01-16 13:00:00,Sonapur-Gauge-1,4,0.848,0.878,0.8667464128446712,0.869,0.8614315401641335,0.862,0.8543475574630347
2024-01-16 14:00:00,Sonapur-Gauge-1,4,0.878,0.868,0.8675068032396489,0.843,0.8728461300316211,0.882,0.8720089939466136
2024-01-16 15:00:00,Sonapur-Gauge-1,4,0.868,0.869,0.864684252485393,0.864,0.869961145131077,0.87,0.8633867682964692
2024-01-16 16:00:00,Sonapur-Gauge-1,4,0.869,0.843,0.8631797153238427,0.862,0.8716912112105089,0.847,0.8515752806918664
2024-01-16 17:00:00,Sonapur-Gauge-1,4,0.843,0.864,0.8506762769948195,0.882,0.8500168870792109,0.846,0.8459035316120026
2024-01-16 18:00:00,Sonapur-Gauge-1,4,0.864,0.862,0.8573739905684266,0.87,0.8664752447544528,0.83,0.8532494089665145
2024-01-16 19:00:00,Sonapur-Gauge-1,4,0.862,0.882,0.8711875996026798,0.847,0.8591454958394892,0.82,0.8385955197854922
2024-01-16 20:00:00,Sonapur-Gauge-1,4,0.882,0.87,0.8757434779871988,0.846,0.8632682846612261,0.804,0.8371665159845869
2024-01-16 21:00:00,Sonapur-Gauge-1,4,0.87,0.847,0.8645364044657895,0.83,0.8592260022421014,0.779,0.8360296616609114
2024-01-16 22:00:00,Sonapur-Gauge-1,4,0.847,0.846,0.8478488175639728,0.82,0.8449151820359763,0.797,0.8315516242390639
2024-01-16 23:00:00,Sonapur-Gauge-1,4,0.846,0.83,0.8437467339397794,0.804,0.8454059157369992,0.806,0.8922039894801822
2024-01-17 00:00:00,Sonapur-Gauge-1,4,0.83,0.82,0.8248879418842325,0.779,0.8145824938098366,0.785,0.8577443378288454
2024-01-17 01:00:00,Sonapur-Gauge-1,4,0.82,0.804,0.8136498974983777,0.797,0.804900098891552,0.824,0.8125157026341402
2024-01-17 02:00:00,Sonapur-Gauge-1,4,0.804,0.779,0.7938604541606636,0.806,0.8146272492145681,0.812,0.8218019634246281
2024-01-17 03:00:00,Sonapur-Gauge-1,4,0.779,0.797,0.7747262272915615,0.785,0.7672549213962232,0.831,0.7754919275102031
2024-01-17 04:00:00,Sonapur-Gauge-1,4,0.797,0.806,0.7998821048884391,0.824,0.8271717127054311,0.781,0.8220377578093031
2024-01-17 05:00:00,Sonapur-Gauge-1,4,0.806,0.785,0.8028936548678837,0.812,0.8297082867874609,0.778,0.8270026464027944
2024-01-17 06:00:00,Sonapur-Gauge-1,4,0.785,0.824,0.786857261742514,0.831,0.7769279002752145,0.745,0.7716196733150916
2024-01-17 07:00:00,Sonapur-Gauge-1,4,0.824,0.812,0.8145654255407047,0.781,0.7942258283696397,0.728,0.7664309897728235
2024-01-17 08:00:00,Sonapur-Gauge-1,4,0.812,0.831,0.8161249025371051,0.778,0.7912800178933979,0.738,0.7606995286946687
2024-01-17 09:00:00,Sonapur-Gauge-1,4,0.831,0.781,0.8237472556467608,0.745,0.8152916204689206,0.746,0.8174535292139287
2024-01-17 10:00:00,Sonapur-Gauge-1,4,0.781,0.778,0.7703382930859132,0.728,0.7495713681329054,0.731,0.7613870899296116
2024-01-17 11:00:00,Sonapur-Gauge-1,4,0.778,0.745,0.7627292774982808,0.738,0.7473558106021017,0.734,0.7578255715629937
2024-01-17 12:00:00,Sonapur-Gauge-1,4,0.745,0.728,0.7432077511412277,0.746,0.7471194268077951,0.744,0.7581621648121786
2024-01-17 13:00:00,Sonapur-Gauge-1,4,0.728,0.738,0.7402525987304371,0.731,0.7471348902661316,0.735,0.7514131065951263
2024-01-17 14:00:00,Sonapur-Gauge-1,4,0.738,0.746,0.7412853557826081,0.734,0.7447789035205108,0.756,0.7571209709461869
2024-01-17 15:00:00,Sonapur-Gauge-1,4,0.746,0.731,0.7401335129468772,0.744,0.7498939859538726,0.765,0.7712370544956024
2024-01-17 16:00:00,Sonapur-Gauge-1,4,0.731,0.734,0.7405616028909573,0.735,0.7448677665270946,0.76,0.7688961186666495
2024-01-17 17:00:00,Sonapur-Gauge-1,4,0.734,0.744,0.7413030452406695,0.756,0.7470383257846224,0.803,0.7714435812375505
2024-01-17 18:00:00,Sonapur-Gauge-1,4,0.744,0.735,0.748402608291662,0.765,0.7656989232232068,0.819,0.7963675085145453
2024-01-17 19:00:00,Sonapur-Gauge-1,4,0.735,0.756,0.7500715277268145,0.76,0.7716790494492489,0.821,0.8108280575605019
2024-01-17 20:00:00,Sonapur-Gauge-1,4,0.756,0.765,0.7719405172908897,0.803,0.8020956419126472,0.861,0.8583343766250331
2024-01-17 21:00:00,Sonapur-Gauge-1,4,0.765,0.76,0.7757727730078171,0.819,0.7968434085848778,0.893,0.8535118850444231
2024-01-17 22:00:00,Sonapur-Gauge-1,4,0.76,0.803,0.7779081394293812,0.821,0.7944379067020735,0.872,0.8476203877982113
2024-01-17 23:00:00,Sonapur-Gauge-1,4,0.803,0.819,0.811446866518511,0.861,0.8584193310323932,0.852,0.8652281927953134
2024-01-18 00:00:00,Sonapur-Gauge-1,4,0.819,0.821,0.8285905449046568,0.893,0.8731794865782364,0.863,0.877941317561044
2024-01-18 01:00:00,Sonapur-Gauge-1,4,0.821,0.861,0.833070964599696,0.872,0.8684630765762018,0.849,0.8690169682259656
2024-01-18 02:00:00,Sonapur-Gauge-1,4,0.861,0.893,0.8822445848268416,0.852,0.9068127607588534,0.855,0.9226794731389084
2024-01-18 03:00:00,Sonapur-Gauge-1,4,0.893,0.872,0.899785496934159,0.863,0.8903411743953442,0.848,0.8913446422101656
2024-01-18 04:00:00,Sonapur-Gauge-1,4,0.872,0.852,0.8809326777470493,0.849,0.8760632077582665,0.857,0.8744646003124615
2024-01-18 05:00:00,Sonapur-Gauge-1,4,0.852,0.863,0.8731018212314245,0.855,0.8639628190188978,0.871,0.8719928905820958
2024-01-18 06:00:00,Sonapur-Gauge-1,4,0.863,0.849,0.8683833032386935,0.848,0.8649350520044586,0.852,0.8737929553461244
2024-01-18 07:00:00,Sonapur-Gauge-1,4,0.849,0.855,0.8562042663457636,0.857,0.8559822117184912,0.85,0.8701758286309008
2024-01-18 08:00:00,Sonapur-Gauge-1,4,0.855,0.848,0.8562807875878129,0.871,0.8567544888301346,0.901,0.890651300154208
2024-01-18 09:00:00,Sonapur-Gauge-1,4,0.848,0.857,0.8558713884607779,0.852,0.8504832638558059,0.927,0.8918109956285877
2024-01-18 10:00:00,Sonapur-Gauge-1,4,0.857,0.871,0.8574846951203068,0.85,0.8497383352496451,0.957,0.9052148392683075
2024-01-18 11:00:00,Sonapur-Gauge-1,4,0.871,0.852,0.8687491193103186,0.901,0.8777261005511684,1.018,0.9065235005729964
2024-01-18 12:00:00,Sonapur-Gauge-1,4,0.852,0.85,0.8750020277667178,0.927,0.9389091760016943,1.036,1.0085187331379315
2024-01-18 13:00:00,Sonapur-Gauge-1,4,0.85,0.901,0.8801150559088659,0.957,0.9326504869421364,1.032,0.9732881471173067
2024-01-18 14:00:00,Sonapur-Gauge-1,4,0.901,0.927,0.9135427812679809,1.018,0.98051035203459,1.005,0.9920987687783486
2024-01-18 15:00:00,Sonapur-Gauge-1,4,0.927,0.957,0.9529070527546286,1.036,0.97853445536123,1.029,0.9770545190536468
2024-01-18 16:00:00,Sonapur-Gauge-1,4,0.957,1.018,0.9819775886959288,1.032,0.9870728261424287,1.052,0.9997497318443597
2024-01-18 17:00:00,Sonapur-Gauge-1,4,1.018,1.036,1.036645609976946,1.005,1.0247064195502016,1.053,1.0503821053061098
2024-01-18 18:00:00,Sonapur-Gauge-1,4,1.036,1.032,1.028826527162139,1.029,1.037465734823667,1.088,1.0585833379828435
2024-01-18 19:00:00,Sonapur-Gauge-1,4,1.032,1.005,1.0278099606874318,1.052,1.037095373695669,1.09,1.0575432306544523
2024-01-18 20:00:00,Sonapur-Gauge-1,4,1.005,1.029,1.0074239765373134,1.053,1.0038401478816679,1.086,0.9931896486286035
2024-01-18 21:00:00,Sonapur-Gauge-1,4,1.029,1.052,1.031095179898926,1.088,1.0406633193726011,1.105,1.056654425527642
2024-01-18 22:00:00,Sonapur-Gauge-1,4,1.052,1.053,1.0500332197861006,1.09,1.0499424186710182,1.109,1.0693201853691767
2024-01-18 23:00:00,Sonapur-Gauge-1,4,1.053,1.088,1.0507236956733246,1.086,1.0426560215278893,1.118,1.055424171387819
2024-01-19 00:00:00,Sonapur-Gauge-1,4,1.088,1.09,1.0858666288519379,1.105,1.0932827969723662,1.069,1.066045571491866
2024-01-19 01:00:00,Sonapur-Gauge-1,4,1.09,1.086,1.0844669600285846,1.109,1.0906179697204743,1.071,1.0645848409640863
2024-01-19 02:00:00,Sonapur-Gauge-1,4,1.086,1.105,1.0871010850712304,1.118,1.0800463935654931,1.056,1.0646276580618759
2024-01-19 03:00:00,Sonapur-Gauge-1,4,1.105,1.109,1.10554601744288,1.069,1.088749746286596,1.04,1.0886668904098777
2024-01-19 04:00:00,Sonapur-Gauge-1,4,1.109,1.118,1.1084208977773273,1.071,1.0970152256255536,1.031,1.094470040159039
2024-01-19 05:00:00,Sonapur-Gauge-1,4,1.118,1.069,1.1077720418441364,1.056,1.106282594192604,1.013,1.0938520282969706
2024-01-19 06:00:00,Sonapur-Gauge-1,4,1.069,1.071,1.067214967814341,1.04,1.0486096406132515,1.053,1.0612492415464627
2024-01-19 07:00:00,Sonapur-Gauge-1,4,1.071,1.056,1.066507239516953,1.031,1.0512058359066914,1.053,1.0602987333264062
2024-01-19 08:00:00,Sonapur-Gauge-1,4,1.056,1.04,1.0521646478776674,1.013,1.044985361824027,1.04,1.0561679840521205
2024-01-19 09:00:00,Sonapur-Gauge-1,4,1.04,1.031,1.0333373020163314,1.053,1.044523910551338,1.061,1.0618374363803804
2024-01-19 10:00:00,Sonapur-Gauge-1,4,1.031,1.013,1.0310261951386392,1.053,1.0427228705925167,1.111,1.0670230070436468
2024-01-19 11:00:00,Sonapur-Gauge-1,4,1.013,1.053,1.0211271298728564,1.04,1.0182282632638517,1.122,1.0524698351485617
2024-01-19 12:00:00,Sonapur-Gauge-1,4,1.053,1.053,1.0644288892706202,1.061,1.0883008302704373,1.112,1.1263962028313261
2024-01-19 13:00:00,Sonapur-Gauge-1,4,1.053,1.04,1.0638339424533478,1.111,1.1166349114189993,1.101,1.1203322221910497
2024-01-19 14:00:00,Sonapur-Gauge-1,4,1.04,1.061,1.062069185812756,1.122,1.1172361875155878,1.147,1.1208030093960835
2024-01-19 15:00:00,Sonapur-Gauge-1,4,1.061,1.111,1.0853559003018107,1.112,1.0944079633694221,1.16,1.0522833830324576
2024-01-19 16:00:00,Sonapur-Gauge-1,4,1.111,1.122,1.1247068153135538,1.101,1.1127920266499687,1.141,1.1153832976585571
2024-01-19 17:00:00,Sonapur-Gauge-1,4,1.122,1.112,1.1237997956435624,1.147,1.1215244822330375,1.131,1.1110057988284199
2024-01-19 18:00:00,Sonapur-Gauge-1,4,1.112,1.101,1.1078632470904657,1.16,1.1057911312277497,1.109,1.0966962119754315
2024-01-19 19:00:00,Sonapur-Gauge-1,4,1.101,1.147,1.1015072484202573,1.141,1.0873097210352296,1.141,1.0622911973019717
2024-01-19 20:00:00,Sonapur-Gauge-1,4,1.147,1.16,1.141914790289652,1.131,1.1344033033360088,1.103,1.1163364882460516
2024-01-19 21:00:00,Sonapur-Gauge-1,4,1.16,1.141,1.1515089152277538,1.109,1.1465373488197563,1.079,1.1456611216282642
2024-01-19 22:00:00,Sonapur-Gauge-1,4,1.141,1.131,1.1366730592779546,1.141,1.1307179279796808,1.092,1.1116436442717954
2024-01-19 23:00:00,Sonapur-Gauge-1,4,1.131,1.109,1.1249412234965592,1.103,1.1205357626319206,1.121,1.1078177504203703
2024-01-20 00:00:00,Sonapur-Gauge-1,4,1.109,1.141,1.1122073814599465,1.079,1.0987372429099562,1.115,1.098634082964132
2024-01-20 01:00:00,Sonapur-Gauge-1,4,1.141,1.103,1.131712603842586,1.092,1.122889191505309,1.103,1.111732982993128
2024-01-20 02:00:00,Sonapur-Gauge-1,4,1.103,1.079,1.0920820054049343,1.121,1.0887530691343195,1.098,1.0936747577673858
2024-01-20 03:00:00,Sonapur-Gauge-1,4,1.079,1.092,1.0786378473744367,1.115,1.0703312061417989,1.094,1.0665892431928372
2024-01-20 04:00:00,Sonapur-Gauge-1,4,1.092,1.121,1.0885970792298107,1.103,1.083017795731006,1.13,1.0738729989798792
2024-01-20 05:00:00,Sonapur-Gauge-1,4,1.121,1.115,1.1204543013942057,1.098,1.1113672083151434,1.134,1.108783923343703
2024-01-20 06:00:00,Sonapur-Gauge-1,4,1.115,1.103,1.1086527369750476,1.094,1.1061783200202753,1.121,1.102081049985526
2024-01-20 07:00:00,Sonapur-Gauge-1,4,1.103,1.098,1.0989814192289311,1.13,1.0955093669033593,1.124,1.0949919884107475
2024-01-20 08:00:00,Sonapur-Gauge-1,4,1.098,1.094,1.0942900677376215,1.134,1.0940492702962605,1.138,1.074625045431159
2024-01-20 09:00:00,Sonapur-Gauge-1,4,1.094,1.13,1.0959048365189885,1.121,1.091066686206076,1.113,1.0692491865774096
2024-01-20 10:00:00,Sonapur-Gauge-1,4,1.13,1.134,1.1264592161817046,1.124,1.1186026440694792,1.114,1.105748654063683
2024-01-20 11:00:00,Sonapur-Gauge-1,4,1.134,1.121,1.1302636954323764,1.138,1.123478858372855,1.108,1.1159656988164597
2024-01-20 12:00:00,Sonapur-Gauge-1,4,1.121,1.124,1.120549925955849,1.113,1.1077048787077215,1.079,1.0867927363180978
2024-01-20 13:00:00,Sonapur-Gauge-1,4,1.124,1.138,1.121486173396431,1.114,1.1076743032936458,1.065,1.0862663455956703
2024-01-20 14:00:00,Sonapur-Gauge-1,4,1.138,1.113,1.129319089542389,1.108,1.1139278821424756,1.05,1.0988456468847771
2024-01-20 15:00:00,Sonapur-Gauge-1,4,1.113,1.114,1.1069714153699783,1.079,1.0979965968473804,1.036,1.0845873794515504
2024-01-20 16:00:00,Sonapur-Gauge-1,4,1.114,1.108,1.1061202270836998,1.065,1.099386352721349,1.07,1.0918012327404454
2024-01-20 17:00:00,Sonapur-Gauge-1,4,1.108,1.079,1.097173353253472,1.05,1.0929501034068079,1.066,1.0923086911423103
2024-01-20 18:00:00,Sonapur-Gauge-1,4,1.079,1.065,1.0763820661329933,1.036,1.060449230803742,1.068,1.0790684717012091
2024-01-20 19:00:00,Sonapur-Gauge-1,4,1.065,1.05,1.0576044953701564,1.07,1.0573269876902047,1.077,1.0790786418813005
2024-01-20 20:00:00,Sonapur-Gauge-1,4,1.05,1.036,1.0481025388593443,1.066,1.0553388935690389,1.074,1.0795043543872371
2024-01-20 21:00:00,Sonapur-Gauge-1,4,1.036,1.07,1.0369080078094433,1.068,1.0414588940299545,1.063,1.0703474873984384
2024-01-20 22:00:00,Sonapur-Gauge-1,4,1.07,1.066,1.0673675866692345,1.077,1.057582890481427,1.092,1.0793490910849428
2024-01-20 23:00:00,Sonapur-Gauge-1,4,1.066,1.068,1.056527007089312,1.074,1.0586528978327976,1.119,1.080504206115281
2024-01-21 00:00:00,Sonapur-Gauge-1,4,1.068,1.077,1.0634619287715537,1.063,1.0598781684168275,1.134,1.0761874975307144
2024-01-21 01:00:00,Sonapur-Gauge-1,4,1.077,1.074,1.0718764617620453,1.092,1.0651045406511963,1.129,1.0800877418240349
2024-01-21 02:00:00,Sonapur-Gauge-1,4,1.074,1.063,1.0663950145753418,1.119,1.0757622717793518,1.129,1.078928875919857
2024-01-21 03:00:00,Sonapur-Gauge-1,4,1.063,1.092,1.0643156072894882,1.134,1.0683790400142044,1.109,1.0740831923037926
2024-01-21 04:00:00,Sonapur-Gauge-1,4,1.092,1.119,1.0944073266002878,1.129,1.092150446700485,1.108,1.0808195626223578
2024-01-21 05:00:00,Sonapur-Gauge-1,4,1.119,1.134,1.1183995180067507,1.129,1.1074664323597503,1.082,1.0888653447836318
2024-01-21 06:00:00,Sonapur-Gauge-1,4,1.134,1.129,1.1268979120739127,1.109,1.1111049250283986,1.097,1.102001254898066
2024-01-21 07:00:00,Sonapur-Gauge-1,4,1.129,1.129,1.1233127350499186,1.108,1.1090962110508156,1.127,1.0995015503825982
2024-01-21 08:00:00,Sonapur-Gauge-1,4,1.129,1.109,1.1212989634030401,1.082,1.1072445545276781,1.102,1.0999567372743284
2024-01-21 09:00:00,Sonapur-Gauge-1,4,1.109,1.108,1.105272827877411,1.097,1.097985388349163,1.131,1.0886295371974248
2024-01-21 10:00:00,Sonapur-Gauge-1,4,1.108,1.082,1.100021301256207,1.127,1.0984783949979247,1.137,1.092490487536118
2024-01-21 11:00:00,Sonapur-Gauge-1,4,1.082,1.097,1.084465075561436,1.102,1.0868058650516583,1.114,1.075981329631046
2024-01-21 12:00:00,Sonapur-Gauge-1,4,1.097,1.127,1.101165638432206,1.131,1.0921693987673262,1.113,1.0774343020362105
2024-01-21 13:00:00,Sonapur-Gauge-1,4,1.127,1.102,1.1202048299874017,1.137,1.1116528175870972,1.137,1.0980976297119391
2024-01-21 14:00:00,Sonapur-Gauge-1,4,1.102,1.131,1.102927985729358,1.114,1.0929233934452596,1.155,1.0873311687494003
2024-01-21 15:00:00,Sonapur-Gauge-1,4,1.131,1.137,1.1245990839450077,1.113,1.1134723737739198,1.172,1.1044531626574778
2024-01-21 16:00:00,Sonapur-Gauge-1,4,1.137,1.114,1.1288692700648995,1.137,1.114420097689657,1.159,1.1042044344617277
2024-01-21 17:00:00,Sonapur-Gauge-1,4,1.114,1.113,1.111129601106679,1.155,1.1057218282270547,1.135,1.088359842081969
2024-01-21 18:00:00,Sonapur-Gauge-1,4,1.113,1.137,1.1141201084942558,1.172,1.1067229627089339,1.131,1.0908591903188478
2024-01-21 19:00:00,Sonapur-Gauge-1,4,1.137,1.155,1.131495871212202,1.159,1.1188419014242055,1.129,1.1175858609235556
2024-01-21 20:00:00,Sonapur-Gauge-1,4,1.155,1.172,1.1497976795904965,1.135,1.1417915432547152,1.12,1.1450578083345462
2024-01-21 21:00:00,Sonapur-Gauge-1,4,1.172,1.159,1.1667884121832386,1.131,1.1666792029865087,1.105,1.1801042127799155
2024-01-21 22:00:00,Sonapur-Gauge-1,4,1.159,1.135,1.1564994789021634,1.129,1.1581647596868714,1.08,1.1527014651502157
2024-01-21 23:00:00,Sonapur-Gauge-1,4,1.135,1.131,1.1325979406521376,1.12,1.1158574700542554,1.091,1.107757928124468
2024-01-22 00:00:00,Sonapur-Gauge-1,4,1.131,1.129,1.125523480245574,1.105,1.1158524454453735,1.072,1.1031928113179021
2024-01-22 01:00:00,Sonapur-Gauge-1,4,1.129,1.12,1.1223658311879612,1.08,1.1164156089475186,1.088,1.1082316558248202
2024-01-22 02:00:00,Sonapur-Gauge-1,4,1.12,1.105,1.1189136805250357,1.091,1.1183246572463417,1.094,1.1141634825404978
2024-01-22 03:00:00,Sonapur-Gauge-1,4,1.105,1.08,1.1019073250652105,1.072,1.1048595911707473,1.107,1.1258039593272016
2024-01-22 04:00:00,Sonapur-Gauge-1,4,1.08,1.091,1.0822422178863662,1.088,1.079583191551162,1.099,1.0716280646050431
2024-01-22 05:00:00,Sonapur-Gauge-1,4,1.091,1.072,1.0873004344809993,1.094,1.0947437117826644,1.122,1.081267511405038
2024-01-22 06:00:00,Sonapur-Gauge-1,4,1.072,1.088,1.0744896676372095,1.107,1.0622686143156301,1.131,1.0667957190114021
2024-01-22 07:00:00,Sonapur-Gauge-1,4,1.088,1.094,1.0910430851961486,1.099,1.091484853153912,1.12,1.0819211156568131
2024-01-22 08:00:00,Sonapur-Gauge-1,4,1.094,1.107,1.105254831132968,1.122,1.1286543531565807,1.114,1.136655677962779
2024-01-22 09:00:00,Sonapur-Gauge-1,4,1.107,1.099,1.1143282389345197,1.131,1.1383261376782048,1.09,1.1253302405829644
2024-01-22 10:00:00,Sonapur-Gauge-1,4,1.099,1.122,1.1113979647003278,1.12,1.1282414354344144,1.053,1.1145515564638957
2024-01-22 11:00:00,Sonapur-Gauge-1,4,1.122,1.131,1.1248831584303478,1.114,1.1199469432237092,1.064,1.1002936821008467
2024-01-22 12:00:00,Sonapur-Gauge-1,4,1.131,1.12,1.1289559340516815,1.09,1.1197224799439984,1.036,1.1045612307009742
2024-01-22 13:00:00,Sonapur-Gauge-1,4,1.12,1.114,1.121313539567006,1.053,1.1118124090097006,1.041,1.095497720837225
2024-01-22 14:00:00,Sonapur-Gauge-1,4,1.114,1.09,1.1066390283069611,1.064,1.1018269307189494,1.083,1.0920698951490975
2024-01-22 15:00:00,Sonapur-Gauge-1,4,1.09,1.053,1.0727110331795522,1.036,1.0649508968896313,1.079,1.0686277572599694
2024-01-22 16:00:00,Sonapur-Gauge-1,4,1.053,1.064,1.0558861564965185,1.041,1.0465178609337487,1.104,1.0580274025920942
2024-01-22 17:00:00,Sonapur-Gauge-1,4,1.064,1.036,1.0516958134997763,1.083,1.049390626881135,1.111,1.062632050309082
2024-01-22 18:00:00,Sonapur-Gauge-1,4,1.036,1.041,1.0380811870235265,1.079,1.0420719405298424,1.13,1.0645319038651535
2024-01-22 19:00:00,Sonapur-Gauge-1,4,1.041,1.083,1.0391846409660965,1.104,1.0473947066881417,1.109,1.066472533117586
2024-01-22 20:00:00,Sonapur-Gauge-1,4,1.083,1.079,1.0775750936178101,1.111,1.082910120762389,1.131,1.0734732928054567
2024-01-22 21:00:00,Sonapur-Gauge-1,4,1.079,1.104,1.0944369481385536,1.13,1.1315786179606215,1.127,1.1295423064675485
2024-01-22 22:00:00,Sonapur-Gauge-1,4,1.104,1.111,1.1134662021545823,1.109,1.1417614597796037,1.169,1.1408605852735247
2024-01-22 23:00:00,Sonapur-Gauge-1,4,1.111,1.13,1.1226663501535876,1.131,1.1359224615149146,1.12,1.1368448483653273
2024-01-23 00:00:00,Sonapur-Gauge-1,4,1.13,1.109,1.1292549549429818,1.127,1.131011230580467,1.104,1.1247068932733204
2024-01-23 01:00:00,Sonapur-Gauge-1,4,1.109,1.131,1.1218516918837396,1.169,1.124658571678734,1.107,1.1206343528235805
2024-01-23 02:00:00,Sonapur-Gauge-1,4,1.131,1.127,1.1310568902055116,1.12,1.1325699172267127,1.119,1.126549727008066
2024-01-23 03:00:00,Sonapur-Gauge-1,4,1.127,1.169,1.1319146237274087,1.104,1.1223439016421466,1.11,1.1205792468839113
2024-01-23 04:00:00,Sonapur-Gauge-1,4,1.169,1.12,1.1530239587537063,1.107,1.1591891154986942,1.168,1.175133210469464
2024-01-23 05:00:00,Sonapur-Gauge-1,4,1.12,1.104,1.1251808684898204,1.119,1.1246546881262733,1.2,1.1376279206565973
2024-01-23 06:00:00,Sonapur-Gauge-1,4,1.104,1.107,1.0978769374856876,1.11,1.0946366697350107,1.233,1.1292062996581884
2024-01-23 07:00:00,Sonapur-Gauge-1,4,1.107,1.119,1.1059909971773867,1.168,1.1123201159278813,1.227,1.1300412698862083
2024-01-23 08:00:00,Sonapur-Gauge-1,4,1.119,1.11,1.1164488916757696,1.2,1.113552535912203,1.267,1.107942033252346
2024-01-23 09:00:00,Sonapur-Gauge-1,4,1.11,1.168,1.109957967740589,1.233,1.1046649157954365,1.366,1.1107106768001351
2024-01-23 10:00:00,Sonapur-Gauge-1,4,1.168,1.2,1.2045068651650122,1.227,1.2535176061105286,1.376,1.357461613635548
2024-01-23 11:00:00,Sonapur-Gauge-1,4,1.2,1.233,1.2274637179023145,1.267,1.2613268709429184,1.397,1.322377539534768
2024-01-23 12:00:00,Sonapur-Gauge-1,4,1.233,1.227,1.256317273196698,1.366,1.3532147678812192,1.397,1.3424352065854674
2024-01-23 13:00:00,Sonapur-Gauge-1,4,1.227,1.267,1.239732757232135,1.376,1.2637598478678649,1.435,1.2747458444141901
2024-01-23 14:00:00,Sonapur-Gauge-1,4,1.267,1.366,1.3125926771101084,1.397,1.29531354096615,1.459,1.2906642172855176
2024-01-23 15:00:00,Sonapur-Gauge-1,4,1.366,1.376,1.3990832062041272,1.397,1.4623922140053567,1.465,1.5225402426739927
2024-01-23 16:00:00,Sonapur-Gauge-1,4,1.376,1.397,1.4053276800357146,1.435,1.4605541760805911,1.452,1.4736720874574094
2024-01-23 17:00:00,Sonapur-Gauge-1,4,1.397,1.397,1.422746012497916,1.459,1.4833713227780392,1.441,1.4753685812509252
2024-01-23 18:00:00,Sonapur-Gauge-1,4,1.397,1.435,1.4240247700807662,1.465,1.431495417911499,1.43,1.4504761992552833
2024-01-23 19:00:00,Sonapur-Gauge-1,4,1.435,1.459,1.4621180822062243,1.452,1.4579238784660464,1.424,1.4540682487221912
2024-01-23 20:00:00,Sonapur-Gauge-1,4,1.459,1.465,1.4682893603501201,1.441,1.458592893592289,1.416,1.462403808662407
2024-01-23 21:00:00,Sonapur-Gauge-1,4,1.465,1.452,1.4583805788598623,1.43,1.4507062022504449,1.415,1.4421310748212945
2024-01-23 22:00:00,Sonapur-Gauge-1,4,1.452,1.441,1.4441237737046762,1.424,1.4144350242471806,1.436,1.4095624287601385
2024-01-23 23:00:00,Sonapur-Gauge-1,4,1.441,1.43,1.4288108606246441,1.416,1.40977643862185,1.446,1.4101291434814733
2024-01-24 00:00:00,Sonapur-Gauge-1,4,1.43,1.424,1.4160328731523815,1.415,1.409343081142066,1.471,1.410420458055832
2024-01-24 01:00:00,Sonapur-Gauge-1,4,1.424,1.416,1.4141376865366366,1.436,1.408759101554876,1.437,1.3972661467365945
2024-01-24 02:00:00,Sonapur-Gauge-1,4,1.416,1.415,1.4061635197281683,1.446,1.4062535834832441,1.411,1.3897487790327636
2024-01-24 03:00:00,Sonapur-Gauge-1,4,1.415,1.436,1.4074072440152663,1.471,1.4053907240483026,1.424,1.3791935129738537
2024-01-24 04:00:00,Sonapur-Gauge-1,4,1.436,1.446,1.4292389565551928,1.437,1.41790949214988,1.393,1.3955051717610345
2024-01-24 05:00:00,Sonapur-Gauge-1,4,1.446,1.471,1.4448633669602897,1.411,1.4181688342301015,1.416,1.4023139407163794
2024-01-24 06:00:00,Sonapur-Gauge-1,4,1.471,1.437,1.4564656695906857,1.424,1.4464458924213963,1.395,1.4308661329591172
2024-01-24 07:00:00,Sonapur-Gauge-1,4,1.437,1.411,1.420627771908137,1.393,1.407386803489103,1.382,1.3861099912265735
2024-01-24 08:00:00,Sonapur-Gauge-1,4,1.411,1.424,1.4071059176840017,1.416,1.386917013860897,1.365,1.3496945648533785
2024-01-24 09:00:00,Sonapur-Gauge-1,4,1.424,1.393,1.409286764284896,1.395,1.4054606580292368,1.356,1.3766577033152738
2024-01-24 10:00:00,Sonapur-Gauge-1,4,1.393,1.416,1.3885262172566375,1.382,1.365879557152233,1.38,1.3465967213832215
2024-01-24 11:00:00,Sonapur-Gauge-1,4,1.416,1.395,1.4069698105817199,1.365,1.3939880024169498,1.396,1.3791272600985964
2024-01-24 12:00:00,Sonapur-Gauge-1,4,1.395,1.382,1.391846150950331,1.356,1.3669876688300795,1.425,1.3501916738866617
2024-01-24 13:00:00,Sonapur-Gauge-1,4,1.382,1.365,1.375813486124052,1.38,1.3604694779613486,1.459,1.3381565398985937
2024-01-24 14:00:00,Sonapur-Gauge-1,4,1.365,1.356,1.355697573120813,1.396,1.3461493438401375,1.437,1.3313408757121539
2024-01-24 15:00:00,Sonapur-Gauge-1,4,1.356,1.38,1.3534853412769297,1.425,1.3354363634019155,1.405,1.3222159212930424
2024-01-24 16:00:00,Sonapur-Gauge-1,4,1.38,1.396,1.3784473333793281,1.459,1.369299274752496,1.398,1.3348619083920903
2024-01-24 17:00:00,Sonapur-Gauge-1,4,1.396,1.425,1.3987388498440785,1.437,1.376239589375549,1.395,1.3479040618946017
2024-01-24 18:00:00,Sonapur-Gauge-1,4,1.425,1.459,1.4207786094486914,1.405,1.4018774502939324,1.356,1.3798489023738034
2024-01-24 19:00:00,Sonapur-Gauge-1,4,1.459,1.437,1.4491123571337197,1.398,1.4187870844953945,1.364,1.3763665915594563
2024-01-24 20:00:00,Sonapur-Gauge-1,4,1.437,1.405,1.4211748048451087,1.395,1.395852955646151,1.339,1.3695132599245836
2024-01-24 21:00:00,Sonapur-Gauge-1,4,1.405,1.398,1.3963730798166383,1.356,1.367546568148908,1.327,1.3272901481176975
2024-01-24 22:00:00,Sonapur-Gauge-1,4,1.398,1.395,1.3960191216301843,1.364,1.3709705365919713,1.336,1.3369964230937854
2024-01-24 23:00:00,Sonapur-Gauge-1,4,1.395,1.356,1.3934641619983024,1.339,1.3692592694225751,1.338,1.3369083573189802
2024-01-25 00:00:00,Sonapur-Gauge-1,4,1.356,1.364,1.3605981539967076,1.327,1.338871915837303,1.333,1.3170482949934148
2024-01-25 01:00:00,Sonapur-Gauge-1,4,1.364,1.339,1.3527992388910948,1.336,1.343105558486362,1.331,1.32045684589261
2024-01-25 02:00:00,Sonapur-Gauge-1,4,1.339,1.327,1.3396694690427031,1.338,1.3202967035840494,1.334,1.2951866074379141
2024-01-25 03:00:00,Sonapur-Gauge-1,4,1.327,1.336,1.3283453106083507,1.333,1.3119665664817006,1.31,1.2855242664282336
2024-01-25 04:00:00,Sonapur-Gauge-1,4,1.336,1.338,1.3341548025425005,1.331,1.3147611655276685,1.306,1.2861181006831421
2024-01-25 05:00:00,Sonapur-Gauge-1,4,1.338,1.333,1.3264796742618579,1.334,1.3094408110816278,1.296,1.2839540087175207
2024-01-25 06:00:00,Sonapur-Gauge-1,4,1.333,1.331,1.3275287845926367,1.31,1.3071433177311695,1.288,1.28324745864028
2024-01-25 07:00:00,Sonapur-Gauge-1,4,1.331,1.334,1.3254803522515888,1.306,1.304388743213894,1.301,1.2822751304935127
2024-01-25 08:00:00,Sonapur-Gauge-1,4,1.334,1.31,1.3240009193517819,1.296,1.3054563198964937,1.296,1.2826066837876142
2024-01-25 09:00:00,Sonapur-Gauge-1,4,1.31,1.306,1.3031934212414944,1.288,1.287070956062588,1.314,1.2743826217887375
2024-01-25 10:00:00,Sonapur-Gauge-1,4,1.306,1.296,1.3005261795923098,1.301,1.2862900676161764,1.293,1.2716237934060792
2024-01-25 11:00:00,Sonapur-Gauge-1,4,1.296,1.288,1.2977431982142662,1.296,1.2860425636906039,1.28,1.269754133704158
2024-01-25 12:00:00,Sonapur-Gauge-1,4,1.288,1.301,1.2813383713920623,1.314,1.263661566986847,1.239,1.2514969582878916
2024-01-25 13:00:00,Sonapur-Gauge-1,4,1.301,1.296,1.3013986217851987,1.293,1.2870671014707105,1.21,1.2704279211642935
2024-01-25 14:00:00,Sonapur-Gauge-1,4,1.296,1.314,1.2962282609943654,1.28,1.2630753753492532,1.194,1.2131997556600593
2024-01-25 15:00:00,Sonapur-Gauge-1,4,1.314,1.293,1.3009154542428791,1.239,1.258853989494461,1.195,1.2108673388799176
2024-01-25 16:00:00,Sonapur-Gauge-1,4,1.293,1.28,1.2807770425888307,1.21,1.2499250454520463,1.177,1.2079449646143923
2024-01-25 17:00:00,Sonapur-Gauge-1,4,1.28,1.239,1.2662158450811858,1.194,1.2325786185881922,1.147,1.2029374967878008
2024-01-25 18:00:00,Sonapur-Gauge-1,4,1.239,1.21,1.228640953780175,1.195,1.215664930128081,1.146,1.1985812156463624
2024-01-25 19:00:00,Sonapur-Gauge-1,4,1.21,1.194,1.2044943786589284,1.177,1.1973411364197843,1.106,1.177163909841803
2024-01-25 20:00:00,Sonapur-Gauge-1,4,1.194,1.195,1.1933436196559624,1.147,1.1851196418220737,1.067,1.178858520165076
2024-01-25 21:00:00,Sonapur-Gauge-1,4,1.195,1.177,1.1883597976820743,1.146,1.1774116093669584,1.046,1.1713523345126329
2024-01-25 22:00:00,Sonapur-Gauge-1,4,1.177,1.147,1.165026394590128,1.106,1.1558378890469794,1.049,1.1604815628784164
2024-01-25 23:00:00,Sonapur-Gauge-1,4,1.147,1.146,1.138284535134457,1.067,1.1044900823514623,1.027,1.1004368806456537
2024-01-26 00:00:00,Sonapur-Gauge-1,4,1.146,1.106,1.1321045637565723,1.046,1.115814160851638,1.027,1.1097740180926798
2024-01-26 01:00:00,Sonapur-Gauge-1,4,1.106,1.067,1.0944685128180134,1.049,1.089095164429643,1.042,1.1005264772819816
2024-01-26 02:00:00,Sonapur-Gauge-1,4,1.067,1.046,1.0620535315152178,1.027,1.0600343742877942,1.051,1.096317953467853
2024-01-26 03:00:00,Sonapur-Gauge-1,4,1.046,1.049,1.0480868105962964,1.027,1.0544405347978119,1.086,1.0978559528879657
2024-01-26 04:00:00,Sonapur-Gauge-1,4,1.049,1.027,1.0443011699668845,1.042,1.057176458030179,1.127,1.1042419504618313
2024-01-26 05:00:00,Sonapur-Gauge-1,4,1.027,1.027,1.0281499653950685,1.051,1.0454187309108176,1.191,1.1198939252607154
2024-01-26 06:00:00,Sonapur-Gauge-1,4,1.027,1.042,1.028755290077173,1.086,1.0465343269747291,1.236,1.1221649283076203
2024-01-26 07:00:00,Sonapur-Gauge-1,4,1.042,1.051,1.0383948245136745,1.127,1.0685398491478344,1.257,1.1304795234409903
2024-01-26 08:00:00,Sonapur-Gauge-1,4,1.051,1.086,1.0612099227448788,1.191,1.0764033303461995,1.265,1.1186277011152923
2024-01-26 09:00:00,Sonapur-Gauge-1,4,1.086,1.127,1.0939105907937603,1.236,1.1128193604881629,1.296,1.1275781503570566
2024-01-26 10:00:00,Sonapur-Gauge-1,4,1.127,1.191,1.1672662294229534,1.257,1.231938895525521,1.261,1.2543981963767263
2024-01-26 11:00:00,Sonapur-Gauge-1,4,1.191,1.236,1.2288510576686458,1.265,1.261686263818561,1.248,1.282189356835975
2024-01-26 12:00:00,Sonapur-Gauge-1,4,1.236,1.257,1.2572789979794534,1.296,1.3392677156034323,1.238,1.3251734468569063
2024-01-26 13:00:00,Sonapur-Gauge-1,4,1.257,1.265,1.283713614149081,1.261,1.271691520730587,1.253,1.2728352657693258
2024-01-26 14:00:00,Sonapur-Gauge-1,4,1.265,1.296,1.2951223470701185,1.248,1.2786072364425298,1.231,1.2745619781860749
2024-01-26 15:00:00,Sonapur-Gauge-1,4,1.296,1.261,1.2980312705172987,1.238,1.302077655786017,1.232,1.2945511422300429
2024-01-26 16:00:00,Sonapur-Gauge-1,4,1.261,1.248,1.2520106540225802,1.253,1.241361644427215,1.205,1.2367994372498008
2024-01-26 17:00:00,Sonapur-Gauge-1,4,1.248,1.238,1.2400043016249158,1.231,1.2309914221055547,1.215,1.2224950856314554
2024-01-26 18:00:00,Sonapur-Gauge-1,4,1.238,1.253,1.234345683778527,1.232,1.2262165462852133,1.237,1.2169086229873145
2024-01-26 19:00:00,Sonapur-Gauge-1,4,1.253,1.231,1.2451364409935581,1.205,1.2296897472169142,1.212,1.2160752964103452
2024-01-26 20:00:00,Sonapur-Gauge-1,4,1.231,1.232,1.2204042932248624,1.215,1.2157025119671678,1.21,1.2080702618160886
2024-01-26 21:00:00,Sonapur-Gauge-1,4,1.232,1.205,1.2301893551975047,1.237,1.2186840184945498,1.257,1.2140422987097472
2024-01-26 22:00:00,Sonapur-Gauge-1,4,1.205,1.215,1.2119982314913338,1.212,1.2003912603770954,1.235,1.182463456126021
2024-01-26 23:00:00,Sonapur-Gauge-1,4,1.215,1.237,1.2164573051006442,1.21,1.2032407466998485,1.2,1.182719082106802
2024-01-27 00:00:00,Sonapur-Gauge-1,4,1.237,1.212,1.2259016544194703,1.257,1.2184864520562542,1.199,1.1997579950305712
2024-01-27 01:00:00,Sonapur-Gauge-1,4,1.212,1.21,1.2108669067133142,1.235,1.198308971319729,1.172,1.1808846400464048
2024-01-27 02:00:00,Sonapur-Gauge-1,4,1.21,1.257,1.2169945774507,1.2,1.1996655939669514,1.172,1.1858499638325695
2024-01-27 03:00:00,Sonapur-Gauge-1,4,1.257,1.235,1.2546176909221047,1.199,1.243207274162729,1.183,1.233749184760884
2024-01-27 04:00:00,Sonapur-Gauge-1,4,1.235,1.2,1.2185530241562395,1.172,1.2270022098933173,1.154,1.2200057874877248
2024-01-27 05:00:00,Sonapur-Gauge-1,4,1.2,1.199,1.1989901294398038,1.172,1.1881282594116531,1.118,1.179306196732939
2024-01-27 06:00:00,Sonapur-Gauge-1,4,1.199,1.172,1.1935062203009452,1.183,1.1851559031164178,1.133,1.177502937228573
2024-01-27 07:00:00,Sonapur-Gauge-1,4,1.172,1.172,1.1724767702039582,1.154,1.165937191574878,1.162,1.1708518495968283
2024-01-27 08:00:00,Sonapur-Gauge-1,4,1.172,1.183,1.1696875663525312,1.118,1.1613724733369162,1.149,1.1638385508701992
2024-01-27 09:00:00,Sonapur-Gauge-1,4,1.183,1.154,1.1724078509304758,1.133,1.1706093215282813,1.17,1.1761332415400798
2024-01-27 10:00:00,Sonapur-Gauge-1,4,1.154,1.118,1.1438206115163283,1.162,1.1471446128086435,1.198,1.1435175070631962
2024-01-27 11:00:00,Sonapur-Gauge-1,4,1.118,1.133,1.1148939300429244,1.149,1.110873620865141,1.203,1.1082217921868036
2024-01-27 12:00:00,Sonapur-Gauge-1,4,1.133,1.162,1.131483219929137,1.17,1.1167209204727846,1.197,1.117430675956896
2024-01-27 13:00:00,Sonapur-Gauge-1,4,1.162,1.149,1.1580804623981074,1.198,1.1632531980491272,1.202,1.1808072022817666
2024-01-27 14:00:00,Sonapur-Gauge-1,4,1.149,1.17,1.1438807804571403,1.203,1.1414719211031181,1.21,1.1304217950910262
2024-01-27 15:00:00,Sonapur-Gauge-1,4,1.17,1.198,1.1704309728569828,1.197,1.169428820102312,1.156,1.1734489488971505
2024-01-27 16:00:00,Sonapur-Gauge-1,4,1.198,1.203,1.1989338005770251,1.202,1.1911304174479607,1.146,1.1841353527881364
2024-01-27 17:00:00,Sonapur-Gauge-1,4,1.203,1.197,1.1990217057325852,1.21,1.194757934631908,1.112,1.1803357910127592
2024-01-27 18:00:00,Sonapur-Gauge-1,4,1.197,1.202,1.194920686179548,1.156,1.1847253895555914,1.088,1.1712006009585185
2024-01-27 19:00:00,Sonapur-Gauge-1,4,1.202,1.21,1.1985986107923499,1.146,1.1819048688713247,1.089,1.1800115983008026
2024-01-27 20:00:00,Sonapur-Gauge-1,4,1.21,1.156,1.1979110853434554,1.112,1.1857729673466186,1.081,1.1899915314758782
2024-01-27 21:00:00,Sonapur-Gauge-1,4,1.156,1.146,1.1502965563349734,1.088,1.1371018518749283,1.076,1.1285169987144514
2024-01-27 22:00:00,Sonapur-Gauge-1,4,1.146,1.112,1.1347469507649677,1.089,1.1179024540595945,1.068,1.1057740787680228
2024-01-27 23:00:00,Sonapur-Gauge-1,4,1.112,1.088,1.1031604762938845,1.081,1.0992194443723053,1.06,1.0954525993205018
2024-01-28 00:00:00,Sonapur-Gauge-1,4,1.088,1.089,1.0834119351804845,1.076,1.0737992657130822,1.055,1.0800981964967873
2024-01-28 01:00:00,Sonapur-Gauge-1,4,1.089,1.081,1.0835184527287915,1.068,1.073240003787754,1.081,1.0792384533136286
2024-01-28 02:00:00,Sonapur-Gauge-1,4,1.081,1.076,1.0811466157966798,1.06,1.0712077831505387,1.089,1.0907896156445729
2024-01-28 03:00:00,Sonapur-Gauge-1,4,1.076,1.068,1.0696855572309987,1.055,1.0659648170420846,1.064,1.0914767521884607
2024-01-28 04:00:00,Sonapur-Gauge-1,4,1.068,1.06,1.064157773418605,1.081,1.0674826500529149,1.051,1.0916719508029549
2024-01-28 05:00:00,Sonapur-Gauge-1,4,1.06,1.055,1.0572434295400244,1.089,1.0663649301225535,1.06,1.0916719508029549
2024-01-28 06:00:00,Sonapur-Gauge-1,4,1.055,1.081,1.059215693169901,1.064,1.0655476000071624,1.067,1.0934785538296319
2024-01-28 07:00:00,Sonapur-Gauge-1,4,1.081,1.089,1.0815071386886435,1.051,1.0700537323402173,1.089,1.0913982705000402
2024-01-28 08:00:00,Sonapur-Gauge-1,4,1.089,1.064,1.0827992819701355,1.06,1.079322911400784,1.099,1.0941936110015722
2024-01-28 09:00:00,Sonapur-Gauge-1,4,1.064,1.051,1.0586271799667488,1.067,1.0651187984258355,1.114,1.0973485711224469
2024-01-28 10:00:00,Sonapur-Gauge-1,4,1.051,1.06,1.0552853944923666,1.089,1.06726494665192,1.15,1.0965625719028154
2024-01-28 11:00:00,Sonapur-Gauge-1,4,1.06,1.067,1.0579242608214126,1.099,1.0663069931341753,1.167,1.0982327057562489
2024-01-28 12:00:00,Sonapur-Gauge-1,4,1.067,1.089,1.0850705596933692,1.114,1.1156115955823185,1.198,1.1580870906185168
2024-01-28 13:00:00,Sonapur-Gauge-1,4,1.089,1.099,1.0976584843844244,1.15,1.1450290876629738,1.175,1.1514876503867915
2024-01-28 14:00:00,Sonapur-Gauge-1,4,1.099,1.114,1.1072806021985626,1.167,1.1480117775773129,1.192,1.1536607740154048
2024-01-28 15:00:00,Sonapur-Gauge-1,4,1.114,1.15,1.1202562544260428,1.198,1.117138093930997,1.234,1.1111455111956117
2024-01-28 16:00:00,Sonapur-Gauge-1,4,1.15,1.167,1.154677640976384,1.175,1.1502121989552294,1.263,1.1408670247423955
2024-01-28 17:00:00,Sonapur-Gauge-1,4,1.167,1.198,1.173818343698412,1.192,1.172676954042513,1.297,1.2091111986748377
2024-01-28 18:00:00,Sonapur-Gauge-1,4,1.198,1.175,1.1947937741744643,1.234,1.201282758126855,1.335,1.2255847800471813
2024-01-28 19:00:00,Sonapur-Gauge-1,4,1.175,1.192,1.1712999816007132,1.263,1.1828488091268332,1.339,1.21209841650607
2024-01-28 20:00:00,Sonapur-Gauge-1,4,1.192,1.234,1.2306502794867382,1.297,1.3007531157506707,1.285,1.3478363440203658
2024-01-28 21:00:00,Sonapur-Gauge-1,4,1.234,1.263,1.2659500780714381,1.335,1.3492417039557658,1.292,1.3446942975730838
2024-01-28 22:00:00,Sonapur-Gauge-1,4,1.263,1.297,1.3027271260782207,1.339,1.3558435424236706,1.257,1.3510171122162289
2024-01-28 23:00:00,Sonapur-Gauge-1,4,1.297,1.335,1.31794651748683,1.285,1.3257808654772156,1.241,1.3135609259390553
2024-01-29 00:00:00,Sonapur-Gauge-1,4,1.335,1.339,1.347236542923599,1.292,1.33853385953165,1.233,1.298818382059405
2024-01-29 01:00:00,Sonapur-Gauge-1,4,1.339,1.285,1.3475711342010368,1.257,1.3339609007447568,1.227,1.3175424696864657
2024-01-29 02:00:00,Sonapur-Gauge-1,4,1.285,1.292,1.2799333231303072,1.241,1.2608015909541026,1.238,1.2607590966661197
2024-01-29 03:00:00,Sonapur-Gauge-1,4,1.292,1.257,1.2821032608194216,1.233,1.282781793852558,1.245,1.279896318251436
2024-01-29 04:00:00,Sonapur-Gauge-1,4,1.257,1.241,1.2588515393000461,1.227,1.2583867499089185,1.242,1.2554096857049404
2024-01-29 05:00:00,Sonapur-Gauge-1,4,1.241,1.233,1.2414088612771066,1.238,1.2423871065433647,1.245,1.2407355911105924
2024-01-29 06:00:00,Sonapur-Gauge-1,4,1.233,1.227,1.2303007062244042,1.245,1.2404580211617513,1.216,1.2328571947325926
2024-01-29 07:00:00,Sonapur-Gauge-1,4,1.227,1.238,1.232060103571113,1.242,1.2349417142358885,1.194,1.2131456485128036
2024-01-29 08:00:00,Sonapur-Gauge-1,4,1.238,1.245,1.238767737421825,1.245,1.2310114953305564,1.259,1.220856582701761
2024-01-29 09:00:00,Sonapur-Gauge-1,4,1.245,1.242,1.239348200281885,1.216,1.2296142561182763,1.253,1.2218678634489664
2024-01-29 10:00:00,Sonapur-Gauge-1,4,1.242,1.245,1.2388964029286718,1.194,1.221493291432245,1.261,1.2197690848147724
2024-01-29 11:00:00,Sonapur-Gauge-1,4,1.245,1.216,1.236448705942158,1.259,1.2241661181649517,1.229,1.2177502934506752
2024-01-29 12:00:00,Sonapur-Gauge-1,4,1.216,1.194,1.2121569384466797,1.253,1.206643259145101,1.235,1.1828431048694905
2024-01-29 13:00:00,Sonapur-Gauge-1,4,1.194,1.259,1.2041850074414084,1.261,1.1835076143447774,1.221,1.1769883114632678
2024-01-29 14:00:00,Sonapur-Gauge-1,4,1.259,1.253,1.251390678432221,1.229,1.243793364639264,1.202,1.2269826173313696
2024-01-29 15:00:00,Sonapur-Gauge-1,4,1.253,1.261,1.2469911963713765,1.235,1.2293948171329798,1.229,1.2204280074112677
2024-01-29 16:00:00,Sonapur-Gauge-1,4,1.261,1.229,1.2489285975128381,1.221,1.2396788591932404,1.251,1.216412550117947
2024-01-29 17:00:00,Sonapur-Gauge-1,4,1.229,1.235,1.215921487611492,1.202,1.2128791032684598,1.24,1.199045967777283
2024-01-29 18:00:00,Sonapur-Gauge-1,4,1.235,1.221,1.2247624599490028,1.229,1.2177763374163602,1.236,1.201375072673741
2024-01-29 19:00:00,Sonapur-Gauge-1,4,1.221,1.202,1.2107917411884173,1.251,1.215028728639834,1.219,1.1982268361275743
2024-01-29 20:00:00,Sonapur-Gauge-1,4,1.202,1.229,1.2030241134022581,1.24,1.1898941870029054,1.187,1.1799205755503541
2024-01-29 21:00:00,Sonapur-Gauge-1,4,1.229,1.251,1.2248023454840806,1.236,1.213930446274709,1.222,1.2034361161322795
2024-01-29 22:00:00,Sonapur-Gauge-1,4,1.251,1.24,1.2420828278179243,1.219,1.2258129997417053,1.261,1.2150254266413625
2024-01-29 23:00:00,Sonapur-Gauge-1,4,1.24,1.236,1.2312160213472443,1.187,1.2172665621099135,1.315,1.2274762118637907
2024-01-30 00:00:00,Sonapur-Gauge-1,4,1.236,1.219,1.2229707209426115,1.222,1.2178295326858988,1.359,1.2147121814326283
2024-01-30 01:00:00,Sonapur-Gauge-1,4,1.219,1.187,1.2071466397340722,1.261,1.2116033331103442,1.369,1.1978289976952523
2024-01-30 02:00:00,Sonapur-Gauge-1,4,1.187,1.222,1.191168167605383,1.315,1.189996896572527,1.358,1.1884665220872628
2024-01-30 03:00:00,Sonapur-Gauge-1,4,1.222,1.261,1.2605791253817764,1.359,1.337072523100538,1.344,1.3686449526825295
2024-01-30 04:00:00,Sonapur-Gauge-1,4,1.261,1.315,1.3094642629545015,1.369,1.3482671344457557,1.31,1.3436622885047629
2024-01-30 05:00:00,Sonapur-Gauge-1,4,1.315,1.359,1.3562419109082924,1.358,1.406904761978218,1.3,1.350525534374949
2024-01-30 06:00:00,Sonapur-Gauge-1,4,1.359,1.369,1.3719124147586128,1.344,1.3647886668498836,1.303,1.3799383168989858
2024-01-30 07:00:00,Sonapur-Gauge-1,4,1.369,1.358,1.3689403002401985,1.31,1.3602563297505172,1.304,1.3654403327857028
2024-01-30 08:00:00,Sonapur-Gauge-1,4,1.358,1.344,1.368668600543591,1.3,1.3466517787178887,1.329,1.3625870593190212
2024-01-30 09:00:00,Sonapur-Gauge-1,4,1.344,1.31,1.3343478213984457,1.303,1.3313583278743972,1.37,1.4035545624136199
2024-01-30 10:00:00,Sonapur-Gauge-1,4,1.31,1.3,1.3029722485527708,1.304,1.304304776625249,1.429,1.4038716191616198
2024-01-30 11:00:00,Sonapur-Gauge-1,4,1.3,1.303,1.30018249323794,1.329,1.304662645102108,1.467,1.3948960445493128
2024-01-30 12:00:00,Sonapur-Gauge-1,4,1.303,1.304,1.3015517772649592,1.37,1.331393300960296,1.5,1.4183155528007263
2024-01-30 13:00:00,Sonapur-Gauge-1,4,1.304,1.329,1.3056749689742435,1.429,1.3328858635048146,1.514,1.4115389665417752
2024-01-30 14:00:00,Sonapur-Gauge-1,4,1.329,1.37,1.3701297790261202,1.467,1.4638614050934087,1.506,1.475648075183138
2024-01-30 15:00:00,Sonapur-Gauge-1,4,1.37,1.429,1.4109852689561895,1.5,1.470209947221442,1.525,1.4989810113871689
2024-01-30 16:00:00,Sonapur-Gauge-1,4,1.429,1.467,1.4656019135222074,1.514,1.514979645221852,1.511,1.5316562695394913
2024-01-30 17:00:00,Sonapur-Gauge-1,4,1.467,1.5,1.4997635137468104,1.506,1.488848327801633,1.493,1.4813196828804993
2024-01-30 18:00:00,Sonapur-Gauge-1,4,1.5,1.514,1.5190396901670864,1.525,1.5157950345096771,1.505,1.510405401537454
2024-01-30 19:00:00,Sonapur-Gauge-1,4,1.514,1.506,1.5194740434650609,1.511,1.5240329480164283,1.49,1.512178270110047
2024-01-30 20:00:00,Sonapur-Gauge-1,4,1.506,1.525,1.5032168808333222,1.493,1.491448693621994,1.49,1.4917017906659957
2024-01-30 21:00:00,Sonapur-Gauge-1,4,1.525,1.511,1.510468312977652,1.505,1.4996811045709357,1.483,1.4911897772752776
2024-01-30 22:00:00,Sonapur-Gauge-1,4,1.511,1.493,1.5039152274240668,1.49,1.4958101622500313,1.481,1.484861983080512
2024-01-30 23:00:00,Sonapur-Gauge-1,4,1.493,1.505,1.4893525225154138,1.49,1.4811294550469438,1.486,1.4810851074978262
2024-01-31 00:00:00,Sonapur-Gauge-1,4,1.505,1.49,1.5015194655033064,1.483,1.494116706708939,1.5,1.4902485149205824
2024-01-31 01:00:00,Sonapur-Gauge-1,4,1.49,1.49,1.4856704893686847,1.481,1.4706767597614612,1.508,1.4686255923632874
2024-01-31 02:00:00,Sonapur-Gauge-1,4,1.49,1.483,1.4842894722179731,1.486,1.4659901349167048,1.524,1.4664382566548921
2024-01-31 03:00:00,Sonapur-Gauge-1,4,1.483,1.481,1.4715291692888548,1.5,1.461852336326144,1.505,1.4309881235039563
2024-01-31 04:00:00,Sonapur-Gauge-1,4,1.481,1.486,1.4684994845490456,1.508,1.450570290672694,1.468,1.4250609663282214
2024-01-31 05:00:00,Sonapur-Gauge-1,4,1.486,1.5,1.4783256176701216,1.524,1.467398950352871,1.452,1.4254987495381308
2024-01-31 06:00:00,Sonapur-Gauge-1,4,1.5,1.508,1.4946756600180324,1.505,1.4897229913304726,1.498,1.4760354002114306
2024-01-31 07:00:00,Sonapur-Gauge-1,4,1.508,1.524,1.5086762787889356,1.468,1.4928110234978174,1.483,1.4852801441911736
2024-01-31 08:00:00,Sonapur-Gauge-1,4,1.524,1.505,1.513123866318611,1.452,1.4975378070390917,1.432,1.492458477851237
2024-01-31 09:00:00,Sonapur-Gauge-1,4,1.505,1.468,1.4981669611230086,1.498,1.4919806724202038,1.474,1.4821625483355936
2024-01-31 10:00:00,Sonapur-Gauge-1,4,1.468,1.452,1.4692346862308174,1.483,1.4786256127962987,1.464,1.451017223692402
2024-01-31 11:00:00,Sonapur-Gauge-1,4,1.452,1.498,1.4548191580774088,1.432,1.4162091596181001,1.435,1.3880954430110417
2024-01-31 12:00:00,Sonapur-Gauge-1,4,1.498,1.483,1.4883186537213087,1.474,1.4929221219813438,1.399,1.472368315599275
2024-01-31 13:00:00,Sonapur-Gauge-1,4,1.483,1.432,1.462107867189764,1.464,1.4531499327813246,1.391,1.4305303710823556
2024-01-31 14:00:00,Sonapur-Gauge-1,4,1.432,1.474,1.433587641757579,1.435,1.4067089481203072,1.395,1.3861571616495638
2024-01-31 15:00:00,Sonapur-Gauge-1,4,1.474,1.464,1.4597891142142077,1.399,1.4470214052041814,1.397,1.4165962296751724
2024-01-31 16:00:00,Sonapur-Gauge-1,4,1.464,1.435,1.4513936084372172,1.391,1.4359373877531534,1.404,1.3984300039133233
2024-01-31 17:00:00,Sonapur-Gauge-1,4,1.435,1.399,1.426334145753142,1.395,1.4030841033840944,1.362,1.3851262968282714
2024-01-31 18:00:00,Sonapur-Gauge-1,4,1.399,1.391,1.3901377110414754,1.397,1.3714581039103195,1.328,1.3424240060460655
2024-01-31 19:00:00,Sonapur-Gauge-1,4,1.391,1.395,1.3863673342471656,1.404,1.3667655423344296,1.318,1.3427339153340045
2024-01-31 20:00:00,Sonapur-Gauge-1,4,1.395,1.397,1.3906095283063145,1.362,1.3604965563811555,1.331,1.3367244975350847
2024-01-31 21:00:00,Sonapur-Gauge-1,4,1.397,1.404,1.3911808891081192,1.328,1.3620357749405738,1.313,1.3381712876773262
2024-01-31 22:00:00,Sonapur-Gauge-1,4,1.404,1.362,1.3923440176424828,1.318,1.3640990651009057,1.257,1.3344622668611665
2024-01-31 23:00:00,Sonapur-Gauge-1,4,1.362,1.328,1.3425794919260448,1.331,1.321361583272989,1.266,1.297238389310443
2024-02-01 00:00:00,Sonapur-Gauge-1,4,1.328,1.318,1.3187502717131083,1.313,1.2968799745796489,1.202,1.2310562625692805
2024-02-01 01:00:00,Sonapur-Gauge-1,4,1.318,1.331,1.3074415447004841,1.257,1.268873561496555,1.185,1.2248876064318837
2024-02-01 02:00:00,Sonapur-Gauge-1,4,1.331,1.313,1.3198470991263984,1.266,1.2915754044853573,1.195,1.2267051441635148
2024-02-01 03:00:00,Sonapur-Gauge-1,4,1.313,1.257,1.298020128542192,1.202,1.2566087697759427,1.203,1.2233042061291044
2024-02-01 04:00:00,Sonapur-Gauge-1,4,1.257,1.266,1.2505158988805039,1.185,1.2305117935667655,1.163,1.2101720537323724
2024-02-01 05:00:00,Sonapur-Gauge-1,4,1.266,1.202,1.2456115724271015,1.195,1.2332884638043178,1.175,1.2244580716861146
2024-02-01 06:00:00,Sonapur-Gauge-1,4,1.202,1.185,1.19652529123331,1.203,1.1964252653440393,1.196,1.1856650328439642
2024-02-01 07:00:00,Sonapur-Gauge-1,4,1.185,1.195,1.1849176710829825,1.163,1.172875449232866,1.202,1.1772328706116235
2024-02-01 08:00:00,Sonapur-Gauge-1,4,1.195,1.203,1.1917064749722017,1.175,1.1863078345372835,1.189,1.1856193401394932
2024-02-01 09:00:00,Sonapur-Gauge-1,4,1.203,1.163,1.1955969014509271,1.196,1.1915993679223718,1.192,1.1838852635059043
2024-02-01 10:00:00,Sonapur-Gauge-1,4,1.163,1.175,1.1580097485157494,1.202,1.1549684144204613,1.173,1.15433884636221
2024-02-01 11:00:00,Sonapur-Gauge-1,4,1.175,1.196,1.1726883871731855,1.189,1.1642767680449928,1.191,1.173729748454126
2024-02-01 12:00:00,Sonapur-Gauge-1,4,1.196,1.202,1.1981115013660184,1.192,1.1860675691965017,1.217,1.1996085824311862
2024-02-01 13:00:00,Sonapur-Gauge-1,4,1.202,1.189,1.199017306241006,1.173,1.188272297962182,1.203,1.1978098950977534
2024-02-01 14:00:00,Sonapur-Gauge-1,4,1.189,1.192,1.18657362161726,1.191,1.185173221279604,1.214,1.1996727274293613
2024-02-01 15:00:00,Sonapur-Gauge-1,4,1.192,1.173,1.1870240557591445,1.217,1.1840281582144923,1.229,1.1990792307110532
2024-02-01 16:00:00,Sonapur-Gauge-1,4,1.173,1.191,1.1779656890214596,1.203,1.1726979755467701,1.216,1.1835894549842725
2024-02-01 17:00:00,Sonapur-Gauge-1,4,1.191,1.217,1.1923661808291244,1.214,1.1938337939614634,1.164,1.1923313439022432
2024-02-01 18:00:00,Sonapur-Gauge-1,4,1.217,1.203,1.210202583349808,1.229,1.2140532681434073,1.161,1.1929626668015074
2024-02-01 19:00:00,Sonapur-Gauge-1,4,1.203,1.214,1.2013024226349907,1.216,1.198133974257046,1.094,1.1696844990643784
2024-02-01 20:00:00,Sonapur-Gauge-1,4,1.214,1.229,1.2077078694396661,1.164,1.1957936997685708,1.123,1.177367414577881
2024-02-01 21:00:00,Sonapur-Gauge-1,4,1.229,1.216,1.2267782828527747,1.161,1.2211484391613139,1.134,1.2174090585552015
2024-02-01 22:00:00,Sonapur-Gauge-1,4,1.216,1.164,1.2010602494473273,1.094,1.1898436456102244,1.128,1.1860376240884536
2024-02-01 23:00:00,Sonapur-Gauge-1,4,1.164,1.161,1.1600643620937785,1.123,1.1598675281582063,1.145,1.1681215601674937
2024-02-02 00:00:00,Sonapur-Gauge-1,4,1.161,1.094,1.1489709269163113,1.134,1.156221267856792,1.12,1.1720775923411797
2024-02-02 01:00:00,Sonapur-Gauge-1,4,1.094,1.123,1.0952227936944354,1.128,1.096207230230887,1.142,1.0827061788647885
2024-02-02 02:00:00,Sonapur-Gauge-1,4,1.123,1.134,1.1251848497986425,1.145,1.1099206615661679,1.145,1.0944474930369634
2024-02-02 03:00:00,Sonapur-Gauge-1,4,1.134,1.128,1.1283167944175332,1.12,1.1142217009126536,1.145,1.1062825872300575
2024-02-02 04:00:00,Sonapur-Gauge-1,4,1.128,1.145,1.127031566869925,1.142,1.1129257725063995,1.132,1.1045506237245193
2024-02-02 05:00:00,Sonapur-Gauge-1,4,1.145,1.12,1.1352486855377892,1.145,1.1271279614186718,1.121,1.1096928936365635
2024-02-02 06:00:00,Sonapur-Gauge-1,4,1.12,1.142,1.1201719432300623,1.145,1.1073187309933703,1.127,1.0971565103173964
2024-02-02 07:00:00,Sonapur-Gauge-1,4,1.142,1.145,1.1339353322249568,1.132,1.1245360094346102,1.104,1.106993603594698
2024-02-02 08:00:00,Sonapur-Gauge-1,4,1.145,1.145,1.1352738387755914,1.121,1.1250535177326921,1.073,1.109755451833045
2024-02-02 09:00:00,Sonapur-Gauge-1,4,1.145,1.132,1.1349177267081438,1.127,1.1252206142202215,1.09,1.1072761488453113
2024-02-02 10:00:00,Sonapur-Gauge-1,4,1.132,1.121,1.1247172299443575,1.104,1.1119945894960854,1.095,1.102289164990855
2024-02-02 11:00:00,Sonapur-Gauge-1,4,1.121,1.127,1.1206140530028803,1.073,1.1063710532326958,1.07,1.0928613936278306
2024-02-02 12:00:00,Sonapur-Gauge-1,4,1.127,1.104,1.120866337023906,1.09,1.1090583429257685,1.067,1.0940889550386808
2024-02-02 13:00:00,Sonapur-Gauge-1,4,1.104,1.073,1.0910128704485218,1.095,1.0917208971056975,1.064,1.0880542108025932
2024-02-02 14:00:00,Sonapur-Gauge-1,4,1.073,1.09,1.0783048694315667,1.07,1.0542628579081075,1.046,1.0622373064554773
2024-02-02 15:00:00,Sonapur-Gauge-1,4,1.09,1.095,1.0843083948304653,1.067,1.0781314048850688,1.046,1.0728065442874202
2024-02-02 16:00:00,Sonapur-Gauge-1,4,1.095,1.07,1.091055245930201,1.064,1.084561792515355,1.042,1.0745608801366768
2024-02-02 17:00:00,Sonapur-Gauge-1,4,1.07,1.067,1.066867544049738,1.046,1.0551218040415846,1.057,1.0671069832265774
2024-02-02 18:00:00,Sonapur-Gauge-1,4,1.067,1.064,1.057700531764167,1.046,1.0545759337562461,1.062,1.0684290211778
2024-02-02 19:00:00,Sonapur-Gauge-1,4,1.064,1.046,1.0524677805812268,1.042,1.0540283550825609,1.076,1.0677459886180534
2024-02-02 20:00:00,Sonapur-Gauge-1,4,1.046,1.046,1.0418873887159676,1.057,1.049023244789909,1.09,1.0628755565972312
2024-02-02 21:00:00,Sonapur-Gauge-1,4,1.046,1.042,1.0395679006767884,1.062,1.0491896123640438,1.126,1.0642563768772573
2024-02-02 22:00:00,Sonapur-Gauge-1,4,1.042,1.057,1.0389448644474102,1.076,1.050235429758037,1.115,1.0654979490123198
2024-02-02 23:00:00,Sonapur-Gauge-1,4,1.057,1.062,1.056601705082182,1.09,1.058193996236694,1.119,1.0665994350401642
2024-02-03 00:00:00,Sonapur-Gauge-1,4,1.062,1.076,1.057345749438275,1.126,1.0612890695814192,1.141,1.0705092389577544
2024-02-03 01:00:00,Sonapur-Gauge-1,4,1.076,1.09,1.095035515971557,1.115,1.1285182830966012,1.134,1.1466413347766717
2024-02-03 02:00:00,Sonapur-Gauge-1,4,1.09,1.126,1.1194041055013955,1.119,1.1392085915282797,1.15,1.1521569251020694
2024-02-03 03:00:00,Sonapur-Gauge-1,4,1.126,1.115,1.1313684054036353,1.141,1.178226805534864,1.115,1.1865042973893827
2024-02-03 04:00:00,Sonapur-Gauge-1,4,1.115,1.119,1.1244273073092832,1.134,1.1259544155834922,1.101,1.113564023705643
2024-02-03 05:00:00,Sonapur-Gauge-1,4,1.119,1.141,1.126749334895694,1.15,1.1275884982397462,1.095,1.111952527516086
2024-02-03 06:00:00,Sonapur-Gauge-1,4,1.141,1.134,1.149966004550957,1.115,1.1374961486128352,1.083,1.1209266646689782
2024-02-03 07:00:00,Sonapur-Gauge-1,4,1.134,1.15,1.137926830541436,1.101,1.1310166179295225,1.063,1.1141261364619133
2024-02-03 08:00:00,Sonapur-Gauge-1,4,1.15,1.115,1.142607700035875,1.095,1.1437160946518545,1.046,1.1301763900600363
2024-02-03 09:00:00,Sonapur-Gauge-1,4,1.115,1.101,1.1147887456077548,1.083,1.1081105230601602,1.047,1.1043659111734823
2024-02-03 10:00:00,Sonapur-Gauge-1,4,1.101,1.095,1.0922692427919853,1.063,1.0773674677773495,1.037,1.0531404067508003
2024-02-03 11:00:00,Sonapur-Gauge-1,4,1.095,1.083,1.0904154841549247,1.046,1.0718657379823926,1.026,1.045231291150224
2024-02-03 12:00:00,Sonapur-Gauge-1,4,1.083,1.063,1.0766478555276346,1.047,1.0616709607537296,0.998,1.042095383832438
2024-02-03 13:00:00,Sonapur-Gauge-1,4,1.063,1.046,1.0573879442746401,1.037,1.0443750159974787,1.041,1.0551997078139344
2024-02-03 14:00:00,Sonapur-Gauge-1,4,1.046,1.047,1.0418685693174277,1.026,1.0363311829410755,1.043,1.0553433316186436
2024-02-03 15:00:00,Sonapur-Gauge-1,4,1.047,1.037,1.0391222600522425,0.998,1.0342799545173302,1.074,1.0551536937619679
2024-02-03 16:00:00,Sonapur-Gauge-1,4,1.037,1.026,1.0317075042768875,1.041,1.029482618824914,1.069,1.0506998124908795
2024-02-03 17:00:00,Sonapur-Gauge-1,4,1.026,0.998,1.0210802093332523,1.043,1.0302652895982154,1.072,1.0455597552220877
2024-02-03 18:00:00,Sonapur-Gauge-1,4,0.998,1.041,1.0104188833393877,1.074,1.0005614030036392,1.082,1.000149148460886
2024-02-03 19:00:00,Sonapur-Gauge-1,4,1.041,1.043,1.0309870593199661,1.069,1.042243500494347,1.109,1.0509229597298773
2024-02-03 20:00:00,Sonapur-Gauge-1,4,1.043,1.074,1.0437488657310838,1.072,1.0433220000102081,1.136,1.0810984614902093
2024-02-03 21:00:00,Sonapur-Gauge-1,4,1.074,1.069,1.070702551862899,1.082,1.06529087001245,1.165,1.0973394924293405
2024-02-03 22:00:00,Sonapur-Gauge-1,4,1.069,1.072,1.065738774707323,1.109,1.0861923916436664,1.181,1.1025575329922426
2024-02-03 23:00:00,Sonapur-Gauge-1,4,1.072,1.082,1.0710345027381203,1.136,1.0787734955866688,1.199,1.0925993387476445
2024-02-04 00:00:00,Sonapur-Gauge-1,4,1.082,1.109,1.0901659098857388,1.165,1.1000591986774546,1.239,1.1001375434832277
2024-02-04 01:00:00,Sonapur-Gauge-1,4,1.109,1.136,1.1345397314984236,1.181,1.1817470393068332,1.212,1.2275616946196828
2024-02-04 02:00:00,Sonapur-Gauge-1,4,1.136,1.165,1.1617280866244146,1.199,1.1915824571525537,1.239,1.2177942516521107
2024-02-04 03:00:00,Sonapur-Gauge-1,4,1.165,1.181,1.1880926753942949,1.239,1.2367720132192257,1.243,1.2381278216513816
2024-02-04 04:00:00,Sonapur-Gauge-1,4,1.181,1.199,1.20437279190755,1.212,1.205993300868085,1.228,1.2000930467629845
2024-02-04 05:00:00,Sonapur-Gauge-1,4,1.199,1.239,1.2213418017748268,1.239,1.2126897737391826,1.238,1.2008393575209482
2024-02-04 06:00:00,Sonapur-Gauge-1,4,1.239,1.212,1.2373482067483814,1.243,1.2350633930188573,1.247,1.2310612772377136
2024-02-04 07:00:00,Sonapur-Gauge-1,4,1.212,1.239,1.2148083935647722,1.228,1.20248308560311,1.244,1.186398464506376
2024-02-04 08:00:00,Sonapur-Gauge-1,4,1.239,1.243,1.2348497922676944,1.238,1.2206782603885158,1.233,1.2145554211107208
2024-02-04 09:00:00,Sonapur-Gauge-1,4,1.243,1.228,1.2370645202789874,1.247,1.2221789098456157,1.192,1.2134767575212426
2024-02-04 10:00:00,Sonapur-Gauge-1,4,1.228,1.238,1.2228019301481017,1.244,1.213976374549301,1.17,1.2085419459008475
2024-02-04 11:00:00,Sonapur-Gauge-1,4,1.238,1.247,1.2387499582419819,1.233,1.2204660187817928,1.167,1.2133139229886731
2024-02-04 12:00:00,Sonapur-Gauge-1,4,1.247,1.244,1.2388421571308421,1.192,1.223467760760441,1.171,1.214902943994048
2024-02-04 13:00:00,Sonapur-Gauge-1,4,1.244,1.233,1.2316470678880413,1.17,1.2191914127562447,1.171,1.2052331915424415
2024-02-04 14:00:00,Sonapur-Gauge-1,4,1.233,1.192,1.2157347642313632,1.167,1.215344045454483,1.177,1.200701560537867
2024-02-04 15:00:00,Sonapur-Gauge-1,4,1.192,1.17,1.1867859843677944,1.171,1.1873644193549058,1.17,1.1834595822483296
2024-02-04 16:00:00,Sonapur-Gauge-1,4,1.17,1.167,1.161847671955251,1.171,1.1632599415297966,1.182,1.168970032850471
2024-02-04 17:00:00,Sonapur-Gauge-1,4,1.167,1.171,1.1642704904930257,1.177,1.1686232553774083,1.222,1.1876578951914571
2024-02-04 18:00:00,Sonapur-Gauge-1,4,1.171,1.171,1.1701089055534026,1.17,1.1737821844772196,1.22,1.1883868288219428
2024-02-04 19:00:00,Sonapur-Gauge-1,4,1.171,1.177,1.1728607538442128,1.182,1.1748065465251532,1.21,1.1867709605106098
2024-02-04 20:00:00,Sonapur-Gauge-1,4,1.177,1.17,1.174456688157269,1.222,1.182221275013523,1.206,1.1886067139465737
2024-02-04 21:00:00,Sonapur-Gauge-1,4,1.17,1.182,1.169642139426658,1.22,1.1745185335074424,1.218,1.1796315846705823
2024-02-04 22:00:00,Sonapur-Gauge-1,4,1.182,1.222,1.1870401297450792,1.21,1.1921511725711411,1.212,1.192561525396198
2024-02-04 23:00:00,Sonapur-Gauge-1,4,1.222,1.22,1.2217406581906045,1.206,1.2291093469533452,1.223,1.2167853176412928
2024-02-05 00:00:00,Sonapur-Gauge-1,4,1.22,1.21,1.2181720585937235,1.218,1.2276837922593624,1.235,1.222883639044727
2024-02-05 01:00:00,Sonapur-Gauge-1,4,1.21,1.206,1.2037696684934258,1.212,1.1932110695931342,1.265,1.1869770926396546
2024-02-05 02:00:00,Sonapur-Gauge-1,4,1.206,1.218,1.207891336045193,1.223,1.2049582418908722,1.264,1.1960216223986015
2024-02-05 03:00:00,Sonapur-Gauge-1,4,1.218,1.212,1.2176757206839186,1.235,1.2231605877545193,1.256,1.2068069869412872
2024-02-05 04:00:00,Sonapur-Gauge-1,4,1.212,1.223,1.2134223312965267,1.265,1.2056145793593758,1.253,1.1900887131899225
2024-02-05 05:00:00,Sonapur-Gauge-1,4,1.223,1.235,1.2223255414729053,1.264,1.2262609951480252,1.243,1.2065982161793585
2024-02-05 06:00:00,Sonapur-Gauge-1,4,1.235,1.265,1.2381116388174873,1.256,1.232823389863289,1.237,1.225257249086099
2024-02-05 07:00:00,Sonapur-Gauge-1,4,1.265,1.264,1.2571682083413542,1.253,1.244842933847322,1.255,1.2419792926880613
2024-02-05 08:00:00,Sonapur-Gauge-1,4,1.264,1.256,1.249146678681872,1.243,1.235928105267574,1.235,1.2315429929567823
2024-02-05 09:00:00,Sonapur-Gauge-1,4,1.256,1.253,1.247633822278402,1.237,1.231926958112158,1.2,1.2221001182952766
2024-02-05 10:00:00,Sonapur-Gauge-1,4,1.253,1.243,1.2434874903088817,1.255,1.2280201060374323,1.197,1.2179972058436728
2024-02-05 11:00:00,Sonapur-Gauge-1,4,1.243,1.237,1.235166681314475,1.235,1.2225431157232254,1.195,1.2166822520447222
2024-02-05 12:00:00,Sonapur-Gauge-1,4,1.237,1.255,1.2351315751718608,1.2,1.2200807305326185,1.21,1.2158677661607642
2024-02-05 13:00:00,Sonapur-Gauge-1,4,1.255,1.235,1.2478808310599743,1.197,1.227914134473052,1.201,1.2178881802198267
2024-02-05 14:00:00,Sonapur-Gauge-1,4,1.235,1.2,1.2152053088666068,1.195,1.2142994986787865,1.186,1.2021738673375233
2024-02-05 15:00:00,Sonapur-Gauge-1,4,1.2,1.197,1.1951548735546413,1.21,1.1891529149257232,1.169,1.1851392183946454
2024-02-05 16:00:00,Sonapur-Gauge-1,4,1.197,1.195,1.1927436231953654,1.201,1.186541276121386,1.149,1.1762164459108153
2024-02-05 17:00:00,Sonapur-Gauge-1,4,1.195,1.21,1.192853934790788,1.186,1.1847005256769438,1.127,1.1737836279064937
2024-02-05 18:00:00,Sonapur-Gauge-1,4,1.21,1.201,1.207230313809796,1.169,1.1930095274890902,1.098,1.1789827855528445
2024-02-05 19:00:00,Sonapur-Gauge-1,4,1.201,1.186,1.1953356604701761,1.149,1.1810328775474397,1.05,1.1709507427446773
2024-02-05 20:00:00,Sonapur-Gauge-1,4,1.186,1.169,1.1825955053521384,1.127,1.1750860528908242,1.064,1.169708919630249
2024-02-05 21:00:00,Sonapur-Gauge-1,4,1.169,1.149,1.16670899009297,1.098,1.1655039915180239,1.065,1.1647092576082512
2024-02-05 22:00:00,Sonapur-Gauge-1,4,1.149,1.127,1.1406436201664583,1.05,1.126439151933254,1.104,1.1152568913426122
2024-02-05 23:00:00,Sonapur-Gauge-1,4,1.127,1.098,1.1208548247273433,1.064,1.1076092987410113,1.069,1.0946965011630714
2024-02-06 00:00:00,Sonapur-Gauge-1,4,1.098,1.05,1.0868246960793955,1.065,1.0891663835971606,1.104,1.0830895279634685
2024-02-06 01:00:00,Sonapur-Gauge-1,4,1.05,1.064,1.0508433367015189,1.104,1.0488012131133877,1.099,1.0625584191247555
2024-02-06 02:00:00,Sonapur-Gauge-1,4,1.064,1.065,1.0590891507190368,1.069,1.061333370407177,1.065,1.0673368199707245
2024-02-06 03:00:00,Sonapur-Gauge-1,4,1.065,1.104,1.0627195144827513,1.104,1.0624078506539667,1.024,1.0659393004923106
2024-02-06 04:00:00,Sonapur-Gauge-1,4,1.104,1.069,1.0908740964253385,1.099,1.0915752174132025,1.013,1.087208512702526
2024-02-06 05:00:00,Sonapur-Gauge-1,4,1.069,1.104,1.073375540864654,1.065,1.0571998851592932,1.032,1.0681532474956454
2024-02-06 06:00:00,Sonapur-Gauge-1,4,1.104,1.099,1.100268925170631,1.024,1.0883874170746637,1.037,1.084496736775796
2024-02-06 07:00:00,Sonapur-Gauge-1,4,1.099,1.065,1.0964495766720361,1.013,1.0894425155424154,1.026,1.077609431658115
2024-02-06 08:00:00,Sonapur-Gauge-1,4,1.065,1.024,1.0553411362073786,1.032,1.052821869579814,1.047,1.0641299621219162
2024-02-06 09:00:00,Sonapur-Gauge-1,4,1.024,1.013,1.022692634871146,1.037,1.0306229691591773,1.048,1.0384560257505575
2024-02-06 10:00:00,Sonapur-Gauge-1,4,1.013,1.032,1.021747229295923,1.026,1.0219981245848246,1.015,1.0233708104463113
2024-02-06 11:00:00,Sonapur-Gauge-1,4,1.032,1.037,1.0298617429419745,1.047,1.0331964989897982,1.039,1.0345420742446543
2024-02-06 12:00:00,Sonapur-Gauge-1,4,1.037,1.026,1.0338419871772428,1.048,1.0350677542686448,1.016,1.0279981421629512
2024-02-06 13:00:00,Sonapur-Gauge-1,4,1.026,1.047,1.0290526677468088,1.015,1.0258564903682164,0.994,1.0219406079119964
2024-02-06 14:00:00,Sonapur-Gauge-1,4,1.047,1.048,1.0346483721587876,1.039,1.0362075952834702,0.988,1.0356582432442893
2024-02-06 15:00:00,Sonapur-Gauge-1,4,1.048,1.015,1.0347256099682565,1.016,1.0357180321979436,0.992,1.0513483108746233
2024-02-06 16:00:00,Sonapur-Gauge-1,4,1.015,1.039,1.0167601525284142,0.994,1.0102865645228254,0.976,1.012632474753383
2024-02-06 17:00:00,Sonapur-Gauge-1,4,1.039,1.016,1.0282800031246475,0.988,1.0287346674137392,0.939,1.0306440166566262
2024-02-06 18:00:00,Sonapur-Gauge-1,4,1.016,0.994,1.0157870152929025,0.992,1.0148856410712326,0.926,1.022945716946079
2024-02-06 19:00:00,Sonapur-Gauge-1,4,0.994,0.988,0.9935613290654465,0.976,0.9907732185222969,1.03,0.9867384605748655
2024-02-06 20:00:00,Sonapur-Gauge-1,4,0.988,0.992,0.9903340576658571,0.939,0.9743497704934155,1.111,1.009614232349464
2024-02-06 21:00:00,Sonapur-Gauge-1,4,0.992,0.976,0.9917940345259932,0.926,0.979377835935366,1.212,1.019916468578663
2024-02-06 22:00:00,Sonapur-Gauge-1,4,0.976,0.939,0.9686988953434813,1.03,0.9727111203270004,1.297,0.9918429738886226
2024-02-06 23:00:00,Sonapur-Gauge-1,4,0.939,0.926,0.9381262916776143,1.111,0.9839438714950929,1.358,1.0420978653707038
2024-02-07 00:00:00,Sonapur-Gauge-1,4,0.926,1.03,0.9474281953723427,1.212,0.9867293421215881,1.414,1.0418865793475267
2024-02-07 01:00:00,Sonapur-Gauge-1,4,1.03,1.111,1.084296400486589,1.297,1.2257096706520605,1.409,1.298745657811616
2024-02-07 02:00:00,Sonapur-Gauge-1,4,1.111,1.212,1.1669322885957276,1.358,1.2668594002702087,1.403,1.283690532139429
2024-02-07 03:00:00,Sonapur-Gauge-1,4,1.212,1.297,1.2630595582617277,1.414,1.3453065463927412,1.396,1.3351755184045262
2024-02-07 04:00:00,Sonapur-Gauge-1,4,1.297,1.358,1.3177647324248682,1.409,1.3459876980581027,1.395,1.3367931987852484
2024-02-07 05:00:00,Sonapur-Gauge-1,4,1.358,1.414,1.4089597989510487,1.403,1.421809644866984,1.389,1.412453035204162
2024-02-07 06:00:00,Sonapur-Gauge-1,4,1.414,1.409,1.4347883775532384,1.396,1.433184317187102,1.383,1.4214304763053778
2024-02-07 07:00:00,Sonapur-Gauge-1,4,1.409,1.403,1.3999912027395913,1.395,1.3870372945906415,1.364,1.3687377692695444
2024-02-07 08:00:00,Sonapur-Gauge-1,4,1.403,1.396,1.3986185747320277,1.389,1.3797251395855197,1.34,1.3628049423979787
2024-02-07 09:00:00,Sonapur-Gauge-1,4,1.396,1.395,1.39349088245195,1.383,1.3758416599096421,1.352,1.3548835280429719
2024-02-07 10:00:00,Sonapur-Gauge-1,4,1.395,1.389,1.3967990459844282,1.364,1.380502968397871,1.326,1.3501571923496498
2024-02-07 11:00:00,Sonapur-Gauge-1,4,1.389,1.383,1.3871672324266529,1.34,1.3760479092765727,1.28,1.3473032972342658
2024-02-07 12:00:00,Sonapur-Gauge-1,4,1.383,1.364,1.382310042683428,1.352,1.376231667054044,1.266,1.3471508506980354
2024-02-07 13:00:00,Sonapur-Gauge-1,4,1.364,1.34,1.3479669079743533,1.326,1.3430601052241107,1.265,1.3210325209902785
2024-02-07 14:00:00,Sonapur-Gauge-1,4,1.34,1.352,1.339027610854987,1.28,1.3089155891308164,1.255,1.300634383984722
2024-02-07 15:00:00,Sonapur-Gauge-1,4,1.352,1.326,1.3441478046725577,1.266,1.3228333825829803,1.229,1.3056378261002415
2024-02-07 16:00:00,Sonapur-Gauge-1,4,1.326,1.28,1.3135464423731247,1.265,1.3033524438806912,1.249,1.2935115927136425
2024-02-07 17:00:00,Sonapur-Gauge-1,4,1.28,1.266,1.269663667860084,1.255,1.2505277400848553,1.251,1.2596692044397209
2024-02-07 18:00:00,Sonapur-Gauge-1,4,1.266,1.265,1.25330120823538,1.229,1.241211657182414,1.271,1.2593005020875292
2024-02-07 19:00:00,Sonapur-Gauge-1,4,1.265,1.255,1.252296403267515,1.249,1.2405474670948629,1.267,1.258415964172413
2024-02-07 20:00:00,Sonapur-Gauge-1,4,1.255,1.229,1.2463410652728084,1.251,1.2426446181610624,1.273,1.259139017586984
2024-02-07 21:00:00,Sonapur-Gauge-1,4,1.229,1.249,1.2221691219928692,1.271,1.2483168493920425,1.243,1.2424946508751558
2024-02-07 22:00:00,Sonapur-Gauge-1,4,1.249,1.251,1.252512864662123,1.267,1.257453230299985,1.174,1.2328682636456512
2024-02-07 23:00:00,Sonapur-Gauge-1,4,1.251,1.271,1.256652458481698,1.273,1.2544899541328636,1.17,1.2319515596855473
2024-02-08 00:00:00,Sonapur-Gauge-1,4,1.271,1.267,1.2696841672220445,1.243,1.2472317245183713,1.138,1.2550611144900772
2024-02-08 01:00:00,Sonapur-Gauge-1,4,1.267,1.273,1.25677606449793,1.174,1.236830144537951,1.199,1.2656757794385338
2024-02-08 02:00:00,Sonapur-Gauge-1,4,1.273,1.243,1.2679529999807395,1.17,1.2401797146082079,1.259,1.2649938826093934
2024-02-08 03:00:00,Sonapur-Gauge-1,4,1.243,1.174,1.2311588131516105,1.138,1.2284211444173712,1.305,1.2620969871401893
2024-02-08 04:00:00,Sonapur-Gauge-1,4,1.174,1.17,1.1778656265351557,1.199,1.186535211921369,1.326,1.2278388025018627
2024-02-08 05:00:00,Sonapur-Gauge-1,4,1.17,1.138,1.1619382176271817,1.259,1.1828622368777775,1.363,1.2092203751473811
2024-02-08 06:00:00,Sonapur-Gauge-1,4,1.138,1.199,1.1503028444492966,1.305,1.1715485174791909,1.41,1.182054837616954
2024-02-08 07:00:00,Sonapur-Gauge-1,4,1.199,1.259,1.2396026999169343,1.326,1.32133199046392,1.409,1.4004308425690601
2024-02-08 08:00:00,Sonapur-Gauge-1,4,1.259,1.305,1.3086804704697534,1.363,1.385037644221247,1.382,1.4286659091520142
2024-02-08 09:00:00,Sonapur-Gauge-1,4,1.305,1.326,1.332813282384826,1.41,1.4322012730318427,1.336,1.423817011966004
2024-02-08 10:00:00,Sonapur-Gauge-1,4,1.326,1.363,1.3587885081641404,1.409,1.386920321346317,1.337,1.3699413447405269
2024-02-08 11:00:00,Sonapur-Gauge-1,4,1.363,1.41,1.399859136439698,1.382,1.4000910247178695,1.329,1.388094899013594
2024-02-08 12:00:00,Sonapur-Gauge-1,4,1.41,1.409,1.4276378953128441,1.336,1.3881889050036667,1.334,1.3892959950148873
2024-02-08 13:00:00,Sonapur-Gauge-1,4,1.409,1.382,1.3967369213462308,1.337,1.3724127897417178,1.327,1.3720437538538164
2024-02-08 14:00:00,Sonapur-Gauge-1,4,1.382,1.336,1.3697189083949042,1.329,1.3612167676896467,1.317,1.3608957361475076
2024-02-08 15:00:00,Sonapur-Gauge-1,4,1.336,1.337,1.3358731221459788,1.334,1.3353439849798363,1.306,1.3431908245283664
2024-02-08 16:00:00,Sonapur-Gauge-1,4,1.337,1.329,1.3288025434192308,1.327,1.336479814628416,1.293,1.3420614322400264
2024-02-08 17:00:00,Sonapur-Gauge-1,4,1.329,1.334,1.3274336828076652,1.317,1.3290007212066917,1.335,1.3413836978266562
2024-02-08 18:00:00,Sonapur-Gauge-1,4,1.334,1.327,1.326829154824048,1.306,1.330799110036662,1.322,1.3445247954367394
2024-02-08 19:00:00,Sonapur-Gauge-1,4,1.327,1.317,1.316967503365682,1.293,1.3015678265568722,1.307,1.2738091252607755
2024-02-08 20:00:00,Sonapur-Gauge-1,4,1.317,1.306,1.3102807194929003,1.335,1.296856384249403,1.314,1.271795131690008
2024-02-08 21:00:00,Sonapur-Gauge-1,4,1.306,1.293,1.2968504836822565,1.322,1.2970108396846196,1.316,1.2716206559057357
2024-02-08 22:00:00,Sonapur-Gauge-1,4,1.293,1.335,1.2951923672817205,1.307,1.290155191111999,1.31,1.270643572032897
2024-02-08 23:00:00,Sonapur-Gauge-1,4,1.335,1.322,1.3228333817466067,1.314,1.3059064672914904,1.286,1.268978445893548
2024-02-09 00:00:00,Sonapur-Gauge-1,4,1.322,1.307,1.3120338560565623,1.316,1.3028790087911877,1.253,1.2606234375488041
2024-02-09 01:00:00,Sonapur-Gauge-1,4,1.307,1.314,1.3015746156828287,1.31,1.2963974628381505,1.246,1.2569008730260776
2024-02-09 02:00:00,Sonapur-Gauge-1,4,1.314,1.316,1.308208433318016,1.286,1.2950592900599807,1.236,1.2583992572191884
2024-02-09 03:00:00,Sonapur-Gauge-1,4,1.316,1.31,1.3087504619075183,1.253,1.28913094766684,1.219,1.2779022040990493
2024-02-09 04:00:00,Sonapur-Gauge-1,4,1.31,1.286,1.3032327469316272,1.246,1.2892164714587868,1.229,1.2759592463392198
2024-02-09 05:00:00,Sonapur-Gauge-1,4,1.286,1.253,1.2739157711748121,1.236,1.2585146891577925,1.241,1.2677907259008103
2024-02-09 06:00:00,Sonapur-Gauge-1,4,1.253,1.246,1.2525673703623221,1.219,1.2313317892436724,1.258,1.2579835199594045
2024-02-09 07:00:00,Sonapur-Gauge-1,4,1.246,1.236,1.2375606438425715,1.229,1.2351287596074003,1.232,1.2599938954187102
2024-02-09 08:00:00,Sonapur-Gauge-1,4,1.236,1.219,1.2214873691150763,1.241,1.234030474909899,1.247,1.2587188809908556
2024-02-09 09:00:00,Sonapur-Gauge-1,4,1.219,1.229,1.2110671068508316,1.258,1.2238519457742882,1.203,1.2073338654994445
2024-02-09 10:00:00,Sonapur-Gauge-1,4,1.229,1.241,1.230227133752507,1.232,1.225335899967485,1.197,1.2326150948565164
2024-02-09 11:00:00,Sonapur-Gauge-1,4,1.241,1.258,1.2395365978225155,1.247,1.235730625615312,1.21,1.243092047578041
2024-02-09 12:00:00,Sonapur-Gauge-1,4,1.258,1.232,1.2545745608105545,1.203,1.250511268609716,1.182,1.2486496583591746
2024-02-09 13:00:00,Sonapur-Gauge-1,4,1.232,1.247,1.224374782640191,1.197,1.2264669360735865,1.149,1.2310086064954555
2024-02-09 14:00:00,Sonapur-Gauge-1,4,1.247,1.203,1.2365337280010147,1.21,1.2350178122853317,1.142,1.2285346674703566
2024-02-09 15:00:00,Sonapur-Gauge-1,4,1.203,1.197,1.1995339331121255,1.182,1.1944930377220602,1.17,1.1886234403485028
2024-02-09 16:00:00,Sonapur-Gauge-1,4,1.197,1.21,1.1983546488626962,1.149,1.175358925807784,1.198,1.1822923887557297
2024-02-09 17:00:00,Sonapur-Gauge-1,4,1.21,1.182,1.1978424599970101,1.142,1.1862200934280673,1.214,1.1849206895372173
2024-02-09 18:00:00,Sonapur-Gauge-1,4,1.182,1.149,1.1746247033269692,1.17,1.172280142984139,1.186,1.1770422548601602
2024-02-09 19:00:00,Sonapur-Gauge-1,4,1.149,1.142,1.1386593915499679,1.198,1.156635225453364,1.179,1.133379122363211
2024-02-09 20:00:00,Sonapur-Gauge-1,4,1.142,1.17,1.1436084491797487,1.214,1.148976421286566,1.216,1.1255047500503585
2024-02-09 21:00:00,Sonapur-Gauge-1,4,1.17,1.198,1.1715207845296767,1.186,1.1645257141220322,1.226,1.1654087771849395
2024-02-09 22:00:00,Sonapur-Gauge-1,4,1.198,1.214,1.1982388074641577,1.179,1.185308537436882,1.186,1.1851901744629592
2024-02-09 23:00:00,Sonapur-Gauge-1,4,1.214,1.186,1.2014802497491774,1.216,1.1945868465463438,1.195,1.1916207001879309
2024-02-10 00:00:00,Sonapur-Gauge-1,4,1.186,1.179,1.1804464720143042,1.226,1.1843397971932523,1.229,1.1879458976090267
2024-02-10 01:00:00,Sonapur-Gauge-1,4,1.179,1.216,1.1760248378394462,1.186,1.1664835410196714,1.27,1.177128435439843
2024-02-10 02:00:00,Sonapur-Gauge-1,4,1.216,1.226,1.2095071944034423,1.195,1.2029717301854201,1.331,1.2028072796711666
2024-02-10 03:00:00,Sonapur-Gauge-1,4,1.226,1.186,1.2156316522713306,1.229,1.2118444571542355,1.373,1.2261303390236695
2024-02-10 04:00:00,Sonapur-Gauge-1,4,1.186,1.195,1.1839016193346728,1.27,1.1967662857493437,1.411,1.2144379317020773
2024-02-10 05:00:00,Sonapur-Gauge-1,4,1.195,1.229,1.1982594239077577,1.331,1.186539327034987,1.479,1.2064280444750553
2024-02-10 06:00:00,Sonapur-Gauge-1,4,1.229,1.27,1.27871414189358,1.373,1.3864669483559733,1.487,1.4678656186169574
2024-02-10 07:00:00,Sonapur-Gauge-1,4,1.27,1.331,1.3215541239962378,1.411,1.4027029897614638,1.487,1.4675506360966106
2024-02-10 08:00:00,Sonapur-Gauge-1,4,1.331,1.373,1.376287633539503,1.479,1.4743107907710475,1.522,1.4808234186932343
2024-02-10 09:00:00,Sonapur-Gauge-1,4,1.373,1.411,1.4089733419705293,1.487,1.4403767183853253,1.513,1.4362625401604237
2024-02-10 10:00:00,Sonapur-Gauge-1,4,1.411,1.479,1.4410961567746807,1.487,1.433612260797423,1.506,1.430317147190339
2024-02-10 11:00:00,Sonapur-Gauge-1,4,1.479,1.487,1.5101788839153023,1.522,1.5103907574466475,1.487,1.4856756548959542
2024-02-10 12:00:00,Sonapur-Gauge-1,4,1.487,1.487,1.4880616354234009,1.513,1.4875240107779364,1.455,1.4342833080794557
2024-02-10 13:00:00,Sonapur-Gauge-1,4,1.487,1.522,1.4896912635986415,1.506,1.482278686773331,1.415,1.4354174194172455
2024-02-10 14:00:00,Sonapur-Gauge-1,4,1.522,1.513,1.5138444095041832,1.487,1.5028249213927647,1.422,1.4979088460182952
2024-02-10 15:00:00,Sonapur-Gauge-1,4,1.513,1.506,1.5061345541882887,1.455,1.4898515838980158,1.401,1.480692260114469
2024-02-10 16:00:00,Sonapur-Gauge-1,4,1.506,1.487,1.500369756663402,1.415,1.4839971350215506,1.448,1.4816276123697842
2024-02-10 17:00:00,Sonapur-Gauge-1,4,1.487,1.455,1.4800181762782485,1.422,1.4731246486193645,1.424,1.4564665603617375
2024-02-10 18:00:00,Sonapur-Gauge-1,4,1.455,1.415,1.4415615841540488,1.401,1.4186309685726877,1.403,1.3940895509090054
2024-02-10 19:00:00,Sonapur-Gauge-1,4,1.415,1.422,1.4075036297590828,1.448,1.4067323405024894,1.405,1.3753483332994056
2024-02-10 20:00:00,Sonapur-Gauge-1,4,1.422,1.401,1.408124383164547,1.424,1.406120990353849,1.379,1.370178715886539
2024-02-10 21:00:00,Sonapur-Gauge-1,4,1.401,1.448,1.394902239503032,1.403,1.368831373347848,1.345,1.328849265008342
2024-02-10 22:00:00,Sonapur-Gauge-1,4,1.448,1.424,1.4496315973777785,1.405,1.444598636656684,1.349,1.4179241440473227
2024-02-10 23:00:00,Sonapur-Gauge-1,4,1.424,1.403,1.415531467077845,1.379,1.4103030248295538,1.296,1.3754278463954985
2024-02-11 00:00:00,Sonapur-Gauge-1,4,1.403,1.405,1.4042819385882919,1.345,1.3752460493808398,1.292,1.3418939650881883
2024-02-11 01:00:00,Sonapur-Gauge-1,4,1.405,1.379,1.3968842936887895,1.349,1.3693992562875594,1.289,1.328478289101515
2024-02-11 02:00:00,Sonapur-Gauge-1,4,1.379,1.345,1.3636968980370305,1.296,1.353088950717064,1.3,1.3244191555801097
2024-02-11 03:00:00,Sonapur-Gauge-1,4,1.345,1.349,1.3445649055767268,1.292,1.311587140208301,1.301,1.302058577647927
2024-02-11 04:00:00,Sonapur-Gauge-1,4,1.349,1.296,1.3277007670420231,1.289,1.3081193800135524,1.349,1.3029384805420692
2024-02-11 05:00:00,Sonapur-Gauge-1,4,1.296,1.292,1.294965936356505,1.3,1.2915395820898123,1.331,1.2899494760520747
2024-02-11 06:00:00,Sonapur-Gauge-1,4,1.292,1.289,1.2878173257449703,1.301,1.2854825215852839,1.295,1.2753513206075575
2024-02-11 07:00:00,Sonapur-Gauge-1,4,1.289,1.3,1.2874346404826058,1.349,1.2820390193701525,1.341,1.2886813913380566
2024-02-11 08:00:00,Sonapur-Gauge-1,4,1.3,1.301,1.3027561997357018,1.331,1.2920808279526212,1.332,1.282522136132152
2024-02-11 09:00:00,Sonapur-Gauge-1,4,1.301,1.349,1.3038436374901319,1.295,1.2894070154836013,1.304,1.2799323387250914
2024-02-11 10:00:00,Sonapur-Gauge-1,4,1.349,1.331,1.3306098629639729,1.341,1.313424677512191,1.263,1.268116214791163
2024-02-11 11:00:00,Sonapur-Gauge-1,4,1.331,1.295,1.3163497548621153,1.332,1.3068650940014637,1.248,1.2600801842718248
2024-02-11 12:00:00,Sonapur-Gauge-1,4,1.295,1.341,1.2987759195669084,1.304,1.269035587836176,1.224,1.2236978523611044
2024-02-11 13:00:00,Sonapur-Gauge-1,4,1.341,1.332,1.3256288252759256,1.263,1.296200065383543,1.2,1.230474473540118
2024-02-11 14:00:00,Sonapur-Gauge-1,4,1.332,1.304,1.3191890888555728,1.248,1.2947297331876808,1.152,1.2187006132077405
2024-02-11 15:00:00,Sonapur-Gauge-1,4,1.304,1.263,1.294484033455382,1.224,1.2635055447690655,1.138,1.2132951532616767
2024-02-11 16:00:00,Sonapur-Gauge-1,4,1.263,1.248,1.2509547645788965,1.2,1.2316548910426566,1.141,1.2056541391076552
2024-02-11 17:00:00,Sonapur-Gauge-1,4,1.248,1.224,1.237101126002218,1.152,1.219713823929566,1.115,1.2005228348395314
2024-02-11 18:00:00,Sonapur-Gauge-1,4,1.224,1.2,1.2105728560143114,1.138,1.2077218151779563,1.101,1.1891763979523866
2024-02-11 19:00:00,Sonapur-Gauge-1,4,1.2,1.152,1.1899191989414923,1.141,1.1833711715040953,1.087,1.1749015510091527
2024-02-11 20:00:00,Sonapur-Gauge-1,4,1.152,1.138,1.1417560669046964,1.115,1.121704687185765,1.084,1.1064595919403952
2024-02-11 21:00:00,Sonapur-Gauge-1,4,1.138,1.141,1.1378543126757397,1.101,1.1060456946886217,1.113,1.1022119001277904
2024-02-11 22:00:00,Sonapur-Gauge-1,4,1.141,1.115,1.1320230080204716,1.087,1.1114626121819597,1.111,1.1136813470204272
2024-02-11 23:00:00,Sonapur-Gauge-1,4,1.115,1.101,1.1079897283896485,1.084,1.1028564416358078,1.082,1.0966417273475526
2024-02-12 00:00:00,Sonapur-Gauge-1,4,1.101,1.087,1.0891084090525254,1.113,1.0867324381637606,1.075,1.0888218722069967
2024-02-12 01:00:00,Sonapur-Gauge-1,4,1.087,1.084,1.0842776809584969,1.111,1.0795631014878657,1.077,1.0903362318478762
2024-02-12 02:00:00,Sonapur-Gauge-1,4,1.084,1.113,1.085108460537345,1.082,1.075206106154605,1.05,1.0877715057402402
2024-02-12 03:00:00,Sonapur-Gauge-1,4,1.113,1.111,1.1072257441113205,1.075,1.1036534937273157,1.03,1.0955882033414894
2024-02-12 04:00:00,Sonapur-Gauge-1,4,1.111,1.082,1.1063405084461957,1.077,1.1012106808340136,1.037,1.0976967597159593
2024-02-12 05:00:00,Sonapur-Gauge-1,4,1.082,1.075,1.0805168855898346,1.05,1.0743007142382455,1.059,1.0892055365652555
2024-02-12 06:00:00,Sonapur-Gauge-1,4,1.075,1.077,1.0686732827294425,1.03,1.0622944400991279,1.077,1.089210088442951
2024-02-12 07:00:00,Sonapur-Gauge-1,4,1.077,1.05,1.0690045371956158,1.037,1.0632940047103878,1.067,1.0870525122606318
2024-02-12 08:00:00,Sonapur-Gauge-1,4,1.05,1.03,1.0476044220606324,1.059,1.0528964904559008,1.078,1.0877664785868533
2024-02-12 09:00:00,Sonapur-Gauge-1,4,1.03,1.037,1.032324712130679,1.077,1.0399430887182526,1.099,1.0761578487765064
2024-02-12 10:00:00,Sonapur-Gauge-1,4,1.037,1.059,1.061165464915999,1.067,1.0958382133943028,1.117,1.1481745943534174
2024-02-12 11:00:00,Sonapur-Gauge-1,4,1.059,1.077,1.0752295551250521,1.078,1.1006795924468642,1.086,1.122009822297519
2024-02-12 12:00:00,Sonapur-Gauge-1,4,1.077,1.067,1.0839318484464946,1.099,1.1195676028446928,1.064,1.1175148317660446
2024-02-12 13:00:00,Sonapur-Gauge-1,4,1.067,1.078,1.0844175616167986,1.117,1.097185776551003,1.039,1.046656593478412
2024-02-12 14:00:00,Sonapur-Gauge-1,4,1.078,1.099,1.0927831296169708,1.086,1.0894788224610787,1.003,1.0467273136813118
2024-02-12 15:00:00,Sonapur-Gauge-1,4,1.099,1.117,1.115771452130616,1.064,1.095477431078932,0.949,1.059622900223597
2024-02-12 16:00:00,Sonapur-Gauge-1,4,1.117,1.086,1.110443120437015,1.039,1.1071338708258411,0.958,1.0979524362512871
2024-02-12 17:00:00,Sonapur-Gauge-1,4,1.086,1.064,1.076345140985086,1.003,1.0616781259975505,0.96,1.0468086923342999
2024-02-12 18:00:00,Sonapur-Gauge-1,4,1.064,1.039,1.0562638303609928,0.949,1.0305530312919522,0.968,1.0374663525050731
2024-02-12 19:00:00,Sonapur-Gauge-1,4,1.039,1.003,1.0306161436029804,0.958,1.015705003508415,0.972,1.0248253526358053
2024-02-12 20:00:00,Sonapur-Gauge-1,4,1.003,0.949,0.9922924279934023,0.96,0.9956616936411083,0.962,0.9940347142931383
2024-02-12 21:00:00,Sonapur-Gauge-1,4,0.949,0.958,0.9540854851494741,0.968,0.9576024867481447,0.948,0.9851019137221699
2024-02-12 22:00:00,Sonapur-Gauge-1,4,0.958,0.96,0.9551123740466029,0.972,0.9615986530100877,0.969,0.9885350179857497
2024-02-12 23:00:00,Sonapur-Gauge-1,4,0.96,0.968,0.956880587932252,0.962,0.9607225626492741,0.98,0.9804678583893748
2024-02-13 00:00:00,Sonapur-Gauge-1,4,0.968,0.972,0.9693456361289013,0.948,0.9649878465141437,0.976,0.9763845495745507
2024-02-13 01:00:00,Sonapur-Gauge-1,4,0.972,0.962,0.9694076774690651,0.969,0.971372725893474,0.954,0.9767252395986189
2024-02-13 02:00:00,Sonapur-Gauge-1,4,0.962,0.948,0.9655640664327317,0.98,0.9609854694533586,0.955,0.964337736088264
2024-02-13 03:00:00,Sonapur-Gauge-1,4,0.948,0.969,0.9521933782961932,0.976,0.9549464258834869,0.957,0.9656801686362061
2024-02-13 04:00:00,Sonapur-Gauge-1,4,0.969,0.98,0.970511601033386,0.954,0.9592324448484297,0.943,0.9654878761914082
2024-02-13 05:00:00,Sonapur-Gauge-1,4,0.98,0.976,0.9738926884901448,0.955,0.9721281612625234,0.947,0.9630922251930785
2024-02-13 06:00:00,Sonapur-Gauge-1,4,0.976,0.954,0.9695483245639794,0.957,0.9734654352089066,0.957,0.966359691939404
2024-02-13 07:00:00,Sonapur-Gauge-1,4,0.954,0.955,0.9534579659782628,0.943,0.9497165967712146,1.008,0.9644041458710677
2024-02-13 08:00:00,Sonapur-Gauge-1,4,0.955,0.957,0.9489686339898238,0.947,0.9508837367594662,1.068,0.9738570551694343
2024-02-13 09:00:00,Sonapur-Gauge-1,4,0.957,0.943,0.950349223052453,0.957,0.9501277579845653,1.123,0.9714053531170318
2024-02-13 10:00:00,Sonapur-Gauge-1,4,0.943,0.947,0.9534853143559057,1.008,0.968610082985067,1.181,1.0043251789122083
2024-02-13 11:00:00,Sonapur-Gauge-1,4,0.947,0.957,0.9535535381055864,1.068,0.972279744812765,1.205,1.004050987610946
2024-02-13 12:00:00,Sonapur-Gauge-1,4,0.957,1.008,0.9579053418148402,1.123,0.9726042393766291,1.255,1.002216879492552
2024-02-13 13:00:00,Sonapur-Gauge-1,4,1.008,1.068,1.0578670829933912,1.181,1.1489278765216258,1.258,1.1953935224735055
2024-02-13 14:00:00,Sonapur-Gauge-1,4,1.068,1.123,1.1120093118448162,1.205,1.1757194666199808,1.268,1.2358951636414337
2024-02-13 15:00:00,Sonapur-Gauge-1,4,1.123,1.181,1.1687733961931956,1.255,1.2399878187033415,1.264,1.2546207610205906
2024-02-13 16:00:00,Sonapur-Gauge-1,4,1.181,1.205,1.211758254083843,1.258,1.2266327863200563,1.267,1.2031480655307598
2024-02-13 17:00:00,Sonapur-Gauge-1,4,1.205,1.255,1.2400132383605078,1.268,1.2262561620886527,1.239,1.2044138959192365
2024-02-13 18:00:00,Sonapur-Gauge-1,4,1.255,1.258,1.274890213638644,1.264,1.2557260359368523,1.243,1.2388096350610627
2024-02-13 19:00:00,Sonapur-Gauge-1,4,1.258,1.268,1.2600246607638892,1.267,1.2472335840785447,1.26,1.2542872353430627
2024-02-13 20:00:00,Sonapur-Gauge-1,4,1.268,1.264,1.2597271498565235,1.239,1.2493705827980162,1.285,1.2787288607195026
2024-02-13 21:00:00,Sonapur-Gauge-1,4,1.264,1.267,1.2580206207682554,1.243,1.2456932980076552,1.273,1.2761591237783327
2024-02-13 22:00:00,Sonapur-Gauge-1,4,1.267,1.239,1.2580849274846002,1.26,1.248004913273305,1.3,1.275960305717869
2024-02-13 23:00:00,Sonapur-Gauge-1,4,1.239,1.243,1.2338305150497086,1.285,1.2382396714921844,1.287,1.2487933187881832
2024-02-14 00:00:00,Sonapur-Gauge-1,4,1.243,1.26,1.240486931776861,1.273,1.2420730175238424,1.292,1.2426509249545032
2024-02-14 01:00:00,Sonapur-Gauge-1,4,1.26,1.285,1.2607894610301664,1.3,1.2456505166412326,1.283,1.2460534861807484
2024-02-14 02:00:00,Sonapur-Gauge-1,4,1.285,1.273,1.279658880635927,1.287,1.2614532878086857,1.299,1.253398876825149
2024-02-14 03:00:00,Sonapur-Gauge-1,4,1.273,1.3,1.274526224276498,1.292,1.2476376686304527,1.293,1.2356984755238678
2024-02-14 04:00:00,Sonapur-Gauge-1,4,1.3,1.287,1.2964952487663186,1.283,1.288553012058707,1.27,1.2686437535682071
2024-02-14 05:00:00,Sonapur-Gauge-1,4,1.287,1.292,1.2800220267236648,1.299,1.2640176928040237,1.282,1.2506659458085818
2024-02-14 06:00:00,Sonapur-Gauge-1,4,1.292,1.283,1.2819381846576414,1.293,1.280763508562895,1.262,1.257665449266291
2024-02-14 07:00:00,Sonapur-Gauge-1,4,1.283,1.299,1.2805983762775797,1.27,1.2597667533488952,1.258,1.2357873362741356
2024-02-14 08:00:00,Sonapur-Gauge-1,4,1.299,1.293,1.30009146824643,1.282,1.2689899311544657,1.215,1.2205981252660252
2024-02-14 09:00:00,Sonapur-Gauge-1,4,1.293,1.27,1.2853497270213743,1.262,1.2662604477622115,1.223,1.216324728372433
2024-02-14 10:00:00,Sonapur-Gauge-1,4,1.27,1.282,1.2708694797338598,1.258,1.2394925843458255,1.176,1.2068590916821955
2024-02-14 11:00:00,Sonapur-Gauge-1,4,1.282,1.262,1.2695341424736404,1.215,1.2460853886989904,1.159,1.2071576195572358
2024-02-14 12:00:00,Sonapur-Gauge-1,4,1.262,1.258,1.248721556232046,1.223,1.232783202503799,1.124,1.2015118597468786
2024-02-14 13:00:00,Sonapur-Gauge-1,4,1.258,1.215,1.2440590918172219,1.176,1.2294217241362562,1.096,1.2094787477598312
2024-02-14 14:00:00,Sonapur-Gauge-1,4,1.215,1.223,1.2076338238424702,1.159,1.194421596570367,1.09,1.181831552219567
2024-02-14 15:00:00,Sonapur-Gauge-1,4,1.223,1.176,1.2101017480103882,1.124,1.2084415519705913,1.071,1.197148915329225
2024-02-14 16:00:00,Sonapur-Gauge-1,4,1.176,1.159,1.1751035583737193,1.096,1.1623944075074308,1.081,1.1717278727906186
2024-02-14 17:00:00,Sonapur-Gauge-1,4,1.159,1.124,1.1445913542334623,1.09,1.1288406378060816,1.071,1.1232991104471606
2024-02-14 18:00:00,Sonapur-Gauge-1,4,1.124,1.096,1.1211886118283236,1.071,1.108282955445408,1.069,1.1062965886269127
2024-02-14 19:00:00,Sonapur-Gauge-1,4,1.096,1.09,1.0868418336934231,1.081,1.0796443026539986,1.047,1.1036543699812855
2024-02-14 20:00:00,Sonapur-Gauge-1,4,1.09,1.071,1.0839031112573911,1.071,1.0802340937682438,1.058,1.0907369654063124
2024-02-14 21:00:00,Sonapur-Gauge-1,4,1.071,1.081,1.0709862441979885,1.069,1.0628494104085684,1.057,1.0926245447225722
2024-02-14 22:00:00,Sonapur-Gauge-1,4,1.081,1.071,1.0823991735658205,1.047,1.0721507866027291,1.063,1.0877370099046597
2024-02-14 23:00:00,Sonapur-Gauge-1,4,1.071,1.069,1.0670763312266212,1.058,1.063631137807125,1.073,1.0878309253365137
2024-02-15 00:00:00,Sonapur-Gauge-1,4,1.069,1.047,1.0614981303421098,1.057,1.0616177597209076,1.085,1.0887323781468206
2024-02-15 01:00:00,Sonapur-Gauge-1,4,1.047,1.058,1.0476412576179326,1.063,1.0529104165716465,1.088,1.0906116408663977
2024-02-15 02:00:00,Sonapur-Gauge-1,4,1.058,1.057,1.0564085767797153,1.073,1.0608358023140032,1.086,1.0938898412283558
2024-02-15 03:00:00,Sonapur-Gauge-1,4,1.057,1.063,1.05725050072551,1.085,1.0613586887247797,1.102,1.093315431754153
2024-02-15 04:00:00,Sonapur-Gauge-1,4,1.063,1.073,1.0566676131658161,1.088,1.0638821235361626,1.099,1.0990808325275059
2024-02-15 05:00:00,Sonapur-Gauge-1,4,1.073,1.085,1.0697976284199582,1.086,1.0660536217298728,1.085,1.0957155720411396
2024-02-15 06:00:00,Sonapur-Gauge-1,4,1.085,1.088,1.0868579425623512,1.102,1.0802119967004111,1.098,1.0899834740556957
2024-02-15 07:00:00,Sonapur-Gauge-1,4,1.088,1.086,1.0872203705682624,1.099,1.0824476101042033,1.116,1.089242458355733
2024-02-15 08:00:00,Sonapur-Gauge-1,4,1.086,1.102,1.0871446197364694,1.085,1.0839928676636004,1.112,1.0892183156532989
2024-02-15 09:00:00,Sonapur-Gauge-1,4,1.102,1.099,1.0989948446077489,1.098,1.0924426698345961,1.121,1.0905423191228307
2024-02-15 10:00:00,Sonapur-Gauge-1,4,1.099,1.085,1.095895396730906,1.116,1.094492436915109,1.127,1.087960009578828
2024-02-15 11:00:00,Sonapur-Gauge-1,4,1.085,1.098,1.0845442764556745,1.112,1.0852130743848682,1.125,1.0881847911119693
2024-02-15 12:00:00,Sonapur-Gauge-1,4,1.098,1.116,1.0950698553292109,1.121,1.0923011132932738,1.092,1.0872092868559167
2024-02-15 13:00:00,Sonapur-Gauge-1,4,1.116,1.112,1.1072642361269651,1.127,1.104654242016287,1.089,1.0886149095743103
2024-02-15 14:00:00,Sonapur-Gauge-1,4,1.112,1.121,1.1067575512553574,1.125,1.101144338012025,1.101,1.0859454855495718
2024-02-15 15:00:00,Sonapur-Gauge-1,4,1.121,1.127,1.12141399087808,1.092,1.1058838145599412,1.122,1.08918689416905
2024-02-15 16:00:00,Sonapur-Gauge-1,4,1.127,1.125,1.119944212867299,1.089,1.1079459260534654,1.119,1.0900544397470793
2024-02-15 17:00:00,Sonapur-Gauge-1,4,1.125,1.092,1.119335236314925,1.101,1.1058214591424558,1.097,1.0891203818376838
2024-02-15 18:00:00,Sonapur-Gauge-1,4,1.092,1.089,1.0815340739096553,1.122,1.0917528862672905,1.132,1.0840373547248532
2024-02-15 19:00:00,Sonapur-Gauge-1,4,1.089,1.101,1.1065053336190716,1.119,1.126054435783274,1.144,1.144049435465296
2024-02-15 20:00:00,Sonapur-Gauge-1,4,1.101,1.122,1.118732493249104,1.097,1.1286704053471388,1.174,1.152973270248752
2024-02-15 21:00:00,Sonapur-Gauge-1,4,1.122,1.119,1.1241919742106197,1.132,1.1546999424477782,1.221,1.1971997627770485
2024-02-15 22:00:00,Sonapur-Gauge-1,4,1.119,1.097,1.1191750688450048,1.144,1.1248505415167491,1.202,1.1195985199950351
2024-02-15 23:00:00,Sonapur-Gauge-1,4,1.097,1.132,1.1172316411428223,1.174,1.1124606093798692,1.221,1.0874989006097313
2024-02-16 00:00:00,Sonapur-Gauge-1,4,1.132,1.144,1.15295667825691,1.221,1.2145747784945482,1.266,1.224511577634872
2024-02-16 01:00:00,Sonapur-Gauge-1,4,1.144,1.174,1.1598743798400617,1.202,1.1855606846129711,1.235,1.2018069410982906
2024-02-16 02:00:00,Sonapur-Gauge-1,4,1.174,1.221,1.196804877788292,1.221,1.2276871085311398,1.212,1.2241049431011126
2024-02-16 03:00:00,Sonapur-Gauge-1,4,1.221,1.202,1.2237274090127215,1.266,1.2334906466986757,1.229,1.2146155414690116
2024-02-16 04:00:00,Sonapur-Gauge-1,4,1.202,1.221,1.2064755610337288,1.235,1.2050208735064145,1.229,1.1936098302205709
2024-02-16 05:00:00,Sonapur-Gauge-1,4,1.221,1.266,1.2347215317186209,1.212,1.2339963774823381,1.227,1.231578394316812
2024-02-16 06:00:00,Sonapur-Gauge-1,4,1.266,1.235,1.2595198299798362,1.229,1.2666899121145805,1.233,1.271733274851552
2024-02-16 07:00:00,Sonapur-Gauge-1,4,1.235,1.212,1.2205804027297589,1.229,1.2407828333118696,1.242,1.2462496972138395
2024-02-16 08:00:00,Sonapur-Gauge-1,4,1.212,1.229,1.2171246518280292,1.227,1.2094145427388048,1.244,1.1876482968427549
2024-02-16 09:00:00,Sonapur-Gauge-1,4,1.229,1.229,1.2317711753014804,1.233,1.229879185109901,1.25,1.2151666390913445
2024-02-16 10:00:00,Sonapur-Gauge-1,4,1.229,1.227,1.2305451817848356,1.242,1.2312876298812243,1.219,1.2188199582258101
2024-02-16 11:00:00,Sonapur-Gauge-1,4,1.227,1.233,1.226523752197121,1.244,1.2137630170354476,1.234,1.2103534845033
2024-02-16 12:00:00,Sonapur-Gauge-1,4,1.233,1.242,1.2359864171906585,1.25,1.2267491854851975,1.257,1.2260345085033915
2024-02-16 13:00:00,Sonapur-Gauge-1,4,1.242,1.244,1.2421507825790354,1.219,1.2297875581427509,1.271,1.2267976185541667
2024-02-16 14:00:00,Sonapur-Gauge-1,4,1.244,1.25,1.242725496397225,1.234,1.2385966539325013,1.27,1.2355249276227391
2024-02-16 15:00:00,Sonapur-Gauge-1,4,1.25,1.219,1.2446386488097865,1.257,1.2406041622043418,1.298,1.2267074948383394
2024-02-16 16:00:00,Sonapur-Gauge-1,4,1.219,1.234,1.2179617389867665,1.271,1.2249185090979084,1.291,1.199608577341217
2024-02-16 17:00:00,Sonapur-Gauge-1,4,1.234,1.257,1.2357842285583953,1.27,1.2253416634422511,1.299,1.2185435480182656
2024-02-16 18:00:00,Sonapur-Gauge-1,4,1.257,1.271,1.2588247166406106,1.298,1.2420120502370522,1.322,1.2318714207350883
2024-02-16 19:00:00,Sonapur-Gauge-1,4,1.271,1.27,1.2700554074757313,1.291,1.2529593851127403,1.302,1.2493103256421152
2024-02-16 20:00:00,Sonapur-Gauge-1,4,1.27,1.298,1.2731531693359712,1.299,1.2481882638388204,1.317,1.2351161794150896
2024-02-16 21:00:00,Sonapur-Gauge-1,4,1.298,1.291,1.2974674012567424,1.322,1.289251280931549,1.282,1.263284674391874
2024-02-16 22:00:00,Sonapur-Gauge-1,4,1.291,1.299,1.282809297353249,1.302,1.2816523094974273,1.253,1.251468560607622
2024-02-16 23:00:00,Sonapur-Gauge-1,4,1.299,1.322,1.3016036233034822,1.317,1.2902733733527783,1.224,1.2543715547188012
2024-02-17 00:00:00,Sonapur-Gauge-1,4,1.322,1.302,1.3052840246331503,1.282,1.2960648028174715,1.173,1.2374045982546835
2024-02-17 01:00:00,Sonapur-Gauge-1,4,1.302,1.317,1.300218547564808,1.253,1.2861852178722222,1.152,1.2341233237210205
2024-02-17 02:00:00,Sonapur-Gauge-1,4,1.317,1.282,1.3011248185178828,1.224,1.2565625394790572,1.147,1.206792331860613
2024-02-17 03:00:00,Sonapur-Gauge-1,4,1.282,1.253,1.2673172198556524,1.173,1.2363288994480746,1.134,1.2046439377065092
2024-02-17 04:00:00,Sonapur-Gauge-1,4,1.253,1.224,1.2423100471247495,1.152,1.2194102861284246,1.103,1.1997356986600185
2024-02-17 05:00:00,Sonapur-Gauge-1,4,1.224,1.173,1.2082465446922233,1.147,1.2059064794930627,1.048,1.1973818146426372
2024-02-17 06:00:00,Sonapur-Gauge-1,4,1.173,1.152,1.1748206846719182,1.134,1.168294562441567,1.028,1.1732814849707693
2024-02-17 07:00:00,Sonapur-Gauge-1,4,1.152,1.147,1.1436275219981802,1.103,1.123061843740065,1.007,1.1032373650298184
2024-02-17 08:00:00,Sonapur-Gauge-1,4,1.147,1.134,1.136845718494203,1.048,1.1008394467801765,1.042,1.0937553472569659
2024-02-17 09:00:00,Sonapur-Gauge-1,4,1.134,1.103,1.1276424764409119,1.028,1.0998611200797628,1.067,1.0924414824052695
2024-02-17 10:00:00,Sonapur-Gauge-1,4,1.103,1.048,1.0836531085217813,1.007,1.0764918519215678,1.127,1.0926326417154473
2024-02-17 11:00:00,Sonapur-Gauge-1,4,1.048,1.028,1.0431938689255875,1.042,1.0532472413271525,1.135,1.0774268994284992
2024-02-17 12:00:00,Sonapur-Gauge-1,4,1.028,1.007,1.029446071772775,1.067,1.05036801486048,1.178,1.102765549071889
2024-02-17 13:00:00,Sonapur-Gauge-1,4,1.007,1.042,1.02229451941214,1.127,1.0292675922767727,1.203,1.0471195119947592
2024-02-17 14:00:00,Sonapur-Gauge-1,4,1.042,1.067,1.0336328238653079,1.135,1.0613964818989738,1.207,1.1067717244917001
2024-02-17 15:00:00,Sonapur-Gauge-1,4,1.067,1.127,1.0930004242863376,1.178,1.1367608089014045,1.207,1.1578368221731805
2024-02-17 16:00:00,Sonapur-Gauge-1,4,1.127,1.135,1.1374938867081772,1.203,1.2030448671253908,1.198,1.2196563274734145
2024-02-17 17:00:00,Sonapur-Gauge-1,4,1.135,1.178,1.1634672939808859,1.207,1.198458316201827,1.187,1.2025279407098217
2024-02-17 18:00:00,Sonapur-Gauge-1,4,1.178,1.203,1.199140948001704,1.207,1.201240895843998,1.15,1.1879481744836065
2024-02-17 19:00:00,Sonapur-Gauge-1,4,1.203,1.207,1.214900237482515,1.198,1.2084875346989277,1.185,1.1955481348355366
2024-02-17 20:00:00,Sonapur-Gauge-1,4,1.207,1.207,1.2134717047951211,1.187,1.2018444616555273,1.191,1.1929163342726263
2024-02-17 21:00:00,Sonapur-Gauge-1,4,1.207,1.198,1.2063534669381442,1.15,1.1973091248029843,1.162,1.1860249216298968
2024-02-17 22:00:00,Sonapur-Gauge-1,4,1.198,1.187,1.1930035299525914,1.185,1.1877636290193263,1.163,1.1788836682154293
2024-02-17 23:00:00,Sonapur-Gauge-1,4,1.187,1.15,1.1817006191844412,1.191,1.1828203112268596,1.149,1.178552123698065
2024-02-18 00:00:00,Sonapur-Gauge-1,4,1.15,1.185,1.1510402546695597,1.162,1.1520075933982539,1.17,1.1486079375937817
2024-02-18 01:00:00,Sonapur-Gauge-1,4,1.185,1.191,1.1798470157389047,1.163,1.1785697981873893,1.157,1.1841242135376282
2024-02-18 02:00:00,Sonapur-Gauge-1,4,1.191,1.162,1.1814063964013426,1.149,1.1864007892296897,1.152,1.1850704194319635
2024-02-18 03:00:00,Sonapur-Gauge-1,4,1.162,1.163,1.1583401992676765,1.17,1.1597908881079078,1.135,1.151503496317981
2024-02-18 04:00:00,Sonapur-Gauge-1,4,1.163,1.149,1.1592516162585602,1.157,1.1544656877113653,1.14,1.1517905361167389
2024-02-18 05:00:00,Sonapur-Gauge-1,4,1.149,1.17,1.1453709409558603,1.152,1.1431255270842067,1.136,1.1246375662980692
2024-02-18 06:00:00,Sonapur-Gauge-1,4,1.17,1.157,1.1642465374196598,1.135,1.1648081519756157,1.157,1.166294018776928
2024-02-18 07:00:00,Sonapur-Gauge-1,4,1.157,1.152,1.1544981611545237,1.14,1.1511127117707207,1.162,1.1431732392364014
2024-02-18 08:00:00,Sonapur-Gauge-1,4,1.152,1.135,1.1509768439434025,1.136,1.152950930293761,1.207,1.1481675539477414
2024-02-18 09:00:00,Sonapur-Gauge-1,4,1.135,1.14,1.1408458779664454,1.157,1.1328940019125886,1.199,1.1279677121636797
2024-02-18 10:00:00,Sonapur-Gauge-1,4,1.14,1.136,1.1391289967226501,1.162,1.1354100615797214,1.178,1.1278776362155012
2024-02-18 11:00:00,Sonapur-Gauge-1,4,1.136,1.157,1.141186437031793,1.207,1.1362145691341685,1.159,1.1221917912888257
2024-02-18 12:00:00,Sonapur-Gauge-1,4,1.157,1.162,1.1583119794336456,1.199,1.16201816136653,1.14,1.1548090064330876
2024-02-18 13:00:00,Sonapur-Gauge-1,4,1.162,1.207,1.1699765708799255,1.178,1.1650039450712943,1.117,1.1646179183478604
2024-02-18 14:00:00,Sonapur-Gauge-1,4,1.207,1.199,1.20756635922143,1.159,1.1967908163258507,1.141,1.1842312078076913
2024-02-18 15:00:00,Sonapur-Gauge-1,4,1.199,1.178,1.1921360713596367,1.14,1.1877070686947957,1.128,1.180784211799311
2024-02-18 16:00:00,Sonapur-Gauge-1,4,1.178,1.159,1.1743231436705472,1.117,1.1743857998298126,1.128,1.179432257948504
2024-02-18 17:00:00,Sonapur-Gauge-1,4,1.159,1.14,1.1550508618893298,1.141,1.152608734804375,1.095,1.1514439174511866
2024-02-18 18:00:00,Sonapur-Gauge-1,4,1.14,1.117,1.133792046247329,1.128,1.1197077163452174,1.09,1.109436725177055
2024-02-18 19:00:00,Sonapur-Gauge-1,4,1.117,1.141,1.1161672533432847,1.128,1.1073776952086136,1.037,1.0979627847368418
2024-02-18 20:00:00,Sonapur-Gauge-1,4,1.141,1.128,1.1324544973938009,1.095,1.1176775707011417,1.04,1.1038839717436904
2024-02-18 21:00:00,Sonapur-Gauge-1,4,1.128,1.128,1.1229714182534325,1.09,1.1096823312788762,1.026,1.1017547180683593
2024-02-18 22:00:00,Sonapur-Gauge-1,4,1.128,1.095,1.1215556756185718,1.037,1.1081491591719876,1.054,1.1026870788364422
2024-02-18 23:00:00,Sonapur-Gauge-1,4,1.095,1.09,1.0858688312889282,1.04,1.075359721622204,1.066,1.0738872868235723
2024-02-19 00:00:00,Sonapur-Gauge-1,4,1.09,1.037,1.0781319137341991,1.026,1.0699282606466545,1.077,1.0707952053643195
2024-02-19 01:00:00,Sonapur-Gauge-1,4,1.037,1.04,1.0338827124012995,1.054,1.0482639083271506,1.055,1.0712910995780893
2024-02-19 02:00:00,Sonapur-Gauge-1,4,1.04,1.026,1.0337563351049348,1.066,1.0564292413973995,1.057,1.0799863189517467
2024-02-19 03:00:00,Sonapur-Gauge-1,4,1.026,1.054,1.0302086445327971,1.077,1.0498431845731477,1.092,1.0897558381467205
2024-02-19 04:00:00,Sonapur-Gauge-1,4,1.054,1.066,1.0542935298418694,1.055,1.0527352443746179,1.072,1.0718784844240596
2024-02-19 05:00:00,Sonapur-Gauge-1,4,1.066,1.077,1.0568077500557593,1.057,1.055970321018084,1.051,1.067634187122537
2024-02-19 06:00:00,Sonapur-Gauge-1,4,1.077,1.055,1.071308823581476,1.092,1.060087162967074,1.048,1.059601697391928
2024-02-19 07:00:00,Sonapur-Gauge-1,4,1.055,1.057,1.0603228567507732,1.072,1.0548241028355692,1.049,1.05991953340021
2024-02-19 08:00:00,Sonapur-Gauge-1,4,1.057,1.092,1.059405549225121,1.051,1.0554542613022844,1.058,1.073264516037704
2024-02-19 09:00:00,Sonapur-Gauge-1,4,1.092,1.072,1.084465910729247,1.048,1.0817405325144338,1.065,1.0787744934899117
2024-02-19 10:00:00,Sonapur-Gauge-1,4,1.072,1.051,1.0674946021885,1.049,1.058930481904201,1.065,1.0728055061485045
2024-02-19 11:00:00,Sonapur-Gauge-1,4,1.051,1.048,1.053967874057792,1.058,1.0543823412675122,1.046,1.068808440572158
2024-02-19 12:00:00,Sonapur-Gauge-1,4,1.048,1.049,1.042136825754144,1.065,1.0518572931209675,1.105,1.0688068356349214
2024-02-19 13:00:00,Sonapur-Gauge-1,4,1.049,1.058,1.048379681194843,1.065,1.0612905016487895,1.155,1.1163720282361156
2024-02-19 14:00:00,Sonapur-Gauge-1,4,1.058,1.065,1.057963624814162,1.046,1.0666736677756319,1.182,1.124626335262406
2024-02-19 15:00:00,Sonapur-Gauge-1,4,1.065,1.065,1.0572997001965667,1.105,1.0672512875458617,1.225,1.123959616528582
2024-02-19 16:00:00,Sonapur-Gauge-1,4,1.065,1.046,1.056599271919209,1.155,1.0675546643420617,1.241,1.123970477403929
2024-02-19 17:00:00,Sonapur-Gauge-1,4,1.046,1.105,1.0511071153382983,1.182,1.0671092021311057,1.233,1.1192929424201419
2024-02-19 18:00:00,Sonapur-Gauge-1,4,1.105,1.155,1.1291902022322564,1.225,1.175832481584536,1.244,1.2058447195670694
2024-02-19 19:00:00,Sonapur-Gauge-1,4,1.155,1.182,1.1756099259663637,1.241,1.2239851599829568,1.211,1.2297595411132838
2024-02-19 20:00:00,Sonapur-Gauge-1,4,1.182,1.225,1.2115896986501866,1.233,1.2358182310702224,1.245,1.244493183035313
2024-02-19 21:00:00,Sonapur-Gauge-1,4,1.225,1.241,1.2325717096611095,1.244,1.237012304913371,1.213,1.244376270707861
2024-02-19 22:00:00,Sonapur-Gauge-1,4,1.241,1.233,1.2439347014065443,1.211,1.237068383516115,1.233,1.2456281289238256
2024-02-19 23:00:00,Sonapur-Gauge-1,4,1.233,1.244,1.234917942126399,1.245,1.236244693363083,1.262,1.2393097946439702
2024-02-20 00:00:00,Sonapur-Gauge-1,4,1.244,1.211,1.2363679086567452,1.213,1.233226924988284,1.225,1.2261064993139594
2024-02-20 01:00:00,Sonapur-Gauge-1,4,1.211,1.245,1.21424408511825,1.233,1.202485501782575,1.187,1.1823655946100495
2024-02-20 02:00:00,Sonapur-Gauge-1,4,1.245,1.213,1.2374500778628097,1.262,1.230852829243692,1.19,1.2211820960020565
2024-02-20 03:00:00,Sonapur-Gauge-1,4,1.213,1.233,1.2166863916651949,1.225,1.204490939937403,1.213,1.1829860963555272
2024-02-20 04:00:00,Sonapur-Gauge-1,4,1.233,1.262,1.234089833260914,1.187,1.2177314052588455,1.245,1.2167756397328071
2024-02-20 05:00:00,Sonapur-Gauge-1,4,1.262,1.225,1.2508086755474226,1.19,1.2371225637690926,1.245,1.2272570001577807
2024-02-20 06:00:00,Sonapur-Gauge-1,4,1.225,1.187,1.2107587620062596,1.213,1.211325021857131,1.312,1.2102903354931749
2024-02-20 07:00:00,Sonapur-Gauge-1,4,1.187,1.19,1.185766418607289,1.245,1.1904617933497594,1.39,1.206493532698688
2024-02-20 08:00:00,Sonapur-Gauge-1,4,1.19,1.213,1.19027944672808,1.245,1.193251178142406,1.402,1.2195003024757867
2024-02-20 09:00:00,Sonapur-Gauge-1,4,1.213,1.245,1.2128928102379761,1.312,1.2081306501033622,1.44,1.2139527643600954
2024-02-20 10:00:00,Sonapur-Gauge-1,4,1.245,1.245,1.2677574674974685,1.39,1.3645121699583407,1.459,1.3887807929945073
2024-02-20 11:00:00,Sonapur-Gauge-1,4,1.245,1.312,1.2698169387342053,1.402,1.3636286374838709,1.458,1.3832749754593163
2024-02-20 12:00:00,Sonapur-Gauge-1,4,1.312,1.39,1.3608883477018838,1.44,1.4334732366904612,1.429,1.4398843422045282
2024-02-20 13:00:00,Sonapur-Gauge-1,4,1.39,1.402,1.4167673331447852,1.459,1.4486089037623318,1.396,1.4075757534603694
2024-02-20 14:00:00,Sonapur-Gauge-1,4,1.402,1.44,1.429615246639112,1.458,1.4538091018706998,1.352,1.3956526814112717
2024-02-20 15:00:00,Sonapur-Gauge-1,4,1.44,1.459,1.4655101599995226,1.429,1.4371413701412992,1.363,1.3898365463036622
2024-02-20 16:00:00,Sonapur-Gauge-1,4,1.459,1.458,1.4508799003680053,1.396,1.4171921968877195,1.345,1.3887125429484368
2024-02-20 17:00:00,Sonapur-Gauge-1,4,1.458,1.429,1.4492208835953013,1.352,1.410312608669581,1.371,1.392125840689933
2024-02-20 18:00:00,Sonapur-Gauge-1,4,1.429,1.396,1.4140462816791517,1.363,1.3885584612735282,1.374,1.3857835822132778
2024-02-20 19:00:00,Sonapur-Gauge-1,4,1.396,1.352,1.387908719829167,1.345,1.3684141138843093,1.364,1.3596636828930537
2024-02-20 20:00:00,Sonapur-Gauge-1,4,1.352,1.363,1.355687764917078,1.371,1.3515530188277707,1.383,1.3540465143476095
2024-02-20 21:00:00,Sonapur-Gauge-1,4,1.363,1.345,1.3559866962339677,1.374,1.3652413484931325,1.371,1.3638174487901873
2024-02-20 22:00:00,Sonapur-Gauge-1,4,1.345,1.371,1.3469066996339782,1.364,1.3305704149827913,1.349,1.301263534026263
2024-02-20 23:00:00,Sonapur-Gauge-1,4,1.371,1.374,1.371064288268331,1.383,1.3592530602102058,1.353,1.3377988931101497
2024-02-21 00:00:00,Sonapur-Gauge-1,4,1.374,1.364,1.3705199754315969,1.371,1.355417246944026,1.331,1.3264436865337075
2024-02-21 01:00:00,Sonapur-Gauge-1,4,1.364,1.383,1.3561044661757096,1.349,1.34223468858198,1.324,1.3125780886950793
2024-02-21 02:00:00,Sonapur-Gauge-1,4,1.383,1.371,1.374800880548802,1.353,1.3583386716712684,1.321,1.3152239109031847
2024-02-21 03:00:00,Sonapur-Gauge-1,4,1.371,1.349,1.3713189464595894,1.331,1.354267437500599,1.312,1.3136160694242411
2024-02-21 04:00:00,Sonapur-Gauge-1,4,1.349,1.353,1.343315641694777,1.324,1.3129861001642822,1.309,1.2908091589169326
2024-02-21 05:00:00,Sonapur-Gauge-1,4,1.353,1.331,1.343775170336977,1.321,1.3209484003094458,1.307,1.29872203658871
2024-02-21 06:00:00,Sonapur-Gauge-1,4,1.331,1.324,1.3233171746564356,1.312,1.3036343537705848,1.3,1.2855584882600415
2024-02-21 07:00:00,Sonapur-Gauge-1,4,1.324,1.321,1.3159359089295568,1.309,1.3004283726000787,1.279,1.2803493073698715
2024-02-21 08:00:00,Sonapur-Gauge-1,4,1.321,1.312,1.3112017230427264,1.307,1.291158768422112,1.248,1.2326466436561132
2024-02-21 09:00:00,Sonapur-Gauge-1,4,1.312,1.309,1.3056787573890116,1.3,1.2712740160870253,1.224,1.2275635960892493
2024-02-21 10:00:00,Sonapur-Gauge-1,4,1.309,1.307,1.2998017714894652,1.279,1.2608581946582935,1.202,1.2183781926773773
2024-02-21 11:00:00,Sonapur-Gauge-1,4,1.307,1.3,1.2997423639354195,1.248,1.258810431272091,1.207,1.2180037585209988
2024-02-21 12:00:00,Sonapur-Gauge-1,4,1.3,1.279,1.2930129270707653,1.224,1.2530121989819791,1.234,1.2182473133627245
2024-02-21 13:00:00,Sonapur-Gauge-1,4,1.279,1.248,1.2650776527403826,1.202,1.2350645667253608,1.224,1.2173603921071914
2024-02-21 14:00:00,Sonapur-Gauge-1,4,1.248,1.224,1.2369809116343604,1.207,1.2195177966839539,1.24,1.2093404848254885
2024-02-21 15:00:00,Sonapur-Gauge-1,4,1.224,1.202,1.2102176307252048,1.234,1.2099297760645784,1.222,1.2043071982960265
2024-02-21 16:00:00,Sonapur-Gauge-1,4,1.202,1.207,1.1956257438102758,1.224,1.1946720768185592,1.215,1.1848479615414043
2024-02-21 17:00:00,Sonapur-Gauge-1,4,1.207,1.234,1.2041244816004488,1.24,1.1906497689231774,1.208,1.1777199450406595
2024-02-21 18:00:00,Sonapur-Gauge-1,4,1.234,1.224,1.226169672545514,1.222,1.216806211057134,1.216,1.208471116393837
2024-02-21 19:00:00,Sonapur-Gauge-1,4,1.224,1.24,1.2179694596470398,1.215,1.211914041729194,1.2,1.207022924461376
2024-02-21 20:00:00,Sonapur-Gauge-1,4,1.24,1.222,1.2321130806340785,1.208,1.2192555804004472,1.212,1.2169306244111455
2024-02-21 21:00:00,Sonapur-Gauge-1,4,1.222,1.215,1.2191652337323429,1.216,1.2367773735259298,1.21,1.2403789870987614
2024-02-21 22:00:00,Sonapur-Gauge-1,4,1.215,1.208,1.2112875642155656,1.2,1.2114462081784765,1.204,1.195299728933506
2024-02-21 23:00:00,Sonapur-Gauge-1,4,1.208,1.216,1.2071062511573876,1.212,1.2005880618210094,1.184,1.18915721199422
2024-02-22 00:00:00,Sonapur-Gauge-1,4,1.216,1.2,1.2095675413897216,1.21,1.2070598838787447,1.145,1.1809190845110882
2024-02-22 01:00:00,Sonapur-Gauge-1,4,1.2,1.212,1.1971663987257457,1.204,1.1898003519572624,1.131,1.176608082471239
2024-02-22 02:00:00,Sonapur-Gauge-1,4,1.212,1.21,1.2086381824406633,1.184,1.1978791610022255,1.141,1.1759653054749466
2024-02-22 03:00:00,Sonapur-Gauge-1,4,1.21,1.204,1.2031704448053622,1.145,1.1867918538312325,1.101,1.1797851189326196
2024-02-22 04:00:00,Sonapur-Gauge-1,4,1.204,1.184,1.1996511745917522,1.131,1.186049253490501,1.066,1.180072999552039
2024-02-22 05:00:00,Sonapur-Gauge-1,4,1.184,1.145,1.1796010242637196,1.141,1.1726280008940202,1.057,1.1874773739353868
2024-02-22 06:00:00,Sonapur-Gauge-1,4,1.145,1.131,1.1342454228422094,1.101,1.1209880482605812,1.036,1.1138261366147835
2024-02-22 07:00:00,Sonapur-Gauge-1,4,1.131,1.141,1.128887078904256,1.066,1.1087723004574255,1.096,1.1002203435359952
2024-02-22 08:00:00,Sonapur-Gauge-1,4,1.141,1.101,1.130075652875836,1.057,1.1129445546675065,1.099,1.104173843529583
2024-02-22 09:00:00,Sonapur-Gauge-1,4,1.101,1.066,1.0834161888179643,1.036,1.0803359778512558,1.088,1.0781640274789879
2024-02-22 10:00:00,Sonapur-Gauge-1,4,1.066,1.057,1.0592024445511978,1.096,1.0593493755155161,1.109,1.0658655614118577
2024-02-22 11:00:00,Sonapur-Gauge-1,4,1.057,1.036,1.0533575881019819,1.099,1.0559685319576366,1.105,1.0683811097016174
2024-02-22 12:00:00,Sonapur-Gauge-1,4,1.036,1.096,1.0396160271115982,1.088,1.0501296923602448,1.101,1.0804195674942383
2024-02-22 13:00:00,Sonapur-Gauge-1,4,1.096,1.099,1.0909797511855654,1.109,1.0882722850451572,1.135,1.0785334052110116
2024-02-22 14:00:00,Sonapur-Gauge-1,4,1.099,1.088,1.095499027558162,1.105,1.092061607665267,1.086,1.0782367248295341
2024-02-22 15:00:00,Sonapur-Gauge-1,4,1.088,1.109,1.0916223484543823,1.101,1.0923719795600033,1.061,1.0768581898358491
2024-02-22 16:00:00,Sonapur-Gauge-1,4,1.109,1.105,1.104655159401887,1.135,1.0988309723409744,1.067,1.0903255476320355
2024-02-22 17:00:00,Sonapur-Gauge-1,4,1.105,1.101,1.1017540029155555,1.086,1.0927201895957455,1.043,1.0859456866079895
2024-02-22 18:00:00,Sonapur-Gauge-1,4,1.101,1.135,1.1036906300358331,1.061,1.09033615630236,1.02,1.070781511094727
2024-02-22 19:00:00,Sonapur-Gauge-1,4,1.135,1.086,1.12671584113951,1.067,1.113687423328655,1.033,1.1052758561177696
2024-02-22 20:00:00,Sonapur-Gauge-1,4,1.086,1.061,1.078795572948029,1.043,1.0752893087878164,1.015,1.0695602457432045
2024-02-22 21:00:00,Sonapur-Gauge-1,4,1.061,1.067,1.0595959080090198,1.02,1.0531927687654727,1.024,1.062793661219499
2024-02-22 22:00:00,Sonapur-Gauge-1,4,1.067,1.043,1.0579082367223847,1.033,1.0543241185782204,1.02,1.0652639355039286
2024-02-22 23:00:00,Sonapur-Gauge-1,4,1.043,1.02,1.0367995518795385,1.015,1.0469544955153582,1.028,1.059224235315048
2024-02-23 00:00:00,Sonapur-Gauge-1,4,1.02,1.033,1.0262192361521403,1.024,1.0318514038457538,1.027,1.042134314338923
2024-02-23 01:00:00,Sonapur-Gauge-1,4,1.033,1.015,1.0278873965409272,1.02,1.042236891730448,1.044,1.0740263753564518
2024-02-23 02:00:00,Sonapur-Gauge-1,4,1.015,1.024,1.0208077107401539,1.028,1.023014004857589,1.064,1.0364120607002845
2024-02-23 03:00:00,Sonapur-Gauge-1,4,1.024,1.02,1.025731930957326,1.027,1.034288981162551,1.045,1.0243532586934718
2024-02-23 04:00:00,Sonapur-Gauge-1,4,1.02,1.028,1.0242940922689943,1.044,1.0326616536535262,1.008,1.0245289485415219
2024-02-23 05:00:00,Sonapur-Gauge-1,4,1.028,1.027,1.0316108602065743,1.064,1.0424241870364326,1.003,1.0257506804095904
2024-02-23 06:00:00,Sonapur-Gauge-1,4,1.027,1.044,1.0314410500316948,1.045,1.0303482939791104,0.988,1.02296026776476
2024-02-23 07:00:00,Sonapur-Gauge-1,4,1.044,1.064,1.0385512897381866,1.008,1.0322665938494402,0.971,1.0336774176576347
2024-02-23 08:00:00,Sonapur-Gauge-1,4,1.064,1.045,1.0543995162492121,1.003,1.0478594479741752,0.934,1.0457590014200027
2024-02-23 09:00:00,Sonapur-Gauge-1,4,1.045,1.008,1.0383684665107304,0.988,1.0366279280888229,0.925,1.0390950723092027
2024-02-23 10:00:00,Sonapur-Gauge-1,4,1.008,1.003,1.0078956025152028,0.971,1.006829898475181,0.925,0.9973840096176827
2024-02-23 11:00:00,Sonapur-Gauge-1,4,1.003,0.988,0.9948870818104277,0.934,0.9963557455411289,0.913,0.9877221866138753
2024-02-23 12:00:00,Sonapur-Gauge-1,4,0.988,0.971,0.9879020162908903,0.925,0.9743675752747657,0.911,0.9862828375067235
2024-02-23 13:00:00,Sonapur-Gauge-1,4,0.971,0.934,0.9664217195347763,0.925,0.9687692782290463,0.924,1.006768405296832
2024-02-23 14:00:00,Sonapur-Gauge-1,4,0.934,0.925,0.9420681157100443,0.913,0.9641247001656665,0.952,1.028432410842735
2024-02-23 15:00:00,Sonapur-Gauge-1,4,0.925,0.925,0.9235715275816883,0.911,0.9532664791671571,0.981,1.0191397241526827
2024-02-23 16:00:00,Sonapur-Gauge-1,4,0.925,0.913,0.9231116463610348,0.924,0.9359821607977672,0.965,0.9509382678615916
2024-02-23 17:00:00,Sonapur-Gauge-1,4,0.913,0.911,0.9168885110765711,0.952,0.9345177044634296,0.948,0.9426231169570829
2024-02-23 18:00:00,Sonapur-Gauge-1,4,0.911,0.924,0.9184939781275965,0.981,0.9366884899730246,0.919,0.9360172354626177
2024-02-23 19:00:00,Sonapur-Gauge-1,4,0.924,0.952,0.9262142903208612,0.965,0.9358228286080441,0.935,0.9399293408909914
2024-02-23 20:00:00,Sonapur-Gauge-1,4,0.952,0.981,0.9561251029317023,0.948,0.9568007478955828,0.938,0.9632719162620573
2024-02-23 21:00:00,Sonapur-Gauge-1,4,0.981,0.965,0.970828484860917,0.919,0.9664163197202768,0.966,0.9784411128410596
2024-02-23 22:00:00,Sonapur-Gauge-1,4,0.965,0.948,0.9659818758869119,0.935,0.964070832414498,0.97,0.9756577222966117
2024-02-23 23:00:00,Sonapur-Gauge-1,4,0.948,0.919,0.9511812957593645,0.938,0.9569349384449874,0.958,0.9698898229207596
2024-02-24 00:00:00,Sonapur-Gauge-1,4,0.919,0.935,0.922186597904157,0.966,0.9398484147500548,0.957,0.9492051977590107
2024-02-24 01:00:00,Sonapur-Gauge-1,4,0.935,0.938,0.9392606099656806,0.97,0.9350124435002602,0.955,0.9411081896521954
2024-02-24 02:00:00,Sonapur-Gauge-1,4,0.938,0.966,0.936523261194618,0.958,0.933872864456855,0.943,0.9392340059000669
2024-02-24 03:00:00,Sonapur-Gauge-1,4,0.966,0.97,0.9660128487978431,0.957,0.974725193420726,0.946,0.9723324238284712
2024-02-24 04:00:00,Sonapur-Gauge-1,4,0.97,0.958,0.9665362989003372,0.955,0.965393288806793,0.93,0.9624070473185166
2024-02-24 05:00:00,Sonapur-Gauge-1,4,0.958,0.957,0.9566892348373989,0.943,0.9581545039526999,0.959,0.9574848118236886
2024-02-24 06:00:00,Sonapur-Gauge-1,4,0.957,0.955,0.9532686103071744,0.946,0.9544346902194963,0.925,0.9619154951496596
2024-02-24 07:00:00,Sonapur-Gauge-1,4,0.955,0.943,0.947012020830983,0.93,0.9497951650243113,0.949,0.9536428765434556
2024-02-24 08:00:00,Sonapur-Gauge-1,4,0.943,0.946,0.9451675834171469,0.959,0.9510593386011711,0.937,0.951652179366214
2024-02-24 09:00:00,Sonapur-Gauge-1,4,0.946,0.93,0.9435010724380971,0.925,0.9491886447523086,0.878,0.9473324887641501
2024-02-24 10:00:00,Sonapur-Gauge-1,4,0.93,0.959,0.9388788569442735,0.949,0.9305490516915492,0.843,0.9323150068569916
2024-02-24 11:00:00,Sonapur-Gauge-1,4,0.959,0.925,0.947750193814531,0.937,0.9449569590968169,0.843,0.9431913515200413
2024-02-24 12:00:00,Sonapur-Gauge-1,4,0.925,0.949,0.92610508277695,0.878,0.9259984339528928,0.836,0.929785361759054
2024-02-24 13:00:00,Sonapur-Gauge-1,4,0.949,0.937,0.9454565818215105,0.843,0.9420440946981743,0.846,0.9471205335172783
2024-02-24 14:00:00,Sonapur-Gauge-1,4,0.937,0.878,0.9327070059708231,0.843,0.9282303931469795,0.839,0.9352673416060764
2024-02-24 15:00:00,Sonapur-Gauge-1,4,0.878,0.843,0.870033086742549,0.836,0.8918354724237201,0.853,0.9170748022784562
2024-02-24 16:00:00,Sonapur-Gauge-1,4,0.843,0.843,0.8438740635214915,0.846,0.8502017804420966,0.855,0.903701807892581
2024-02-24 17:00:00,Sonapur-Gauge-1,4,0.843,0.836,0.8408223654086014,0.839,0.8533642768610794,0.87,0.903701176783159
2024-02-24 18:00:00,Sonapur-Gauge-1,4,0.836,0.846,0.8400712364378294,0.853,0.848334680907557,0.889,0.9009569350390332
2024-02-24 19:00:00,Sonapur-Gauge-1,4,0.846,0.839,0.8417681377645997,0.855,0.8610906681469138,0.9,0.90622453497994
2024-02-24 20:00:00,Sonapur-Gauge-1,4,0.839,0.853,0.8420261588519808,0.87,0.854939131347846,0.895,0.9041669515367013
2024-02-24 21:00:00,Sonapur-Gauge-1,4,0.853,0.855,0.8562804411351141,0.889,0.881607176242802,0.924,0.918586430631324
2024-02-24 22:00:00,Sonapur-Gauge-1,4,0.855,0.87,0.8621889698397435,0.9,0.8856182223666071,0.922,0.9305383694017206
2024-02-24 23:00:00,Sonapur-Gauge-1,4,0.87,0.889,0.8867969827645031,0.895,0.9041830268048726,0.907,0.9245083796019729
2024-02-25 00:00:00,Sonapur-Gauge-1,4,0.889,0.9,0.8999380580238193,0.924,0.9084306261234195,0.898,0.9270491857347923
2024-02-25 01:00:00,Sonapur-Gauge-1,4,0.9,0.895,0.9047968572043392,0.922,0.9104888771921504,0.906,0.9345896548393064
2024-02-25 02:00:00,Sonapur-Gauge-1,4,0.895,0.924,0.905286374394406,0.907,0.9071483289848769,0.925,0.9337991214459863
2024-02-25 03:00:00,Sonapur-Gauge-1,4,0.924,0.922,0.9242566075401922,0.898,0.9246170722052264,0.938,0.9542554451941382
2024-02-25 04:00:00,Sonapur-Gauge-1,4,0.922,0.907,0.9168256366342469,0.906,0.9253728668021123,0.95,0.9338561078532867
2024-02-25 05:00:00,Sonapur-Gauge-1,4,0.907,0.898,0.90501875730215,0.925,0.9170967441214903,0.941,0.928428875437988
2024-02-25 06:00:00,Sonapur-Gauge-1,4,0.898,0.906,0.899255452473757,0.938,0.906617288486917,0.962,0.9246675553037363
2024-02-25 07:00:00,Sonapur-Gauge-1,4,0.906,0.925,0.9052586138380067,0.95,0.9139903998926844,0.96,0.9351650634146277
2024-02-25 08:00:00,Sonapur-Gauge-1,4,0.925,0.938,0.924251647970851,0.941,0.9274386627456012,0.95,0.9390133939729761
2024-02-25 09:00:00,Sonapur-Gauge-1,4,0.938,0.95,0.9412580029283885,0.962,0.9447907468191422,0.913,0.9468071549673353
2024-02-25 10:00:00,Sonapur-Gauge-1,4,0.95,0.941,0.9481864026298509,0.96,0.9656636154445629,0.927,0.9808019966710867
2024-02-25 11:00:00,Sonapur-Gauge-1,4,0.941,0.962,0.9407036729043021,0.95,0.9352082945215853,0.918,0.9401278290106062
2024-02-25 12:00:00,Sonapur-Gauge-1,4,0.962,0.96,0.9601148077321263,0.913,0.9512231895453923,0.898,0.9560116011402777
2024-02-25 13:00:00,Sonapur-Gauge-1,4,0.96,0.95,0.9575909622401676,0.927,0.9580608690738132,0.876,0.966221285694463
2024-02-25 14:00:00,Sonapur-Gauge-1,4,0.95,0.913,0.949602294099923,0.918,0.9536900449140816,0.895,0.9489420376698151
2024-02-25 15:00:00,Sonapur-Gauge-1,4,0.913,0.927,0.9181708584245771,0.898,0.9232724734359178,0.899,0.9366636361092866
2024-02-25 16:00:00,Sonapur-Gauge-1,4,0.927,0.918,0.9285167598346672,0.876,0.9264944270012057,0.91,0.9405092838194906
2024-02-25 17:00:00,Sonapur-Gauge-1,4,0.918,0.898,0.9154043361638653,0.895,0.9224439894526941,0.905,0.9412636442749603
2024-02-25 18:00:00,Sonapur-Gauge-1,4,0.898,0.876,0.8989011048956421,0.899,0.9096528292932596,0.906,0.9301988571420953
2024-02-25 19:00:00,Sonapur-Gauge-1,4,0.876,0.895,0.8788054795856428,0.91,0.8995792413258579,0.905,0.9230271018493105
2024-02-25 20:00:00,Sonapur-Gauge-1,4,0.895,0.899,0.9027545094680125,0.905,0.9094011211515399,0.881,0.9289568273051638
2024-02-25 21:00:00,Sonapur-Gauge-1,4,0.899,0.91,0.9068681264000268,0.906,0.9065138305048289,0.898,0.9267928889513334
2024-02-25 22:00:00,Sonapur-Gauge-1,4,0.91,0.905,0.9125882868761932,0.905,0.9257455043908457,0.881,0.9341231260383075
2024-02-25 23:00:00,Sonapur-Gauge-1,4,0.905,0.906,0.9047584589733213,0.881,0.9037440509413485,0.871,0.921868498476688
2024-02-26 00:00:00,Sonapur-Gauge-1,4,0.906,0.905,0.9032188637019719,0.898,0.9049157739777717,0.88,0.9225528055530737
2024-02-26 01:00:00,Sonapur-Gauge-1,4,0.905,0.881,0.8975866499224436,0.881,0.903249935115115,0.903,0.9215879013024326
2024-02-26 02:00:00,Sonapur-Gauge-1,4,0.881,0.898,0.8809197564669046,0.871,0.8951692375148529,0.891,0.9165469153690833
2024-02-26 03:00:00,Sonapur-Gauge-1,4,0.898,0.881,0.8960749978798476,0.88,0.901523484167669,0.908,0.9213943283224559
2024-02-26 04:00:00,Sonapur-Gauge-1,4,0.881,0.871,0.8785632473130156,0.903,0.8968029358001085,0.915,0.9163564589398718
2024-02-26 05:00:00,Sonapur-Gauge-1,4,0.871,0.88,0.878567839075174,0.891,0.8911557555369705,0.911,0.9144631223035928
2024-02-26 06:00:00,Sonapur-Gauge-1,4,0.88,0.903,0.8891998818615403,0.908,0.9077800362415395,0.909,0.9367659112896379
2024-02-26 07:00:00,Sonapur-Gauge-1,4,0.903,0.891,0.900167139465856,0.915,0.91036065835886,0.907,0.9333748042567678
2024-02-26 08:00:00,Sonapur-Gauge-1,4,0.891,0.908,0.8978085861156045,0.911,0.9018158408838522,0.912,0.9282652587484189
2024-02-26 09:00:00,Sonapur-Gauge-1,4,0.908,0.915,0.9090370385580023,0.909,0.9190638642499,0.934,0.9362613566123208
2024-02-26 10:00:00,Sonapur-Gauge-1,4,0.915,0.911,0.9155871015192555,0.907,0.9234552014569236,0.939,0.9389612587521738
2024-02-26 11:00:00,Sonapur-Gauge-1,4,0.911,0.909,0.9145685165755303,0.912,0.9233336587162533,0.932,0.9365189710330981
2024-02-26 12:00:00,Sonapur-Gauge-1,4,0.909,0.907,0.9051002041131426,0.934,0.9246241630541724,0.923,0.9277663532787142
2024-02-26 13:00:00,Sonapur-Gauge-1,4,0.907,0.912,0.907216685464783,0.939,0.9212510055359698,0.931,0.9282955270489096
2024-02-26 14:00:00,Sonapur-Gauge-1,4,0.912,0.934,0.9194236802277435,0.932,0.9272183932231985,0.927,0.9358077116242008
2024-02-26 15:00:00,Sonapur-Gauge-1,4,0.934,0.939,0.9394063616339675,0.923,0.9335995487979875,0.897,0.9375343303878644
2024-02-26 16:00:00,Sonapur-Gauge-1,4,0.939,0.932,0.9367630569743974,0.931,0.9357350974530632,0.928,0.9393264218815172
2024-02-26 17:00:00,Sonapur-Gauge-1,4,0.932,0.923,0.9316507443871535,0.927,0.9305504186390794,0.932,0.9371798912289218
2024-02-26 18:00:00,Sonapur-Gauge-1,4,0.923,0.931,0.918235643573946,0.897,0.9256228960370764,0.935,0.955393544781376
2024-02-26 19:00:00,Sonapur-Gauge-1,4,0.931,0.927,0.9275218864146064,0.928,0.9414345496748643,0.963,0.9712251763672916
2024-02-26 20:00:00,Sonapur-Gauge-1,4,0.927,0.897,0.9218804505645084,0.932,0.9403362886772173,0.952,0.9596412720697632
2024-02-26 21:00:00,Sonapur-Gauge-1,4,0.897,0.928,0.9119571110141678,0.935,0.9316295346433883,0.961,0.9414949864771048
2024-02-26 22:00:00,Sonapur-Gauge-1,4,0.928,0.932,0.9329208472268419,0.963,0.9505489662076411,0.959,0.960138992492769
2024-02-26 23:00:00,Sonapur-Gauge-1,4,0.932,0.935,0.934360269518913,0.952,0.9470303447097628,0.964,0.9552172056999556
2024-02-27 00:00:00,Sonapur-Gauge-1,4,0.935,0.963,0.9473298089243882,0.961,0.9552056821218221,0.95,0.956987349078372
2024-02-27 01:00:00,Sonapur-Gauge-1,4,0.963,0.952,0.9577302134228762,0.959,0.9585216587912055,0.967,0.9667075809305372
2024-02-27 02:00:00,Sonapur-Gauge-1,4,0.952,0.961,0.9546709883688216,0.964,0.9523845933866929,1.0,0.9625800824444198
2024-02-27 03:00:00,Sonapur-Gauge-1,4,0.961,0.959,0.9585140219315484,0.95,0.9513680666739028,0.978,0.962616598235856
2024-02-27 04:00:00,Sonapur-Gauge-1,4,0.959,0.964,0.9535197094325951,0.967,0.9527339312753828,0.991,0.9690009912834132
2024-02-27 05:00:00,Sonapur-Gauge-1,4,0.964,0.95,0.9612322588258605,1.0,0.959076402632591,0.991,0.972721794118553
2024-02-27 06:00:00,Sonapur-Gauge-1,4,0.95,0.967,0.9525573700147042,0.978,0.9565493233779198,0.996,0.9711148897492433
2024-02-27 07:00:00,Sonapur-Gauge-1,4,0.967,1.0,0.9683292536264829,0.991,0.9597850952859086,1.002,0.9683938362072121
2024-02-27 08:00:00,Sonapur-Gauge-1,4,1.0,0.978,0.9871387992944124,0.991,0.9812352211593216,0.974,0.9777167730481877
2024-02-27 09:00:00,Sonapur-Gauge-1,4,0.978,0.991,0.9704387375275462,0.996,0.9722112537431361,0.956,0.9697820961356408
2024-02-27 10:00:00,Sonapur-Gauge-1,4,0.991,0.991,0.9925514472519115,1.002,0.975393144079643,0.949,0.9716830209959091
2024-02-27 11:00:00,Sonapur-Gauge-1,4,0.991,0.996,0.992314871953436,0.974,0.9754492185199004,0.972,0.9727546881603396
2024-02-27 12:00:00,Sonapur-Gauge-1,4,0.996,1.002,0.9952465045114222,0.956,0.9809730919253657,0.964,0.97650015085398
2024-02-27 13:00:00,Sonapur-Gauge-1,4,1.002,0.974,0.994786338592567,0.949,0.9849097655898951,0.971,0.9776825390213681
2024-02-27 14:00:00,Sonapur-Gauge-1,4,0.974,0.956,0.9645977245664537,0.972,0.9702233292649515,0.97,0.9712637393865261
2024-02-27 15:00:00,Sonapur-Gauge-1,4,0.956,0.949,0.9523846341878388,0.964,0.9534437722266098,0.97,0.9684982906718843
2024-02-27 16:00:00,Sonapur-Gauge-1,4,0.949,0.972,0.9520718011010094,0.971,0.9576772903456032,0.971,0.9732028198194275
2024-02-27 17:00:00,Sonapur-Gauge-1,4,0.972,0.964,0.9687579727317763,0.97,0.9631770340062481,0.955,0.9705817557195239
2024-02-27 18:00:00,Sonapur-Gauge-1,4,0.964,0.971,0.9675717895656241,0.97,0.9644396016211016,0.953,0.9701648289970457
2024-02-27 19:00:00,Sonapur-Gauge-1,4,0.971,0.97,0.9664434108398511,0.971,0.9614839387350524,0.947,0.9664675994663664
2024-02-27 20:00:00,Sonapur-Gauge-1,4,0.97,0.97,0.9683096257653595,0.955,0.9611843847297189,0.947,0.9650843481642463
2024-02-27 21:00:00,Sonapur-Gauge-1,4,0.97,0.971,0.9685814326727537,0.953,0.9593633064054643,0.935,0.964640384841167
2024-02-27 22:00:00,Sonapur-Gauge-1,4,0.971,0.955,0.9670756921688209,0.947,0.9587757577825887,0.973,0.9731653824180229
2024-02-27 23:00:00,Sonapur-Gauge-1,4,0.955,0.953,0.9490003097391077,0.947,0.9537685990670232,0.937,0.953132996070893
2024-02-28 00:00:00,Sonapur-Gauge-1,4,0.953,0.947,0.9469470551410374,0.935,0.9530773468628257,0.903,0.9550468649023429
2024-02-28 01:00:00,Sonapur-Gauge-1,4,0.947,0.947,0.9457499986157983,0.973,0.9561132617026286,0.911,0.9539371375307166
2024-02-28 02:00:00,Sonapur-Gauge-1,4,0.947,0.935,0.9475065208775484,0.937,0.954290236074426,0.927,0.9542165030367049
2024-02-28 03:00:00,Sonapur-Gauge-1,4,0.935,0.973,0.9435199133978914,0.903,0.9265963848564207,0.958,0.9420314630404529
2024-02-28 04:00:00,Sonapur-Gauge-1,4,0.973,0.937,0.9650830253771319,0.911,0.9621892752955841,0.951,0.9615045663131147
2024-02-28 05:00:00,Sonapur-Gauge-1,4,0.937,0.903,0.9298511328064316,0.927,0.9307019530608917,0.95,0.9450795285381877
2024-02-28 06:00:00,Sonapur-Gauge-1,4,0.903,0.911,0.9057961626729133,0.958,0.9130631395989443,0.963,0.9284206424362574
2024-02-28 07:00:00,Sonapur-Gauge-1,4,0.911,0.927,0.9189159808840434,0.951,0.933741244373122,0.993,0.9390050681688888
2024-02-28 08:00:00,Sonapur-Gauge-1,4,0.927,0.958,0.929642707505042,0.95,0.9341475956997621,0.999,0.9396965850493704
2024-02-28 09:00:00,Sonapur-Gauge-1,4,0.958,0.951,0.9596693085125271,0.963,0.9669469060242553,1.036,0.9926924499494327
2024-02-28 10:00:00,Sonapur-Gauge-1,4,0.951,0.95,0.9540585816041605,0.993,0.9674232240155068,1.08,1.002412370575387
2024-02-28 11:00:00,Sonapur-Gauge-1,4,0.95,0.963,0.9529796383150174,0.999,0.9565438516903466,1.104,0.9891185477628899
2024-02-28 12:00:00,Sonapur-Gauge-1,4,0.963,0.993,0.9865356378913703,1.036,0.990481987432937,1.139,1.0192720338036312
2024-02-28 13:00:00,Sonapur-Gauge-1,4,0.993,0.999,0.9944269296283521,1.08,1.0204263491995555,1.153,1.0500168138958694
2024-02-28 14:00:00,Sonapur-Gauge-1,4,0.999,1.036,1.0313536914906343,1.104,1.1019523190827416,1.171,1.118439703892169
2024-02-28 15:00:00,Sonapur-Gauge-1,4,1.036,1.08,1.0718150703805203,1.139,1.1229696155303641,1.132,1.1256699310388598
2024-02-28 16:00:00,Sonapur-Gauge-1,4,1.08,1.104,1.1109832989852149,1.153,1.16291956329581,1.123,1.1468419130355114
2024-02-28 17:00:00,Sonapur-Gauge-1,4,1.104,1.139,1.1296618841217236,1.171,1.13465487551424,1.132,1.1192181220907291
2024-02-28 18:00:00,Sonapur-Gauge-1,4,1.139,1.153,1.1598015121702359,1.132,1.1384272547205458,1.124,1.1312907992156371
2024-02-28 19:00:00,Sonapur-Gauge-1,4,1.153,1.171,1.1740991308969089,1.123,1.156011432726533,1.139,1.1640622173399016
2024-02-28 20:00:00,Sonapur-Gauge-1,4,1.171,1.132,1.163625719100396,1.132,1.1700659743889361,1.138,1.1843227100445268
2024-02-28 21:00:00,Sonapur-Gauge-1,4,1.132,1.123,1.1304421484844966,1.124,1.1353875478961706,1.14,1.1505413746338926
2024-02-28 22:00:00,Sonapur-Gauge-1,4,1.123,1.132,1.1321162409462249,1.139,1.1290471713161987,1.148,1.1323593602461062
2024-02-28 23:00:00,Sonapur-Gauge-1,4,1.132,1.124,1.13455642169744,1.138,1.1321891301868527,1.143,1.1375517616802782
2024-02-29 00:00:00,Sonapur-Gauge-1,4,1.124,1.139,1.132117379388175,1.14,1.129043007231903,1.104,1.1298178400929422
2024-02-29 01:00:00,Sonapur-Gauge-1,4,1.139,1.138,1.1382676600818844,1.148,1.1347645723359896,1.135,1.1393795065149164
2024-02-29 02:00:00,Sonapur-Gauge-1,4,1.138,1.14,1.1389249849369298,1.143,1.1336186338774015,1.158,1.1369596671421833
2024-02-29 03:00:00,Sonapur-Gauge-1,4,1.14,1.148,1.138951284538495,1.104,1.133514237505985,1.165,1.1428689074802947
2024-02-29 04:00:00,Sonapur-Gauge-1,4,1.148,1.143,1.1419813039307345,1.135,1.137067629135093,1.151,1.147189274521644
2024-02-29 05:00:00,Sonapur-Gauge-1,4,1.143,1.104,1.1400039019479007,1.158,1.138009399988894,1.205,1.1520149927166659
2024-02-29 06:00:00,Sonapur-Gauge-1,4,1.104,1.135,1.100155827178355,1.165,1.1083041028113327,1.213,1.1373317494970343
2024-02-29 07:00:00,Sonapur-Gauge-1,4,1.135,1.158,1.1373280259631244,1.151,1.1312150606765858,1.224,1.1527642801905205
2024-02-29 08:00:00,Sonapur-Gauge-1,4,1.158,1.165,1.1607836110521714,1.205,1.1696373696960836,1.313,1.1998364470980962
2024-02-29 09:00:00,Sonapur-Gauge-1,4,1.165,1.151,1.1580908269650274,1.213,1.1783681790878193,1.327,1.2219790856724122
2024-02-29 10:00:00,Sonapur-Gauge-1,4,1.151,1.205,1.1564979166587201,1.224,1.1628113858272437,1.36,1.182514569670929
2024-02-29 11:00:00,Sonapur-Gauge-1,4,1.205,1.213,1.2418347700509254,1.313,1.3291635240113908,1.379,1.392263260695954
2024-02-29 12:00:00,Sonapur-Gauge-1,4,1.213,1.224,1.2493199010062466,1.327,1.328762125986758,1.401,1.3501497013615535
2024-02-29 13:00:00,Sonapur-Gauge-1,4,1.224,1.313,1.275731027907958,1.36,1.3693399794432137,1.416,1.3997258675478794
2024-02-29 14:00:00,Sonapur-Gauge-1,4,1.313,1.327,1.3409085949618185,1.379,1.3571685643343905,1.422,1.3693289771316286
2024-02-29 15:00:00,Sonapur-Gauge-1,4,1.327,1.36,1.3560492373539321,1.401,1.3800494588459276,1.434,1.3774578519842386
2024-02-29 16:00:00,Sonapur-Gauge-1,4,1.36,1.379,1.37861129028298,1.416,1.414695250235647,1.468,1.4215937306302713
2024-02-29 17:00:00,Sonapur-Gauge-1,4,1.379,1.401,1.4025098153770936,1.422,1.4319467484754957,1.469,1.4514382868046711
2024-02-29 18:00:00,Sonapur-Gauge-1,4,1.401,1.416,1.411925251989337,1.434,1.4451774479357284,1.471,1.4492184980017224
2024-02-29 19:00:00,Sonapur-Gauge-1,4,1.416,1.422,1.4273560075452258,1.468,1.4653608564856462,1.422,1.4470463744800017
2024-02-29 20:00:00,Sonapur-Gauge-1,4,1.422,1.434,1.4232715778583362,1.469,1.4400669519141427,1.423,1.395325236256337
2024-02-29 21:00:00,Sonapur-Gauge-1,4,1.434,1.468,1.4520784536392195,1.471,1.4516807602172264,1.416,1.407102033783575
2024-02-29 22:00:00,Sonapur-Gauge-1,4,1.468,1.469,1.4815305790985391,1.422,1.4607357081709476,1.399,1.4390149013118745
2024-02-29 23:00:00,Sonapur-Gauge-1,4,1.469,1.471,1.4576042796389446,1.423,1.4422120649142973,1.431,1.4300876265722242
2024-03-01 00:00:00,Sonapur-Gauge-1,4,1.471,1.422,1.4535275116419213,1.416,1.4385528555140132,1.395,1.4217987692951364
2024-03-01 01:00:00,Sonapur-Gauge-1,4,1.422,1.423,1.4105614140620222,1.399,1.4050666895709274,1.387,1.386860481269791
2024-03-01 02:00:00,Sonapur-Gauge-1,4,1.423,1.416,1.4137826801598163,1.431,1.4081053031299977,1.404,1.389413298913582
2024-03-01 03:00:00,Sonapur-Gauge-1,4,1.416,1.399,1.4077102599940983,1.395,1.4048188575706997,1.399,1.3905034590814114
2024-03-01 04:00:00,Sonapur-Gauge-1,4,1.399,1.431,1.4058841879557278,1.387,1.3781367497199155,1.349,1.3503922160918806
2024-03-01 05:00:00,Sonapur-Gauge-1,4,1.431,1.395,1.417764169963018,1.404,1.4243383923467292,1.368,1.3981080376341828
2024-03-01 06:00:00,Sonapur-Gauge-1,4,1.395,1.387,1.3954047850738809,1.399,1.3735985074050334,1.323,1.3421010559041073
2024-03-01 07:00:00,Sonapur-Gauge-1,4,1.387,1.404,1.381698961297853,1.349,1.3581609767625062,1.29,1.3241915196163052
2024-03-01 08:00:00,Sonapur-Gauge-1,4,1.404,1.399,1.3972282868824861,1.368,1.3682518244890176,1.303,1.3307060098916523
2024-03-01 09:00:00,Sonapur-Gauge-1,4,1.399,1.349,1.3940515094806398,1.323,1.3665598384656295,1.304,1.329432855547953
2024-03-01 10:00:00,Sonapur-Gauge-1,4,1.349,1.368,1.345204847783866,1.29,1.3094914345068298,1.322,1.3021577371866193
2024-03-01 11:00:00,Sonapur-Gauge-1,4,1.368,1.323,1.352604810679762,1.303,1.345303131585528,1.326,1.3189781187176426
2024-03-01 12:00:00,Sonapur-Gauge-1,4,1.323,1.29,1.3123811122570543,1.304,1.305321496449765,1.358,1.3013496134904798
2024-03-01 13:00:00,Sonapur-Gauge-1,4,1.29,1.303,1.2878789194921092,1.322,1.2821896107288142,1.41,1.289520059999812
2024-03-01 14:00:00,Sonapur-Gauge-1,4,1.303,1.304,1.3014868670278164,1.326,1.3053753456084036,1.403,1.307191327682112
2024-03-01 15:00:00,Sonapur-Gauge-1,4,1.304,1.322,1.3162163749100064,1.358,1.3567254736008252,1.41,1.381665319150323
2024-03-01 16:00:00,Sonapur-Gauge-1,4,1.322,1.326,1.3430052425266996,1.41,1.3993652107599674,1.372,1.3789669253278105
2024-03-01 17:00:00,Sonapur-Gauge-1,4,1.326,1.358,1.3497161886872584,1.403,1.3916461388125008,1.412,1.3754972626983482
2024-03-01 18:00:00,Sonapur-Gauge-1,4,1.358,1.41,1.3908734916010692,1.41,1.397704092023845,1.383,1.3747897429027314
2024-03-01 19:00:00,Sonapur-Gauge-1,4,1.41,1.403,1.4131324313183808,1.372,1.3944236074959933,1.385,1.3869646462433303
2024-03-01 20:00:00,Sonapur-Gauge-1,4,1.403,1.41,1.4100267224593168,1.412,1.390326886087943,1.382,1.3705610180598167
2024-03-01 21:00:00,Sonapur-Gauge-1,4,1.41,1.372,1.398189171602401,1.383,1.37985267043057,1.375,1.3742014421117292
2024-03-01 22:00:00,Sonapur-Gauge-1,4,1.372,1.412,1.3745741398064986,1.385,1.3589397679861257,1.356,1.3543380014890791
2024-03-01 23:00:00,Sonapur-Gauge-1,4,1.412,1.383,1.4043805639268538,1.382,1.3812801664961778,1.32,1.3663723551249016
2024-03-02 00:00:00,Sonapur-Gauge-1,4,1.383,1.385,1.3749153856575336,1.375,1.3600360274247543,1.342,1.3551671309248454
2024-03-02 01:00:00,Sonapur-Gauge-1,4,1.385,1.382,1.3817227241477295,1.356,1.3619610154211665,1.315,1.3605770799210923
2024-03-02 02:00:00,Sonapur-Gauge-1,4,1.382,1.375,1.3771606213781131,1.32,1.3612474029790846,1.306,1.3529064405336173
2024-03-02 03:00:00,Sonapur-Gauge-1,4,1.375,1.356,1.371440237289119,1.342,1.3554637104703569,1.292,1.3241104660357053
2024-03-02 04:00:00,Sonapur-Gauge-1,4,1.356,1.32,1.3421715028491608,1.315,1.327409485685023,1.304,1.3098860046255012
2024-03-02 05:00:00,Sonapur-Gauge-1,4,1.32,1.342,1.3130625937754736,1.306,1.2984023193242484,1.342,1.2963641381418323
2024-03-02 06:00:00,Sonapur-Gauge-1,4,1.342,1.315,1.3261698413990288,1.292,1.3064993386907233,1.319,1.294418584438901
2024-03-02 07:00:00,Sonapur-Gauge-1,4,1.315,1.306,1.308959008886737,1.304,1.2958443657708747,1.313,1.2847555375487916
2024-03-02 08:00:00,Sonapur-Gauge-1,4,1.306,1.292,1.2990024050971596,1.342,1.2963697267596617,1.325,1.2819459755319909
2024-03-02 09:00:00,Sonapur-Gauge-1,4,1.292,1.304,1.2884565757371438,1.319,1.2893974011662714,1.342,1.2824337462557098
2024-03-02 10:00:00,Sonapur-Gauge-1,4,1.304,1.342,1.3051830400414481,1.313,1.297149861197264,1.328,1.2822747104208498
2024-03-02 11:00:00,Sonapur-Gauge-1,4,1.342,1.319,1.325582277027816,1.325,1.3123922837848512,1.316,1.2912371029598817
2024-03-02 12:00:00,Sonapur-Gauge-1,4,1.319,1.313,1.311677069053261,1.342,1.30093026746461,1.332,1.2831184654764778
2024-03-02 13:00:00,Sonapur-Gauge-1,4,1.313,1.325,1.3100566932268307,1.328,1.297013191804648,1.284,1.2783020841940587
2024-03-02 14:00:00,Sonapur-Gauge-1,4,1.325,1.342,1.3136675918502736,1.316,1.3013545107542925,1.293,1.2831758311825352
2024-03-02 15:00:00,Sonapur-Gauge-1,4,1.342,1.328,1.3261220241008245,1.332,1.3077165882142368,1.268,1.2765554212551955
2024-03-02 16:00:00,Sonapur-Gauge-1,4,1.328,1.316,1.3194884841367227,1.284,1.3042609202698876,1.262,1.2741712864408423
2024-03-02 17:00:00,Sonapur-Gauge-1,4,1.316,1.332,1.3128578320349784,1.293,1.289657968449583,1.254,1.2688061882888377
2024-03-02 18:00:00,Sonapur-Gauge-1,4,1.332,1.284,1.3210117847835918,1.268,1.2913009043706958,1.242,1.2265115216971127
2024-03-02 19:00:00,Sonapur-Gauge-1,4,1.284,1.293,1.2807158905033973,1.262,1.2519591004945079,1.248,1.2215739736953375
2024-03-02 20:00:00,Sonapur-Gauge-1,4,1.293,1.268,1.2834615345668186,1.254,1.2575903061439402,1.24,1.2235585026625684
2024-03-02 21:00:00,Sonapur-Gauge-1,4,1.268,1.262,1.2528154337880344,1.242,1.2340945315426217,1.26,1.2219077690736124
2024-03-02 22:00:00,Sonapur-Gauge-1,4,1.262,1.254,1.2465517130712698,1.248,1.2316610968829629,1.243,1.2173883795326892
2024-03-02 23:00:00,Sonapur-Gauge-1,4,1.254,1.242,1.2417064558414874,1.24,1.2263038077279382,1.221,1.2112977588016174
2024-03-03 00:00:00,Sonapur-Gauge-1,4,1.242,1.248,1.248548370799657,1.26,1.2500611804131891,1.216,1.2387187951981802
2024-03-03 01:00:00,Sonapur-Gauge-1,4,1.248,1.24,1.2531648383214553,1.243,1.2523711742876946,1.207,1.2377552470372855
2024-03-03 02:00:00,Sonapur-Gauge-1,4,1.24,1.26,1.2475394624553537,1.221,1.243770896040115,1.229,1.23836529786497
2024-03-03 03:00:00,Sonapur-Gauge-1,4,1.26,1.243,1.256156317408287,1.216,1.2515923623013447,1.22,1.2390255669489005
2024-03-03 04:00:00,Sonapur-Gauge-1,4,1.243,1.221,1.2370473893788834,1.207,1.2319901939221185,1.212,1.2224083528457634
2024-03-03 05:00:00,Sonapur-Gauge-1,4,1.221,1.216,1.2189581808815073,1.229,1.2267962570987438,1.18,1.2047553489185594
2024-03-03 06:00:00,Sonapur-Gauge-1,4,1.216,1.207,1.2099805546509068,1.22,1.2008611546914603,1.177,1.1816265948905504
2024-03-03 07:00:00,Sonapur-Gauge-1,4,1.207,1.229,1.2056977777607314,1.212,1.1941134104610238,1.146,1.1785289140844102
2024-03-03 08:00:00,Sonapur-Gauge-1,4,1.229,1.22,1.2285221443815473,1.18,1.213782957962858,1.136,1.2041104689020798
2024-03-03 09:00:00,Sonapur-Gauge-1,4,1.22,1.212,1.2133078329606193,1.177,1.2119148568600697,1.112,1.2016596191418398
2024-03-03 10:00:00,Sonapur-Gauge-1,4,1.212,1.18,1.2062615375081143,1.146,1.1929569247305432,1.116,1.1794257140490363
2024-03-03 11:00:00,Sonapur-Gauge-1,4,1.18,1.177,1.1784172740589043,1.136,1.1673554605326324,1.108,1.170458038294708
2024-03-03 12:00:00,Sonapur-Gauge-1,4,1.177,1.146,1.1660412575469146,1.112,1.162997778182258,1.125,1.1683276693240734
2024-03-03 13:00:00,Sonapur-Gauge-1,4,1.146,1.136,1.1372945499574207,1.116,1.1255305667013935,1.099,1.1158121086315635
2024-03-03 14:00:00,Sonapur-Gauge-1,4,1.136,1.112,1.1335677254605692,1.108,1.1154117666565384,1.096,1.1080341788039134
2024-03-03 15:00:00,Sonapur-Gauge-1,4,1.112,1.116,1.1094916153226142,1.125,1.100957375694878,1.094,1.097103563925834
2024-03-03 16:00:00,Sonapur-Gauge-1,4,1.116,1.108,1.1103745043996374,1.099,1.1049449491588854,1.088,1.1000521753701384
2024-03-03 17:00:00,Sonapur-Gauge-1,4,1.108,1.125,1.104701208880185,1.096,1.096303987201197,1.105,1.1004616498759305
2024-03-03 18:00:00,Sonapur-Gauge-1,4,1.125,1.099,1.1199348612725677,1.094,1.1114811675374177,1.099,1.100801791578195
2024-03-03 19:00:00,Sonapur-Gauge-1,4,1.099,1.096,1.0920618963256308,1.088,1.088628515172801,1.074,1.0758017961576938
2024-03-03 20:00:00,Sonapur-Gauge-1,4,1.096,1.094,1.0962724281538754,1.105,1.0936740245092191,1.077,1.0797237495983627
2024-03-03 21:00:00,Sonapur-Gauge-1,4,1.094,1.088,1.09693197783719,1.099,1.0945323436069538,1.107,1.0780904754586833
2024-03-03 22:00:00,Sonapur-Gauge-1,4,1.088,1.105,1.0897918199455454,1.074,1.0916450231382533,1.088,1.076567802558408
2024-03-03 23:00:00,Sonapur-Gauge-1,4,1.105,1.099,1.1002061654931738,1.077,1.0903441975131465,1.083,1.0864094018028783
2024-03-04 00:00:00,Sonapur-Gauge-1,4,1.099,1.074,1.092386115254321,1.107,1.0926185121415453,1.083,1.0834124793279598
2024-03-04 01:00:00,Sonapur-Gauge-1,4,1.074,1.077,1.0700165774322945,1.088,1.0681674895682651,1.102,1.0821213204958502
2024-03-04 02:00:00,Sonapur-Gauge-1,4,1.077,1.107,1.0730511131473086,1.083,1.0611316987837252,1.117,1.081732119596894
2024-03-04 03:00:00,Sonapur-Gauge-1,4,1.107,1.088,1.0952922010686585,1.083,1.0905800756291122,1.118,1.0887590196570804
2024-03-04 04:00:00,Sonapur-Gauge-1,4,1.088,1.083,1.0867221959265803,1.102,1.0930921220167737,1.108,1.0884671517255013
2024-03-04 05:00:00,Sonapur-Gauge-1,4,1.083,1.083,1.0852130504400557,1.117,1.0944993920331245,1.096,1.086643063097212
2024-03-04 06:00:00,Sonapur-Gauge-1,4,1.083,1.102,1.0886760620249494,1.118,1.0942362105736148,1.104,1.086085726261829
2024-03-04 07:00:00,Sonapur-Gauge-1,4,1.102,1.117,1.1041060309342459,1.108,1.0935732154693472,1.084,1.0879977376021963
2024-03-04 08:00:00,Sonapur-Gauge-1,4,1.117,1.118,1.1103272735618517,1.096,1.104972528716081,1.052,1.0855854285347735
2024-03-04 09:00:00,Sonapur-Gauge-1,4,1.118,1.108,1.111659931518999,1.104,1.1059939882500698,1.043,1.0851200279215372
2024-03-04 10:00:00,Sonapur-Gauge-1,4,1.108,1.096,1.101569710458391,1.084,1.0955697571775125,1.029,1.0857207948432885
2024-03-04 11:00:00,Sonapur-Gauge-1,4,1.096,1.104,1.0923367051675303,1.052,1.0843883351594772,1.018,1.0655328320991189
2024-03-04 12:00:00,Sonapur-Gauge-1,4,1.104,1.084,1.095623546852541,1.043,1.0854849955156802,1.026,1.0811443350216694
2024-03-04 13:00:00,Sonapur-Gauge-1,4,1.084,1.052,1.0771386835187953,1.029,1.0793387523114097,1.024,1.069746787156556
2024-03-04 14:00:00,Sonapur-Gauge-1,4,1.052,1.043,1.053278999466235,1.018,1.043186842572091,1.016,1.0556627755291512
2024-03-04 15:00:00,Sonapur-Gauge-1,4,1.043,1.029,1.0372642324699017,1.026,1.039383420140561,1.015,1.0546860648644292
2024-03-04 16:00:00,Sonapur-Gauge-1,4,1.029,1.018,1.0322440409013953,1.024,1.032393529184658,1.029,1.0440113701247593
2024-03-04 17:00:00,Sonapur-Gauge-1,4,1.018,1.026,1.0216346000722951,1.016,1.0178902801625684,1.02,1.0251214149547627
2024-03-04 18:00:00,Sonapur-Gauge-1,4,1.026,1.024,1.0265693794162851,1.015,1.0306184173117008,1.028,1.0367715144729808
2024-03-04 19:00:00,Sonapur-Gauge-1,4,1.024,1.016,1.0230489342761804,1.029,1.0298956678622664,1.035,1.0336723912522445
2024-03-04 20:00:00,Sonapur-Gauge-1,4,1.016,1.015,1.015501750270736,1.02,1.0160920717128081,1.058,1.0280688100097557
2024-03-04 21:00:00,Sonapur-Gauge-1,4,1.015,1.029,1.0248543217040063,1.028,1.0557235241244753,1.056,1.0807407585677469
2024-03-04 22:00:00,Sonapur-Gauge-1,4,1.029,1.02,1.042939589232341,1.035,1.0705827561632362,1.048,1.0786330532569792
2024-03-04 23:00:00,Sonapur-Gauge-1,4,1.02,1.028,1.0314956376789002,1.058,1.0781963294436183,1.022,1.0798921712676246
2024-03-05 00:00:00,Sonapur-Gauge-1,4,1.028,1.035,1.0443883632272224,1.056,1.0448582560154007,0.984,1.0282737805513122
2024-03-05 01:00:00,Sonapur-Gauge-1,4,1.035,1.058,1.055603171807601,1.048,1.0503860488861574,1.009,1.0331636687959382
2024-03-05 02:00:00,Sonapur-Gauge-1,4,1.058,1.056,1.0688311130638202,1.022,1.0639399389216186,0.99,1.0419866774363369
2024-03-05 03:00:00,Sonapur-Gauge-1,4,1.056,1.048,1.050610144509983,0.984,1.0291138324139195,0.982,1.035619359942112
2024-03-05 04:00:00,Sonapur-Gauge-1,4,1.048,1.022,1.0358862606740862,1.009,1.0254784922742235,0.971,1.0321856714388946
2024-03-05 05:00:00,Sonapur-Gauge-1,4,1.022,0.984,1.0081834867030521,0.99,1.0092087263124079,0.988,1.021189973667695
2024-03-05 06:00:00,Sonapur-Gauge-1,4,0.984,1.009,0.9786951279977844,0.982,0.9765744599679193,0.993,0.9806457739391395
2024-03-05 07:00:00,Sonapur-Gauge-1,4,1.009,0.99,1.0005005039579762,0.971,0.9931137323124476,0.978,0.9982137695533121
2024-03-05 08:00:00,Sonapur-Gauge-1,4,0.99,0.982,0.9862181503932689,0.988,0.9811104732998737,0.987,0.9879935610314441
2024-03-05 09:00:00,Sonapur-Gauge-1,4,0.982,0.971,0.9770211326745678,0.993,0.9785491552071408,0.959,0.9779090159977266
2024-03-05 10:00:00,Sonapur-Gauge-1,4,0.971,0.988,0.973012753223557,0.978,0.9685015332140234,0.956,0.9659242360399826
2024-03-05 11:00:00,Sonapur-Gauge-1,4,0.988,0.993,0.9886041193486996,0.987,0.9747569961830966,0.894,0.9465530591996888
2024-03-05 12:00:00,Sonapur-Gauge-1,4,0.993,0.978,0.9932893144074677,0.959,0.9809053821202237,0.901,0.9575189251391675
2024-03-05 13:00:00,Sonapur-Gauge-1,4,0.978,0.987,0.977154223365282,0.956,0.9711198901162669,0.893,0.9492661157821681
2024-03-05 14:00:00,Sonapur-Gauge-1,4,0.987,0.959,0.9772749027839233,0.894,0.972306420310375,0.889,0.9499143193659229
2024-03-05 15:00:00,Sonapur-Gauge-1,4,0.959,0.956,0.9502716363069025,0.901,0.9452928899592107,0.914,0.9448032625917365
2024-03-05 16:00:00,Sonapur-Gauge-1,4,0.956,0.894,0.9441769431912805,0.893,0.9470323988415876,0.898,0.9534294231103888
2024-03-05 17:00:00,Sonapur-Gauge-1,4,0.894,0.901,0.9003829750219643,0.889,0.8760201703189971,0.884,0.8797525378016231
2024-03-05 18:00:00,Sonapur-Gauge-1,4,0.901,0.893,0.8985960408401932,0.914,0.8827682844546446,0.855,0.8774690268020138
2024-03-05 19:00:00,Sonapur-Gauge-1,4,0.893,0.889,0.8935292338361943,0.898,0.8783838810139454,0.858,0.8750107917177835
2024-03-05 20:00:00,Sonapur-Gauge-1,4,0.889,0.914,0.8945890371692451,0.884,0.8757272409331176,0.861,0.8651718908829714
2024-03-05 21:00:00,Sonapur-Gauge-1,4,0.914,0.898,0.914143529690216,0.855,0.9125912725517262,0.88,0.9276433999469301
2024-03-05 22:00:00,Sonapur-Gauge-1,4,0.898,0.884,0.9028672753294291,0.858,0.890490674373014,0.883,0.9118724486599333
2024-03-05 23:00:00,Sonapur-Gauge-1,4,0.884,0.855,0.877567867047554,0.861,0.8843720216465204,0.894,0.9052146481172667
2024-03-06 00:00:00,Sonapur-Gauge-1,4,0.855,0.858,0.852121485039815,0.88,0.8684499112381303,0.908,0.8977676509481989
2024-03-06 01:00:00,Sonapur-Gauge-1,4,0.858,0.861,0.8593233527180817,0.883,0.8714515280215304,0.917,0.9109725427778156
2024-03-06 02:00:00,Sonapur-Gauge-1,4,0.861,0.88,0.8775163315579041,0.894,0.8968355845705663,0.914,0.9168499077828186
2024-03-06 03:00:00,Sonapur-Gauge-1,4,0.88,0.883,0.885753223105636,0.908,0.9017736200833876,0.924,0.918525262171483
2024-03-06 04:00:00,Sonapur-Gauge-1,4,0.883,0.894,0.8882767852527432,0.917,0.8964450209077134,0.936,0.9163875873201672
2024-03-06 05:00:00,Sonapur-Gauge-1,4,0.894,0.908,0.9065785707920421,0.914,0.9047432886825053,0.956,0.931957042589148
2024-03-06 06:00:00,Sonapur-Gauge-1,4,0.908,0.917,0.9113830509307319,0.924,0.9221002823285891,1.001,0.9435839249169901
2024-03-06 07:00:00,Sonapur-Gauge-1,4,0.917,0.914,0.9155306859778046,0.936,0.9322560113832499,0.979,0.9611081271604218
2024-03-06 08:00:00,Sonapur-Gauge-1,4,0.914,0.924,0.9166244761543841,0.956,0.9293192471440823,0.988,0.9445732710228292
2024-03-06 09:00:00,Sonapur-Gauge-1,4,0.924,0.936,0.9221731672961028,1.001,0.9333752779498888,0.986,0.9416718635886272
2024-03-06 10:00:00,Sonapur-Gauge-1,4,0.936,0.956,0.939251792650899,0.979,0.9372966338551499,0.989,0.9385571845633707
2024-03-06 11:00:00,Sonapur-Gauge-1,4,0.956,1.001,0.9645889957112,0.988,0.969206499712971,1.001,0.9698211095891456
2024-03-06 12:00:00,Sonapur-Gauge-1,4,1.001,0.979,0.9878893479677767,0.986,0.9869514703508223,1.003,0.9837693153078723
2024-03-06 13:00:00,Sonapur-Gauge-1,4,0.979,0.988,0.9733875793903619,0.989,0.9815983392020587,0.978,0.9758001779655491
2024-03-06 14:00:00,Sonapur-Gauge-1,4,0.988,0.986,0.9886965152668894,1.001,0.9802342146581859,0.965,0.96762434130209
2024-03-06 15:00:00,Sonapur-Gauge-1,4,0.986,0.989,0.9796859661436221,1.003,0.9776734465106648,0.975,0.9653974316160367
2024-03-06 16:00:00,Sonapur-Gauge-1,4,0.989,1.001,0.9940790893943537,0.978,0.9751102804826969,0.957,0.9663232584075643
2024-03-06 17:00:00,Sonapur-Gauge-1,4,1.001,1.003,0.9949266172800676,0.965,0.9812691089264114,0.94,0.9743209212337377
2024-03-06 18:00:00,Sonapur-Gauge-1,4,1.003,0.978,0.9938171929409818,0.975,0.9874325075973704,0.939,0.975222018826744
2024-03-06 19:00:00,Sonapur-Gauge-1,4,0.978,0.965,0.9704999492639461,0.957,0.9717152838416159,0.916,0.9670281015085443
2024-03-06 20:00:00,Sonapur-Gauge-1,4,0.965,0.975,0.9698351480314511,0.94,0.9634444280869973,0.907,0.9673193514981206
2024-03-06 21:00:00,Sonapur-Gauge-1,4,0.975,0.957,0.9702094747413473,0.939,0.9684709321995747,0.952,0.9675516463182772
2024-03-06 22:00:00,Sonapur-Gauge-1,4,0.957,0.94,0.949873041977111,0.916,0.9514113061061222,0.946,0.9659451122328665
2024-03-06 23:00:00,Sonapur-Gauge-1,4,0.94,0.939,0.9360338489885724,0.907,0.9326723427026737,0.953,0.9548925838417577
2024-03-07 00:00:00,Sonapur-Gauge-1,4,0.939,0.916,0.9323178753997734,0.952,0.9353179114342525,0.936,0.9480109750308073
2024-03-07 01:00:00,Sonapur-Gauge-1,4,0.916,0.907,0.9138056138467882,0.946,0.9396496114789982,0.948,0.9463522909738514
2024-03-07 02:00:00,Sonapur-Gauge-1,4,0.907,0.952,0.9184405464087398,0.953,0.932676781949702,0.942,0.9213905809446785
2024-03-07 03:00:00,Sonapur-Gauge-1,4,0.952,0.946,0.9632395611157476,0.936,0.9744651088406314,0.989,1.0062162149224683
2024-03-07 04:00:00,Sonapur-Gauge-1,4,0.946,0.953,0.9510609515701337,0.948,0.9544172940827612,1.012,0.9732952932668223
2024-03-07 05:00:00,Sonapur-Gauge-1,4,0.953,0.936,0.9491733510979016,0.942,0.9675569254772793,1.032,0.9953190830417008
2024-03-07 06:00:00,Sonapur-Gauge-1,4,0.936,0.948,0.9369713038811379,0.989,0.9408227473395165,1.058,0.9701658415818323
2024-03-07 07:00:00,Sonapur-Gauge-1,4,0.948,0.942,0.9482748267852581,1.012,0.9522247400862741,1.086,0.9701586501335082
2024-03-07 08:00:00,Sonapur-Gauge-1,4,0.942,0.989,0.9552913385589379,1.032,0.956099892530194,1.121,0.9817041027886636
2024-03-07 09:00:00,Sonapur-Gauge-1,4,0.989,1.012,1.0207230633002622,1.058,1.067989169158728,1.106,1.1184799404415915
2024-03-07 10:00:00,Sonapur-Gauge-1,4,1.012,1.032,1.0427055150755664,1.086,1.1089872670787408,1.086,1.1064475344091915
2024-03-07 11:00:00,Sonapur-Gauge-1,4,1.032,1.058,1.0604141595353174,1.121,1.1186200509576705,1.056,1.1037465509344604
2024-03-07 12:00:00,Sonapur-Gauge-1,4,1.058,1.086,1.0770423470217447,1.106,1.0830742372156157,1.043,1.0610128654913729
2024-03-07 13:00:00,Sonapur-Gauge-1,4,1.086,1.121,1.1069625125469023,1.086,1.095712499178742,1.009,1.0707145712979331
2024-03-07 14:00:00,Sonapur-Gauge-1,4,1.121,1.106,1.1267734348150704,1.056,1.1239271967959608,0.981,1.1096263496972483
2024-03-07 15:00:00,Sonapur-Gauge-1,4,1.106,1.086,1.1017919344579576,1.043,1.0909851007811306,0.974,1.0971402608293699
2024-03-07 16:00:00,Sonapur-Gauge-1,4,1.086,1.056,1.0806743794950437,1.009,1.081365698125432,0.984,1.073394958899134
2024-03-07 17:00:00,Sonapur-Gauge-1,4,1.056,1.043,1.0578116933589008,0.981,1.0319501018156871,0.975,1.0382282851285085
2024-03-07 18:00:00,Sonapur-Gauge-1,4,1.043,1.009,1.0340013240187558,0.974,1.0183665848734464,1.013,1.0355227354044645
2024-03-07 19:00:00,Sonapur-Gauge-1,4,1.009,0.981,1.0024935273631317,0.984,1.0019188267608312,1.015,1.0073295026639104
2024-03-07 20:00:00,Sonapur-Gauge-1,4,0.981,0.974,0.9750461786967642,0.975,0.979861207748229,1.016,0.9944940333514379
2024-03-07 21:00:00,Sonapur-Gauge-1,4,0.974,0.984,0.9739521077787869,1.013,0.9796255633760376,0.99,0.9894682627870025
2024-03-07 22:00:00,Sonapur-Gauge-1,4,0.984,0.975,0.9759269030850343,1.015,0.9820965611614814,1.018,0.9884407995959406
2024-03-07 23:00:00,Sonapur-Gauge-1,4,0.975,1.013,0.9765099229931862,1.016,0.9766355708623623,1.046,0.9902031378279688
2024-03-08 00:00:00,Sonapur-Gauge-1,4,1.013,1.015,1.0070054793381316,0.99,0.9958801681004069,1.043,1.0140407337618798
2024-03-08 01:00:00,Sonapur-Gauge-1,4,1.015,1.016,1.0065982582359039,1.018,1.0052568724759845,1.059,1.0339683663279158
2024-03-08 02:00:00,Sonapur-Gauge-1,4,1.016,0.99,1.0065309131284728,1.046,1.0111372046170548,1.105,1.0430061127151393
2024-03-08 03:00:00,Sonapur-Gauge-1,4,0.99,1.018,0.9958387471934542,1.043,0.9803661719860909,1.123,0.9784503705947906
2024-03-08 04:00:00,Sonapur-Gauge-1,4,1.018,1.046,1.0329306867550092,1.059,1.060106423711868,1.137,1.1106223362453485
2024-03-08 05:00:00,Sonapur-Gauge-1,4,1.046,1.043,1.0523191269172554,1.105,1.1027977646588367,1.124,1.1156645802792338
2024-03-08 06:00:00,Sonapur-Gauge-1,4,1.043,1.059,1.0558794843648793,1.123,1.1142085185255362,1.083,1.1071427713138215
2024-03-08 07:00:00,Sonapur-Gauge-1,4,1.059,1.105,1.0797356294668448,1.137,1.0851031180875386,1.088,1.0710546845275504
2024-03-08 08:00:00,Sonapur-Gauge-1,4,1.105,1.123,1.1118134082912046,1.124,1.1106060580481343,1.08,1.116162874744912
2024-03-08 09:00:00,Sonapur-Gauge-1,4,1.123,1.137,1.1217105228014566,1.083,1.113931248070247,1.08,1.10351253897965
2024-03-08 10:00:00,Sonapur-Gauge-1,4,1.137,1.124,1.1329250088873206,1.088,1.1238150292579367,1.076,1.108829999715508
2024-03-08 11:00:00,Sonapur-Gauge-1,4,1.124,1.083,1.1153208719969538,1.08,1.1117281954073357,1.055,1.094311292958865
2024-03-08 12:00:00,Sonapur-Gauge-1,4,1.083,1.088,1.0772921489457394,1.08,1.0695682615509587,1.052,1.056003159888848
2024-03-08 13:00:00,Sonapur-Gauge-1,4,1.088,1.08,1.082983552007289,1.076,1.073072870520565,1.035,1.0557273582927806
2024-03-08 14:00:00,Sonapur-Gauge-1,4,1.08,1.08,1.0757318930564361,1.055,1.06213408958775,1.011,1.0513752163006858
2024-03-08 15:00:00,Sonapur-Gauge-1,4,1.08,1.076,1.0757776520469768,1.052,1.0623936816065769,1.023,1.0523580166316429
2024-03-08 16:00:00,Sonapur-Gauge-1,4,1.076,1.055,1.0652826526055963,1.035,1.053860950393713,1.003,1.0546421474859027
2024-03-08 17:00:00,Sonapur-Gauge-1,4,1.055,1.052,1.0530923007685657,1.011,1.0410147259976976,0.997,1.053262118423983
2024-03-08 18:00:00,Sonapur-Gauge-1,4,1.052,1.035,1.0495558723576102,1.023,1.0392445161130488,0.976,1.049139673440437
2024-03-08 19:00:00,Sonapur-Gauge-1,4,1.035,1.011,1.0299890593607153,1.003,1.0286361236605432,1.005,1.042322399036912
2024-03-08 20:00:00,Sonapur-Gauge-1,4,1.011,1.023,1.014030198498531,0.997,1.003114312010748,1.014,1.0164665521595255
2024-03-08 21:00:00,Sonapur-Gauge-1,4,1.023,1.003,1.016679263423815,0.976,1.0110811199777907,0.994,1.037109990072267
2024-03-08 22:00:00,Sonapur-Gauge-1,4,1.003,0.997,1.0037292610529152,1.005,1.0019684933000197,0.996,0.9923338120106546
2024-03-08 23:00:00,Sonapur-Gauge-1,4,0.997,0.976,0.9923793893437851,1.014,0.9915892965513214,0.999,0.986899941238995
2024-03-09 00:00:00,Sonapur-Gauge-1,4,0.976,1.005,0.9767115546380192,0.994,0.97770020685995,1.003,0.9833042782501897
2024-03-09 01:00:00,Sonapur-Gauge-1,4,1.005,1.014,1.0039586192708703,0.996,0.9904780181067888,0.991,0.9772114589025883
2024-03-09 02:00:00,Sonapur-Gauge-1,4,1.014,0.994,1.0089616022232495,0.999,1.0020579902528644,0.978,1.003464310507287
2024-03-09 03:00:00,Sonapur-Gauge-1,4,0.994,0.996,0.9973742073135631,1.003,0.9920513967973287,1.008,0.9703101717719116
2024-03-09 04:00:00,Sonapur-Gauge-1,4,0.996,0.999,0.9960447463910369,0.991,0.9893853667924881,0.987,0.9763900603142559
2024-03-09 05:00:00,Sonapur-Gauge-1,4,0.999,1.003,0.9968375032298179,0.978,0.9930695427616941,0.964,0.9761300436189593
2024-03-09 06:00:00,Sonapur-Gauge-1,4,1.003,0.991,0.9961620466206919,1.008,0.9972598032120373,0.926,0.9749608452323363
2024-03-09 07:00:00,Sonapur-Gauge-1,4,0.991,0.978,0.9925828187461142,0.987,0.9874106081374272,0.92,0.9668113390334282
2024-03-09 08:00:00,Sonapur-Gauge-1,4,0.978,1.008,0.9900200385291725,0.964,0.9846646836378354,0.894,0.9661637812673086
2024-03-09 09:00:00,Sonapur-Gauge-1,4,1.008,0.987,1.00262485344659,0.926,0.989332203309526,0.939,0.9862261429793728
2024-03-09 10:00:00,Sonapur-Gauge-1,4,0.987,0.964,0.9751530374451929,0.92,0.9749712737330573,0.911,0.9688076176173959
2024-03-09 11:00:00,Sonapur-Gauge-1,4,0.964,0.926,0.9619813201867917,0.894,0.9587437392709204,0.896,0.9645292529356895
2024-03-09 12:00:00,Sonapur-Gauge-1,4,0.926,0.92,0.9351553455534466,0.939,0.9412543537999465,0.94,0.9788559239357136
2024-03-09 13:00:00,Sonapur-Gauge-1,4,0.92,0.894,0.9136936428270129,0.911,0.9301275105710772,0.96,0.9495824552788079
2024-03-09 14:00:00,Sonapur-Gauge-1,4,0.894,0.939,0.9108487534606844,0.896,0.9005610279851587,0.922,0.9259315648104243
2024-03-09 15:00:00,Sonapur-Gauge-1,4,0.939,0.911,0.9319096975158738,0.94,0.936496338195912,0.922,0.9482252412347588
2024-03-09 16:00:00,Sonapur-Gauge-1,4,0.911,0.896,0.9115303908940129,0.96,0.9291750376999919,0.926,0.9285306379894851
2024-03-09 17:00:00,Sonapur-Gauge-1,4,0.896,0.94,0.9119494538639049,0.922,0.9029028896200618,0.905,0.9231675449612893
2024-03-09 18:00:00,Sonapur-Gauge-1,4,0.94,0.96,0.9357534276938684,0.922,0.9351585445949724,0.92,0.9463829531776449
2024-03-09 19:00:00,Sonapur-Gauge-1,4,0.96,0.922,0.9502893972311143,0.926,0.9529027925163019,0.893,0.9609180079397422
2024-03-09 20:00:00,Sonapur-Gauge-1,4,0.922,0.922,0.9178783139224858,0.905,0.9255069494862878,0.861,0.9349719707977368
2024-03-09 21:00:00,Sonapur-Gauge-1,4,0.922,0.926,0.9166492887550255,0.92,0.928270187359004,0.884,0.937209971904856
2024-03-09 22:00:00,Sonapur-Gauge-1,4,0.926,0.905,0.9286547335121718,0.893,0.9332720223738222,0.898,0.9423289563644299
2024-03-09 23:00:00,Sonapur-Gauge-1,4,0.905,0.92,0.9034344201416394,0.861,0.8946348565245668,0.937,0.9297025257048614
2024-03-10 00:00:00,Sonapur-Gauge-1,4,0.92,0.893,0.9102047019809271,0.884,0.9227369444885821,0.936,0.9519151485386618
2024-03-10 01:00:00,Sonapur-Gauge-1,4,0.893,0.861,0.8892127476715669,0.898,0.9047654164233986,0.968,0.9350427975694057
2024-03-10 02:00:00,Sonapur-Gauge-1,4,0.861,0.884,0.8710618985176157,0.937,0.8910651805639888,0.957,0.9229472858756702
2024-03-10 03:00:00,Sonapur-Gauge-1,4,0.884,0.898,0.8891581202588842,0.936,0.9057254736063018,0.98,0.9296122886472686
2024-03-10 04:00:00,Sonapur-Gauge-1,4,0.898,0.937,0.9102034432992893,0.968,0.9137949298039268,1.017,0.939294003835911
2024-03-10 05:00:00,Sonapur-Gauge-1,4,0.937,0.936,0.9374923960252143,0.957,0.944856322486385,0.997,0.957570084908795
2024-03-10 06:00:00,Sonapur-Gauge-1,4,0.936,0.968,0.9431982428085531,0.98,0.9501081465771587,0.958,0.9599756549628844
2024-03-10 07:00:00,Sonapur-Gauge-1,4,0.968,0.957,0.967212924252608,1.017,0.9983539271431963,0.96,0.9813511042473966
2024-03-10 08:00:00,Sonapur-Gauge-1,4,0.957,0.98,0.962109893723733,0.997,0.9575273122146075,0.962,0.9568643050866819
2024-03-10 09:00:00,Sonapur-Gauge-1,4,0.98,1.017,0.9781474439114575,0.958,0.9729454255743598,0.957,0.9664754802645651
2024-03-10 10:00:00,Sonapur-Gauge-1,4,1.017,0.997,1.019479756019566,0.96,0.9997976102672435,0.974,1.027110254196913
2024-03-10 11:00:00,Sonapur-Gauge-1,4,0.997,0.958,0.9868563266321695,0.962,0.9846629022145392,0.95,0.9752435472010716
2024-03-10 12:00:00,Sonapur-Gauge-1,4,0.958,0.96,0.950469992762865,0.957,0.9506397649842647,0.945,0.9656831614021388
2024-03-10 13:00:00,Sonapur-Gauge-1,4,0.96,0.962,0.9538865307575518,0.974,0.9522603790192383,0.928,0.9677012124897807
2024-03-10 14:00:00,Sonapur-Gauge-1,4,0.962,0.957,0.9632519621959391,0.95,0.953432487957294,0.96,0.9655138262764051
2024-03-10 15:00:00,Sonapur-Gauge-1,4,0.957,0.974,0.9563418189744177,0.945,0.9554141257994858,0.973,0.9673266629883241
2024-03-10 16:00:00,Sonapur-Gauge-1,4,0.974,0.95,0.966030176301056,0.928,0.9646244868188916,0.957,0.9716994532876291
2024-03-10 17:00:00,Sonapur-Gauge-1,4,0.95,0.945,0.9516631237777056,0.96,0.9512287969602448,0.956,0.9655099493214164
2024-03-10 18:00:00,Sonapur-Gauge-1,4,0.945,0.928,0.945592295630813,0.973,0.9550729258928186,0.951,0.9717263642841927
2024-03-10 19:00:00,Sonapur-Gauge-1,4,0.928,0.96,0.939060475379278,0.957,0.9338231104298224,0.93,0.9411918873410201
2024-03-10 20:00:00,Sonapur-Gauge-1,4,0.96,0.973,0.959296810844671,0.956,0.9528384508886887,0.968,0.9523999949949785
2024-03-10 21:00:00,Sonapur-Gauge-1,4,0.973,0.957,0.9647259959401391,0.951,0.9620848900251165,0.965,0.967418998933759
2024-03-10 22:00:00,Sonapur-Gauge-1,4,0.957,0.956,0.9564933528491875,0.93,0.9508117293306526,1.032,0.974418565372934
2024-03-10 23:00:00,Sonapur-Gauge-1,4,0.956,0.951,0.9517121641093308,0.968,0.9510356001616896,1.037,0.9690616393249397
2024-03-11 00:00:00,Sonapur-Gauge-1,4,0.951,0.93,0.9453790786798282,0.965,0.9593735616040012,1.065,0.9862116067754181
2024-03-11 01:00:00,Sonapur-Gauge-1,4,0.93,0.968,0.9460467989481828,1.032,0.9892962856168365,1.06,0.9985047173586241
2024-03-11 02:00:00,Sonapur-Gauge-1,4,0.968,0.965,0.9799280043227537,1.037,1.0145169557660603,1.062,1.0136409189964237
2024-03-11 03:00:00,Sonapur-Gauge-1,4,0.965,1.032,0.9911530576037771,1.065,1.0096953287994532,1.048,0.998775521427641
2024-03-11 04:00:00,Sonapur-Gauge-1,4,1.032,1.037,1.0402308620805327,1.06,1.0443189899178955,1.008,1.0432972284008057
2024-03-11 05:00:00,Sonapur-Gauge-1,4,1.037,1.065,1.0436480006593525,1.062,1.0438621887426005,1.038,1.0438665223624013
2024-03-11 06:00:00,Sonapur-Gauge-1,4,1.065,1.06,1.063481756931365,1.048,1.0539423409026292,1.022,1.0491948946995704
2024-03-11 07:00:00,Sonapur-Gauge-1,4,1.06,1.062,1.051097251585618,1.008,1.0436918608433507,1.051,1.053284124802356
2024-03-11 08:00:00,Sonapur-Gauge-1,4,1.062,1.048,1.0518278060696273,1.038,1.044953646474665,1.092,1.0564341418273557
2024-03-11 09:00:00,Sonapur-Gauge-1,4,1.048,1.008,1.0385891862389451,1.022,1.0388820793262883,1.08,1.0545164579803912
2024-03-11 10:00:00,Sonapur-Gauge-1,4,1.008,1.038,1.010966749827337,1.051,1.0170028685811194,1.065,1.0064825094715721
2024-03-11 11:00:00,Sonapur-Gauge-1,4,1.038,1.022,1.0295025916697187,1.092,1.0398248635589082,1.055,1.03958095832478
2024-03-11 12:00:00,Sonapur-Gauge-1,4,1.022,1.051,1.0307244103060442,1.08,1.0355419340666054,1.019,1.0318522471608182
2024-03-11 13:00:00,Sonapur-Gauge-1,4,1.051,1.092,1.0554060738557698,1.065,1.0475780201883642,1.026,1.0437680911535656
2024-03-11 14:00:00,Sonapur-Gauge-1,4,1.092,1.08,1.0865165828514722,1.055,1.094245264827573,1.051,1.0767877285225882
2024-03-11 15:00:00,Sonapur-Gauge-1,4,1.08,1.065,1.078607120460623,1.019,1.074611327262486,1.027,1.0706112218362163
2024-03-11 16:00:00,Sonapur-Gauge-1,4,1.065,1.055,1.0601452682939532,1.026,1.055681504933625,1.033,1.063040676999353
2024-03-11 17:00:00,Sonapur-Gauge-1,4,1.055,1.019,1.056185666466902,1.051,1.0501272842308822,1.024,1.0578934798738038
2024-03-11 18:00:00,Sonapur-Gauge-1,4,1.019,1.026,1.0302170762804936,1.027,1.0323684571250298,1.016,1.036993061913937
2024-03-11 19:00:00,Sonapur-Gauge-1,4,1.026,1.051,1.0328500539635497,1.033,1.031930965134525,1.012,1.0397968069492298
2024-03-11 20:00:00,Sonapur-Gauge-1,4,1.051,1.027,1.0438588409417247,1.024,1.0394596152241213,1.016,1.0520780434067958
2024-03-11 21:00:00,Sonapur-Gauge-1,4,1.027,1.033,1.0335579560490535,1.016,1.0306450418877775,0.999,1.0303660703513735
2024-03-11 22:00:00,Sonapur-Gauge-1,4,1.033,1.024,1.0324692122152739,1.012,1.0331093434819385,0.997,1.0278052409424785
2024-03-11 23:00:00,Sonapur-Gauge-1,4,1.024,1.016,1.030090141512143,1.016,1.0295297486284214,0.982,1.0346376151107282
2024-03-12 00:00:00,Sonapur-Gauge-1,4,1.016,1.012,1.0183140135907238,0.999,1.0166360266435561,0.982,1.0165738327153337
2024-03-12 01:00:00,Sonapur-Gauge-1,4,1.012,1.016,1.0120929882424852,0.997,1.0119711682248378,0.962,1.0042572793095628
2024-03-12 02:00:00,Sonapur-Gauge-1,4,1.016,0.999,1.017379512004474,0.982,1.0182694700589745,0.98,1.0219584430104953
2024-03-12 03:00:00,Sonapur-Gauge-1,4,0.999,0.997,0.9954647288992412,0.982,0.9905321938567181,0.972,0.9787558006134919
2024-03-12 04:00:00,Sonapur-Gauge-1,4,0.997,0.982,0.9940412420732118,0.962,0.9854548148986279,0.947,0.9807165981192797
2024-03-12 05:00:00,Sonapur-Gauge-1,4,0.982,0.982,0.9738111288957927,0.98,0.9737722915773614,0.943,0.9723065078046389
2024-03-12 06:00:00,Sonapur-Gauge-1,4,0.982,0.962,0.9727971799518476,0.972,0.9741424767462075,0.941,0.9751111599102977
2024-03-12 07:00:00,Sonapur-Gauge-1,4,0.962,0.98,0.9664820554762661,0.947,0.9557328683649513,0.931,0.9532994521728497
2024-03-12 08:00:00,Sonapur-Gauge-1,4,0.98,0.972,0.973532987082171,0.943,0.9691045530010333,0.898,0.9578854327156037
2024-03-12 09:00:00,Sonapur-Gauge-1,4,0.972,0.947,0.9693485848036061,0.941,0.9672795770096833,0.896,0.9551481170238764
2024-03-12 10:00:00,Sonapur-Gauge-1,4,0.947,0.943,0.9490214654513788,0.931,0.9470821147641344,0.9,0.9507015556633251
2024-03-12 11:00:00,Sonapur-Gauge-1,4,0.943,0.941,0.9442816308857872,0.898,0.9419344852331203,0.909,0.951085092921551
2024-03-12 12:00:00,Sonapur-Gauge-1,4,0.941,0.931,0.9367178057801768,0.896,0.9276984934697587,0.93,0.9434078574595186
2024-03-12 13:00:00,Sonapur-Gauge-1,4,0.931,0.898,0.9268401916639234,0.9,0.9300366898968124,0.964,0.961424362046649
2024-03-12 14:00:00,Sonapur-Gauge-1,4,0.898,0.896,0.9028611540102016,0.909,0.9133767391215751,1.016,0.9542494102263877
2024-03-12 15:00:00,Sonapur-Gauge-1,4,0.896,0.9,0.8989814276891294,0.93,0.9135270249596309,1.071,0.9832205123609888
2024-03-12 16:00:00,Sonapur-Gauge-1,4,0.9,0.909,0.9051910351808414,0.964,0.9190415456351888,1.102,0.9842920384182913
2024-03-12 17:00:00,Sonapur-Gauge-1,4,0.909,0.93,0.9131925063656078,1.016,0.9372424212557288,1.162,0.9923524166475095
2024-03-12 18:00:00,Sonapur-Gauge-1,4,0.93,0.964,0.9373734904441235,1.071,0.9517332318467542,1.2,1.007086306580715
2024-03-12 19:00:00,Sonapur-Gauge-1,4,0.964,1.016,0.994765391689188,1.102,1.0652010210534288,1.209,1.111582065680908
2024-03-12 20:00:00,Sonapur-Gauge-1,4,1.016,1.071,1.070382466813229,1.162,1.1880007657490923,1.176,1.1936789681267805
2024-03-12 21:00:00,Sonapur-Gauge-1,4,1.071,1.102,1.1143183808510315,1.2,1.1996360498515641,1.178,1.2030208276704235
2024-03-12 22:00:00,Sonapur-Gauge-1,4,1.102,1.162,1.1435124757071626,1.209,1.2008616084602264,1.178,1.1713609835176102
2024-03-12 23:00:00,Sonapur-Gauge-1,4,1.162,1.2,1.198934222457605,1.176,1.1928624435756658,1.185,1.1915240676090475
2024-03-13 00:00:00,Sonapur-Gauge-1,4,1.2,1.209,1.2227543849672622,1.178,1.212154960971883,1.15,1.1965860398817962
2024-03-13 01:00:00,Sonapur-Gauge-1,4,1.209,1.176,1.2063570776203392,1.178,1.2001173244013787,1.158,1.1909323711560427
2024-03-13 02:00:00,Sonapur-Gauge-1,4,1.176,1.178,1.1736609334434251,1.185,1.1763887818603684,1.225,1.2117051665406509
2024-03-13 03:00:00,Sonapur-Gauge-1,4,1.178,1.178,1.1732007676008787,1.15,1.1679530112106435,1.276,1.21900900119188
2024-03-13 04:00:00,Sonapur-Gauge-1,4,1.178,1.185,1.17269334073499,1.158,1.167277429375907,1.333,1.220475495585358
2024-03-13 05:00:00,Sonapur-Gauge-1,4,1.185,1.15,1.1750402741141655,1.225,1.1855025049430765,1.382,1.217987615341358
2024-03-13 06:00:00,Sonapur-Gauge-1,4,1.15,1.158,1.1508491175619229,1.276,1.1810026073556255,1.452,1.226390627384553
2024-03-13 07:00:00,Sonapur-Gauge-1,4,1.158,1.225,1.1672288049904347,1.333,1.1861022348188732,1.508,1.2206429299650303
2024-03-13 08:00:00,Sonapur-Gauge-1,4,1.225,1.276,1.2828096154417479,1.382,1.4178264150120028,1.499,1.5080462272184527
2024-03-13 09:00:00,Sonapur-Gauge-1,4,1.276,1.333,1.323420652836407,1.452,1.442293395814425,1.483,1.5284879478834086
2024-03-13 10:00:00,Sonapur-Gauge-1,4,1.333,1.382,1.392149299643711,1.508,1.5158747155778585,1.474,1.5319981246674084
2024-03-13 11:00:00,Sonapur-Gauge-1,4,1.382,1.452,1.435523588765537,1.499,1.459813360676531,1.445,1.4747675581100095
2024-03-13 12:00:00,Sonapur-Gauge-1,4,1.452,1.508,1.490517447332196,1.483,1.4857866360178345,1.399,1.4564745443992446
2024-03-13 13:00:00,Sonapur-Gauge-1,4,1.508,1.499,1.538393122203228,1.474,1.5357318464888876,1.469,1.5166764300414592
2024-03-13 14:00:00,Sonapur-Gauge-1,4,1.499,1.483,1.4924309688827009,1.445,1.4845238995926906,1.484,1.5085864946106051
2024-03-13 15:00:00,Sonapur-Gauge-1,4,1.483,1.474,1.4684217082217867,1.399,1.4579015601850644,1.557,1.5068165007536498
2024-03-13 16:00:00,Sonapur-Gauge-1,4,1.474,1.445,1.466766174434537,1.469,1.4652326041799777,1.567,1.5050597172899165
2024-03-13 17:00:00,Sonapur-Gauge-1,4,1.445,1.399,1.4245069281015226,1.484,1.4510503059677389,1.585,1.4818293385906571
2024-03-13 18:00:00,Sonapur-Gauge-1,4,1.399,1.469,1.4068175320592222,1.557,1.422095775959677,1.596,1.4530488862694495
2024-03-13 19:00:00,Sonapur-Gauge-1,4,1.469,1.484,1.4927163178385343,1.567,1.5738736157000683,1.601,1.5894164296172948
2024-03-13 20:00:00,Sonapur-Gauge-1,4,1.484,1.557,1.5174146087532165,1.585,1.551716726560476,1.598,1.5602471632592132
2024-03-13 21:00:00,Sonapur-Gauge-1,4,1.557,1.567,1.56468047962736,1.596,1.5994819421259103,1.566,1.5692695588138006
2024-03-13 22:00:00,Sonapur-Gauge-1,4,1.567,1.585,1.5661227528738757,1.601,1.5821114570089951,1.541,1.5430029312265185
2024-03-13 23:00:00,Sonapur-Gauge-1,4,1.585,1.596,1.5931858462859034,1.598,1.5848161492558963,1.506,1.5428611689787473
2024-03-14 00:00:00,Sonapur-Gauge-1,4,1.596,1.601,1.6012484078544043,1.566,1.5829082071975833,1.499,1.5279578099254503
2024-03-14 01:00:00,Sonapur-Gauge-1,4,1.601,1.598,1.5868805871866134,1.541,1.5480588172930088,1.492,1.5182215572984699
2024-03-14 02:00:00,Sonapur-Gauge-1,4,1.598,1.566,1.5784789876207728,1.506,1.544724132695284,1.484,1.5112598079821127
2024-03-14 03:00:00,Sonapur-Gauge-1,4,1.566,1.541,1.546893894145428,1.499,1.5287352716860583,1.459,1.49752717171415
2024-03-14 04:00:00,Sonapur-Gauge-1,4,1.541,1.506,1.5231431093326644,1.492,1.5100222822255331,1.424,1.4886457969539568
2024-03-14 05:00:00,Sonapur-Gauge-1,4,1.506,1.499,1.502610046637881,1.484,1.4933448293912823,1.438,1.4875623463581473
2024-03-14 06:00:00,Sonapur-Gauge-1,4,1.499,1.492,1.4959980271603603,1.459,1.4856252964090777,1.432,1.4791655091252722
2024-03-14 07:00:00,Sonapur-Gauge-1,4,1.492,1.484,1.4872393418970193,1.424,1.466428886346266,1.433,1.4556810401619507
2024-03-14 08:00:00,Sonapur-Gauge-1,4,1.484,1.459,1.4753750720893846,1.438,1.460757193994039,1.442,1.428536415828782
2024-03-14 09:00:00,Sonapur-Gauge-1,4,1.459,1.424,1.4410824002404865,1.432,1.4179096847907817,1.39,1.3894347415855475
2024-03-14 10:00:00,Sonapur-Gauge-1,4,1.424,1.438,1.4163014197118529,1.433,1.4012144252428036,1.382,1.3680170085980854
2024-03-14 11:00:00,Sonapur-Gauge-1,4,1.438,1.432,1.425298366277484,1.442,1.4036777252205679,1.395,1.3709298426080894
2024-03-14 12:00:00,Sonapur-Gauge-1,4,1.432,1.433,1.4264906636562706,1.39,1.4025583059736104,1.361,1.368569388683518
2024-03-14 13:00:00,Sonapur-Gauge-1,4,1.433,1.442,1.4274976414582146,1.382,1.401323017848122,1.33,1.3609347328558457
2024-03-14 14:00:00,Sonapur-Gauge-1,4,1.442,1.39,1.4232827602939924,1.395,1.4034671390322087,1.3,1.3632887577342692
2024-03-14 15:00:00,Sonapur-Gauge-1,4,1.39,1.382,1.3810558715554069,1.361,1.3570160586965352,1.263,1.3164521019081754
2024-03-14 16:00:00,Sonapur-Gauge-1,4,1.382,1.395,1.37803706576324,1.33,1.3551606841176531,1.269,1.311974117967938
2024-03-14 17:00:00,Sonapur-Gauge-1,4,1.395,1.361,1.3869034976607866,1.3,1.3580268002824814,1.266,1.31826930255517
2024-03-14 18:00:00,Sonapur-Gauge-1,4,1.361,1.33,1.3411469720668514,1.263,1.3195352118686692,1.235,1.293710835617662
2024-03-14 19:00:00,Sonapur-Gauge-1,4,1.33,1.3,1.3179465575316518,1.269,1.3009552332934162,1.192,1.2572320476691137
2024-03-14 20:00:00,Sonapur-Gauge-1,4,1.3,1.263,1.2890266366046674,1.266,1.2911866634261064,1.213,1.2567059841233141
2024-03-14 21:00:00,Sonapur-Gauge-1,4,1.263,1.269,1.2575355218564517,1.235,1.2374976292754558,1.272,1.2684318819366536
2024-03-14 22:00:00,Sonapur-Gauge-1,4,1.269,1.266,1.2607081831761928,1.192,1.2359936480091087,1.284,1.2686530120266675
2024-03-14 23:00:00,Sonapur-Gauge-1,4,1.266,1.235,1.2557139854974118,1.213,1.2388280077914828,1.284,1.2748629435947265
2024-03-15 00:00:00,Sonapur-Gauge-1,4,1.235,1.192,1.2174674473026115,1.272,1.2274524383615815,1.315,1.2673605423402783
2024-03-15 01:00:00,Sonapur-Gauge-1,4,1.192,1.213,1.1970992174478288,1.284,1.224142226053209,1.323,1.2148454707317022
2024-03-15 02:00:00,Sonapur-Gauge-1,4,1.213,1.272,1.259093251483115,1.284,1.3034141055003003,1.35,1.3773785137845116
2024-03-15 03:00:00,Sonapur-Gauge-1,4,1.272,1.284,1.3096136152851774,1.315,1.3446485569856348,1.345,1.3915195354574945
2024-03-15 04:00:00,Sonapur-Gauge-1,4,1.284,1.284,1.306036035750481,1.323,1.349423841776416,1.329,1.3849354256709037
2024-03-15 05:00:00,Sonapur-Gauge-1,4,1.284,1.315,1.2954184902818902,1.35,1.3051394302077397,1.314,1.30920484526593
2024-03-15 06:00:00,Sonapur-Gauge-1,4,1.315,1.323,1.3408536656493921,1.345,1.3355272522806592,1.305,1.319821918298357
2024-03-15 07:00:00,Sonapur-Gauge-1,4,1.323,1.35,1.3471662680737932,1.329,1.3416752032006087,1.299,1.3292541713396322
2024-03-15 08:00:00,Sonapur-Gauge-1,4,1.35,1.345,1.3472164519031062,1.314,1.3361429700149037,1.351,1.3637332839537366
2024-03-15 09:00:00,Sonapur-Gauge-1,4,1.345,1.329,1.3300329972702494,1.305,1.329684576861001,1.372,1.363099356131911
2024-03-15 10:00:00,Sonapur-Gauge-1,4,1.329,1.314,1.3258779979362478,1.299,1.3263506523820376,1.368,1.3484905420360158
2024-03-15 11:00:00,Sonapur-Gauge-1,4,1.314,1.305,1.3102191254057864,1.351,1.3067951508314706,1.373,1.3409332345355258
2024-03-15 12:00:00,Sonapur-Gauge-1,4,1.305,1.299,1.309600244747979,1.372,1.3390344163578525,1.351,1.3430374067300113
2024-03-15 13:00:00,Sonapur-Gauge-1,4,1.299,1.351,1.3154546286190414,1.368,1.3363214284484008,1.369,1.3381656914860947
2024-03-15 14:00:00,Sonapur-Gauge-1,4,1.351,1.372,1.3620482673236507,1.373,1.3570081407887462,1.297,1.3115770119441914
2024-03-15 15:00:00,Sonapur-Gauge-1,4,1.372,1.368,1.3691566833282678,1.351,1.3572471459157474,1.292,1.3208409931150933
2024-03-15 16:00:00,Sonapur-Gauge-1,4,1.368,1.373,1.3554137854545347,1.369,1.3462152673023045,1.277,1.3141203560946575
2024-03-15 17:00:00,Sonapur-Gauge-1,4,1.373,1.351,1.3637613747367656,1.297,1.355351913070445,1.302,1.3248137312686303
2024-03-15 18:00:00,Sonapur-Gauge-1,4,1.351,1.369,1.3535763961312086,1.292,1.3290652138009853,1.305,1.3060089502266226
2024-03-15 19:00:00,Sonapur-Gauge-1,4,1.369,1.297,1.3497253359316852,1.277,1.3504527437005924,1.27,1.332339600878727
2024-03-15 20:00:00,Sonapur-Gauge-1,4,1.297,1.292,1.2949759772818805,1.302,1.303370689865233,1.268,1.2830614447299018
2024-03-15 21:00:00,Sonapur-Gauge-1,4,1.292,1.277,1.2976892587527125,1.305,1.31600096568952,1.259,1.2862873663304064
2024-03-15 22:00:00,Sonapur-Gauge-1,4,1.277,1.302,1.291113719395255,1.27,1.2837069108865962,1.281,1.2805759065599802
2024-03-15 23:00:00,Sonapur-Gauge-1,4,1.302,1.305,1.3069698724338925,1.268,1.3045946886210091,1.277,1.2843761603482178
2024-03-16 00:00:00,Sonapur-Gauge-1,4,1.305,1.27,1.3005923638269126,1.259,1.2893900852062312,1.271,1.2846563482564253
2024-03-16 01:00:00,Sonapur-Gauge-1,4,1.27,1.268,1.275037375931628,1.281,1.2625289471737573,1.308,1.2750686124394448
2024-03-16 02:00:00,Sonapur-Gauge-1,4,1.268,1.259,1.2610678835389075,1.277,1.2595848206829585,1.296,1.2972313407908609
2024-03-16 03:00:00,Sonapur-Gauge-1,4,1.259,1.281,1.2595299854050273,1.271,1.2414129708809791,1.358,1.3044586407222474
2024-03-16 04:00:00,Sonapur-Gauge-1,4,1.281,1.277,1.270198066774021,1.308,1.2554935580815594,1.395,1.3089859067189606
2024-03-16 05:00:00,Sonapur-Gauge-1,4,1.277,1.271,1.2713277265100686,1.296,1.2503444020195247,1.51,1.307462029536423
2024-03-16 06:00:00,Sonapur-Gauge-1,4,1.271,1.308,1.280191528086977,1.358,1.3067438261082989,1.568,1.330589587184093
2024-03-16 07:00:00,Sonapur-Gauge-1,4,1.308,1.296,1.3263011360011172,1.395,1.4348804967329776,1.61,1.5477437614013163
2024-03-16 08:00:00,Sonapur-Gauge-1,4,1.296,1.358,1.3323950875262693,1.51,1.4562688708928597,1.617,1.5447293746306794
2024-03-16 09:00:00,Sonapur-Gauge-1,4,1.358,1.395,1.4032356249183104,1.568,1.5472761993698023,1.593,1.5746544046308437
2024-03-16 10:00:00,Sonapur-Gauge-1,4,1.395,1.51,1.4586040032632126,1.61,1.5446730182280084,1.57,1.5162595582500937
2024-03-16 11:00:00,Sonapur-Gauge-1,4,1.51,1.568,1.560592200507824,1.617,1.6129971688965443,1.566,1.5949743837431427
2024-03-16 12:00:00,Sonapur-Gauge-1,4,1.568,1.61,1.5974430078287365,1.593,1.5849224343810069,1.548,1.5490776305646616
2024-03-16 13:00:00,Sonapur-Gauge-1,4,1.61,1.617,1.618496011944392,1.57,1.5975465230549228,1.521,1.5605267023062872
2024-03-16 14:00:00,Sonapur-Gauge-1,4,1.617,1.593,1.623579435044742,1.566,1.6036957692980338,1.469,1.5700702083518554
2024-03-16 15:00:00,Sonapur-Gauge-1,4,1.593,1.57,1.5766387107967248,1.548,1.5463358936534348,1.504,1.5196218812759161
2024-03-16 16:00:00,Sonapur-Gauge-1,4,1.57,1.566,1.5588012643517444,1.521,1.5313449337391816,1.484,1.5075405793272911
2024-03-16 17:00:00,Sonapur-Gauge-1,4,1.566,1.548,1.5581343825827492,1.469,1.5298650073343145,1.466,1.5075084983733646
2024-03-16 18:00:00,Sonapur-Gauge-1,4,1.548,1.521,1.5371099663192078,1.504,1.522639689577716,1.446,1.4996331730930519
2024-03-16 19:00:00,Sonapur-Gauge-1,4,1.521,1.469,1.5028384774081769,1.484,1.5003824946096658,1.465,1.4966000503178851
2024-03-16 20:00:00,Sonapur-Gauge-1,4,1.469,1.504,1.4766558382773047,1.466,1.4755612572349217,1.44,1.4805275807246638
2024-03-16 21:00:00,Sonapur-Gauge-1,4,1.504,1.484,1.4968417107446537,1.446,1.491539781238145,1.42,1.4926207327394125
2024-03-16 22:00:00,Sonapur-Gauge-1,4,1.484,1.466,1.4757154047080836,1.465,1.4709237125578705,1.413,1.4523614393428563
2024-03-16 23:00:00,Sonapur-Gauge-1,4,1.466,1.446,1.4604966297786748,1.44,1.451882516957388,1.427,1.439600249892164
2024-03-17 00:00:00,Sonapur-Gauge-1,4,1.446,1.465,1.4472725011284924,1.42,1.4403425816616051,1.416,1.4174164442625217
2024-03-17 01:00:00,Sonapur-Gauge-1,4,1.465,1.44,1.4625397029136822,1.413,1.4521672424536327,1.406,1.4353776594097476
2024-03-17 02:00:00,Sonapur-Gauge-1,4,1.44,1.42,1.428094817992896,1.427,1.4175661426739348,1.392,1.405449431335387
2024-03-17 03:00:00,Sonapur-Gauge-1,4,1.42,1.413,1.4117741729460747,1.416,1.4092426918003234,1.372,1.390235752323076
2024-03-17 04:00:00,Sonapur-Gauge-1,4,1.413,1.427,1.4118236221104807,1.406,1.4086564149665046,1.398,1.3921505931706482
2024-03-17 05:00:00,Sonapur-Gauge-1,4,1.427,1.416,1.4179999969272792,1.392,1.41177714957487,1.371,1.3924184606337644
2024-03-17 06:00:00,Sonapur-Gauge-1,4,1.416,1.406,1.408389755587422,1.372,1.3985958555962956,1.369,1.3868448220851823
2024-03-17 07:00:00,Sonapur-Gauge-1,4,1.406,1.392,1.3997724918153471,1.398,1.3749623997628921,1.347,1.333466824385203
2024-03-17 08:00:00,Sonapur-Gauge-1,4,1.392,1.372,1.3784069313411456,1.371,1.3578424052215816,1.35,1.3215756576557602
2024-03-17 09:00:00,Sonapur-Gauge-1,4,1.372,1.398,1.372650659413703,1.369,1.3562205863991312,1.338,1.3144170259725032
2024-03-17 10:00:00,Sonapur-Gauge-1,4,1.398,1.371,1.3915076665304922,1.347,1.3582569361577965,1.333,1.3195536698172015
2024-03-17 11:00:00,Sonapur-Gauge-1,4,1.371,1.369,1.369172057962126,1.35,1.3567524990771267,1.339,1.3306330325267435
2024-03-17 12:00:00,Sonapur-Gauge-1,4,1.369,1.347,1.3566168506631726,1.338,1.3484043530673475,1.321,1.3287842849487628
2024-03-17 13:00:00,Sonapur-Gauge-1,4,1.347,1.35,1.3442792876175786,1.333,1.3236031104565678,1.324,1.300964175363742
2024-03-17 14:00:00,Sonapur-Gauge-1,4,1.35,1.338,1.345019211122001,1.339,1.3240532171352706,1.292,1.2976585015688549
2024-03-17 15:00:00,Sonapur-Gauge-1,4,1.338,1.333,1.3293308275394984,1.321,1.318990293529594,1.302,1.2932783716492784
2024-03-17 16:00:00,Sonapur-Gauge-1,4,1.333,1.339,1.3248797367962983,1.324,1.3159120404636258,1.296,1.2917916361958721
2024-03-17 17:00:00,Sonapur-Gauge-1,4,1.339,1.321,1.328375372491846,1.292,1.3156875122061356,1.284,1.299488319138555
2024-03-17 18:00:00,Sonapur-Gauge-1,4,1.321,1.324,1.3189699201359493,1.302,1.3134740183981684,1.275,1.2822899095014013
2024-03-17 19:00:00,Sonapur-Gauge-1,4,1.324,1.292,1.3177116441391719,1.296,1.3132100788938283,1.268,1.2823574351978226
2024-03-17 20:00:00,Sonapur-Gauge-1,4,1.292,1.302,1.289160227902482,1.284,1.2859783594611576,1.213,1.2786116028110845
2024-03-17 21:00:00,Sonapur-Gauge-1,4,1.302,1.296,1.3009737675091446,1.275,1.290021028259116,1.197,1.2751243219612496
2024-03-17 22:00:00,Sonapur-Gauge-1,4,1.296,1.284,1.296210693459681,1.268,1.288985179049381,1.195,1.2745920643920268
2024-03-17 23:00:00,Sonapur-Gauge-1,4,1.284,1.275,1.28049170904193,1.213,1.25593107526318,1.219,1.283611964996776
2024-03-18 00:00:00,Sonapur-Gauge-1,4,1.275,1.268,1.2683172159941658,1.197,1.2377922645070996,1.262,1.2789464175488456
2024-03-18 01:00:00,Sonapur-Gauge-1,4,1.268,1.213,1.2500527835877075,1.195,1.234413676813458,1.292,1.2781717201516893
2024-03-18 02:00:00,Sonapur-Gauge-1,4,1.213,1.197,1.216570170268412,1.219,1.2301104355401336,1.266,1.2154189962012607
2024-03-18 03:00:00,Sonapur-Gauge-1,4,1.197,1.195,1.1974772717307842,1.262,1.2341491541978309,1.267,1.2203937993560106
2024-03-18 04:00:00,Sonapur-Gauge-1,4,1.195,1.219,1.198553429969078,1.292,1.2306857945663192,1.279,1.2173999623562073
2024-03-18 05:00:00,Sonapur-Gauge-1,4,1.219,1.262,1.2254100453161847,1.266,1.2307803071644037,1.281,1.2110082544081386
2024-03-18 06:00:00,Sonapur-Gauge-1,4,1.262,1.292,1.2555627661521591,1.267,1.243361909976372,1.27,1.2350997449810641
2024-03-18 07:00:00,Sonapur-Gauge-1,4,1.292,1.266,1.2838384925860054,1.279,1.274119850679243,1.265,1.2333286547255253
2024-03-18 08:00:00,Sonapur-Gauge-1,4,1.266,1.267,1.2608393697259581,1.281,1.2448353354386152,1.262,1.234279616313463
2024-03-18 09:00:00,Sonapur-Gauge-1,4,1.267,1.279,1.2610118980105023,1.27,1.2443201142305678,1.24,1.2319563454407727
2024-03-18 10:00:00,Sonapur-Gauge-1,4,1.279,1.281,1.2694970135565515,1.265,1.2468173481586662,1.236,1.2314225226836681
2024-03-18 11:00:00,Sonapur-Gauge-1,4,1.281,1.27,1.2711176164397344,1.262,1.2482206946356709,1.201,1.2265281299604909
2024-03-18 12:00:00,Sonapur-Gauge-1,4,1.27,1.265,1.2716370016887122,1.24,1.2424383372348682,1.241,1.2307306406382958
2024-03-18 13:00:00,Sonapur-Gauge-1,4,1.265,1.262,1.2498481528326304,1.236,1.2316662903903115,1.227,1.2298176729795656
2024-03-18 14:00:00,Sonapur-Gauge-1,4,1.262,1.24,1.2496732011020275,1.201,1.2323312877677248,1.232,1.2317163578538246
2024-03-18 15:00:00,Sonapur-Gauge-1,4,1.24,1.236,1.233212321448964,1.241,1.2267293602808584,1.23,1.2286500396687674
2024-03-18 16:00:00,Sonapur-Gauge-1,4,1.236,1.201,1.220852802221684,1.227,1.2298742729699024,1.227,1.2286646620388215
2024-03-18 17:00:00,Sonapur-Gauge-1,4,1.201,1.241,1.2033168678622137,1.232,1.2038621109714156,1.233,1.1821758834994094
2024-03-18 18:00:00,Sonapur-Gauge-1,4,1.241,1.227,1.2353298286617518,1.23,1.2310602851741188,1.249,1.2207552516070888
2024-03-18 19:00:00,Sonapur-Gauge-1,4,1.227,1.232,1.2241706946676743,1.227,1.2352879378424255,1.249,1.264355791369829
2024-03-18 20:00:00,Sonapur-Gauge-1,4,1.232,1.23,1.2326135516237384,1.233,1.2355869930469972,1.263,1.2586580207574785
2024-03-18 21:00:00,Sonapur-Gauge-1,4,1.23,1.227,1.2314127887557402,1.249,1.235010418761228,1.27,1.255647217104681
2024-03-18 22:00:00,Sonapur-Gauge-1,4,1.227,1.233,1.2278002282175307,1.249,1.2354604418848507,1.241,1.2556109442389929
2024-03-18 23:00:00,Sonapur-Gauge-1,4,1.233,1.249,1.2370340517365075,1.263,1.237637101709562,1.239,1.2592149535741783
2024-03-19 00:00:00,Sonapur-Gauge-1,4,1.249,1.249,1.246637561942422,1.27,1.2492745823556426,1.233,1.2583451991954868
2024-03-19 01:00:00,Sonapur-Gauge-1,4,1.249,1.263,1.2566471970269446,1.241,1.2611946406947885,1.236,1.2592807483563944
2024-03-19 02:00:00,Sonapur-Gauge-1,4,1.263,1.27,1.2598143600063523,1.239,1.2631850007726122,1.243,1.263347440039391
2024-03-19 03:00:00,Sonapur-Gauge-1,4,1.27,1.241,1.2745576847068663,1.233,1.2701931493337806,1.237,1.2678501737481451
2024-03-19 04:00:00,Sonapur-Gauge-1,4,1.241,1.239,1.2349414350860608,1.236,1.2432847223823376,1.237,1.2767615777487085
2024-03-19 05:00:00,Sonapur-Gauge-1,4,1.239,1.233,1.235909173131748,1.243,1.245200479394043,1.233,1.2697526258201741
2024-03-19 06:00:00,Sonapur-Gauge-1,4,1.233,1.236,1.2336581101144983,1.237,1.2447902531204253,1.213,1.2571332194473734
2024-03-19 07:00:00,Sonapur-Gauge-1,4,1.236,1.243,1.2380691857585588,1.237,1.238351978973221,1.231,1.2463963947543026
2024-03-19 08:00:00,Sonapur-Gauge-1,4,1.243,1.237,1.2390183552903271,1.233,1.2381555913568916,1.234,1.2505793588514904
2024-03-19 09:00:00,Sonapur-Gauge-1,4,1.237,1.237,1.2357003317858362,1.213,1.2318947837652447,1.263,1.2306165668451725
2024-03-19 10:00:00,Sonapur-Gauge-1,4,1.237,1.233,1.2363046262957538,1.231,1.2289333591489124,1.249,1.2196978257801077
2024-03-19 11:00:00,Sonapur-Gauge-1,4,1.233,1.213,1.231787761310334,1.234,1.2250231172204011,1.228,1.2161075836395716
2024-03-19 12:00:00,Sonapur-Gauge-1,4,1.213,1.231,1.2132010786459897,1.263,1.2053799398344622,1.177,1.1849037827865465
2024-03-19 13:00:00,Sonapur-Gauge-1,4,1.231,1.234,1.2287981620601836,1.249,1.2179242243939223,1.215,1.2068028647226312
2024-03-19 14:00:00,Sonapur-Gauge-1,4,1.234,1.263,1.2331739206223562,1.228,1.2172073354465092,1.217,1.213735611438689
2024-03-19 15:00:00,Sonapur-Gauge-1,4,1.263,1.249,1.2505483044825154,1.177,1.2358329647664281,1.224,1.2316248409258086
2024-03-19 16:00:00,Sonapur-Gauge-1,4,1.249,1.228,1.2373052684451395,1.215,1.2241078535598542,1.25,1.2188724990508495
2024-03-19 17:00:00,Sonapur-Gauge-1,4,1.228,1.177,1.2108442064314073,1.217,1.21209559268643,1.244,1.2065788934453179
2024-03-19 18:00:00,Sonapur-Gauge-1,4,1.177,1.215,1.1795824034436486,1.224,1.181698805257456,1.221,1.190365761452013
2024-03-19 19:00:00,Sonapur-Gauge-1,4,1.215,1.217,1.2149898648195347,1.25,1.2082800699703473,1.231,1.1899859635803658
2024-03-19 20:00:00,Sonapur-Gauge-1,4,1.217,1.224,1.212154550191132,1.244,1.2069311029401315,1.217,1.1852075536725022
2024-03-19 21:00:00,Sonapur-Gauge-1,4,1.224,1.25,1.2222980245194395,1.221,1.2120831010271909,1.172,1.2026182267234866
2024-03-19 22:00:00,Sonapur-Gauge-1,4,1.25,1.244,1.2434027009470456,1.231,1.2286063077826903,1.194,1.2154468757198873
2024-03-19 23:00:00,Sonapur-Gauge-1,4,1.244,1.221,1.2313937854060888,1.217,1.2206074918889094,1.164,1.2148070451326436
2024-03-20 00:00:00,Sonapur-Gauge-1,4,1.221,1.231,1.21290240888811,1.172,1.2087239718147473,1.141,1.1925139749504963
2024-03-20 01:00:00,Sonapur-Gauge-1,4,1.231,1.217,1.226842990756146,1.194,1.2177101557324437,1.149,1.2087720121684518
2024-03-20 02:00:00,Sonapur-Gauge-1,4,1.217,1.172,1.2017356349474009,1.164,1.2010850619706788,1.101,1.1777207330431867
2024-03-20 03:00:00,Sonapur-Gauge-1,4,1.172,1.194,1.177605133017407,1.141,1.1629630329694995,1.097,1.1577845950959846
2024-03-20 04:00:00,Sonapur-Gauge-1,4,1.194,1.164,1.1923674260486463,1.149,1.1805656270567588,1.095,1.1739780758500362
2024-03-20 05:00:00,Sonapur-Gauge-1,4,1.164,1.141,1.1556499263070878,1.101,1.1484006691882824,1.111,1.1459153307586203
2024-03-20 06:00:00,Sonapur-Gauge-1,4,1.141,1.149,1.1371481398048144,1.097,1.120885499077201,1.116,1.1123798267824274
2024-03-20 07:00:00,Sonapur-Gauge-1,4,1.149,1.101,1.1356891094663324,1.095,1.1254239835627895,1.124,1.1161491042904756
2024-03-20 08:00:00,Sonapur-Gauge-1,4,1.101,1.097,1.0874334651057822,1.111,1.0884741558379338,1.135,1.1150902383552466
2024-03-20 09:00:00,Sonapur-Gauge-1,4,1.097,1.095,1.091734994507709,1.116,1.087956869813259,1.157,1.1084302932692958
2024-03-20 10:00:00,Sonapur-Gauge-1,4,1.095,1.111,1.0921440208095012,1.124,1.0858691611430256,1.139,1.1080393122003998
2024-03-20 11:00:00,Sonapur-Gauge-1,4,1.111,1.116,1.1046308291452023,1.135,1.1003527475820805,1.112,1.0946773438093547
2024-03-20 12:00:00,Sonapur-Gauge-1,4,1.116,1.124,1.108601698658703,1.157,1.1054510871911096,1.089,1.094420567247878
2024-03-20 13:00:00,Sonapur-Gauge-1,4,1.124,1.135,1.120433369573107,1.139,1.1100806542357449,1.098,1.0955004276532603
2024-03-20 14:00:00,Sonapur-Gauge-1,4,1.135,1.157,1.1309662931334077,1.112,1.1137182218451414,1.088,1.1035643704385523
2024-03-20 15:00:00,Sonapur-Gauge-1,4,1.157,1.139,1.151426609293188,1.089,1.14045194454967,1.072,1.1461084210801622
2024-03-20 16:00:00,Sonapur-Gauge-1,4,1.139,1.112,1.1332124988108243,1.098,1.114256106241239,1.092,1.1066108899555682
2024-03-20 17:00:00,Sonapur-Gauge-1,4,1.112,1.089,1.1025699331952887,1.088,1.1001650584684737,1.101,1.0933185537005732
2024-03-20 18:00:00,Sonapur-Gauge-1,4,1.089,1.098,1.0861914683714382,1.072,1.0897818390587666,1.127,1.1056521533725387
2024-03-20 19:00:00,Sonapur-Gauge-1,4,1.098,1.088,1.0962577058432104,1.092,1.0929024957739208,1.127,1.0953704030178606
2024-03-20 20:00:00,Sonapur-Gauge-1,4,1.088,1.072,1.089258590937611,1.101,1.0934598406054934,1.132,1.0942346336378754
2024-03-20 21:00:00,Sonapur-Gauge-1,4,1.072,1.092,1.0725891729904782,1.127,1.0692713770029083,1.118,1.080456604828827
2024-03-20 22:00:00,Sonapur-Gauge-1,4,1.092,1.101,1.092787567184827,1.127,1.0952252973382768,1.069,1.080722732655013
2024-03-20 23:00:00,Sonapur-Gauge-1,4,1.101,1.127,1.103157843519843,1.132,1.0942124478319388,1.054,1.0791912001920057
2024-03-21 00:00:00,Sonapur-Gauge-1,4,1.127,1.127,1.1231519210436285,1.118,1.108966027209789,1.035,1.0871939082597886
2024-03-21 01:00:00,Sonapur-Gauge-1,4,1.127,1.132,1.121198301831245,1.069,1.105876605718893,1.005,1.0867355022140395
2024-03-21 02:00:00,Sonapur-Gauge-1,4,1.132,1.118,1.1251382794925378,1.054,1.107505115401929,1.006,1.0944247831861773
2024-03-21 03:00:00,Sonapur-Gauge-1,4,1.118,1.069,1.1073442734847097,1.035,1.1006838152809952,1.022,1.0851472537644986
2024-03-21 04:00:00,Sonapur-Gauge-1,4,1.069,1.054,1.0662097709133391,1.005,1.0551099762256457,1.01,1.07028819983271
2024-03-21 05:00:00,Sonapur-Gauge-1,4,1.054,1.035,1.054813614678603,1.006,1.049229271508083,1.017,1.0661118029855963
2024-03-21 06:00:00,Sonapur-Gauge-1,4,1.035,1.005,1.0333245843838044,1.022,1.042278362436505,1.005,1.0654178780570838
2024-03-21 07:00:00,Sonapur-Gauge-1,4,1.005,1.006,1.0128130030641016,1.01,1.0100706301488076,1.002,1.0077213178634916
2024-03-21 08:00:00,Sonapur-Gauge-1,4,1.006,1.022,1.0150740560160307,1.017,1.0081425337641143,0.989,1.0077036850748364
2024-03-21 09:00:00,Sonapur-Gauge-1,4,1.022,1.01,1.023113613105167,1.005,1.0257008329617259,0.996,1.0535898134891017
2024-03-21 10:00:00,Sonapur-Gauge-1,4,1.01,1.017,1.0111058551350318,1.002,1.0011460029886605,1.009,1.0087444408576585
2024-03-21 11:00:00,Sonapur-Gauge-1,4,1.017,1.005,1.0168835292864684,0.989,1.0058376839962313,1.042,1.0158472822761826
2024-03-21 12:00:00,Sonapur-Gauge-1,4,1.005,1.002,1.0017595812775426,0.996,1.000717482769314,1.027,0.99227324792937
2024-03-21 13:00:00,Sonapur-Gauge-1,4,1.002,0.989,0.9955131066776631,1.009,0.9962390474859395,1.02,0.9787562520424388
2024-03-21 14:00:00,Sonapur-Gauge-1,4,0.989,0.996,0.993908128625456,1.042,0.9888807201679632,1.04,0.9751254750042861
2024-03-21 15:00:00,Sonapur-Gauge-1,4,0.996,1.009,0.9980143913646459,1.027,0.9912272601408235,1.029,0.9769478607343575
2024-03-21 16:00:00,Sonapur-Gauge-1,4,1.009,1.042,1.0095193625069177,1.02,1.0028199099575041,1.035,0.9939492695859445
2024-03-21 17:00:00,Sonapur-Gauge-1,4,1.042,1.027,1.0297838574677383,1.04,1.0318930687710657,1.021,1.0312970665586387
2024-03-21 18:00:00,Sonapur-Gauge-1,4,1.027,1.02,1.028649319724057,1.029,1.0259461972155228,1.025,1.0364485470492375
2024-03-21 19:00:00,Sonapur-Gauge-1,4,1.02,1.04,1.023581489391223,1.035,1.015040984382974,1.078,1.0353921797371965
2024-03-21 20:00:00,Sonapur-Gauge-1,4,1.04,1.029,1.0283720361026074,1.021,1.037681831775213,1.144,1.0660064726598892
2024-03-21 21:00:00,Sonapur-Gauge-1,4,1.029,1.035,1.0331042843988232,1.025,1.0375298388908882,1.166,1.0625768621666007
2024-03-21 22:00:00,Sonapur-Gauge-1,4,1.035,1.021,1.030087609302208,1.078,1.038994373577927,1.212,1.0667490101067811
2024-03-21 23:00:00,Sonapur-Gauge-1,4,1.021,1.025,1.0244023483329123,1.144,1.0424642639840167,1.244,1.0766584361234062
2024-03-22 00:00:00,Sonapur-Gauge-1,4,1.025,1.078,1.0340637489221849,1.166,1.0466665510637365,1.245,1.0729588929591434
2024-03-22 01:00:00,Sonapur-Gauge-1,4,1.078,1.144,1.1219970156457106,1.212,1.2026882015540283,1.224,1.2217475328402534
2024-03-22 02:00:00,Sonapur-Gauge-1,4,1.144,1.166,1.1852035069104374,1.244,1.2569371715206092,1.201,1.2432511623582343
2024-03-22 03:00:00,Sonapur-Gauge-1,4,1.166,1.212,1.2174576590643262,1.245,1.2831662913944717,1.202,1.269059238407397
2024-03-22 04:00:00,Sonapur-Gauge-1,4,1.212,1.244,1.2392848138551535,1.224,1.2212576247786295,1.177,1.1963570540024377
2024-03-22 05:00:00,Sonapur-Gauge-1,4,1.244,1.245,1.2427718356590984,1.201,1.2315515220549256,1.172,1.2188265918966488
2024-03-22 06:00:00,Sonapur-Gauge-1,4,1.245,1.224,1.240332330915854,1.202,1.234868394286793,1.165,1.2220665395273067
2024-03-22 07:00:00,Sonapur-Gauge-1,4,1.224,1.201,1.2129791216303878,1.177,1.207116173152938,1.171,1.1979410149983598
2024-03-22 08:00:00,Sonapur-Gauge-1,4,1.201,1.202,1.2003489613547869,1.172,1.1855929448708467,1.155,1.1785698675098997
2024-03-22 09:00:00,Sonapur-Gauge-1,4,1.202,1.177,1.195981061236258,1.165,1.1839237496386883,1.118,1.1765708977342761
2024-03-22 10:00:00,Sonapur-Gauge-1,4,1.177,1.172,1.1715338848397574,1.171,1.1649446091461952,1.137,1.1710484366313125
2024-03-22 11:00:00,Sonapur-Gauge-1,4,1.172,1.165,1.1690051190865447,1.155,1.1612648359556264,1.125,1.1653118189471696
2024-03-22 12:00:00,Sonapur-Gauge-1,4,1.165,1.171,1.163254212848082,1.118,1.1569568369231287,1.147,1.1701370705089456
2024-03-22 13:00:00,Sonapur-Gauge-1,4,1.171,1.155,1.1631902650187464,1.137,1.1659257437202444,1.146,1.1639113001564678
2024-03-22 14:00:00,Sonapur-Gauge-1,4,1.155,1.118,1.1441303996622945,1.125,1.1448087112478578,1.146,1.1475509932226637
2024-03-22 15:00:00,Sonapur-Gauge-1,4,1.118,1.137,1.1226539986637287,1.147,1.126035934142572,1.157,1.131922208152182
2024-03-22 16:00:00,Sonapur-Gauge-1,4,1.137,1.125,1.141078699283489,1.146,1.1438662435014177,1.166,1.1573941670063221
2024-03-22 17:00:00,Sonapur-Gauge-1,4,1.125,1.147,1.1314154217145866,1.146,1.1334645365689318,1.16,1.1437948779963198
2024-03-22 18:00:00,Sonapur-Gauge-1,4,1.147,1.146,1.1479652974141954,1.157,1.149171691073149,1.146,1.1475069792968051
2024-03-22 19:00:00,Sonapur-Gauge-1,4,1.146,1.146,1.143070390434137,1.166,1.1437859141452191,1.145,1.1386447004990474
2024-03-22 20:00:00,Sonapur-Gauge-1,4,1.146,1.157,1.144049083588569,1.16,1.143958284152803,1.108,1.1385785837561866
2024-03-22 21:00:00,Sonapur-Gauge-1,4,1.157,1.166,1.1643700300438697,1.146,1.1603978411988125,1.128,1.1728316371242813
2024-03-22 22:00:00,Sonapur-Gauge-1,4,1.166,1.16,1.1668383965301241,1.145,1.1712672636280987,1.111,1.1816298761914772
2024-03-22 23:00:00,Sonapur-Gauge-1,4,1.16,1.146,1.1605463679547907,1.108,1.1636629721185279,1.101,1.1739656345779836
2024-03-23 00:00:00,Sonapur-Gauge-1,4,1.146,1.145,1.1447643409478216,1.128,1.1432719365690815,1.094,1.1489454511956319
2024-03-23 01:00:00,Sonapur-Gauge-1,4,1.145,1.108,1.1367669197354375,1.111,1.1304192426993986,1.103,1.1226113833590188
2024-03-23 02:00:00,Sonapur-Gauge-1,4,1.108,1.128,1.1076529502333992,1.101,1.1004875267961323,1.101,1.109635793796076
2024-03-23 03:00:00,Sonapur-Gauge-1,4,1.128,1.111,1.1232699996650386,1.094,1.1164272038647947,1.115,1.117333624706354
2024-03-23 04:00:00,Sonapur-Gauge-1,4,1.111,1.101,1.1075447323363778,1.103,1.1021346382114445,1.123,1.105241770861908
2024-03-23 05:00:00,Sonapur-Gauge-1,4,1.101,1.094,1.098221862985775,1.101,1.0930253417697853,1.104,1.0858260958542272
2024-03-23 06:00:00,Sonapur-Gauge-1,4,1.094,1.103,1.0950810448365729,1.115,1.0953665471408203,1.085,1.0821121113205419
2024-03-23 07:00:00,Sonapur-Gauge-1,4,1.103,1.101,1.100997433977732,1.123,1.0959733214429073,1.075,1.0938122224028626
2024-03-23 08:00:00,Sonapur-Gauge-1,4,1.101,1.115,1.1002852599832074,1.104,1.0933590136300448,1.084,1.0820670892140283
2024-03-23 09:00:00,Sonapur-Gauge-1,4,1.115,1.123,1.1123822811186932,1.085,1.1068050283604598,1.09,1.1046295074603194
2024-03-23 10:00:00,Sonapur-Gauge-1,4,1.123,1.104,1.1195608069126242,1.075,1.1135865999653694,1.097,1.1039780471152754
2024-03-23 11:00:00,Sonapur-Gauge-1,4,1.104,1.085,1.0988132503946058,1.084,1.0924222881107108,1.086,1.0906480452483271
2024-03-23 12:00:00,Sonapur-Gauge-1,4,1.085,1.075,1.079138533819256,1.09,1.085083835139995,1.1,1.0602862915285374
2024-03-23 13:00:00,Sonapur-Gauge-1,4,1.075,1.084,1.0684996991127582,1.097,1.0556738695325962,1.101,1.0546815600442196
2024-03-23 14:00:00,Sonapur-Gauge-1,4,1.084,1.09,1.0814373630388916,1.086,1.074008253406678,1.083,1.0616998779509088
2024-03-23 15:00:00,Sonapur-Gauge-1,4,1.09,1.097,1.0815368928952431,1.1,1.076716701608214,1.072,1.0652507788244716
2024-03-23 16:00:00,Sonapur-Gauge-1,4,1.097,1.086,1.0929569053451709,1.101,1.0843764941564518,1.083,1.0691848811131164
2024-03-23 17:00:00,Sonapur-Gauge-1,4,1.086,1.1,1.0830527355558495,1.083,1.0781829878526303,1.108,1.0657608284137285
2024-03-23 18:00:00,Sonapur-Gauge-1,4,1.1,1.101,1.0957267482623412,1.072,1.0862060569934175,1.067,1.0700848870737407
2024-03-23 19:00:00,Sonapur-Gauge-1,4,1.101,1.083,1.0968852021589979,1.083,1.0902579359531528,1.068,1.0716155963524772
2024-03-23 20:00:00,Sonapur-Gauge-1,4,1.083,1.072,1.0779717523859795,1.108,1.0759316879379037,1.03,1.0663269532396351
2024-03-23 21:00:00,Sonapur-Gauge-1,4,1.072,1.083,1.0688601891985399,1.067,1.0538882402468859,1.05,1.0616851080791705
2024-03-23 22:00:00,Sonapur-Gauge-1,4,1.083,1.108,1.0828731007277506,1.068,1.0734317401255287,1.093,1.0671943588988897
2024-03-23 23:00:00,Sonapur-Gauge-1,4,1.108,1.067,1.0958991306582073,1.03,1.0906088133875251,1.127,1.0991200804689008
2024-03-24 00:00:00,Sonapur-Gauge-1,4,1.067,1.068,1.0582124053016977,1.05,1.0499139419678571,1.145,1.0663054361105506
2024-03-24 01:00:00,Sonapur-Gauge-1,4,1.068,1.03,1.0576577470471025,1.093,1.0572815040258352,1.172,1.06740516084566
2024-03-24 02:00:00,Sonapur-Gauge-1,4,1.03,1.05,1.0321698149318883,1.127,1.0476516886708713,1.225,1.0654464519427829
2024-03-24 03:00:00,Sonapur-Gauge-1,4,1.05,1.093,1.0808067067509852,1.145,1.1310784087249892,1.224,1.186215614337318
2024-03-24 04:00:00,Sonapur-Gauge-1,4,1.093,1.127,1.1218897598758522,1.172,1.180156468982669,1.222,1.1964836278233553
2024-03-24 05:00:00,Sonapur-Gauge-1,4,1.127,1.145,1.1514029807920572,1.225,1.2095394712309184,1.249,1.2297317407553572
2024-03-24 06:00:00,Sonapur-Gauge-1,4,1.145,1.172,1.171213978185132,1.224,1.1915158077557926,1.278,1.1969170699247667
2024-03-24 07:00:00,Sonapur-Gauge-1,4,1.172,1.225,1.2097778657511526,1.222,1.1945698731170469,1.281,1.2004621116650844
2024-03-24 08:00:00,Sonapur-Gauge-1,4,1.225,1.224,1.2343506901840413,1.249,1.2490433688962297,1.304,1.2610918535136229
2024-03-24 09:00:00,Sonapur-Gauge-1,4,1.224,1.222,1.2279605825607394,1.278,1.2440694637514207,1.309,1.2359003595823947
2024-03-24 10:00:00,Sonapur-Gauge-1,4,1.222,1.249,1.227986479526897,1.281,1.241602166253821,1.32,1.2255558632216776
2024-03-24 11:00:00,Sonapur-Gauge-1,4,1.249,1.278,1.2624047796910738,1.304,1.270767062782383,1.287,1.2685727480964915
2024-03-24 12:00:00,Sonapur-Gauge-1,4,1.278,1.281,1.289712797956598,1.309,1.3151495678185472,1.267,1.285684218517249
2024-03-24 13:00:00,Sonapur-Gauge-1,4,1.281,1.304,1.2962760927928543,1.32,1.304922566800879,1.263,1.278270814542711
2024-03-24 14:00:00,Sonapur-Gauge-1,4,1.304,1.309,1.317115948973036,1.287,1.3167417404528432,1.233,1.3023780084966734
2024-03-24 15:00:00,Sonapur-Gauge-1,4,1.309,1.32,1.3073822455080333,1.267,1.2883781970127692,1.219,1.2581894345639304
2024-03-24 16:00:00,Sonapur-Gauge-1,4,1.32,1.287,1.3041029731731597,1.263,1.2941430111875996,1.18,1.258818887627138
2024-03-24 17:00:00,Sonapur-Gauge-1,4,1.287,1.267,1.2785332823727866,1.233,1.2639745003892062,1.189,1.2650741603601772
2024-03-24 18:00:00,Sonapur-Gauge-1,4,1.267,1.263,1.2544378559269824,1.219,1.235979276416565,1.211,1.2490145306641536
2024-03-24 19:00:00,Sonapur-Gauge-1,4,1.263,1.233,1.2484775514904942,1.18,1.234234574601225,1.184,1.2441763491747393
2024-03-24 20:00:00,Sonapur-Gauge-1,4,1.233,1.219,1.219525237027376,1.189,1.2259019831175464,1.146,1.2319834350245265
2024-03-24 21:00:00,Sonapur-Gauge-1,4,1.219,1.18,1.2170207446035137,1.211,1.2280841061404575,1.154,1.2047702863507177
2024-03-24 22:00:00,Sonapur-Gauge-1,4,1.18,1.189,1.1816304186176048,1.184,1.1769903600776723,1.155,1.1817336229179216
2024-03-24 23:00:00,Sonapur-Gauge-1,4,1.189,1.211,1.1872935032170369,1.146,1.1731591749158226,1.161,1.1834265776154536
2024-03-25 00:00:00,Sonapur-Gauge-1,4,1.211,1.184,1.2087943814525313,1.154,1.1949669000885572,1.172,1.188679909363144
2024-03-25 01:00:00,Sonapur-Gauge-1,4,1.184,1.146,1.1716757118330476,1.155,1.1736339857410314,1.17,1.1792251451859146
2024-03-25 02:00:00,Sonapur-Gauge-1,4,1.146,1.154,1.14375122145513,1.161,1.1549698559993302,1.194,1.1687131897762582
2024-03-25 03:00:00,Sonapur-Gauge-1,4,1.154,1.155,1.1510858632033778,1.172,1.159218869168317,1.218,1.1782927465684352
2024-03-25 04:00:00,Sonapur-Gauge-1,4,1.155,1.161,1.151927363902113,1.17,1.1601894271702258,1.25,1.180124057861217
2024-03-25 05:00:00,Sonapur-Gauge-1,4,1.161,1.172,1.1622739346058188,1.194,1.167622441507844,1.283,1.1852721950545764
2024-03-25 06:00:00,Sonapur-Gauge-1,4,1.172,1.17,1.172831386710747,1.218,1.180791292900186,1.259,1.1874590701098628
2024-03-25 07:00:00,Sonapur-Gauge-1,4,1.17,1.194,1.1706507352995028,1.25,1.1796673287939259,1.272,1.186711951615405
2024-03-25 08:00:00,Sonapur-Gauge-1,4,1.194,1.218,1.2010206748700105,1.283,1.2043152700310624,1.267,1.189540006743979
2024-03-25 09:00:00,Sonapur-Gauge-1,4,1.218,1.25,1.2197542559276724,1.259,1.2145237544346308,1.257,1.1997136946700897
2024-03-25 10:00:00,Sonapur-Gauge-1,4,1.25,1.283,1.2498866620639186,1.272,1.2423307500646694,1.296,1.2268580940470035
2024-03-25 11:00:00,Sonapur-Gauge-1,4,1.283,1.259,1.2758806863548022,1.267,1.2622660655366276,1.309,1.2579988961785844
2024-03-25 12:00:00,Sonapur-Gauge-1,4,1.259,1.272,1.2567725058189068,1.257,1.2457311452609414,1.335,1.2564180198530672
2024-03-25 13:00:00,Sonapur-Gauge-1,4,1.272,1.267,1.2700647114491133,1.296,1.25349052795489,1.338,1.2619839295938524
2024-03-25 14:00:00,Sonapur-Gauge-1,4,1.267,1.257,1.2564121781915307,1.309,1.2467652090492998,1.389,1.2568722573177384
2024-03-25 15:00:00,Sonapur-Gauge-1,4,1.257,1.296,1.294286287460497,1.335,1.3413025008311417,1.361,1.3725317757833095
2024-03-25 16:00:00,Sonapur-Gauge-1,4,1.296,1.309,1.3245017820875942,1.338,1.366353483587777,1.336,1.352739590205905
2024-03-25 17:00:00,Sonapur-Gauge-1,4,1.309,1.335,1.324854160739574,1.389,1.377795240329881,1.349,1.3581073655726832
2024-03-25 18:00:00,Sonapur-Gauge-1,4,1.335,1.338,1.3516515126322974,1.361,1.347329098907931,1.345,1.3346243647660907
2024-03-25 19:00:00,Sonapur-Gauge-1,4,1.338,1.389,1.3563363665967487,1.336,1.337183250589791,1.371,1.3406853480155059
2024-03-25 20:00:00,Sonapur-Gauge-1,4,1.389,1.361,1.3950911031631403,1.349,1.3738271579239971,1.378,1.3776531585703884
2024-03-25 21:00:00,Sonapur-Gauge-1,4,1.361,1.336,1.3422886501620133,1.345,1.3361899542721472,1.405,1.3642565323864733
2024-03-25 22:00:00,Sonapur-Gauge-1,4,1.336,1.349,1.3346133257355097,1.371,1.3372844248237483,1.387,1.3472255529135317
2024-03-25 23:00:00,Sonapur-Gauge-1,4,1.349,1.345,1.3336182611282608,1.378,1.3454000758407596,1.399,1.3632999139492605
2024-03-26 00:00:00,Sonapur-Gauge-1,4,1.345,1.371,1.3346572913392623,1.405,1.3411743470386492,1.44,1.3657396941203188
2024-03-26 01:00:00,Sonapur-Gauge-1,4,1.371,1.378,1.3761178402918723,1.387,1.3625594100227416,1.421,1.3726043393832226
2024-03-26 02:00:00,Sonapur-Gauge-1,4,1.378,1.405,1.3770952595968373,1.399,1.3626775827813031,1.424,1.3714810092654282
2024-03-26 03:00:00,Sonapur-Gauge-1,4,1.405,1.387,1.4091113564564748,1.44,1.4396563304462024,1.411,1.4009868903561733
2024-03-26 04:00:00,Sonapur-Gauge-1,4,1.387,1.399,1.394304924554038,1.421,1.417081987741714,1.406,1.3946173537074569
2024-03-26 05:00:00,Sonapur-Gauge-1,4,1.399,1.44,1.4132924232741928,1.424,1.4279800071719537,1.409,1.3997995466692577
2024-03-26 06:00:00,Sonapur-Gauge-1,4,1.44,1.421,1.429261988442137,1.411,1.4248259576505486,1.4,1.3919262033497108
2024-03-26 07:00:00,Sonapur-Gauge-1,4,1.421,1.424,1.4131610066870508,1.406,1.4078889549315503,1.429,1.3871185523945953
2024-03-26 08:00:00,Sonapur-Gauge-1,4,1.424,1.411,1.4169680883003124,1.409,1.4150670940251295,1.369,1.3852808964187453
2024-03-26 09:00:00,Sonapur-Gauge-1,4,1.411,1.406,1.4047930159509112,1.4,1.3838117039533333,1.307,1.3436600734489892
2024-03-26 10:00:00,Sonapur-Gauge-1,4,1.406,1.409,1.4020561041564648,1.429,1.377262046165181,1.295,1.3306482342526709
2024-03-26 11:00:00,Sonapur-Gauge-1,4,1.409,1.4,1.4025151661266024,1.369,1.3739359165748772,1.314,1.3320115538432344
2024-03-26 12:00:00,Sonapur-Gauge-1,4,1.4,1.429,1.3985404026570794,1.307,1.3662776218415118,1.304,1.3304653858018318
2024-03-26 13:00:00,Sonapur-Gauge-1,4,1.429,1.369,1.4087445356866255,1.295,1.385510937065102,1.288,1.3743549547362226
2024-03-26 14:00:00,Sonapur-Gauge-1,4,1.369,1.307,1.3472143303255506,1.314,1.3474982560999236,1.244,1.321167089341908
2024-03-26 15:00:00,Sonapur-Gauge-1,4,1.307,1.295,1.2986417975110085,1.304,1.3001307865326015,1.229,1.2825973718741217
2024-03-26 16:00:00,Sonapur-Gauge-1,4,1.295,1.314,1.297615060040513,1.288,1.2928455180764749,1.211,1.2705376964362982
2024-03-26 17:00:00,Sonapur-Gauge-1,4,1.314,1.304,1.3115084060385813,1.244,1.2930829328795626,1.201,1.274844338701589
2024-03-26 18:00:00,Sonapur-Gauge-1,4,1.304,1.288,1.3004514713830893,1.229,1.2848305111170635,1.191,1.2686084835166958
2024-03-26 19:00:00,Sonapur-Gauge-1,4,1.288,1.244,1.2777798525872481,1.211,1.2610172616036264,1.198,1.254684723635269
2024-03-26 20:00:00,Sonapur-Gauge-1,4,1.244,1.229,1.2386711598343836,1.201,1.2232654470567377,1.182,1.215618298799092
2024-03-26 21:00:00,Sonapur-Gauge-1,4,1.229,1.211,1.2206606701969167,1.191,1.214484414085157,1.158,1.2092499243461525
2024-03-26 22:00:00,Sonapur-Gauge-1,4,1.211,1.201,1.2083127216950125,1.198,1.2034060610494355,1.152,1.1838607920125848
2024-03-26 23:00:00,Sonapur-Gauge-1,4,1.201,1.191,1.1955100571006845,1.182,1.178160287430844,1.145,1.172768246332349
2024-03-27 00:00:00,Sonapur-Gauge-1,4,1.191,1.198,1.185881854009615,1.158,1.1744777633026433,1.115,1.1723390483659768
2024-03-27 01:00:00,Sonapur-Gauge-1,4,1.198,1.182,1.194750436697293,1.152,1.1773945707589712,1.117,1.1793501683214767
2024-03-27 02:00:00,Sonapur-Gauge-1,4,1.182,1.158,1.1705537580311343,1.145,1.1691200194364897,1.086,1.1718712151902202
2024-03-27 03:00:00,Sonapur-Gauge-1,4,1.158,1.152,1.1513914456038845,1.115,1.1447159135195442,1.094,1.1400568688531327
2024-03-27 04:00:00,Sonapur-Gauge-1,4,1.152,1.145,1.1460157726024252,1.117,1.1384732773972321,1.079,1.1215712543604566
2024-03-27 05:00:00,Sonapur-Gauge-1,4,1.145,1.115,1.1343276013283325,1.086,1.1234801501221274,1.052,1.111471191890724
2024-03-27 06:00:00,Sonapur-Gauge-1,4,1.115,1.117,1.1103406966712421,1.094,1.1058792264437922,1.103,1.097463054763689
2024-03-27 07:00:00,Sonapur-Gauge-1,4,1.117,1.086,1.1088046727436984,1.079,1.1055363214220395,1.1,1.0966247516567198
2024-03-27 08:00:00,Sonapur-Gauge-1,4,1.086,1.094,1.083967255622961,1.052,1.0750198351350049,1.116,1.0797612864673545
2024-03-27 09:00:00,Sonapur-Gauge-1,4,1.094,1.079,1.0916583935360649,1.103,1.083805217465819,1.108,1.080383812553687
2024-03-27 10:00:00,Sonapur-Gauge-1,4,1.079,1.052,1.0709675100391194,1.1,1.0715966350270203,1.128,1.0821485983353651
2024-03-27 11:00:00,Sonapur-Gauge-1,4,1.052,1.103,1.064021553765122,1.116,1.0551865802804163,1.146,1.081532343291965
2024-03-27 12:00:00,Sonapur-Gauge-1,4,1.103,1.1,1.0967388539173923,1.108,1.0919624227811515,1.144,1.0956576651359144
2024-03-27 13:00:00,Sonapur-Gauge-1,4,1.1,1.116,1.0955414546892897,1.128,1.0931568245061827,1.166,1.084968772113534
2024-03-27 14:00:00,Sonapur-Gauge-1,4,1.116,1.108,1.1087159607585935,1.146,1.1094481040947552,1.192,1.1003793070253967
2024-03-27 15:00:00,Sonapur-Gauge-1,4,1.108,1.128,1.1045233275462172,1.144,1.099055535924457,1.187,1.099029212822038
2024-03-27 16:00:00,Sonapur-Gauge-1,4,1.128,1.146,1.1254330759125757,1.166,1.1169301011538495,1.19,1.109909821137499
2024-03-27 17:00:00,Sonapur-Gauge-1,4,1.146,1.144,1.147199230734216,1.192,1.1611971880702532,1.225,1.1781940995226026
2024-03-27 18:00:00,Sonapur-Gauge-1,4,1.144,1.166,1.152519828908968,1.187,1.1626527690197659,1.222,1.1735310531923124
2024-03-27 19:00:00,Sonapur-Gauge-1,4,1.166,1.192,1.174263788591773,1.19,1.1792382385206794,1.237,1.207534988437313
2024-03-27 20:00:00,Sonapur-Gauge-1,4,1.192,1.187,1.1875914716397677,1.225,1.203353463533248,1.245,1.2014921478354563
2024-03-27 21:00:00,Sonapur-Gauge-1,4,1.187,1.19,1.1882854286300877,1.222,1.2008269129636926,1.257,1.2053952045066676
2024-03-27 22:00:00,Sonapur-Gauge-1,4,1.19,1.225,1.1927154212725632,1.237,1.2046044900534434,1.266,1.2097648389599627
2024-03-27 23:00:00,Sonapur-Gauge-1,4,1.225,1.222,1.2235975824384577,1.245,1.2281554440399307,1.201,1.225898343440091
2024-03-28 00:00:00,Sonapur-Gauge-1,4,1.222,1.237,1.2176239807296851,1.257,1.2229310050554671,1.181,1.2058866610116854
2024-03-28 01:00:00,Sonapur-Gauge-1,4,1.237,1.245,1.239045024021837,1.266,1.2330011432116905,1.167,1.2248573387743036
2024-03-28 02:00:00,Sonapur-Gauge-1,4,1.245,1.257,1.2400028206324414,1.201,1.2328873061126477,1.165,1.2245792415646717
2024-03-28 03:00:00,Sonapur-Gauge-1,4,1.257,1.266,1.2491731181614216,1.181,1.2312191522991232,1.139,1.2216616650753374
2024-03-28 04:00:00,Sonapur-Gauge-1,4,1.266,1.201,1.2468958529937646,1.167,1.2338669835836384,1.13,1.2269323909603032
2024-03-28 05:00:00,Sonapur-Gauge-1,4,1.201,1.181,1.1972126080516867,1.165,1.1860087682201341,1.098,1.17125801619679
