timestamp,station,station_id,flash_flood_next_3h,flood_probability,predicted_event,risk_level
2024-01-01 00:00:00,Chamoli-Gauge-1,1,0,0.0020089716950563107,0,LOW
2024-01-01 00:00:00,Kolkata-Gauge-1,2,0,0.0020089716950563107,0,LOW
2024-01-01 00:00:00,Guwahati-Gauge-1,3,0,0.0020089716950563107,0,LOW
2024-01-01 00:00:00,Sonapur-Gauge-1,4,0,0.0020089716950563107,0,LOW
2024-01-01 01:00:00,Chamoli-Gauge-1,1,0,0.0020089716950563107,0,LOW
2024-01-01 01:00:00,Kolkata-Gauge-1,2,0,0.0020089716950563107,0,LOW
2024-01-01 01:00:00,Guwahati-Gauge-1,3,0,0.0020089716950563107,0,LOW
2024-01-01 01:00:00,Sonapur-Gauge-1,4,0,0.0020089716950563107,0,LOW
2024-01-01 02:00:00,Chamoli-Gauge-1,1,0,0.0020089716950563107,0,LOW
2024-01-01 02:00:00,Kolkata-Gauge-1,2,0,0.0020089716950563107,0,LOW
2024-01-01 02:00:00,Guwahati-Gauge-1,3,0,0.0020089716950563107,0,LOW
2024-01-01 02:00:00,Sonapur-Gauge-1,4,0,0.0020089716950563107,0,LOW
2024-01-01 03:00:00,Chamoli-Gauge-1,1,0,0.0020089716950563107,0,LOW
2024-01-01 03:00:00,Kolkata-Gauge-1,2,0,0.0020089716950563107,0,LOW
2024-01-01 03:00:00,Guwahati-Gauge-1,3,0,0.0020089716950563107,0,LOW
2024-01-01 03:00:00,Sonapur-Gauge-1,4,0,0.0020089716950563107,0,LOW
2024-01-01 04:00:00,Chamoli-Gauge-1,1,0,0.0020089716950563107,0,LOW
2024-01-01 04:00:00,Kolkata-Gauge-1,2,0,0.0020089716950563107,0,LOW
2024-01-01 04:00:00,Guwahati-Gauge-1,3,0,0.0020089716950563107,0,LOW
2024-01-01 04:00:00,Sonapur-Gauge-1,4,0,0.0020089716950563107,0,LOW
2024-01-01 05:00:00,Chamoli-Gauge-1,1,0,0.0020089716950563107,0,LOW
2024-01-01 05:00:00,Kolkata-Gauge-1,2,0,0.0020089716950563107,0,LOW
2024-01-01 05:00:00,Guwahati-Gauge-1,3,0,0.0020089716950563107,0,LOW
2024-01-01 05:00:00,Sonapur-Gauge-1,4,0,0.0020089716950563107,0,LOW
2024-01-01 06:00:00,Chamoli-Gauge-1,1,0,0.0020089716950563107,0,LOW
2024-01-01 06:00:00,Kolkata-Gauge-1,2,0,0.0020089716950563107,0,LOW
2024-01-01 06:00:00,Guwahati-Gauge-1,3,0,0.0020089716950563107,0,LOW
2024-01-01 06:00:00,Sonapur-Gauge-1,4,0,0.0020089716950563107,0,LOW
2024-01-01 07:00:00,Chamoli-Gauge-1,1,0,0.0020089716950563107,0,LOW
2024-01-01 07:00:00,Kolkata-Gauge-1,2,0,0.0020089716950563107,0,LOW
2024-01-01 07:00:00,Guwahati-Gauge-1,3,0,0.0020089716950563107,0,LOW
2024-01-01 07:00:00,Sonapur-Gauge-1,4,0,0.0020089716950563107,0,LOW
2024-01-01 08:00:00,Chamoli-Gauge-1,1,0,0.0020089716950563107,0,LOW
2024-01-01 08:00:00,Kolkata-Gauge-1,2,0,0.0020089716950563107,0,LOW
2024-01-01 08:00:00,Guwahati-Gauge-1,3,0,0.0020089716950563107,0,LOW
2024-01-01 08:00:00,Sonapur-Gauge-1,4,0,0.0020089716950563107,0,LOW
2024-01-01 09:00:00,Chamoli-Gauge-1,1,0,0.0020089716950563107,0,LOW
2024-01-01 09:00:00,Kolkata-Gauge-1,2,0,0.0020089716950563107,0,LOW
2024-01-01 09:00:00,Guwahati-Gauge-1,3,0,0.0020089716950563107,0,LOW
2024-01-01 09:00:00,Sonapur-Gauge-1,4,0,0.0020089716950563107,0,LOW
2024-01-01 10:00:00,Chamoli-Gauge-1,1,0,0.0020089716950563107,0,LOW
2024-01-01 10:00:00,Kolkata-Gauge-1,2,0,0.0020089716950563107,0,LOW
2024-01-01 10:00:00,Guwahati-Gauge-1,3,0,0.0020089716950563107,0,LOW
2024-01-01 10:00:00,Sonapur-Gauge-1,4,0,0.0020089716950563107,0,LOW
2024-01-01 11:00:00,Chamoli-Gauge-1,1,0,0.0020089716950563107,0,LOW
2024-01-01 11:00:00,Kolkata-Gauge-1,2,0,0.0020089716950563107,0,LOW
2024-01-01 11:00:00,Guwahati-Gauge-1,3,0,0.0020089716950563107,0,LOW
2024-01-01 11:00:00,Sonapur-Gauge-1,4,0,0.002071764856226199,0,LOW
2024-01-01 12:00:00,Chamoli-Gauge-1,1,0,0.0020089716950563107,0,LOW
2024-01-01 12:00:00,Kolkata-Gauge-1,2,0,0.0020089716950563107,0,LOW
2024-01-01 12:00:00,Guwahati-Gauge-1,3,0,0.0020089716950563107,0,LOW
2024-01-01 12:00:00,Sonapur-Gauge-1,4,0,0.0020089716950563107,0,LOW
2024-01-01 13:00:00,Chamoli-Gauge-1,1,0,0.0020089716950563107,0,LOW
2024-01-01 13:00:00,Kolkata-Gauge-1,2,0,0.0020089716950563107,0,LOW
2024-01-01 13:00:00,Guwahati-Gauge-1,3,0,0.0020089716950563107,0,LOW
2024-01-01 13:00:00,Sonapur-Gauge-1,4,0,0.0020089716950563107,0,LOW
2024-01-01 14:00:00,Chamoli-Gauge-1,1,0,0.0020089716950563107,0,LOW
2024-01-01 14:00:00,Kolkata-Gauge-1,2,0,0.0020089716950563107,0,LOW
2024-01-01 14:00:00,Guwahati-Gauge-1,3,0,0.0020089716950563107,0,LOW
2024-01-01 14:00:00,Sonapur-Gauge-1,4,0,0.0020089716950563107,0,LOW
2024-01-01 15:00:00,Chamoli-Gauge-1,1,0,0.0020089716950563107,0,LOW
2024-01-01 15:00:00,Kolkata-Gauge-1,2,0,0.0020089716950563107,0,LOW
2024-01-01 15:00:00,Guwahati-Gauge-1,3,0,0.0020089716950563107,0,LOW
2024-01-01 15:00:00,Sonapur-Gauge-1,4,0,0.0020089716950563107,0,LOW
2024-01-01 16:00:00,Chamoli-Gauge-1,1,0,0.0020089716950563107,0,LOW
2024-01-01 16:00:00,Kolkata-Gauge-1,2,0,0.0020089716950563107,0,LOW
2024-01-01 16:00:00,Guwahati-Gauge-1,3,0,0.0020089716950563107,0,LOW
2024-01-01 16:00:00,Sonapur-Gauge-1,4,0,0.0020089716950563107,0,LOW
2024-01-01 17:00:00,Chamoli-Gauge-1,1,0,0.0020089716950563107,0,LOW
2024-01-01 17:00:00,Kolkata-Gauge-1,2,0,0.0020089716950563107,0,LOW
2024-01-01 17:00:00,Guwahati-Gauge-1,3,0,0.0020089716950563107,0,LOW
2024-01-01 17:00:00,Sonapur-Gauge-1,4,0,0.0020089716950563107,0,LOW
2024-01-01 18:00:00,Chamoli-Gauge-1,1,0,0.0020089716950563107,0,LOW
2024-01-01 18:00:00,Kolkata-Gauge-1,2,0,0.0020089716950563107,0,LOW
2024-01-01 18:00:00,Guwahati-Gauge-1,3,0,0.0020089716950563107,0,LOW
2024-01-01 18:00:00,Sonapur-Gauge-1,4,0,0.0020089716950563107,0,LOW
2024-01-01 19:00:00,Chamoli-Gauge-1,1,0,0.0020089716950563107,0,LOW
2024-01-01 19:00:00,Kolkata-Gauge-1,2,0,0.0020089716950563107,0,LOW
2024-01-01 19:00:00,Guwahati-Gauge-1,3,0,0.0020089716950563107,0,LOW
2024-01-01 19:00:00,Sonapur-Gauge-1,4,0,0.0020089716950563107,0,LOW
2024-01-01 20:00:00,Chamoli-Gauge-1,1,0,0.0020089716950563107,0,LOW
2024-01-01 20:00:00,Kolkata-Gauge-1,2,0,0.0020089716950563107,0,LOW
2024-01-01 20:00:00,Guwahati-Gauge-1,3,0,0.0020089716950563107,0,LOW
2024-01-01 20:00:00,Sonapur-Gauge-1,4,0,0.0020089716950563107,0,LOW
2024-01-01 21:00:00,Chamoli-Gauge-1,1,0,0.0020089716950563107,0,LOW
2024-01-01 21:00:00,Kolkata-Gauge-1,2,0,0.0020089716950563107,0,LOW
2024-01-01 21:00:00,Guwahati-Gauge-1,3,0,0.0020089716950563107,0,LOW
2024-01-01 21:00:00,Sonapur-Gauge-1,4,0,0.0020089716950563107,0,LOW
2024-01-01 22:00:00,Chamoli-Gauge-1,1,0,0.0020089716950563107,0,LOW
2024-01-01 22:00:00,Kolkata-Gauge-1,2,0,0.0020089716950563107,0,LOW
2024-01-01 22:00:00,Guwahati-Gauge-1,3,0,0.0020089716950563107,0,LOW
2024-01-01 22:00:00,Sonapur-Gauge-1,4,0,0.0020089716950563107,0,LOW
2024-01-01 23:00:00,Chamoli-Gauge-1,1,0,0.0020089716950563107,0,LOW
2024-01-01 23:00:00,Kolkata-Gauge-1,2,0,0.0020089716950563107,0,LOW
2024-01-01 23:00:00,Guwahati-Gauge-1,3,0,0.0020089716950563107,0,LOW
2024-01-01 23:00:00,Sonapur-Gauge-1,4,0,0.0020089716950563107,0,LOW
2024-01-02 00:00:00,Chamoli-Gauge-1,1,0,0.0020089716950563107,0,LOW
2024-01-02 00:00:00,Kolkata-Gauge-1,2,0,0.0020089716950563107,0,LOW
2024-01-02 00:00:00,Guwahati-Gauge-1,3,0,0.0020089716950563107,0,LOW
2024-01-02 00:00:00,Sonapur-Gauge-1,4,0,0.0020089716950563107,0,LOW
2024-01-02 01:00:00,Chamoli-Gauge-1,1,0,0.0020089716950563107,0,LOW
2024-01-02 01:00:00,Kolkata-Gauge-1,2,0,0.0020089716950563107,0,LOW
2024-01-02 01:00:00,Guwahati-Gauge-1,3,0,0.0020089716950563107,0,LOW
2024-01-02 01:00:00,Sonapur-Gauge-1,4,0,0.0020089716950563107,0,LOW
2024-01-02 02:00:00,Chamoli-Gauge-1,1,0,0.0020089716950563107,0,LOW
2024-01-02 02:00:00,Kolkata-Gauge-1,2,0,0.0020089716950563107,0,LOW
2024-01-02 02:00:00,Guwahati-Gauge-1,3,0,0.0020089716950563107,0,LOW
2024-01-02 02:00:00,Sonapur-Gauge-1,4,0,0.0020089716950563107,0,LOW
2024-01-02 03:00:00,Chamoli-Gauge-1,1,0,0.0020089716950563107,0,LOW
2024-01-02 03:00:00,Kolkata-Gauge-1,2,0,0.0020089716950563107,0,LOW
2024-01-02 03:00:00,Guwahati-Gauge-1,3,0,0.0020089716950563107,0,LOW
2024-01-02 03:00:00,Sonapur-Gauge-1,4,0,0.0020089716950563107,0,LOW
2024-01-02 04:00:00,Chamoli-Gauge-1,1,0,0.0020089716950563107,0,LOW
2024-01-02 04:00:00,Kolkata-Gauge-1,2,0,0.0020089716950563107,0,LOW
2024-01-02 04:00:00,Guwahati-Gauge-1,3,0,0.0020089716950563107,0,LOW
2024-01-02 04:00:00,Sonapur-Gauge-1,4,0,0.0020089716950563107,0,LOW
2024-01-02 05:00:00,Chamoli-Gauge-1,1,0,0.0020089716950563107,0,LOW
2024-01-02 05:00:00,Kolkata-Gauge-1,2,0,0.0020089716950563107,0,LOW
2024-01-02 05:00:00,Guwahati-Gauge-1,3,0,0.0020089716950563107,0,LOW
2024-01-02 05:00:00,Sonapur-Gauge-1,4,0,0.0020089716950563107,0,LOW
2024-01-02 06:00:00,Chamoli-Gauge-1,1,0,0.0020089716950563107,0,LOW
2024-01-02 06:00:00,Kolkata-Gauge-1,2,0,0.0020089716950563107,0,LOW
2024-01-02 06:00:00,Guwahati-Gauge-1,3,0,0.0020089716950563107,0,LOW
2024-01-02 06:00:00,Sonapur-Gauge-1,4,0,0.0020089716950563107,0,LOW
2024-01-02 07:00:00,Chamoli-Gauge-1,1,0,0.0020089716950563107,0,LOW
2024-01-02 07:00:00,Kolkata-Gauge-1,2,0,0.0020089716950563107,0,LOW
2024-01-02 07:00:00,Guwahati-Gauge-1,3,0,0.0020089716950563107,0,LOW
2024-01-02 07:00:00,Sonapur-Gauge-1,4,0,0.0020089716950563107,0,LOW
2024-01-02 08:00:00,Chamoli-Gauge-1,1,0,0.0020089716950563107,0,LOW
2024-01-02 08:00:00,Kolkata-Gauge-1,2,0,0.0020089716950563107,0,LOW
2024-01-02 08:00:00,Guwahati-Gauge-1,3,0,0.0020089716950563107,0,LOW
2024-01-02 08:00:00,Sonapur-Gauge-1,4,0,0.0020089716950563107,0,LOW
2024-01-02 09:00:00,Chamoli-Gauge-1,1,0,0.0020089716950563107,0,LOW
2024-01-02 09:00:00,Kolkata-Gauge-1,2,0,0.0020089716950563107,0,LOW
2024-01-02 09:00:00,Guwahati-Gauge-1,3,0,0.0020089716950563107,0,LOW
2024-01-02 09:00:00,Sonapur-Gauge-1,4,0,0.0020089716950563107,0,LOW
2024-01-02 10:00:00,Chamoli-Gauge-1,1,0,0.0020089716950563107,0,LOW
2024-01-02 10:00:00,Kolkata-Gauge-1,2,0,0.0020089716950563107,0,LOW
2024-01-02 10:00:00,Guwahati-Gauge-1,3,0,0.0020089716950563107,0,LOW
2024-01-02 10:00:00,Sonapur-Gauge-1,4,0,0.0020089716950563107,0,LOW
2024-01-02 11:00:00,Chamoli-Gauge-1,1,0,0.0020089716950563107,0,LOW
2024-01-02 11:00:00,Kolkata-Gauge-1,2,0,0.0020089716950563107,0,LOW
2024-01-02 11:00:00,Guwahati-Gauge-1,3,0,0.0020089716950563107,0,LOW
2024-01-02 11:00:00,Sonapur-Gauge-1,4,0,0.0020089716950563107,0,LOW
2024-01-02 12:00:00,Chamoli-Gauge-1,1,0,0.0020089716950563107,0,LOW
2024-01-02 12:00:00,Kolkata-Gauge-1,2,0,0.0020089716950563107,0,LOW
2024-01-02 12:00:00,Guwahati-Gauge-1,3,0,0.0020089716950563107,0,LOW
2024-01-02 12:00:00,Sonapur-Gauge-1,4,0,0.0020089716950563107,0,LOW
2024-01-02 13:00:00,Chamoli-Gauge-1,1,0,0.0020089716950563107,0,LOW
2024-01-02 13:00:00,Kolkata-Gauge-1,2,0,0.0020089716950563107,0,LOW
2024-01-02 13:00:00,Guwahati-Gauge-1,3,0,0.0020089716950563107,0,LOW
2024-01-02 13:00:00,Sonapur-Gauge-1,4,0,0.0020089716950563107,0,LOW
2024-01-02 14:00:00,Chamoli-Gauge-1,1,0,0.0020089716950563107,0,LOW
2024-01-02 14:00:00,Kolkata-Gauge-1,2,0,0.0020089716950563107,0,LOW
2024-01-02 14:00:00,Guwahati-Gauge-1,3,0,0.0020089716950563107,0,LOW
2024-01-02 14:00:00,Sonapur-Gauge-1,4,0,0.0020089716950563107,0,LOW
2024-01-02 15:00:00,Chamoli-Gauge-1,1,0,0.0020089716950563107,0,LOW
2024-01-02 15:00:00,Kolkata-Gauge-1,2,0,0.0020089716950563107,0,LOW
2024-01-02 15:00:00,Guwahati-Gauge-1,3,0,0.0020089716950563107,0,LOW
2024-01-02 15:00:00,Sonapur-Gauge-1,4,0,0.0020089716950563107,0,LOW
2024-01-02 16:00:00,Chamoli-Gauge-1,1,0,0.0020089716950563107,0,LOW
2024-01-02 16:00:00,Kolkata-Gauge-1,2,0,0.0020089716950563107,0,LOW
2024-01-02 16:00:00,Guwahati-Gauge-1,3,0,0.0020089716950563107,0,LOW
2024-01-02 16:00:00,Sonapur-Gauge-1,4,0,0.0020089716950563107,0,LOW
2024-01-02 17:00:00,Chamoli-Gauge-1,1,0,0.0020089716950563107,0,LOW
2024-01-02 17:00:00,Kolkata-Gauge-1,2,0,0.0020089716950563107,0,LOW
2024-01-02 17:00:00,Guwahati-Gauge-1,3,0,0.0020089716950563107,0,LOW
2024-01-02 17:00:00,Sonapur-Gauge-1,4,0,0.0020089716950563107,0,LOW
2024-01-02 18:00:00,Chamoli-Gauge-1,1,0,0.0020089716950563107,0,LOW
2024-01-02 18:00:00,Kolkata-Gauge-1,2,0,0.0020089716950563107,0,LOW
2024-01-02 18:00:00,Guwahati-Gauge-1,3,0,0.0020089716950563107,0,LOW
2024-01-02 18:00:00,Sonapur-Gauge-1,4,0,0.0020089716950563107,0,LOW
2024-01-02 19:00:00,Chamoli-Gauge-1,1,0,0.0020089716950563107,0,LOW
2024-01-02 19:00:00,Kolkata-Gauge-1,2,0,0.0020089716950563107,0,LOW
2024-01-02 19:00:00,Guwahati-Gauge-1,3,0,0.0020089716950563107,0,LOW
2024-01-02 19:00:00,Sonapur-Gauge-1,4,0,0.0020089716950563107,0,LOW
2024-01-02 20:00:00,Chamoli-Gauge-1,1,0,0.0020089716950563107,0,LOW
2024-01-02 20:00:00,Kolkata-Gauge-1,2,0,0.0020089716950563107,0,LOW
2024-01-02 20:00:00,Guwahati-Gauge-1,3,0,0.0020089716950563107,0,LOW
2024-01-02 20:00:00,Sonapur-Gauge-1,4,0,0.0020089716950563107,0,LOW
2024-01-02 21:00:00,Chamoli-Gauge-1,1,0,0.0020089716950563107,0,LOW
2024-01-02 21:00:00,Kolkata-Gauge-1,2,0,0.0020089716950563107,0,LOW
2024-01-02 21:00:00,Guwahati-Gauge-1,3,0,0.0020089716950563107,0,LOW
2024-01-02 21:00:00,Sonapur-Gauge-1,4,0,0.0020089716950563107,0,LOW
2024-01-02 22:00:00,Chamoli-Gauge-1,1,0,0.0020089716950563107,0,LOW
2024-01-02 22:00:00,Kolkata-Gauge-1,2,0,0.0020089716950563107,0,LOW
2024-01-02 22:00:00,Guwahati-Gauge-1,3,0,0.0020089716950563107,0,LOW
2024-01-02 22:00:00,Sonapur-Gauge-1,4,0,0.0020089716950563107,0,LOW
2024-01-02 23:00:00,Chamoli-Gauge-1,1,0,0.0020089716950563107,0,LOW
2024-01-02 23:00:00,Kolkata-Gauge-1,2,0,0.0020089716950563107,0,LOW
2024-01-02 23:00:00,Guwahati-Gauge-1,3,0,0.0020089716950563107,0,LOW
2024-01-02 23:00:00,Sonapur-Gauge-1,4,0,0.0020089716950563107,0,LOW
2024-01-03 00:00:00,Chamoli-Gauge-1,1,0,0.0020089716950563107,0,LOW
2024-01-03 00:00:00,Kolkata-Gauge-1,2,0,0.0020089716950563107,0,LOW
2024-01-03 00:00:00,Guwahati-Gauge-1,3,0,0.0020089716950563107,0,LOW
2024-01-03 00:00:00,Sonapur-Gauge-1,4,0,0.0020089716950563107,0,LOW
2024-01-03 01:00:00,Chamoli-Gauge-1,1,0,0.0020089716950563107,0,LOW
2024-01-03 01:00:00,Kolkata-Gauge-1,2,0,0.0020089716950563107,0,LOW
2024-01-03 01:00:00,Guwahati-Gauge-1,3,0,0.0020697532585296293,0,LOW
2024-01-03 01:00:00,Sonapur-Gauge-1,4,0,0.0020089716950563107,0,LOW
2024-01-03 02:00:00,Chamoli-Gauge-1,1,0,0.0020089716950563107,0,LOW
2024-01-03 02:00:00,Kolkata-Gauge-1,2,0,0.0020089716950563107,0,LOW
2024-01-03 02:00:00,Guwahati-Gauge-1,3,0,0.0020089716950563107,0,LOW
2024-01-03 02:00:00,Sonapur-Gauge-1,4,0,0.0020089716950563107,0,LOW
2024-01-03 03:00:00,Chamoli-Gauge-1,1,0,0.0020089716950563107,0,LOW
2024-01-03 03:00:00,Kolkata-Gauge-1,2,0,0.0020089716950563107,0,LOW
2024-01-03 03:00:00,Guwahati-Gauge-1,3,0,0.0020742362501726752,0,LOW
2024-01-03 03:00:00,Sonapur-Gauge-1,4,0,0.0020089716950563107,0,LOW
2024-01-03 04:00:00,Chamoli-Gauge-1,1,0,0.0020089716950563107,0,LOW
2024-01-03 04:00:00,Kolkata-Gauge-1,2,0,0.0020089716950563107,0,LOW
2024-01-03 04:00:00,Guwahati-Gauge-1,3,0,0.0020089716950563107,0,LOW
2024-01-03 04:00:00,Sonapur-Gauge-1,4,0,0.0020089716950563107,0,LOW
2024-01-03 05:00:00,Chamoli-Gauge-1,1,0,0.0020089716950563107,0,LOW
2024-01-03 05:00:00,Kolkata-Gauge-1,2,0,0.0020089716950563107,0,LOW
2024-01-03 05:00:00,Guwahati-Gauge-1,3,0,0.0020089716950563107,0,LOW
2024-01-03 05:00:00,Sonapur-Gauge-1,4,0,0.0020089716950563107,0,LOW
2024-01-03 06:00:00,Chamoli-Gauge-1,1,0,0.0020089716950563107,0,LOW
2024-01-03 06:00:00,Kolkata-Gauge-1,2,0,0.0020089716950563107,0,LOW
2024-01-03 06:00:00,Guwahati-Gauge-1,3,0,0.0020089716950563107,0,LOW
2024-01-03 06:00:00,Sonapur-Gauge-1,4,0,0.0020089716950563107,0,LOW
2024-01-03 07:00:00,Chamoli-Gauge-1,1,0,0.0020089716950563107,0,LOW
2024-01-03 07:00:00,Kolkata-Gauge-1,2,0,0.0020089716950563107,0,LOW
2024-01-03 07:00:00,Guwahati-Gauge-1,3,0,0.0020742362501726752,0,LOW
2024-01-03 07:00:00,Sonapur-Gauge-1,4,0,0.0020089716950563107,0,LOW
2024-01-03 08:00:00,Chamoli-Gauge-1,1,0,0.0020089716950563107,0,LOW
2024-01-03 08:00:00,Kolkata-Gauge-1,2,0,0.0020643692810116535,0,LOW
2024-01-03 08:00:00,Guwahati-Gauge-1,3,0,0.0020089716950563107,0,LOW
2024-01-03 08:00:00,Sonapur-Gauge-1,4,0,0.0020089716950563107,0,LOW
2024-01-03 09:00:00,Chamoli-Gauge-1,1,0,0.0020089716950563107,0,LOW
2024-01-03 09:00:00,Kolkata-Gauge-1,2,0,0.0020836092569945512,0,LOW
2024-01-03 09:00:00,Guwahati-Gauge-1,3,0,0.0020089716950563107,0,LOW
2024-01-03 09:00:00,Sonapur-Gauge-1,4,0,0.0021746295020845783,0,LOW
2024-01-03 10:00:00,Chamoli-Gauge-1,1,0,0.0020089716950563107,0,LOW
2024-01-03 10:00:00,Kolkata-Gauge-1,2,0,0.0020089716950563107,0,LOW
2024-01-03 10:00:00,Guwahati-Gauge-1,3,0,0.0020089716950563107,0,LOW
2024-01-03 10:00:00,Sonapur-Gauge-1,4,0,0.0021746295020845783,0,LOW
2024-01-03 11:00:00,Chamoli-Gauge-1,1,0,0.0020089716950563107,0,LOW
2024-01-03 11:00:00,Kolkata-Gauge-1,2,0,0.0020089716950563107,0,LOW
2024-01-03 11:00:00,Guwahati-Gauge-1,3,0,0.0020089716950563107,0,LOW
2024-01-03 11:00:00,Sonapur-Gauge-1,4,0,0.0021746295020845783,0,LOW
2024-01-03 12:00:00,Chamoli-Gauge-1,1,0,0.0020089716950563107,0,LOW
2024-01-03 12:00:00,Kolkata-Gauge-1,2,0,0.0020089716950563107,0,LOW
2024-01-03 12:00:00,Guwahati-Gauge-1,3,0,0.0020089716950563107,0,LOW
2024-01-03 12:00:00,Sonapur-Gauge-1,4,0,0.0020089716950563107,0,LOW
2024-01-03 13:00:00,Chamoli-Gauge-1,1,0,0.0020089716950563107,0,LOW
2024-01-03 13:00:00,Kolkata-Gauge-1,2,0,0.0020089716950563107,0,LOW
2024-01-03 13:00:00,Guwahati-Gauge-1,3,0,0.0020089716950563107,0,LOW
2024-01-03 13:00:00,Sonapur-Gauge-1,4,0,0.0020089716950563107,0,LOW
2024-01-03 14:00:00,Chamoli-Gauge-1,1,0,0.0020089716950563107,0,LOW
2024-01-03 14:00:00,Kolkata-Gauge-1,2,0,0.0020089716950563107,0,LOW
2024-01-03 14:00:00,Guwahati-Gauge-1,3,0,0.0020089716950563107,0,LOW
2024-01-03 14:00:00,Sonapur-Gauge-1,4,0,0.0020089716950563107,0,LOW
2024-01-03 15:00:00,Chamoli-Gauge-1,1,0,0.0020089716950563107,0,LOW
2024-01-03 15:00:00,Kolkata-Gauge-1,2,0,0.0020089716950563107,0,LOW
2024-01-03 15:00:00,Guwahati-Gauge-1,3,0,0.0020089716950563107,0,LOW
2024-01-03 15:00:00,Sonapur-Gauge-1,4,0,0.0020089716950563107,0,LOW
2024-01-03 16:00:00,Chamoli-Gauge-1,1,0,0.0020089716950563107,0,LOW
2024-01-03 16:00:00,Kolkata-Gauge-1,2,0,0.0020089716950563107,0,LOW
2024-01-03 16:00:00,Guwahati-Gauge-1,3,0,0.0020089716950563107,0,LOW
2024-01-03 16:00:00,Sonapur-Gauge-1,4,0,0.0020089716950563107,0,LOW
2024-01-03 17:00:00,Chamoli-Gauge-1,1,0,0.0020089716950563107,0,LOW
2024-01-03 17:00:00,Kolkata-Gauge-1,2,0,0.0020089716950563107,0,LOW
2024-01-03 17:00:00,Guwahati-Gauge-1,3,0,0.0020089716950563107,0,LOW
2024-01-03 17:00:00,Sonapur-Gauge-1,4,0,0.0020089716950563107,0,LOW
2024-01-03 18:00:00,Chamoli-Gauge-1,1,0,0.0020089716950563107,0,LOW
2024-01-03 18:00:00,Kolkata-Gauge-1,2,0,0.0020089716950563107,0,LOW
2024-01-03 18:00:00,Guwahati-Gauge-1,3,0,0.0020089716950563107,0,LOW
2024-01-03 18:00:00,Sonapur-Gauge-1,4,0,0.0020089716950563107,0,LOW
2024-01-03 19:00:00,Chamoli-Gauge-1,1,0,0.0020089716950563107,0,LOW
2024-01-03 19:00:00,Kolkata-Gauge-1,2,0,0.0020089716950563107,0,LOW
2024-01-03 19:00:00,Guwahati-Gauge-1,3,0,0.0020089716950563107,0,LOW
2024-01-03 19:00:00,Sonapur-Gauge-1,4,0,0.0020089716950563107,0,LOW
2024-01-03 20:00:00,Chamoli-Gauge-1,1,0,0.0020089716950563107,0,LOW
2024-01-03 20:00:00,Kolkata-Gauge-1,2,0,0.0020089716950563107,0,LOW
2024-01-03 20:00:00,Guwahati-Gauge-1,3,0,0.0020089716950563107,0,LOW
2024-01-03 20:00:00,Sonapur-Gauge-1,4,0,0.0020089716950563107,0,LOW
2024-01-03 21:00:00,Chamoli-Gauge-1,1,0,0.0020089716950563107,0,LOW
2024-01-03 21:00:00,Kolkata-Gauge-1,2,0,0.0020089716950563107,0,LOW
2024-01-03 21:00:00,Guwahati-Gauge-1,3,0,0.0020089716950563107,0,LOW
2024-01-03 21:00:00,Sonapur-Gauge-1,4,0,0.0020089716950563107,0,LOW
2024-01-03 22:00:00,Chamoli-Gauge-1,1,0,0.0020089716950563107,0,LOW
2024-01-03 22:00:00,Kolkata-Gauge-1,2,0,0.0020089716950563107,0,LOW
2024-01-03 22:00:00,Guwahati-Gauge-1,3,0,0.0020089716950563107,0,LOW
2024-01-03 22:00:00,Sonapur-Gauge-1,4,0,0.0020089716950563107,0,LOW
2024-01-03 23:00:00,Chamoli-Gauge-1,1,0,0.0020089716950563107,0,LOW
2024-01-03 23:00:00,Kolkata-Gauge-1,2,0,0.0020089716950563107,0,LOW
2024-01-03 23:00:00,Guwahati-Gauge-1,3,0,0.0020089716950563107,0,LOW
2024-01-03 23:00:00,Sonapur-Gauge-1,4,0,0.0020089716950563107,0,LOW
2024-01-04 00:00:00,Chamoli-Gauge-1,1,0,0.0020089716950563107,0,LOW
2024-01-04 00:00:00,Kolkata-Gauge-1,2,0,0.0020089716950563107,0,LOW
2024-01-04 00:00:00,Guwahati-Gauge-1,3,0,0.0020089716950563107,0,LOW
2024-01-04 00:00:00,Sonapur-Gauge-1,4,0,0.0020089716950563107,0,LOW
2024-01-04 01:00:00,Chamoli-Gauge-1,1,0,0.0020089716950563107,0,LOW
2024-01-04 01:00:00,Kolkata-Gauge-1,2,0,0.0020089716950563107,0,LOW
2024-01-04 01:00:00,Guwahati-Gauge-1,3,0,0.0020089716950563107,0,LOW
2024-01-04 01:00:00,Sonapur-Gauge-1,4,0,0.0020089716950563107,0,LOW
2024-01-04 02:00:00,Chamoli-Gauge-1,1,0,0.0020089716950563107,0,LOW
2024-01-04 02:00:00,Kolkata-Gauge-1,2,0,0.0020599826510287124,0,LOW
2024-01-04 02:00:00,Guwahati-Gauge-1,3,0,0.0020089716950563107,0,LOW
2024-01-04 02:00:00,Sonapur-Gauge-1,4,0,0.0020089716950563107,0,LOW
2024-01-04 03:00:00,Chamoli-Gauge-1,1,0,0.0020599826510287124,0,LOW
2024-01-04 03:00:00,Kolkata-Gauge-1,2,0,0.0020089716950563107,0,LOW
2024-01-04 03:00:00,Guwahati-Gauge-1,3,0,0.0020089716950563107,0,LOW
2024-01-04 03:00:00,Sonapur-Gauge-1,4,0,0.0020089716950563107,0,LOW
2024-01-04 04:00:00,Chamoli-Gauge-1,1,0,0.0020089716950563107,0,LOW
2024-01-04 04:00:00,Kolkata-Gauge-1,2,0,0.0020089716950563107,0,LOW
2024-01-04 04:00:00,Guwahati-Gauge-1,3,0,0.0020089716950563107,0,LOW
2024-01-04 04:00:00,Sonapur-Gauge-1,4,0,0.0020089716950563107,0,LOW
2024-01-04 05:00:00,Chamoli-Gauge-1,1,0,0.0020089716950563107,0,LOW
2024-01-04 05:00:00,Kolkata-Gauge-1,2,0,0.0020089716950563107,0,LOW
2024-01-04 05:00:00,Guwahati-Gauge-1,3,0,0.0020089716950563107,0,LOW
2024-01-04 05:00:00,Sonapur-Gauge-1,4,0,0.0020089716950563107,0,LOW
2024-01-04 06:00:00,Chamoli-Gauge-1,1,0,0.0020089716950563107,0,LOW
2024-01-04 06:00:00,Kolkata-Gauge-1,2,0,0.0020089716950563107,0,LOW
2024-01-04 06:00:00,Guwahati-Gauge-1,3,0,0.0020089716950563107,0,LOW
2024-01-04 06:00:00,Sonapur-Gauge-1,4,0,0.0020089716950563107,0,LOW
2024-01-04 07:00:00,Chamoli-Gauge-1,1,0,0.0020089716950563107,0,LOW
2024-01-04 07:00:00,Kolkata-Gauge-1,2,0,0.0020089716950563107,0,LOW
2024-01-04 07:00:00,Guwahati-Gauge-1,3,0,0.0020089716950563107,0,LOW
2024-01-04 07:00:00,Sonapur-Gauge-1,4,0,0.0020089716950563107,0,LOW
2024-01-04 08:00:00,Chamoli-Gauge-1,1,0,0.0020089716950563107,0,LOW
2024-01-04 08:00:00,Kolkata-Gauge-1,2,0,0.0020089716950563107,0,LOW
2024-01-04 08:00:00,Guwahati-Gauge-1,3,0,0.0020089716950563107,0,LOW
2024-01-04 08:00:00,Sonapur-Gauge-1,4,0,0.0020089716950563107,0,LOW
2024-01-04 09:00:00,Chamoli-Gauge-1,1,0,0.0020089716950563107,0,LOW
2024-01-04 09:00:00,Kolkata-Gauge-1,2,0,0.0020089716950563107,0,LOW
2024-01-04 09:00:00,Guwahati-Gauge-1,3,0,0.0020089716950563107,0,LOW
2024-01-04 09:00:00,Sonapur-Gauge-1,4,0,0.0020089716950563107,0,LOW
2024-01-04 10:00:00,Chamoli-Gauge-1,1,0,0.0020089716950563107,0,LOW
2024-01-04 10:00:00,Kolkata-Gauge-1,2,0,0.0020089716950563107,0,LOW
2024-01-04 10:00:00,Guwahati-Gauge-1,3,0,0.0020089716950563107,0,LOW
2024-01-04 10:00:00,Sonapur-Gauge-1,4,0,0.0020089716950563107,0,LOW
2024-01-04 11:00:00,Chamoli-Gauge-1,1,0,0.0020089716950563107,0,LOW
2024-01-04 11:00:00,Kolkata-Gauge-1,2,0,0.0020089716950563107,0,LOW
2024-01-04 11:00:00,Guwahati-Gauge-1,3,0,0.0020089716950563107,0,LOW
2024-01-04 11:00:00,Sonapur-Gauge-1,4,0,0.0020089716950563107,0,LOW
2024-01-04 12:00:00,Chamoli-Gauge-1,1,0,0.0020089716950563107,0,LOW
2024-01-04 12:00:00,Kolkata-Gauge-1,2,0,0.0020089716950563107,0,LOW
2024-01-04 12:00:00,Guwahati-Gauge-1,3,0,0.0020089716950563107,0,LOW
2024-01-04 12:00:00,Sonapur-Gauge-1,4,0,0.0020089716950563107,0,LOW
2024-01-04 13:00:00,Chamoli-Gauge-1,1,0,0.0020089716950563107,0,LOW
2024-01-04 13:00:00,Kolkata-Gauge-1,2,0,0.0020089716950563107,0,LOW
2024-01-04 13:00:00,Guwahati-Gauge-1,3,0,0.0020089716950563107,0,LOW
2024-01-04 13:00:00,Sonapur-Gauge-1,4,0,0.0020089716950563107,0,LOW
2024-01-04 14:00:00,Chamoli-Gauge-1,1,0,0.0020089716950563107,0,LOW
2024-01-04 14:00:00,Kolkata-Gauge-1,2,0,0.0020089716950563107,0,LOW
2024-01-04 14:00:00,Guwahati-Gauge-1,3,0,0.0020089716950563107,0,LOW
2024-01-04 14:00:00,Sonapur-Gauge-1,4,0,0.0020089716950563107,0,LOW
2024-01-04 15:00:00,Chamoli-Gauge-1,1,0,0.0020089716950563107,0,LOW
2024-01-04 15:00:00,Kolkata-Gauge-1,2,0,0.0020089716950563107,0,LOW
2024-01-04 15:00:00,Guwahati-Gauge-1,3,0,0.0020089716950563107,0,LOW
2024-01-04 15:00:00,Sonapur-Gauge-1,4,0,0.0020089716950563107,0,LOW
2024-01-04 16:00:00,Chamoli-Gauge-1,1,0,0.0020089716950563107,0,LOW
2024-01-04 16:00:00,Kolkata-Gauge-1,2,0,0.0020089716950563107,0,LOW
2024-01-04 16:00:00,Guwahati-Gauge-1,3,0,0.0020089716950563107,0,LOW
2024-01-04 16:00:00,Sonapur-Gauge-1,4,0,0.0020089716950563107,0,LOW
2024-01-04 17:00:00,Chamoli-Gauge-1,1,0,0.0020089716950563107,0,LOW
2024-01-04 17:00:00,Kolkata-Gauge-1,2,0,0.0020089716950563107,0,LOW
2024-01-04 17:00:00,Guwahati-Gauge-1,3,0,0.0020089716950563107,0,LOW
2024-01-04 17:00:00,Sonapur-Gauge-1,4,0,0.0020089716950563107,0,LOW
2024-01-04 18:00:00,Chamoli-Gauge-1,1,0,0.0020089716950563107,0,LOW
2024-01-04 18:00:00,Kolkata-Gauge-1,2,0,0.0020089716950563107,0,LOW
2024-01-04 18:00:00,Guwahati-Gauge-1,3,0,0.0020089716950563107,0,LOW
2024-01-04 18:00:00,Sonapur-Gauge-1,4,0,0.0020089716950563107,0,LOW
2024-01-04 19:00:00,Chamoli-Gauge-1,1,0,0.0020089716950563107,0,LOW
2024-01-04 19:00:00,Kolkata-Gauge-1,2,0,0.0020089716950563107,0,LOW
2024-01-04 19:00:00,Guwahati-Gauge-1,3,0,0.0020798278569408865,0,LOW
2024-01-04 19:00:00,Sonapur-Gauge-1,4,0,0.0020089716950563107,0,LOW
2024-01-04 20:00:00,Chamoli-Gauge-1,1,0,0.0020089716950563107,0,LOW
2024-01-04 20:00:00,Kolkata-Gauge-1,2,0,0.0020089716950563107,0,LOW
2024-01-04 20:00:00,Guwahati-Gauge-1,3,0,0.0020089716950563107,0,LOW
2024-01-04 20:00:00,Sonapur-Gauge-1,4,0,0.0020089716950563107,0,LOW
2024-01-04 21:00:00,Chamoli-Gauge-1,1,0,0.0020089716950563107,0,LOW
2024-01-04 21:00:00,Kolkata-Gauge-1,2,0,0.0020089716950563107,0,LOW
2024-01-04 21:00:00,Guwahati-Gauge-1,3,0,0.0020089716950563107,0,LOW
2024-01-04 21:00:00,Sonapur-Gauge-1,4,0,0.0020089716950563107,0,LOW
2024-01-04 22:00:00,Chamoli-Gauge-1,1,0,0.0020089716950563107,0,LOW
2024-01-04 22:00:00,Kolkata-Gauge-1,2,0,0.0020089716950563107,0,LOW
2024-01-04 22:00:00,Guwahati-Gauge-1,3,0,0.0020089716950563107,0,LOW
2024-01-04 22:00:00,Sonapur-Gauge-1,4,0,0.0020089716950563107,0,LOW
2024-01-04 23:00:00,Chamoli-Gauge-1,1,0,0.0020089716950563107,0,LOW
2024-01-04 23:00:00,Kolkata-Gauge-1,2,0,0.0020089716950563107,0,LOW
2024-01-04 23:00:00,Guwahati-Gauge-1,3,0,0.0020089716950563107,0,LOW
2024-01-04 23:00:00,Sonapur-Gauge-1,4,0,0.0020089716950563107,0,LOW
2024-01-05 00:00:00,Chamoli-Gauge-1,1,0,0.0020089716950563107,0,LOW
2024-01-05 00:00:00,Kolkata-Gauge-1,2,0,0.0020089716950563107,0,LOW
2024-01-05 00:00:00,Guwahati-Gauge-1,3,0,0.0020089716950563107,0,LOW
2024-01-05 00:00:00,Sonapur-Gauge-1,4,0,0.0020089716950563107,0,LOW
2024-01-05 01:00:00,Chamoli-Gauge-1,1,0,0.0020089716950563107,0,LOW
2024-01-05 01:00:00,Kolkata-Gauge-1,2,0,0.0020089716950563107,0,LOW
2024-01-05 01:00:00,Guwahati-Gauge-1,3,0,0.0020089716950563107,0,LOW
2024-01-05 01:00:00,Sonapur-Gauge-1,4,0,0.0020089716950563107,0,LOW
2024-01-05 02:00:00,Chamoli-Gauge-1,1,0,0.0020089716950563107,0,LOW
2024-01-05 02:00:00,Kolkata-Gauge-1,2,0,0.0020089716950563107,0,LOW
2024-01-05 02:00:00,Guwahati-Gauge-1,3,0,0.0020089716950563107,0,LOW
2024-01-05 02:00:00,Sonapur-Gauge-1,4,0,0.0020089716950563107,0,LOW
2024-01-05 03:00:00,Chamoli-Gauge-1,1,0,0.0020089716950563107,0,LOW
2024-01-05 03:00:00,Kolkata-Gauge-1,2,0,0.0020089716950563107,0,LOW
2024-01-05 03:00:00,Guwahati-Gauge-1,3,0,0.0020089716950563107,0,LOW
2024-01-05 03:00:00,Sonapur-Gauge-1,4,0,0.0020089716950563107,0,LOW
2024-01-05 04:00:00,Chamoli-Gauge-1,1,0,0.0020089716950563107,0,LOW
2024-01-05 04:00:00,Kolkata-Gauge-1,2,0,0.0020089716950563107,0,LOW
2024-01-05 04:00:00,Guwahati-Gauge-1,3,0,0.0020089716950563107,0,LOW
2024-01-05 04:00:00,Sonapur-Gauge-1,4,0,0.0020089716950563107,0,LOW
2024-01-05 05:00:00,Chamoli-Gauge-1,1,0,0.0020089716950563107,0,LOW
2024-01-05 05:00:00,Kolkata-Gauge-1,2,0,0.0020089716950563107,0,LOW
2024-01-05 05:00:00,Guwahati-Gauge-1,3,0,0.0020089716950563107,0,LOW
2024-01-05 05:00:00,Sonapur-Gauge-1,4,0,0.0020089716950563107,0,LOW
2024-01-05 06:00:00,Chamoli-Gauge-1,1,0,0.0020089716950563107,0,LOW
2024-01-05 06:00:00,Kolkata-Gauge-1,2,0,0.0020089716950563107,0,LOW
2024-01-05 06:00:00,Guwahati-Gauge-1,3,0,0.0020089716950563107,0,LOW
2024-01-05 06:00:00,Sonapur-Gauge-1,4,0,0.0020089716950563107,0,LOW
2024-01-05 07:00:00,Chamoli-Gauge-1,1,0,0.0020089716950563107,0,LOW
2024-01-05 07:00:00,Kolkata-Gauge-1,2,0,0.0020089716950563107,0,LOW
2024-01-05 07:00:00,Guwahati-Gauge-1,3,0,0.0020089716950563107,0,LOW
2024-01-05 07:00:00,Sonapur-Gauge-1,4,0,0.0020089716950563107,0,LOW
2024-01-05 08:00:00,Chamoli-Gauge-1,1,0,0.0020089716950563107,0,LOW
2024-01-05 08:00:00,Kolkata-Gauge-1,2,0,0.0020089716950563107,0,LOW
2024-01-05 08:00:00,Guwahati-Gauge-1,3,0,0.0020089716950563107,0,LOW
2024-01-05 08:00:00,Sonapur-Gauge-1,4,0,0.0020089716950563107,0,LOW
2024-01-05 09:00:00,Chamoli-Gauge-1,1,0,0.0020089716950563107,0,LOW
2024-01-05 09:00:00,Kolkata-Gauge-1,2,0,0.0020089716950563107,0,LOW
2024-01-05 09:00:00,Guwahati-Gauge-1,3,0,0.0020089716950563107,0,LOW
2024-01-05 09:00:00,Sonapur-Gauge-1,4,0,0.0020089716950563107,0,LOW
2024-01-05 10:00:00,Chamoli-Gauge-1,1,0,0.0020089716950563107,0,LOW
2024-01-05 10:00:00,Kolkata-Gauge-1,2,0,0.0020089716950563107,0,LOW
2024-01-05 10:00:00,Guwahati-Gauge-1,3,0,0.0020089716950563107,0,LOW
2024-01-05 10:00:00,Sonapur-Gauge-1,4,0,0.0020089716950563107,0,LOW
2024-01-05 11:00:00,Chamoli-Gauge-1,1,0,0.0020089716950563107,0,LOW
2024-01-05 11:00:00,Kolkata-Gauge-1,2,0,0.0020089716950563107,0,LOW
2024-01-05 11:00:00,Guwahati-Gauge-1,3,0,0.0020089716950563107,0,LOW
2024-01-05 11:00:00,Sonapur-Gauge-1,4,0,0.0020089716950563107,0,LOW
2024-01-05 12:00:00,Chamoli-Gauge-1,1,0,0.0020089716950563107,0,LOW
2024-01-05 12:00:00,Kolkata-Gauge-1,2,0,0.0020089716950563107,0,LOW
2024-01-05 12:00:00,Guwahati-Gauge-1,3,0,0.0020089716950563107,0,LOW
2024-01-05 12:00:00,Sonapur-Gauge-1,4,0,0.0020089716950563107,0,LOW
2024-01-05 13:00:00,Chamoli-Gauge-1,1,0,0.0020089716950563107,0,LOW
2024-01-05 13:00:00,Kolkata-Gauge-1,2,0,0.0020089716950563107,0,LOW
2024-01-05 13:00:00,Guwahati-Gauge-1,3,0,0.0020089716950563107,0,LOW
2024-01-05 13:00:00,Sonapur-Gauge-1,4,0,0.0020089716950563107,0,LOW
2024-01-05 14:00:00,Chamoli-Gauge-1,1,0,0.0020089716950563107,0,LOW
2024-01-05 14:00:00,Kolkata-Gauge-1,2,0,0.0020089716950563107,0,LOW
2024-01-05 14:00:00,Guwahati-Gauge-1,3,0,0.0020089716950563107,0,LOW
2024-01-05 14:00:00,Sonapur-Gauge-1,4,0,0.0020089716950563107,0,LOW
2024-01-05 15:00:00,Chamoli-Gauge-1,1,0,0.0020089716950563107,0,LOW
2024-01-05 15:00:00,Kolkata-Gauge-1,2,0,0.0020089716950563107,0,LOW
2024-01-05 15:00:00,Guwahati-Gauge-1,3,0,0.0020089716950563107,0,LOW
2024-01-05 15:00:00,Sonapur-Gauge-1,4,0,0.0020089716950563107,0,LOW
2024-01-05 16:00:00,Chamoli-Gauge-1,1,0,0.0020089716950563107,0,LOW
2024-01-05 16:00:00,Kolkata-Gauge-1,2,0,0.0020089716950563107,0,LOW
2024-01-05 16:00:00,Guwahati-Gauge-1,3,0,0.0020089716950563107,0,LOW
2024-01-05 16:00:00,Sonapur-Gauge-1,4,0,0.0020089716950563107,0,LOW
2024-01-05 17:00:00,Chamoli-Gauge-1,1,0,0.0020089716950563107,0,LOW
2024-01-05 17:00:00,Kolkata-Gauge-1,2,0,0.0020089716950563107,0,LOW
2024-01-05 17:00:00,Guwahati-Gauge-1,3,0,0.0020089716950563107,0,LOW
2024-01-05 17:00:00,Sonapur-Gauge-1,4,0,0.0020089716950563107,0,LOW
2024-01-05 18:00:00,Chamoli-Gauge-1,1,0,0.0020089716950563107,0,LOW
2024-01-05 18:00:00,Kolkata-Gauge-1,2,0,0.0020089716950563107,0,LOW
2024-01-05 18:00:00,Guwahati-Gauge-1,3,0,0.0020089716950563107,0,LOW
2024-01-05 18:00:00,Sonapur-Gauge-1,4,0,0.0020089716950563107,0,LOW
2024-01-05 19:00:00,Chamoli-Gauge-1,1,0,0.0020089716950563107,0,LOW
2024-01-05 19:00:00,Kolkata-Gauge-1,2,0,0.0020089716950563107,0,LOW
2024-01-05 19:00:00,Guwahati-Gauge-1,3,0,0.0020089716950563107,0,LOW
2024-01-05 19:00:00,Sonapur-Gauge-1,4,0,0.0020089716950563107,0,LOW
2024-01-05 20:00:00,Chamoli-Gauge-1,1,0,0.0020089716950563107,0,LOW
2024-01-05 20:00:00,Kolkata-Gauge-1,2,0,0.0020089716950563107,0,LOW
2024-01-05 20:00:00,Guwahati-Gauge-1,3,0,0.0020089716950563107,0,LOW
2024-01-05 20:00:00,Sonapur-Gauge-1,4,0,0.0020089716950563107,0,LOW
2024-01-05 21:00:00,Chamoli-Gauge-1,1,0,0.0020089716950563107,0,LOW
2024-01-05 21:00:00,Kolkata-Gauge-1,2,0,0.0020089716950563107,0,LOW
2024-01-05 21:00:00,Guwahati-Gauge-1,3,0,0.0020089716950563107,0,LOW
2024-01-05 21:00:00,Sonapur-Gauge-1,4,0,0.0020089716950563107,0,LOW
2024-01-05 22:00:00,Chamoli-Gauge-1,1,0,0.0020089716950563107,0,LOW
2024-01-05 22:00:00,Kolkata-Gauge-1,2,0,0.0020089716950563107,0,LOW
2024-01-05 22:00:00,Guwahati-Gauge-1,3,0,0.0020089716950563107,0,LOW
2024-01-05 22:00:00,Sonapur-Gauge-1,4,0,0.0020089716950563107,0,LOW
2024-01-05 23:00:00,Chamoli-Gauge-1,1,0,0.0020089716950563107,0,LOW
2024-01-05 23:00:00,Kolkata-Gauge-1,2,0,0.0020089716950563107,0,LOW
2024-01-05 23:00:00,Guwahati-Gauge-1,3,0,0.0020089716950563107,0,LOW
2024-01-05 23:00:00,Sonapur-Gauge-1,4,0,0.0020089716950563107,0,LOW
2024-01-06 00:00:00,Chamoli-Gauge-1,1,0,0.0020089716950563107,0,LOW
2024-01-06 00:00:00,Kolkata-Gauge-1,2,0,0.0020089716950563107,0,LOW
2024-01-06 00:00:00,Guwahati-Gauge-1,3,0,0.0020089716950563107,0,LOW
2024-01-06 00:00:00,Sonapur-Gauge-1,4,0,0.0020089716950563107,0,LOW
2024-01-06 01:00:00,Chamoli-Gauge-1,1,0,0.0020089716950563107,0,LOW
2024-01-06 01:00:00,Kolkata-Gauge-1,2,0,0.0020089716950563107,0,LOW
2024-01-06 01:00:00,Guwahati-Gauge-1,3,0,0.0020089716950563107,0,LOW
2024-01-06 01:00:00,Sonapur-Gauge-1,4,0,0.0020089716950563107,0,LOW
2024-01-06 02:00:00,Chamoli-Gauge-1,1,0,0.0020089716950563107,0,LOW
2024-01-06 02:00:00,Kolkata-Gauge-1,2,0,0.0020089716950563107,0,LOW
2024-01-06 02:00:00,Guwahati-Gauge-1,3,0,0.0020089716950563107,0,LOW
2024-01-06 02:00:00,Sonapur-Gauge-1,4,0,0.0020089716950563107,0,LOW
2024-01-06 03:00:00,Chamoli-Gauge-1,1,0,0.0020089716950563107,0,LOW
2024-01-06 03:00:00,Kolkata-Gauge-1,2,0,0.0020089716950563107,0,LOW
2024-01-06 03:00:00,Guwahati-Gauge-1,3,0,0.0020089716950563107,0,LOW
2024-01-06 03:00:00,Sonapur-Gauge-1,4,0,0.0020089716950563107,0,LOW
2024-01-06 04:00:00,Chamoli-Gauge-1,1,0,0.0020089716950563107,0,LOW
2024-01-06 04:00:00,Kolkata-Gauge-1,2,0,0.0020089716950563107,0,LOW
2024-01-06 04:00:00,Guwahati-Gauge-1,3,0,0.0020089716950563107,0,LOW
2024-01-06 04:00:00,Sonapur-Gauge-1,4,0,0.0020089716950563107,0,LOW
2024-01-06 05:00:00,Chamoli-Gauge-1,1,0,0.0020089716950563107,0,LOW
2024-01-06 05:00:00,Kolkata-Gauge-1,2,0,0.0020089716950563107,0,LOW
2024-01-06 05:00:00,Guwahati-Gauge-1,3,0,0.0020089716950563107,0,LOW
2024-01-06 05:00:00,Sonapur-Gauge-1,4,0,0.0020089716950563107,0,LOW
2024-01-06 06:00:00,Chamoli-Gauge-1,1,0,0.0020089716950563107,0,LOW
2024-01-06 06:00:00,Kolkata-Gauge-1,2,0,0.0020089716950563107,0,LOW
2024-01-06 06:00:00,Guwahati-Gauge-1,3,0,0.0020089716950563107,0,LOW
2024-01-06 06:00:00,Sonapur-Gauge-1,4,0,0.0020089716950563107,0,LOW
2024-01-06 07:00:00,Chamoli-Gauge-1,1,0,0.0020089716950563107,0,LOW
2024-01-06 07:00:00,Kolkata-Gauge-1,2,0,0.0020089716950563107,0,LOW
2024-01-06 07:00:00,Guwahati-Gauge-1,3,0,0.0020089716950563107,0,LOW
2024-01-06 07:00:00,Sonapur-Gauge-1,4,0,0.0020089716950563107,0,LOW
2024-01-06 08:00:00,Chamoli-Gauge-1,1,0,0.0020089716950563107,0,LOW
2024-01-06 08:00:00,Kolkata-Gauge-1,2,0,0.0020089716950563107,0,LOW
2024-01-06 08:00:00,Guwahati-Gauge-1,3,0,0.0020089716950563107,0,LOW
2024-01-06 08:00:00,Sonapur-Gauge-1,4,0,0.0020089716950563107,0,LOW
2024-01-06 09:00:00,Chamoli-Gauge-1,1,0,0.0020089716950563107,0,LOW
2024-01-06 09:00:00,Kolkata-Gauge-1,2,0,0.0020089716950563107,0,LOW
2024-01-06 09:00:00,Guwahati-Gauge-1,3,0,0.0020089716950563107,0,LOW
2024-01-06 09:00:00,Sonapur-Gauge-1,4,0,0.0020089716950563107,0,LOW
2024-01-06 10:00:00,Chamoli-Gauge-1,1,0,0.0020089716950563107,0,LOW
2024-01-06 10:00:00,Kolkata-Gauge-1,2,0,0.002590590318231441,0,LOW
2024-01-06 10:00:00,Guwahati-Gauge-1,3,0,0.0020089716950563107,0,LOW
2024-01-06 10:00:00,Sonapur-Gauge-1,4,0,0.0020089716950563107,0,LOW
2024-01-06 11:00:00,Chamoli-Gauge-1,1,0,0.0020089716950563107,0,LOW
2024-01-06 11:00:00,Kolkata-Gauge-1,2,0,0.0020089716950563107,0,LOW
2024-01-06 11:00:00,Guwahati-Gauge-1,3,0,0.0020089716950563107,0,LOW
2024-01-06 11:00:00,Sonapur-Gauge-1,4,0,0.0020089716950563107,0,LOW
2024-01-06 12:00:00,Chamoli-Gauge-1,1,0,0.0020089716950563107,0,LOW
2024-01-06 12:00:00,Kolkata-Gauge-1,2,0,0.0020089716950563107,0,LOW
2024-01-06 12:00:00,Guwahati-Gauge-1,3,0,0.0020089716950563107,0,LOW
2024-01-06 12:00:00,Sonapur-Gauge-1,4,0,0.0020089716950563107,0,LOW
2024-01-06 13:00:00,Chamoli-Gauge-1,1,0,0.0020089716950563107,0,LOW
2024-01-06 13:00:00,Kolkata-Gauge-1,2,0,0.0020089716950563107,0,LOW
2024-01-06 13:00:00,Guwahati-Gauge-1,3,0,0.0020089716950563107,0,LOW
2024-01-06 13:00:00,Sonapur-Gauge-1,4,0,0.0020089716950563107,0,LOW
2024-01-06 14:00:00,Chamoli-Gauge-1,1,0,0.0020089716950563107,0,LOW
2024-01-06 14:00:00,Kolkata-Gauge-1,2,0,0.0020089716950563107,0,LOW
2024-01-06 14:00:00,Guwahati-Gauge-1,3,0,0.0020089716950563107,0,LOW
2024-01-06 14:00:00,Sonapur-Gauge-1,4,0,0.0020089716950563107,0,LOW
2024-01-06 15:00:00,Chamoli-Gauge-1,1,0,0.0021386176053121275,0,LOW
2024-01-06 15:00:00,Kolkata-Gauge-1,2,0,0.0020089716950563107,0,LOW
2024-01-06 15:00:00,Guwahati-Gauge-1,3,0,0.0020089716950563107,0,LOW
2024-01-06 15:00:00,Sonapur-Gauge-1,4,0,0.0020089716950563107,0,LOW
2024-01-06 16:00:00,Chamoli-Gauge-1,1,0,0.0023705274452277486,0,LOW
2024-01-06 16:00:00,Kolkata-Gauge-1,2,0,0.0020089716950563107,0,LOW
2024-01-06 16:00:00,Guwahati-Gauge-1,3,0,0.0020089716950563107,0,LOW
2024-01-06 16:00:00,Sonapur-Gauge-1,4,0,0.0020089716950563107,0,LOW
2024-01-06 17:00:00,Chamoli-Gauge-1,1,0,0.0022762258197785556,0,LOW
2024-01-06 17:00:00,Kolkata-Gauge-1,2,0,0.0020089716950563107,0,LOW
2024-01-06 17:00:00,Guwahati-Gauge-1,3,0,0.0020089716950563107,0,LOW
2024-01-06 17:00:00,Sonapur-Gauge-1,4,0,0.0020089716950563107,0,LOW
2024-01-06 18:00:00,Chamoli-Gauge-1,1,0,0.0020089716950563107,0,LOW
2024-01-06 18:00:00,Kolkata-Gauge-1,2,0,0.0020089716950563107,0,LOW
2024-01-06 18:00:00,Guwahati-Gauge-1,3,0,0.0020089716950563107,0,LOW
2024-01-06 18:00:00,Sonapur-Gauge-1,4,0,0.0020089716950563107,0,LOW
2024-01-06 19:00:00,Chamoli-Gauge-1,1,0,0.0020709650373548776,0,LOW
2024-01-06 19:00:00,Kolkata-Gauge-1,2,0,0.0020089716950563107,0,LOW
2024-01-06 19:00:00,Guwahati-Gauge-1,3,0,0.0020089716950563107,0,LOW
2024-01-06 19:00:00,Sonapur-Gauge-1,4,0,0.0020089716950563107,0,LOW
2024-01-06 20:00:00,Chamoli-Gauge-1,1,0,0.002189799032386692,0,LOW
2024-01-06 20:00:00,Kolkata-Gauge-1,2,0,0.002071672109068575,0,LOW
2024-01-06 20:00:00,Guwahati-Gauge-1,3,0,0.0020089716950563107,0,LOW
2024-01-06 20:00:00,Sonapur-Gauge-1,4,0,0.0020089716950563107,0,LOW
2024-01-06 21:00:00,Chamoli-Gauge-1,1,0,0.0021298073539313925,0,LOW
2024-01-06 21:00:00,Kolkata-Gauge-1,2,0,0.0020089716950563107,0,LOW
2024-01-06 21:00:00,Guwahati-Gauge-1,3,0,0.0020089716950563107,0,LOW
2024-01-06 21:00:00,Sonapur-Gauge-1,4,0,0.0020089716950563107,0,LOW
2024-01-06 22:00:00,Chamoli-Gauge-1,1,0,0.0020656431370457305,0,LOW
2024-01-06 22:00:00,Kolkata-Gauge-1,2,0,0.0020089716950563107,0,LOW
2024-01-06 22:00:00,Guwahati-Gauge-1,3,0,0.0020089716950563107,0,LOW
2024-01-06 22:00:00,Sonapur-Gauge-1,4,0,0.0020089716950563107,0,LOW
2024-01-06 23:00:00,Chamoli-Gauge-1,1,0,0.002054545139637354,0,LOW
2024-01-06 23:00:00,Kolkata-Gauge-1,2,0,0.0020089716950563107,0,LOW
2024-01-06 23:00:00,Guwahati-Gauge-1,3,0,0.0020089716950563107,0,LOW
2024-01-06 23:00:00,Sonapur-Gauge-1,4,0,0.0020089716950563107,0,LOW
2024-01-07 00:00:00,Chamoli-Gauge-1,1,0,0.0020089716950563107,0,LOW
2024-01-07 00:00:00,Kolkata-Gauge-1,2,0,0.0020089716950563107,0,LOW
2024-01-07 00:00:00,Guwahati-Gauge-1,3,0,0.0020089716950563107,0,LOW
2024-01-07 00:00:00,Sonapur-Gauge-1,4,0,0.0020089716950563107,0,LOW
2024-01-07 01:00:00,Chamoli-Gauge-1,1,0,0.0020089716950563107,0,LOW
2024-01-07 01:00:00,Kolkata-Gauge-1,2,0,0.0020089716950563107,0,LOW
2024-01-07 01:00:00,Guwahati-Gauge-1,3,0,0.0020089716950563107,0,LOW
2024-01-07 01:00:00,Sonapur-Gauge-1,4,0,0.0020089716950563107,0,LOW
2024-01-07 02:00:00,Chamoli-Gauge-1,1,0,0.0020089716950563107,0,LOW
2024-01-07 02:00:00,Kolkata-Gauge-1,2,0,0.0020089716950563107,0,LOW
2024-01-07 02:00:00,Guwahati-Gauge-1,3,0,0.0020089716950563107,0,LOW
2024-01-07 02:00:00,Sonapur-Gauge-1,4,0,0.0020089716950563107,0,LOW
2024-01-07 03:00:00,Chamoli-Gauge-1,1,0,0.0020089716950563107,0,LOW
2024-01-07 03:00:00,Kolkata-Gauge-1,2,0,0.0020089716950563107,0,LOW
2024-01-07 03:00:00,Guwahati-Gauge-1,3,0,0.0020089716950563107,0,LOW
2024-01-07 03:00:00,Sonapur-Gauge-1,4,0,0.0020089716950563107,0,LOW
2024-01-07 04:00:00,Chamoli-Gauge-1,1,0,0.0020089716950563107,0,LOW
2024-01-07 04:00:00,Kolkata-Gauge-1,2,0,0.0020089716950563107,0,LOW
2024-01-07 04:00:00,Guwahati-Gauge-1,3,0,0.0020089716950563107,0,LOW
2024-01-07 04:00:00,Sonapur-Gauge-1,4,0,0.0020089716950563107,0,LOW
2024-01-07 05:00:00,Chamoli-Gauge-1,1,0,0.0020089716950563107,0,LOW
2024-01-07 05:00:00,Kolkata-Gauge-1,2,0,0.0020089716950563107,0,LOW
2024-01-07 05:00:00,Guwahati-Gauge-1,3,0,0.0020089716950563107,0,LOW
2024-01-07 05:00:00,Sonapur-Gauge-1,4,0,0.0020089716950563107,0,LOW
2024-01-07 06:00:00,Chamoli-Gauge-1,1,0,0.0020717493899805217,0,LOW
2024-01-07 06:00:00,Kolkata-Gauge-1,2,0,0.0020089716950563107,0,LOW
2024-01-07 06:00:00,Guwahati-Gauge-1,3,0,0.0020089716950563107,0,LOW
2024-01-07 06:00:00,Sonapur-Gauge-1,4,0,0.0020089716950563107,0,LOW
2024-01-07 07:00:00,Chamoli-Gauge-1,1,0,0.0022918334865073,0,LOW
2024-01-07 07:00:00,Kolkata-Gauge-1,2,0,0.0020089716950563107,0,LOW
2024-01-07 07:00:00,Guwahati-Gauge-1,3,0,0.0020089716950563107,0,LOW
2024-01-07 07:00:00,Sonapur-Gauge-1,4,0,0.0020089716950563107,0,LOW
2024-01-07 08:00:00,Chamoli-Gauge-1,1,0,0.0020641511506131675,0,LOW
2024-01-07 08:00:00,Kolkata-Gauge-1,2,0,0.0020089716950563107,0,LOW
2024-01-07 08:00:00,Guwahati-Gauge-1,3,0,0.0020089716950563107,0,LOW
2024-01-07 08:00:00,Sonapur-Gauge-1,4,0,0.0020089716950563107,0,LOW
2024-01-07 09:00:00,Chamoli-Gauge-1,1,0,0.0020089716950563107,0,LOW
2024-01-07 09:00:00,Kolkata-Gauge-1,2,0,0.0020089716950563107,0,LOW
2024-01-07 09:00:00,Guwahati-Gauge-1,3,0,0.0020089716950563107,0,LOW
2024-01-07 09:00:00,Sonapur-Gauge-1,4,0,0.0020089716950563107,0,LOW
2024-01-07 10:00:00,Chamoli-Gauge-1,1,0,0.0020089716950563107,0,LOW
2024-01-07 10:00:00,Kolkata-Gauge-1,2,0,0.0020089716950563107,0,LOW
2024-01-07 10:00:00,Guwahati-Gauge-1,3,0,0.0020089716950563107,0,LOW
2024-01-07 10:00:00,Sonapur-Gauge-1,4,0,0.0020089716950563107,0,LOW
2024-01-07 11:00:00,Chamoli-Gauge-1,1,0,0.0020599826510287124,0,LOW
2024-01-07 11:00:00,Kolkata-Gauge-1,2,0,0.0020089716950563107,0,LOW
2024-01-07 11:00:00,Guwahati-Gauge-1,3,0,0.0020089716950563107,0,LOW
2024-01-07 11:00:00,Sonapur-Gauge-1,4,0,0.0020089716950563107,0,LOW
2024-01-07 12:00:00,Chamoli-Gauge-1,1,0,0.0020089716950563107,0,LOW
2024-01-07 12:00:00,Kolkata-Gauge-1,2,0,0.0020089716950563107,0,LOW
2024-01-07 12:00:00,Guwahati-Gauge-1,3,0,0.0020089716950563107,0,LOW
2024-01-07 12:00:00,Sonapur-Gauge-1,4,0,0.0020089716950563107,0,LOW
2024-01-07 13:00:00,Chamoli-Gauge-1,1,0,0.0020089716950563107,0,LOW
2024-01-07 13:00:00,Kolkata-Gauge-1,2,0,0.0020089716950563107,0,LOW
2024-01-07 13:00:00,Guwahati-Gauge-1,3,0,0.0020089716950563107,0,LOW
2024-01-07 13:00:00,Sonapur-Gauge-1,4,0,0.0020089716950563107,0,LOW
2024-01-07 14:00:00,Chamoli-Gauge-1,1,0,0.0020089716950563107,0,LOW
2024-01-07 14:00:00,Kolkata-Gauge-1,2,0,0.0020089716950563107,0,LOW
2024-01-07 14:00:00,Guwahati-Gauge-1,3,0,0.0020089716950563107,0,LOW
2024-01-07 14:00:00,Sonapur-Gauge-1,4,0,0.0020089716950563107,0,LOW
2024-01-07 15:00:00,Chamoli-Gauge-1,1,0,0.002077611036712657,0,LOW
2024-01-07 15:00:00,Kolkata-Gauge-1,2,0,0.0020089716950563107,0,LOW
2024-01-07 15:00:00,Guwahati-Gauge-1,3,0,0.0020089716950563107,0,LOW
2024-01-07 15:00:00,Sonapur-Gauge-1,4,0,0.0020089716950563107,0,LOW
2024-01-07 16:00:00,Chamoli-Gauge-1,1,0,0.0020089716950563107,0,LOW
2024-01-07 16:00:00,Kolkata-Gauge-1,2,0,0.0020089716950563107,0,LOW
2024-01-07 16:00:00,Guwahati-Gauge-1,3,0,0.0020089716950563107,0,LOW
2024-01-07 16:00:00,Sonapur-Gauge-1,4,0,0.0020089716950563107,0,LOW
2024-01-07 17:00:00,Chamoli-Gauge-1,1,0,0.002184355199029359,0,LOW
2024-01-07 17:00:00,Kolkata-Gauge-1,2,0,0.0020089716950563107,0,LOW
2024-01-07 17:00:00,Guwahati-Gauge-1,3,0,0.0020089716950563107,0,LOW
2024-01-07 17:00:00,Sonapur-Gauge-1,4,0,0.0020089716950563107,0,LOW
2024-01-07 18:00:00,Chamoli-Gauge-1,1,0,0.0022138037328254807,0,LOW
2024-01-07 18:00:00,Kolkata-Gauge-1,2,0,0.0020089716950563107,0,LOW
2024-01-07 18:00:00,Guwahati-Gauge-1,3,0,0.0020089716950563107,0,LOW
2024-01-07 18:00:00,Sonapur-Gauge-1,4,0,0.0020089716950563107,0,LOW
2024-01-07 19:00:00,Chamoli-Gauge-1,1,0,0.0020852878658568605,0,LOW
2024-01-07 19:00:00,Kolkata-Gauge-1,2,0,0.0020089716950563107,0,LOW
2024-01-07 19:00:00,Guwahati-Gauge-1,3,0,0.0020089716950563107,0,LOW
2024-01-07 19:00:00,Sonapur-Gauge-1,4,0,0.0020089716950563107,0,LOW
2024-01-07 20:00:00,Chamoli-Gauge-1,1,0,0.0020507348533057254,0,LOW
2024-01-07 20:00:00,Kolkata-Gauge-1,2,0,0.0020089716950563107,0,LOW
2024-01-07 20:00:00,Guwahati-Gauge-1,3,0,0.0020089716950563107,0,LOW
2024-01-07 20:00:00,Sonapur-Gauge-1,4,0,0.0020089716950563107,0,LOW
2024-01-07 21:00:00,Chamoli-Gauge-1,1,0,0.002175291775170362,0,LOW
2024-01-07 21:00:00,Kolkata-Gauge-1,2,0,0.0020089716950563107,0,LOW
2024-01-07 21:00:00,Guwahati-Gauge-1,3,0,0.0020089716950563107,0,LOW
2024-01-07 21:00:00,Sonapur-Gauge-1,4,0,0.0020089716950563107,0,LOW
2024-01-07 22:00:00,Chamoli-Gauge-1,1,0,0.002144752353852685,0,LOW
2024-01-07 22:00:00,Kolkata-Gauge-1,2,0,0.0020089716950563107,0,LOW
2024-01-07 22:00:00,Guwahati-Gauge-1,3,0,0.0020089716950563107,0,LOW
2024-01-07 22:00:00,Sonapur-Gauge-1,4,0,0.0020089716950563107,0,LOW
2024-01-07 23:00:00,Chamoli-Gauge-1,1,0,0.0020089716950563107,0,LOW
2024-01-07 23:00:00,Kolkata-Gauge-1,2,0,0.0020089716950563107,0,LOW
2024-01-07 23:00:00,Guwahati-Gauge-1,3,0,0.0020089716950563107,0,LOW
2024-01-07 23:00:00,Sonapur-Gauge-1,4,0,0.0020089716950563107,0,LOW
2024-01-08 00:00:00,Chamoli-Gauge-1,1,0,0.0020089716950563107,0,LOW
2024-01-08 00:00:00,Kolkata-Gauge-1,2,0,0.0020089716950563107,0,LOW
2024-01-08 00:00:00,Guwahati-Gauge-1,3,0,0.0020089716950563107,0,LOW
2024-01-08 00:00:00,Sonapur-Gauge-1,4,0,0.0020089716950563107,0,LOW
2024-01-08 01:00:00,Chamoli-Gauge-1,1,0,0.0020745301836149195,0,LOW
2024-01-08 01:00:00,Kolkata-Gauge-1,2,0,0.0020089716950563107,0,LOW
2024-01-08 01:00:00,Guwahati-Gauge-1,3,0,0.0020089716950563107,0,LOW
2024-01-08 01:00:00,Sonapur-Gauge-1,4,0,0.0020089716950563107,0,LOW
2024-01-08 02:00:00,Chamoli-Gauge-1,1,0,0.0020089716950563107,0,LOW
2024-01-08 02:00:00,Kolkata-Gauge-1,2,0,0.0020089716950563107,0,LOW
2024-01-08 02:00:00,Guwahati-Gauge-1,3,0,0.0020089716950563107,0,LOW
2024-01-08 02:00:00,Sonapur-Gauge-1,4,0,0.0020089716950563107,0,LOW
2024-01-08 03:00:00,Chamoli-Gauge-1,1,0,0.0020647901633758102,0,LOW
2024-01-08 03:00:00,Kolkata-Gauge-1,2,0,0.0020089716950563107,0,LOW
2024-01-08 03:00:00,Guwahati-Gauge-1,3,0,0.0020089716950563107,0,LOW
2024-01-08 03:00:00,Sonapur-Gauge-1,4,0,0.0020089716950563107,0,LOW
2024-01-08 04:00:00,Chamoli-Gauge-1,1,0,0.0021192593915425845,0,LOW
2024-01-08 04:00:00,Kolkata-Gauge-1,2,0,0.0020089716950563107,0,LOW
2024-01-08 04:00:00,Guwahati-Gauge-1,3,0,0.0020089716950563107,0,LOW
2024-01-08 04:00:00,Sonapur-Gauge-1,4,0,0.0020089716950563107,0,LOW
2024-01-08 05:00:00,Chamoli-Gauge-1,1,0,0.0020538759042938925,0,LOW
2024-01-08 05:00:00,Kolkata-Gauge-1,2,0,0.0020089716950563107,0,LOW
2024-01-08 05:00:00,Guwahati-Gauge-1,3,0,0.0020089716950563107,0,LOW
2024-01-08 05:00:00,Sonapur-Gauge-1,4,0,0.0020089716950563107,0,LOW
2024-01-08 06:00:00,Chamoli-Gauge-1,1,0,0.0020089716950563107,0,LOW
2024-01-08 06:00:00,Kolkata-Gauge-1,2,0,0.0020089716950563107,0,LOW
2024-01-08 06:00:00,Guwahati-Gauge-1,3,0,0.0020089716950563107,0,LOW
2024-01-08 06:00:00,Sonapur-Gauge-1,4,0,0.0020089716950563107,0,LOW
2024-01-08 07:00:00,Chamoli-Gauge-1,1,0,0.0020759095464017285,0,LOW
2024-01-08 07:00:00,Kolkata-Gauge-1,2,0,0.0020089716950563107,0,LOW
2024-01-08 07:00:00,Guwahati-Gauge-1,3,0,0.0020089716950563107,0,LOW
2024-01-08 07:00:00,Sonapur-Gauge-1,4,0,0.0020089716950563107,0,LOW
2024-01-08 08:00:00,Chamoli-Gauge-1,1,0,0.0020089716950563107,0,LOW
2024-01-08 08:00:00,Kolkata-Gauge-1,2,0,0.0020089716950563107,0,LOW
2024-01-08 08:00:00,Guwahati-Gauge-1,3,0,0.0020089716950563107,0,LOW
2024-01-08 08:00:00,Sonapur-Gauge-1,4,0,0.0020089716950563107,0,LOW
2024-01-08 09:00:00,Chamoli-Gauge-1,1,0,0.002329225693820733,0,LOW
2024-01-08 09:00:00,Kolkata-Gauge-1,2,0,0.0020089716950563107,0,LOW
2024-01-08 09:00:00,Guwahati-Gauge-1,3,0,0.0020089716950563107,0,LOW
2024-01-08 09:00:00,Sonapur-Gauge-1,4,0,0.0020089716950563107,0,LOW
2024-01-08 10:00:00,Chamoli-Gauge-1,1,0,0.0020089716950563107,0,LOW
2024-01-08 10:00:00,Kolkata-Gauge-1,2,0,0.0020089716950563107,0,LOW
2024-01-08 10:00:00,Guwahati-Gauge-1,3,0,0.0020089716950563107,0,LOW
2024-01-08 10:00:00,Sonapur-Gauge-1,4,0,0.0020089716950563107,0,LOW
2024-01-08 11:00:00,Chamoli-Gauge-1,1,0,0.0020089716950563107,0,LOW
2024-01-08 11:00:00,Kolkata-Gauge-1,2,0,0.0020089716950563107,0,LOW
2024-01-08 11:00:00,Guwahati-Gauge-1,3,0,0.0020089716950563107,0,LOW
2024-01-08 11:00:00,Sonapur-Gauge-1,4,0,0.0020089716950563107,0,LOW
2024-01-08 12:00:00,Chamoli-Gauge-1,1,0,0.0020089716950563107,0,LOW
2024-01-08 12:00:00,Kolkata-Gauge-1,2,0,0.0020089716950563107,0,LOW
2024-01-08 12:00:00,Guwahati-Gauge-1,3,0,0.0020089716950563107,0,LOW
2024-01-08 12:00:00,Sonapur-Gauge-1,4,0,0.0020089716950563107,0,LOW
2024-01-08 13:00:00,Chamoli-Gauge-1,1,0,0.0020089716950563107,0,LOW
2024-01-08 13:00:00,Kolkata-Gauge-1,2,0,0.0020089716950563107,0,LOW
2024-01-08 13:00:00,Guwahati-Gauge-1,3,0,0.0020089716950563107,0,LOW
2024-01-08 13:00:00,Sonapur-Gauge-1,4,0,0.0020089716950563107,0,LOW
2024-01-08 14:00:00,Chamoli-Gauge-1,1,0,0.0020089716950563107,0,LOW
2024-01-08 14:00:00,Kolkata-Gauge-1,2,0,0.0020089716950563107,0,LOW
2024-01-08 14:00:00,Guwahati-Gauge-1,3,0,0.0020089716950563107,0,LOW
2024-01-08 14:00:00,Sonapur-Gauge-1,4,0,0.0020089716950563107,0,LOW
2024-01-08 15:00:00,Chamoli-Gauge-1,1,0,0.0020089716950563107,0,LOW
2024-01-08 15:00:00,Kolkata-Gauge-1,2,0,0.0020089716950563107,0,LOW
2024-01-08 15:00:00,Guwahati-Gauge-1,3,0,0.0020089716950563107,0,LOW
2024-01-08 15:00:00,Sonapur-Gauge-1,4,0,0.0020089716950563107,0,LOW
2024-01-08 16:00:00,Chamoli-Gauge-1,1,0,0.0020089716950563107,0,LOW
2024-01-08 16:00:00,Kolkata-Gauge-1,2,0,0.0020089716950563107,0,LOW
2024-01-08 16:00:00,Guwahati-Gauge-1,3,0,0.0020089716950563107,0,LOW
2024-01-08 16:00:00,Sonapur-Gauge-1,4,0,0.0020089716950563107,0,LOW
2024-01-08 17:00:00,Chamoli-Gauge-1,1,0,0.0020089716950563107,0,LOW
2024-01-08 17:00:00,Kolkata-Gauge-1,2,0,0.0020089716950563107,0,LOW
2024-01-08 17:00:00,Guwahati-Gauge-1,3,0,0.0020089716950563107,0,LOW
2024-01-08 17:00:00,Sonapur-Gauge-1,4,0,0.0020089716950563107,0,LOW
2024-01-08 18:00:00,Chamoli-Gauge-1,1,0,0.0020089716950563107,0,LOW
2024-01-08 18:00:00,Kolkata-Gauge-1,2,0,0.0020089716950563107,0,LOW
2024-01-08 18:00:00,Guwahati-Gauge-1,3,0,0.0020720282969131994,0,LOW
2024-01-08 18:00:00,Sonapur-Gauge-1,4,0,0.0020089716950563107,0,LOW
2024-01-08 19:00:00,Chamoli-Gauge-1,1,0,0.0020089716950563107,0,LOW
2024-01-08 19:00:00,Kolkata-Gauge-1,2,0,0.0020089716950563107,0,LOW
2024-01-08 19:00:00,Guwahati-Gauge-1,3,0,0.0020089716950563107,0,LOW
2024-01-08 19:00:00,Sonapur-Gauge-1,4,0,0.0020089716950563107,0,LOW
2024-01-08 20:00:00,Chamoli-Gauge-1,1,0,0.0020089716950563107,0,LOW
2024-01-08 20:00:00,Kolkata-Gauge-1,2,0,0.0020089716950563107,0,LOW
2024-01-08 20:00:00,Guwahati-Gauge-1,3,0,0.0020089716950563107,0,LOW
2024-01-08 20:00:00,Sonapur-Gauge-1,4,0,0.0020089716950563107,0,LOW
2024-01-08 21:00:00,Chamoli-Gauge-1,1,0,0.0020089716950563107,0,LOW
2024-01-08 21:00:00,Kolkata-Gauge-1,2,0,0.0020089716950563107,0,LOW
2024-01-08 21:00:00,Guwahati-Gauge-1,3,0,0.0020089716950563107,0,LOW
2024-01-08 21:00:00,Sonapur-Gauge-1,4,0,0.0020089716950563107,0,LOW
2024-01-08 22:00:00,Chamoli-Gauge-1,1,0,0.0020089716950563107,0,LOW
2024-01-08 22:00:00,Kolkata-Gauge-1,2,0,0.0020089716950563107,0,LOW
2024-01-08 22:00:00,Guwahati-Gauge-1,3,0,0.0020538759042938925,0,LOW
2024-01-08 22:00:00,Sonapur-Gauge-1,4,0,0.0020089716950563107,0,LOW
2024-01-08 23:00:00,Chamoli-Gauge-1,1,0,0.0020089716950563107,0,LOW
2024-01-08 23:00:00,Kolkata-Gauge-1,2,0,0.0020089716950563107,0,LOW
2024-01-08 23:00:00,Guwahati-Gauge-1,3,0,0.002230783402700354,0,LOW
2024-01-08 23:00:00,Sonapur-Gauge-1,4,0,0.0020089716950563107,0,LOW
2024-01-09 00:00:00,Chamoli-Gauge-1,1,0,0.0020089716950563107,0,LOW
2024-01-09 00:00:00,Kolkata-Gauge-1,2,0,0.0020089716950563107,0,LOW
2024-01-09 00:00:00,Guwahati-Gauge-1,3,0,0.002129311171489198,0,LOW
2024-01-09 00:00:00,Sonapur-Gauge-1,4,0,0.0020089716950563107,0,LOW
2024-01-09 01:00:00,Chamoli-Gauge-1,1,0,0.0020089716950563107,0,LOW
2024-01-09 01:00:00,Kolkata-Gauge-1,2,0,0.0020089716950563107,0,LOW
2024-01-09 01:00:00,Guwahati-Gauge-1,3,0,0.0020586278290943717,0,LOW
2024-01-09 01:00:00,Sonapur-Gauge-1,4,0,0.0020089716950563107,0,LOW
2024-01-09 02:00:00,Chamoli-Gauge-1,1,0,0.0020089716950563107,0,LOW
2024-01-09 02:00:00,Kolkata-Gauge-1,2,0,0.0020089716950563107,0,LOW
2024-01-09 02:00:00,Guwahati-Gauge-1,3,0,0.002067720246031555,0,LOW
2024-01-09 02:00:00,Sonapur-Gauge-1,4,0,0.0020089716950563107,0,LOW
2024-01-09 03:00:00,Chamoli-Gauge-1,1,0,0.0020089716950563107,0,LOW
2024-01-09 03:00:00,Kolkata-Gauge-1,2,0,0.0020089716950563107,0,LOW
2024-01-09 03:00:00,Guwahati-Gauge-1,3,0,0.0021407535064073098,0,LOW
2024-01-09 03:00:00,Sonapur-Gauge-1,4,0,0.0020089716950563107,0,LOW
2024-01-09 04:00:00,Chamoli-Gauge-1,1,0,0.0020089716950563107,0,LOW
2024-01-09 04:00:00,Kolkata-Gauge-1,2,0,0.0020089716950563107,0,LOW
2024-01-09 04:00:00,Guwahati-Gauge-1,3,0,0.0020089716950563107,0,LOW
2024-01-09 04:00:00,Sonapur-Gauge-1,4,0,0.0020089716950563107,0,LOW
2024-01-09 05:00:00,Chamoli-Gauge-1,1,0,0.0020089716950563107,0,LOW
2024-01-09 05:00:00,Kolkata-Gauge-1,2,0,0.0020089716950563107,0,LOW
2024-01-09 05:00:00,Guwahati-Gauge-1,3,0,0.0020089716950563107,0,LOW
2024-01-09 05:00:00,Sonapur-Gauge-1,4,0,0.0020089716950563107,0,LOW
2024-01-09 06:00:00,Chamoli-Gauge-1,1,0,0.0020089716950563107,0,LOW
2024-01-09 06:00:00,Kolkata-Gauge-1,2,0,0.0020089716950563107,0,LOW
2024-01-09 06:00:00,Guwahati-Gauge-1,3,0,0.0020089716950563107,0,LOW
2024-01-09 06:00:00,Sonapur-Gauge-1,4,0,0.0020089716950563107,0,LOW
2024-01-09 07:00:00,Chamoli-Gauge-1,1,0,0.0020089716950563107,0,LOW
2024-01-09 07:00:00,Kolkata-Gauge-1,2,0,0.0020089716950563107,0,LOW
2024-01-09 07:00:00,Guwahati-Gauge-1,3,0,0.0020089716950563107,0,LOW
2024-01-09 07:00:00,Sonapur-Gauge-1,4,0,0.0020089716950563107,0,LOW
2024-01-09 08:00:00,Chamoli-Gauge-1,1,0,0.0020089716950563107,0,LOW
2024-01-09 08:00:00,Kolkata-Gauge-1,2,0,0.0020089716950563107,0,LOW
2024-01-09 08:00:00,Guwahati-Gauge-1,3,0,0.0020089716950563107,0,LOW
2024-01-09 08:00:00,Sonapur-Gauge-1,4,0,0.0020089716950563107,0,LOW
2024-01-09 09:00:00,Chamoli-Gauge-1,1,0,0.0020089716950563107,0,LOW
2024-01-09 09:00:00,Kolkata-Gauge-1,2,0,0.0020089716950563107,0,LOW
2024-01-09 09:00:00,Guwahati-Gauge-1,3,0,0.0020089716950563107,0,LOW
2024-01-09 09:00:00,Sonapur-Gauge-1,4,0,0.0020089716950563107,0,LOW
2024-01-09 10:00:00,Chamoli-Gauge-1,1,0,0.0020089716950563107,0,LOW
2024-01-09 10:00:00,Kolkata-Gauge-1,2,0,0.0020089716950563107,0,LOW
2024-01-09 10:00:00,Guwahati-Gauge-1,3,0,0.0020089716950563107,0,LOW
2024-01-09 10:00:00,Sonapur-Gauge-1,4,0,0.0020089716950563107,0,LOW
2024-01-09 11:00:00,Chamoli-Gauge-1,1,0,0.0020089716950563107,0,LOW
2024-01-09 11:00:00,Kolkata-Gauge-1,2,0,0.0020089716950563107,0,LOW
2024-01-09 11:00:00,Guwahati-Gauge-1,3,0,0.0020089716950563107,0,LOW
2024-01-09 11:00:00,Sonapur-Gauge-1,4,0,0.0020089716950563107,0,LOW
2024-01-09 12:00:00,Chamoli-Gauge-1,1,0,0.0020089716950563107,0,LOW
2024-01-09 12:00:00,Kolkata-Gauge-1,2,0,0.0020089716950563107,0,LOW
2024-01-09 12:00:00,Guwahati-Gauge-1,3,0,0.0020089716950563107,0,LOW
2024-01-09 12:00:00,Sonapur-Gauge-1,4,0,0.0020089716950563107,0,LOW
2024-01-09 13:00:00,Chamoli-Gauge-1,1,0,0.0020089716950563107,0,LOW
2024-01-09 13:00:00,Kolkata-Gauge-1,2,0,0.0020089716950563107,0,LOW
2024-01-09 13:00:00,Guwahati-Gauge-1,3,0,0.0020089716950563107,0,LOW
2024-01-09 13:00:00,Sonapur-Gauge-1,4,0,0.0020089716950563107,0,LOW
2024-01-09 14:00:00,Chamoli-Gauge-1,1,0,0.0020089716950563107,0,LOW
2024-01-09 14:00:00,Kolkata-Gauge-1,2,0,0.0020089716950563107,0,LOW
2024-01-09 14:00:00,Guwahati-Gauge-1,3,0,0.0020089716950563107,0,LOW
2024-01-09 14:00:00,Sonapur-Gauge-1,4,0,0.0020089716950563107,0,LOW
2024-01-09 15:00:00,Chamoli-Gauge-1,1,0,0.0020089716950563107,0,LOW
2024-01-09 15:00:00,Kolkata-Gauge-1,2,0,0.0020089716950563107,0,LOW
2024-01-09 15:00:00,Guwahati-Gauge-1,3,0,0.0020089716950563107,0,LOW
2024-01-09 15:00:00,Sonapur-Gauge-1,4,0,0.0020089716950563107,0,LOW
2024-01-09 16:00:00,Chamoli-Gauge-1,1,0,0.0020089716950563107,0,LOW
2024-01-09 16:00:00,Kolkata-Gauge-1,2,0,0.0020089716950563107,0,LOW
2024-01-09 16:00:00,Guwahati-Gauge-1,3,0,0.0020089716950563107,0,LOW
2024-01-09 16:00:00,Sonapur-Gauge-1,4,0,0.0020089716950563107,0,LOW
2024-01-09 17:00:00,Chamoli-Gauge-1,1,0,0.0020089716950563107,0,LOW
2024-01-09 17:00:00,Kolkata-Gauge-1,2,0,0.0020089716950563107,0,LOW
2024-01-09 17:00:00,Guwahati-Gauge-1,3,0,0.0020089716950563107,0,LOW
2024-01-09 17:00:00,Sonapur-Gauge-1,4,0,0.0020089716950563107,0,LOW
2024-01-09 18:00:00,Chamoli-Gauge-1,1,0,0.0020089716950563107,0,LOW
2024-01-09 18:00:00,Kolkata-Gauge-1,2,0,0.0020089716950563107,0,LOW
2024-01-09 18:00:00,Guwahati-Gauge-1,3,0,0.0020089716950563107,0,LOW
2024-01-09 18:00:00,Sonapur-Gauge-1,4,0,0.0020089716950563107,0,LOW
2024-01-09 19:00:00,Chamoli-Gauge-1,1,0,0.0020089716950563107,0,LOW
2024-01-09 19:00:00,Kolkata-Gauge-1,2,0,0.0020089716950563107,0,LOW
2024-01-09 19:00:00,Guwahati-Gauge-1,3,0,0.0020089716950563107,0,LOW
2024-01-09 19:00:00,Sonapur-Gauge-1,4,0,0.0020089716950563107,0,LOW
2024-01-09 20:00:00,Chamoli-Gauge-1,1,0,0.0020089716950563107,0,LOW
2024-01-09 20:00:00,Kolkata-Gauge-1,2,0,0.0020089716950563107,0,LOW
2024-01-09 20:00:00,Guwahati-Gauge-1,3,0,0.0020089716950563107,0,LOW
2024-01-09 20:00:00,Sonapur-Gauge-1,4,0,0.0020089716950563107,0,LOW
2024-01-09 21:00:00,Chamoli-Gauge-1,1,0,0.0020089716950563107,0,LOW
2024-01-09 21:00:00,Kolkata-Gauge-1,2,0,0.0020089716950563107,0,LOW
2024-01-09 21:00:00,Guwahati-Gauge-1,3,0,0.0020089716950563107,0,LOW
2024-01-09 21:00:00,Sonapur-Gauge-1,4,0,0.0020089716950563107,0,LOW
2024-01-09 22:00:00,Chamoli-Gauge-1,1,0,0.0020089716950563107,0,LOW
2024-01-09 22:00:00,Kolkata-Gauge-1,2,0,0.0020089716950563107,0,LOW
2024-01-09 22:00:00,Guwahati-Gauge-1,3,0,0.0020089716950563107,0,LOW
2024-01-09 22:00:00,Sonapur-Gauge-1,4,0,0.0020089716950563107,0,LOW
2024-01-09 23:00:00,Chamoli-Gauge-1,1,0,0.0020089716950563107,0,LOW
2024-01-09 23:00:00,Kolkata-Gauge-1,2,0,0.0020089716950563107,0,LOW
2024-01-09 23:00:00,Guwahati-Gauge-1,3,0,0.0020089716950563107,0,LOW
2024-01-09 23:00:00,Sonapur-Gauge-1,4,0,0.0020089716950563107,0,LOW
2024-01-10 00:00:00,Chamoli-Gauge-1,1,0,0.0020089716950563107,0,LOW
2024-01-10 00:00:00,Kolkata-Gauge-1,2,0,0.0020089716950563107,0,LOW
2024-01-10 00:00:00,Guwahati-Gauge-1,3,0,0.0020089716950563107,0,LOW
2024-01-10 00:00:00,Sonapur-Gauge-1,4,0,0.0020089716950563107,0,LOW
2024-01-10 01:00:00,Chamoli-Gauge-1,1,0,0.0020089716950563107,0,LOW
2024-01-10 01:00:00,Kolkata-Gauge-1,2,0,0.0020089716950563107,0,LOW
2024-01-10 01:00:00,Guwahati-Gauge-1,3,0,0.0020089716950563107,0,LOW
2024-01-10 01:00:00,Sonapur-Gauge-1,4,0,0.0020089716950563107,0,LOW
2024-01-10 02:00:00,Chamoli-Gauge-1,1,0,0.0020089716950563107,0,LOW
2024-01-10 02:00:00,Kolkata-Gauge-1,2,0,0.0020089716950563107,0,LOW
2024-01-10 02:00:00,Guwahati-Gauge-1,3,0,0.0020089716950563107,0,LOW
2024-01-10 02:00:00,Sonapur-Gauge-1,4,0,0.0020089716950563107,0,LOW
2024-01-10 03:00:00,Chamoli-Gauge-1,1,0,0.0020089716950563107,0,LOW
2024-01-10 03:00:00,Kolkata-Gauge-1,2,0,0.0020089716950563107,0,LOW
2024-01-10 03:00:00,Guwahati-Gauge-1,3,0,0.0020089716950563107,0,LOW
2024-01-10 03:00:00,Sonapur-Gauge-1,4,0,0.0020089716950563107,0,LOW
2024-01-10 04:00:00,Chamoli-Gauge-1,1,0,0.0020089716950563107,0,LOW
2024-01-10 04:00:00,Kolkata-Gauge-1,2,0,0.0020089716950563107,0,LOW
2024-01-10 04:00:00,Guwahati-Gauge-1,3,0,0.002449628327752238,0,LOW
2024-01-10 04:00:00,Sonapur-Gauge-1,4,0,0.0020089716950563107,0,LOW
2024-01-10 05:00:00,Chamoli-Gauge-1,1,0,0.0020089716950563107,0,LOW
2024-01-10 05:00:00,Kolkata-Gauge-1,2,0,0.0020089716950563107,0,LOW
2024-01-10 05:00:00,Guwahati-Gauge-1,3,0,0.0020089716950563107,0,LOW
2024-01-10 05:00:00,Sonapur-Gauge-1,4,0,0.0020089716950563107,0,LOW
2024-01-10 06:00:00,Chamoli-Gauge-1,1,0,0.0020089716950563107,0,LOW
2024-01-10 06:00:00,Kolkata-Gauge-1,2,0,0.0020089716950563107,0,LOW
2024-01-10 06:00:00,Guwahati-Gauge-1,3,0,0.0020089716950563107,0,LOW
2024-01-10 06:00:00,Sonapur-Gauge-1,4,0,0.0020089716950563107,0,LOW
2024-01-10 07:00:00,Chamoli-Gauge-1,1,0,0.0020089716950563107,0,LOW
2024-01-10 07:00:00,Kolkata-Gauge-1,2,0,0.0020089716950563107,0,LOW
2024-01-10 07:00:00,Guwahati-Gauge-1,3,0,0.0020089716950563107,0,LOW
2024-01-10 07:00:00,Sonapur-Gauge-1,4,0,0.0020089716950563107,0,LOW
2024-01-10 08:00:00,Chamoli-Gauge-1,1,0,0.0020089716950563107,0,LOW
2024-01-10 08:00:00,Kolkata-Gauge-1,2,0,0.0020089716950563107,0,LOW
2024-01-10 08:00:00,Guwahati-Gauge-1,3,0,0.0020089716950563107,0,LOW
2024-01-10 08:00:00,Sonapur-Gauge-1,4,0,0.0020089716950563107,0,LOW
2024-01-10 09:00:00,Chamoli-Gauge-1,1,0,0.0020089716950563107,0,LOW
2024-01-10 09:00:00,Kolkata-Gauge-1,2,0,0.0020089716950563107,0,LOW
2024-01-10 09:00:00,Guwahati-Gauge-1,3,0,0.0020089716950563107,0,LOW
2024-01-10 09:00:00,Sonapur-Gauge-1,4,0,0.0020089716950563107,0,LOW
2024-01-10 10:00:00,Chamoli-Gauge-1,1,0,0.0021395439697136863,0,LOW
2024-01-10 10:00:00,Kolkata-Gauge-1,2,0,0.0020089716950563107,0,LOW
2024-01-10 10:00:00,Guwahati-Gauge-1,3,0,0.0020089716950563107,0,LOW
2024-01-10 10:00:00,Sonapur-Gauge-1,4,0,0.0020089716950563107,0,LOW
2024-01-10 11:00:00,Chamoli-Gauge-1,1,0,0.0022550811066838305,0,LOW
2024-01-10 11:00:00,Kolkata-Gauge-1,2,0,0.0020089716950563107,0,LOW
2024-01-10 11:00:00,Guwahati-Gauge-1,3,0,0.0020089716950563107,0,LOW
2024-01-10 11:00:00,Sonapur-Gauge-1,4,0,0.0020089716950563107,0,LOW
2024-01-10 12:00:00,Chamoli-Gauge-1,1,0,0.0034633814122033346,0,LOW
2024-01-10 12:00:00,Kolkata-Gauge-1,2,0,0.0020089716950563107,0,LOW
2024-01-10 12:00:00,Guwahati-Gauge-1,3,0,0.0020089716950563107,0,LOW
2024-01-10 12:00:00,Sonapur-Gauge-1,4,0,0.0020089716950563107,0,LOW
2024-01-10 13:00:00,Chamoli-Gauge-1,1,0,0.002719628526259403,0,LOW
2024-01-10 13:00:00,Kolkata-Gauge-1,2,0,0.0020089716950563107,0,LOW
2024-01-10 13:00:00,Guwahati-Gauge-1,3,0,0.0020089716950563107,0,LOW
2024-01-10 13:00:00,Sonapur-Gauge-1,4,0,0.0020089716950563107,0,LOW
2024-01-10 14:00:00,Chamoli-Gauge-1,1,0,0.002498763121965501,0,LOW
2024-01-10 14:00:00,Kolkata-Gauge-1,2,0,0.0020089716950563107,0,LOW
2024-01-10 14:00:00,Guwahati-Gauge-1,3,0,0.0020089716950563107,0,LOW
2024-01-10 14:00:00,Sonapur-Gauge-1,4,0,0.0020089716950563107,0,LOW
2024-01-10 15:00:00,Chamoli-Gauge-1,1,0,0.0022719158047479343,0,LOW
2024-01-10 15:00:00,Kolkata-Gauge-1,2,0,0.0020089716950563107,0,LOW
2024-01-10 15:00:00,Guwahati-Gauge-1,3,0,0.0020089716950563107,0,LOW
2024-01-10 15:00:00,Sonapur-Gauge-1,4,0,0.0020089716950563107,0,LOW
2024-01-10 16:00:00,Chamoli-Gauge-1,1,0,0.002204590485361612,0,LOW
2024-01-10 16:00:00,Kolkata-Gauge-1,2,0,0.0020089716950563107,0,LOW
2024-01-10 16:00:00,Guwahati-Gauge-1,3,0,0.0020089716950563107,0,LOW
2024-01-10 16:00:00,Sonapur-Gauge-1,4,0,0.0020089716950563107,0,LOW
2024-01-10 17:00:00,Chamoli-Gauge-1,1,0,0.002350686451438508,0,LOW
2024-01-10 17:00:00,Kolkata-Gauge-1,2,0,0.0020089716950563107,0,LOW
2024-01-10 17:00:00,Guwahati-Gauge-1,3,0,0.0020089716950563107,0,LOW
2024-01-10 17:00:00,Sonapur-Gauge-1,4,0,0.0020089716950563107,0,LOW
2024-01-10 18:00:00,Chamoli-Gauge-1,1,0,0.0020089716950563107,0,LOW
2024-01-10 18:00:00,Kolkata-Gauge-1,2,0,0.0020089716950563107,0,LOW
2024-01-10 18:00:00,Guwahati-Gauge-1,3,0,0.0020089716950563107,0,LOW
2024-01-10 18:00:00,Sonapur-Gauge-1,4,0,0.0020089716950563107,0,LOW
2024-01-10 19:00:00,Chamoli-Gauge-1,1,0,0.00212990566485736,0,LOW
2024-01-10 19:00:00,Kolkata-Gauge-1,2,0,0.0020089716950563107,0,LOW
2024-01-10 19:00:00,Guwahati-Gauge-1,3,0,0.0020089716950563107,0,LOW
2024-01-10 19:00:00,Sonapur-Gauge-1,4,0,0.0020089716950563107,0,LOW
2024-01-10 20:00:00,Chamoli-Gauge-1,1,0,0.002424692392717997,0,LOW
2024-01-10 20:00:00,Kolkata-Gauge-1,2,0,0.0020089716950563107,0,LOW
2024-01-10 20:00:00,Guwahati-Gauge-1,3,0,0.0020089716950563107,0,LOW
2024-01-10 20:00:00,Sonapur-Gauge-1,4,0,0.0020089716950563107,0,LOW
2024-01-10 21:00:00,Chamoli-Gauge-1,1,0,0.002286486766877602,0,LOW
2024-01-10 21:00:00,Kolkata-Gauge-1,2,0,0.0020089716950563107,0,LOW
2024-01-10 21:00:00,Guwahati-Gauge-1,3,0,0.0020089716950563107,0,LOW
2024-01-10 21:00:00,Sonapur-Gauge-1,4,0,0.0020089716950563107,0,LOW
2024-01-10 22:00:00,Chamoli-Gauge-1,1,0,0.1353469772459571,0,LOW
2024-01-10 22:00:00,Kolkata-Gauge-1,2,0,0.0020089716950563107,0,LOW
2024-01-10 22:00:00,Guwahati-Gauge-1,3,0,0.0020089716950563107,0,LOW
2024-01-10 22:00:00,Sonapur-Gauge-1,4,0,0.0020089716950563107,0,LOW
2024-01-10 23:00:00,Chamoli-Gauge-1,1,0,0.5458774174436453,0,MODERATE
2024-01-10 23:00:00,Kolkata-Gauge-1,2,0,0.0020643692810116535,0,LOW
2024-01-10 23:00:00,Guwahati-Gauge-1,3,0,0.0020089716950563107,0,LOW
2024-01-10 23:00:00,Sonapur-Gauge-1,4,0,0.0020089716950563107,0,LOW
2024-01-11 00:00:00,Chamoli-Gauge-1,1,1,0.9974272282817637,1,EXTREME
2024-01-11 00:00:00,Kolkata-Gauge-1,2,0,0.0020089716950563107,0,LOW
2024-01-11 00:00:00,Guwahati-Gauge-1,3,0,0.0020089716950563107,0,LOW
2024-01-11 00:00:00,Sonapur-Gauge-1,4,0,0.0020089716950563107,0,LOW
2024-01-11 01:00:00,Chamoli-Gauge-1,1,1,0.9993822614770024,1,EXTREME
2024-01-11 01:00:00,Kolkata-Gauge-1,2,0,0.0020089716950563107,0,LOW
2024-01-11 01:00:00,Guwahati-Gauge-1,3,0,0.0020089716950563107,0,LOW
2024-01-11 01:00:00,Sonapur-Gauge-1,4,0,0.0020089716950563107,0,LOW
2024-01-11 02:00:00,Chamoli-Gauge-1,1,1,0.999583250023829,1,EXTREME
2024-01-11 02:00:00,Kolkata-Gauge-1,2,0,0.0020089716950563107,0,LOW
2024-01-11 02:00:00,Guwahati-Gauge-1,3,0,0.0020089716950563107,0,LOW
2024-01-11 02:00:00,Sonapur-Gauge-1,4,0,0.0020089716950563107,0,LOW
2024-01-11 03:00:00,Chamoli-Gauge-1,1,1,0.9996523935368485,1,EXTREME
2024-01-11 03:00:00,Kolkata-Gauge-1,2,0,0.0020089716950563107,0,LOW
2024-01-11 03:00:00,Guwahati-Gauge-1,3,0,0.0020089716950563107,0,LOW
2024-01-11 03:00:00,Sonapur-Gauge-1,4,0,0.0020089716950563107,0,LOW
2024-01-11 04:00:00,Chamoli-Gauge-1,1,1,0.9995929042413029,1,EXTREME
2024-01-11 04:00:00,Kolkata-Gauge-1,2,0,0.0020635205812867007,0,LOW
2024-01-11 04:00:00,Guwahati-Gauge-1,3,0,0.0020089716950563107,0,LOW
2024-01-11 04:00:00,Sonapur-Gauge-1,4,0,0.0020089716950563107,0,LOW
2024-01-11 05:00:00,Chamoli-Gauge-1,1,1,0.9996324010092843,1,EXTREME
2024-01-11 05:00:00,Kolkata-Gauge-1,2,0,0.0020089716950563107,0,LOW
2024-01-11 05:00:00,Guwahati-Gauge-1,3,0,0.0020089716950563107,0,LOW
2024-01-11 05:00:00,Sonapur-Gauge-1,4,0,0.0020089716950563107,0,LOW
2024-01-11 06:00:00,Chamoli-Gauge-1,1,1,0.9996301650076819,1,EXTREME
2024-01-11 06:00:00,Kolkata-Gauge-1,2,0,0.0020089716950563107,0,LOW
2024-01-11 06:00:00,Guwahati-Gauge-1,3,0,0.0020089716950563107,0,LOW
2024-01-11 06:00:00,Sonapur-Gauge-1,4,0,0.0020089716950563107,0,LOW
2024-01-11 07:00:00,Chamoli-Gauge-1,1,1,0.9996363393041483,1,EXTREME
2024-01-11 07:00:00,Kolkata-Gauge-1,2,0,0.0020089716950563107,0,LOW
2024-01-11 07:00:00,Guwahati-Gauge-1,3,0,0.0020089716950563107,0,LOW
2024-01-11 07:00:00,Sonapur-Gauge-1,4,0,0.0020089716950563107,0,LOW
2024-01-11 08:00:00,Chamoli-Gauge-1,1,1,0.9996184496342192,1,EXTREME
2024-01-11 08:00:00,Kolkata-Gauge-1,2,0,0.0020089716950563107,0,LOW
2024-01-11 08:00:00,Guwahati-Gauge-1,3,0,0.0020089716950563107,0,LOW
2024-01-11 08:00:00,Sonapur-Gauge-1,4,0,0.0020089716950563107,0,LOW
2024-01-11 09:00:00,Chamoli-Gauge-1,1,1,0.9995498357343908,1,EXTREME
2024-01-11 09:00:00,Kolkata-Gauge-1,2,0,0.0020089716950563107,0,LOW
2024-01-11 09:00:00,Guwahati-Gauge-1,3,0,0.0020089716950563107,0,LOW
2024-01-11 09:00:00,Sonapur-Gauge-1,4,0,0.0020089716950563107,0,LOW
2024-01-11 10:00:00,Chamoli-Gauge-1,1,0,0.8558219210956743,1,EXTREME
2024-01-11 10:00:00,Kolkata-Gauge-1,2,0,0.0020089716950563107,0,LOW
2024-01-11 10:00:00,Guwahati-Gauge-1,3,0,0.0020089716950563107,0,LOW
2024-01-11 10:00:00,Sonapur-Gauge-1,4,0,0.0020089716950563107,0,LOW
2024-01-11 11:00:00,Chamoli-Gauge-1,1,0,0.5372449340587425,0,MODERATE
2024-01-11 11:00:00,Kolkata-Gauge-1,2,0,0.0020089716950563107,0,LOW
2024-01-11 11:00:00,Guwahati-Gauge-1,3,0,0.0020089716950563107,0,LOW
2024-01-11 11:00:00,Sonapur-Gauge-1,4,0,0.0020089716950563107,0,LOW
2024-01-11 12:00:00,Chamoli-Gauge-1,1,0,0.08108512451287343,0,LOW
2024-01-11 12:00:00,Kolkata-Gauge-1,2,0,0.0020089716950563107,0,LOW
2024-01-11 12:00:00,Guwahati-Gauge-1,3,0,0.0020089716950563107,0,LOW
2024-01-11 12:00:00,Sonapur-Gauge-1,4,0,0.0020089716950563107,0,LOW
2024-01-11 13:00:00,Chamoli-Gauge-1,1,0,0.020341807185197663,0,LOW
2024-01-11 13:00:00,Kolkata-Gauge-1,2,0,0.0020089716950563107,0,LOW
2024-01-11 13:00:00,Guwahati-Gauge-1,3,0,0.0020089716950563107,0,LOW
2024-01-11 13:00:00,Sonapur-Gauge-1,4,0,0.0020089716950563107,0,LOW
2024-01-11 14:00:00,Chamoli-Gauge-1,1,0,0.01442017986506217,0,LOW
2024-01-11 14:00:00,Kolkata-Gauge-1,2,0,0.0020089716950563107,0,LOW
2024-01-11 14:00:00,Guwahati-Gauge-1,3,0,0.0020089716950563107,0,LOW
2024-01-11 14:00:00,Sonapur-Gauge-1,4,0,0.0020089716950563107,0,LOW
2024-01-11 15:00:00,Chamoli-Gauge-1,1,0,0.008873712358950523,0,LOW
2024-01-11 15:00:00,Kolkata-Gauge-1,2,0,0.0020089716950563107,0,LOW
2024-01-11 15:00:00,Guwahati-Gauge-1,3,0,0.0020089716950563107,0,LOW
2024-01-11 15:00:00,Sonapur-Gauge-1,4,0,0.0020089716950563107,0,LOW
2024-01-11 16:00:00,Chamoli-Gauge-1,1,0,0.00782723430288409,0,LOW
2024-01-11 16:00:00,Kolkata-Gauge-1,2,0,0.0020089716950563107,0,LOW
2024-01-11 16:00:00,Guwahati-Gauge-1,3,0,0.0020089716950563107,0,LOW
2024-01-11 16:00:00,Sonapur-Gauge-1,4,0,0.0020089716950563107,0,LOW
2024-01-11 17:00:00,Chamoli-Gauge-1,1,0,0.004945907577401391,0,LOW
2024-01-11 17:00:00,Kolkata-Gauge-1,2,0,0.0020089716950563107,0,LOW
2024-01-11 17:00:00,Guwahati-Gauge-1,3,0,0.0020089716950563107,0,LOW
2024-01-11 17:00:00,Sonapur-Gauge-1,4,0,0.002071764856226199,0,LOW
2024-01-11 18:00:00,Chamoli-Gauge-1,1,0,0.004243054589717706,0,LOW
2024-01-11 18:00:00,Kolkata-Gauge-1,2,0,0.0020089716950563107,0,LOW
2024-01-11 18:00:00,Guwahati-Gauge-1,3,0,0.0020089716950563107,0,LOW
2024-01-11 18:00:00,Sonapur-Gauge-1,4,0,0.0020089716950563107,0,LOW
2024-01-11 19:00:00,Chamoli-Gauge-1,1,0,0.002973142703625296,0,LOW
2024-01-11 19:00:00,Kolkata-Gauge-1,2,0,0.0020089716950563107,0,LOW
2024-01-11 19:00:00,Guwahati-Gauge-1,3,0,0.0020089716950563107,0,LOW
2024-01-11 19:00:00,Sonapur-Gauge-1,4,0,0.0020720282969131994,0,LOW
2024-01-11 20:00:00,Chamoli-Gauge-1,1,0,0.0033238186929483936,0,LOW
2024-01-11 20:00:00,Kolkata-Gauge-1,2,0,0.0020089716950563107,0,LOW
2024-01-11 20:00:00,Guwahati-Gauge-1,3,0,0.0020089716950563107,0,LOW
2024-01-11 20:00:00,Sonapur-Gauge-1,4,0,0.0020089716950563107,0,LOW
2024-01-11 21:00:00,Chamoli-Gauge-1,1,0,0.0030488013841826365,0,LOW
2024-01-11 21:00:00,Kolkata-Gauge-1,2,0,0.0020089716950563107,0,LOW
2024-01-11 21:00:00,Guwahati-Gauge-1,3,0,0.0020089716950563107,0,LOW
2024-01-11 21:00:00,Sonapur-Gauge-1,4,0,0.0020089716950563107,0,LOW
2024-01-11 22:00:00,Chamoli-Gauge-1,1,0,0.004796055129834614,0,LOW
2024-01-11 22:00:00,Kolkata-Gauge-1,2,0,0.0020089716950563107,0,LOW
2024-01-11 22:00:00,Guwahati-Gauge-1,3,0,0.0020089716950563107,0,LOW
2024-01-11 22:00:00,Sonapur-Gauge-1,4,0,0.0020089716950563107,0,LOW
2024-01-11 23:00:00,Chamoli-Gauge-1,1,0,0.0038493828492270595,0,LOW
2024-01-11 23:00:00,Kolkata-Gauge-1,2,0,0.0020089716950563107,0,LOW
2024-01-11 23:00:00,Guwahati-Gauge-1,3,0,0.0020089716950563107,0,LOW
2024-01-11 23:00:00,Sonapur-Gauge-1,4,0,0.0020089716950563107,0,LOW
2024-01-12 00:00:00,Chamoli-Gauge-1,1,0,0.004008634985419904,0,LOW
2024-01-12 00:00:00,Kolkata-Gauge-1,2,0,0.0020089716950563107,0,LOW
2024-01-12 00:00:00,Guwahati-Gauge-1,3,0,0.0020089716950563107,0,LOW
2024-01-12 00:00:00,Sonapur-Gauge-1,4,0,0.0020089716950563107,0,LOW
2024-01-12 01:00:00,Chamoli-Gauge-1,1,0,0.002651511332367139,0,LOW
2024-01-12 01:00:00,Kolkata-Gauge-1,2,0,0.0020089716950563107,0,LOW
2024-01-12 01:00:00,Guwahati-Gauge-1,3,0,0.0020089716950563107,0,LOW
2024-01-12 01:00:00,Sonapur-Gauge-1,4,0,0.0020089716950563107,0,LOW
2024-01-12 02:00:00,Chamoli-Gauge-1,1,0,0.002860503073016887,0,LOW
2024-01-12 02:00:00,Kolkata-Gauge-1,2,0,0.0020089716950563107,0,LOW
2024-01-12 02:00:00,Guwahati-Gauge-1,3,0,0.0020089716950563107,0,LOW
2024-01-12 02:00:00,Sonapur-Gauge-1,4,0,0.0020089716950563107,0,LOW
2024-01-12 03:00:00,Chamoli-Gauge-1,1,0,0.002845045449696415,0,LOW
2024-01-12 03:00:00,Kolkata-Gauge-1,2,0,0.0020089716950563107,0,LOW
2024-01-12 03:00:00,Guwahati-Gauge-1,3,0,0.0020089716950563107,0,LOW
2024-01-12 03:00:00,Sonapur-Gauge-1,4,0,0.0020089716950563107,0,LOW
2024-01-12 04:00:00,Chamoli-Gauge-1,1,0,0.0024429476005744556,0,LOW
2024-01-12 04:00:00,Kolkata-Gauge-1,2,0,0.0020089716950563107,0,LOW
2024-01-12 04:00:00,Guwahati-Gauge-1,3,0,0.0020089716950563107,0,LOW
2024-01-12 04:00:00,Sonapur-Gauge-1,4,0,0.0020089716950563107,0,LOW
2024-01-12 05:00:00,Chamoli-Gauge-1,1,0,0.09782923766992703,0,LOW
2024-01-12 05:00:00,Kolkata-Gauge-1,2,0,0.0020089716950563107,0,LOW
2024-01-12 05:00:00,Guwahati-Gauge-1,3,0,0.0020089716950563107,0,LOW
2024-01-12 05:00:00,Sonapur-Gauge-1,4,0,0.0020089716950563107,0,LOW
2024-01-12 06:00:00,Chamoli-Gauge-1,1,0,0.03566294856502845,0,LOW
2024-01-12 06:00:00,Kolkata-Gauge-1,2,0,0.0020089716950563107,0,LOW
2024-01-12 06:00:00,Guwahati-Gauge-1,3,0,0.0020089716950563107,0,LOW
2024-01-12 06:00:00,Sonapur-Gauge-1,4,0,0.0020089716950563107,0,LOW
2024-01-12 07:00:00,Chamoli-Gauge-1,1,0,0.1033930894830182,0,LOW
2024-01-12 07:00:00,Kolkata-Gauge-1,2,0,0.0020089716950563107,0,LOW
2024-01-12 07:00:00,Guwahati-Gauge-1,3,0,0.0020089716950563107,0,LOW
2024-01-12 07:00:00,Sonapur-Gauge-1,4,0,0.0020089716950563107,0,LOW
2024-01-12 08:00:00,Chamoli-Gauge-1,1,0,0.4472123757078817,0,MODERATE
2024-01-12 08:00:00,Kolkata-Gauge-1,2,0,0.0020089716950563107,0,LOW
2024-01-12 08:00:00,Guwahati-Gauge-1,3,0,0.0020089716950563107,0,LOW
2024-01-12 08:00:00,Sonapur-Gauge-1,4,0,0.0020089716950563107,0,LOW
2024-01-12 09:00:00,Chamoli-Gauge-1,1,1,0.9985628069801488,1,EXTREME
2024-01-12 09:00:00,Kolkata-Gauge-1,2,0,0.0020807098624137047,0,LOW
2024-01-12 09:00:00,Guwahati-Gauge-1,3,0,0.0020089716950563107,0,LOW
2024-01-12 09:00:00,Sonapur-Gauge-1,4,0,0.0020089716950563107,0,LOW
2024-01-12 10:00:00,Chamoli-Gauge-1,1,1,0.999063452460858,1,EXTREME
2024-01-12 10:00:00,Kolkata-Gauge-1,2,0,0.0020089716950563107,0,LOW
2024-01-12 10:00:00,Guwahati-Gauge-1,3,0,0.0020089716950563107,0,LOW
2024-01-12 10:00:00,Sonapur-Gauge-1,4,0,0.0020089716950563107,0,LOW
2024-01-12 11:00:00,Chamoli-Gauge-1,1,1,0.9994620035518932,1,EXTREME
2024-01-12 11:00:00,Kolkata-Gauge-1,2,0,0.0020089716950563107,0,LOW
2024-01-12 11:00:00,Guwahati-Gauge-1,3,0,0.0020089716950563107,0,LOW
2024-01-12 11:00:00,Sonapur-Gauge-1,4,0,0.0020089716950563107,0,LOW
2024-01-12 12:00:00,Chamoli-Gauge-1,1,1,0.9986456063963961,1,EXTREME
2024-01-12 12:00:00,Kolkata-Gauge-1,2,0,0.0020089716950563107,0,LOW
2024-01-12 12:00:00,Guwahati-Gauge-1,3,0,0.0020089716950563107,0,LOW
2024-01-12 12:00:00,Sonapur-Gauge-1,4,0,0.0020089716950563107,0,LOW
2024-01-12 13:00:00,Chamoli-Gauge-1,1,0,0.036389803307182826,0,LOW
2024-01-12 13:00:00,Kolkata-Gauge-1,2,0,0.0020089716950563107,0,LOW
2024-01-12 13:00:00,Guwahati-Gauge-1,3,0,0.0020089716950563107,0,LOW
2024-01-12 13:00:00,Sonapur-Gauge-1,4,0,0.0020089716950563107,0,LOW
2024-01-12 14:00:00,Chamoli-Gauge-1,1,0,0.01425880101308675,0,LOW
2024-01-12 14:00:00,Kolkata-Gauge-1,2,0,0.0020089716950563107,0,LOW
2024-01-12 14:00:00,Guwahati-Gauge-1,3,0,0.0020089716950563107,0,LOW
2024-01-12 14:00:00,Sonapur-Gauge-1,4,0,0.0020089716950563107,0,LOW
2024-01-12 15:00:00,Chamoli-Gauge-1,1,0,0.008214263171280177,0,LOW
2024-01-12 15:00:00,Kolkata-Gauge-1,2,0,0.0020089716950563107,0,LOW
2024-01-12 15:00:00,Guwahati-Gauge-1,3,0,0.0020089716950563107,0,LOW
2024-01-12 15:00:00,Sonapur-Gauge-1,4,0,0.0020089716950563107,0,LOW
2024-01-12 16:00:00,Chamoli-Gauge-1,1,0,0.009620157025429352,0,LOW
2024-01-12 16:00:00,Kolkata-Gauge-1,2,0,0.0020089716950563107,0,LOW
2024-01-12 16:00:00,Guwahati-Gauge-1,3,0,0.0020089716950563107,0,LOW
2024-01-12 16:00:00,Sonapur-Gauge-1,4,0,0.0020089716950563107,0,LOW
2024-01-12 17:00:00,Chamoli-Gauge-1,1,0,0.010145388524420878,0,LOW
2024-01-12 17:00:00,Kolkata-Gauge-1,2,0,0.0020089716950563107,0,LOW
2024-01-12 17:00:00,Guwahati-Gauge-1,3,0,0.0020089716950563107,0,LOW
2024-01-12 17:00:00,Sonapur-Gauge-1,4,0,0.0020089716950563107,0,LOW
2024-01-12 18:00:00,Chamoli-Gauge-1,1,0,0.006651604423704158,0,LOW
2024-01-12 18:00:00,Kolkata-Gauge-1,2,0,0.0020089716950563107,0,LOW
2024-01-12 18:00:00,Guwahati-Gauge-1,3,0,0.0020089716950563107,0,LOW
2024-01-12 18:00:00,Sonapur-Gauge-1,4,0,0.0020089716950563107,0,LOW
2024-01-12 19:00:00,Chamoli-Gauge-1,1,0,0.005057601990217161,0,LOW
2024-01-12 19:00:00,Kolkata-Gauge-1,2,0,0.0020089716950563107,0,LOW
2024-01-12 19:00:00,Guwahati-Gauge-1,3,0,0.0020089716950563107,0,LOW
2024-01-12 19:00:00,Sonapur-Gauge-1,4,0,0.0020089716950563107,0,LOW
2024-01-12 20:00:00,Chamoli-Gauge-1,1,0,0.006021965461338614,0,LOW
2024-01-12 20:00:00,Kolkata-Gauge-1,2,0,0.0020089716950563107,0,LOW
2024-01-12 20:00:00,Guwahati-Gauge-1,3,0,0.0020089716950563107,0,LOW
2024-01-12 20:00:00,Sonapur-Gauge-1,4,0,0.0020089716950563107,0,LOW
2024-01-12 21:00:00,Chamoli-Gauge-1,1,0,0.006306817217604423,0,LOW
2024-01-12 21:00:00,Kolkata-Gauge-1,2,0,0.0020089716950563107,0,LOW
2024-01-12 21:00:00,Guwahati-Gauge-1,3,0,0.0020089716950563107,0,LOW
2024-01-12 21:00:00,Sonapur-Gauge-1,4,0,0.0020089716950563107,0,LOW
2024-01-12 22:00:00,Chamoli-Gauge-1,1,0,0.006097622148090936,0,LOW
2024-01-12 22:00:00,Kolkata-Gauge-1,2,0,0.0020089716950563107,0,LOW
2024-01-12 22:00:00,Guwahati-Gauge-1,3,0,0.0020089716950563107,0,LOW
2024-01-12 22:00:00,Sonapur-Gauge-1,4,0,0.0020089716950563107,0,LOW
2024-01-12 23:00:00,Chamoli-Gauge-1,1,0,0.006081510356458655,0,LOW
2024-01-12 23:00:00,Kolkata-Gauge-1,2,0,0.0020089716950563107,0,LOW
2024-01-12 23:00:00,Guwahati-Gauge-1,3,0,0.0020089716950563107,0,LOW
2024-01-12 23:00:00,Sonapur-Gauge-1,4,0,0.0020089716950563107,0,LOW
2024-01-13 00:00:00,Chamoli-Gauge-1,1,0,0.003775966353280975,0,LOW
2024-01-13 00:00:00,Kolkata-Gauge-1,2,0,0.00207229271315662,0,LOW
2024-01-13 00:00:00,Guwahati-Gauge-1,3,0,0.0020089716950563107,0,LOW
2024-01-13 00:00:00,Sonapur-Gauge-1,4,0,0.0020089716950563107,0,LOW
2024-01-13 01:00:00,Chamoli-Gauge-1,1,0,0.0023191750318324496,0,LOW
2024-01-13 01:00:00,Kolkata-Gauge-1,2,0,0.0020089716950563107,0,LOW
2024-01-13 01:00:00,Guwahati-Gauge-1,3,0,0.0020089716950563107,0,LOW
2024-01-13 01:00:00,Sonapur-Gauge-1,4,0,0.0020089716950563107,0,LOW
2024-01-13 02:00:00,Chamoli-Gauge-1,1,0,0.002801404884594921,0,LOW
2024-01-13 02:00:00,Kolkata-Gauge-1,2,0,0.002129560859837257,0,LOW
2024-01-13 02:00:00,Guwahati-Gauge-1,3,0,0.0020089716950563107,0,LOW
2024-01-13 02:00:00,Sonapur-Gauge-1,4,0,0.0020089716950563107,0,LOW
2024-01-13 03:00:00,Chamoli-Gauge-1,1,0,0.0027255956247396297,0,LOW
2024-01-13 03:00:00,Kolkata-Gauge-1,2,0,0.0020089716950563107,0,LOW
2024-01-13 03:00:00,Guwahati-Gauge-1,3,0,0.0020089716950563107,0,LOW
2024-01-13 03:00:00,Sonapur-Gauge-1,4,0,0.0020089716950563107,0,LOW
2024-01-13 04:00:00,Chamoli-Gauge-1,1,0,0.00218057410443509,0,LOW
2024-01-13 04:00:00,Kolkata-Gauge-1,2,0,0.0032027108628141666,0,LOW
2024-01-13 04:00:00,Guwahati-Gauge-1,3,0,0.0020089716950563107,0,LOW
2024-01-13 04:00:00,Sonapur-Gauge-1,4,0,0.0020089716950563107,0,LOW
2024-01-13 05:00:00,Chamoli-Gauge-1,1,0,0.0021456474412240153,0,LOW
2024-01-13 05:00:00,Kolkata-Gauge-1,2,0,0.0020089716950563107,0,LOW
2024-01-13 05:00:00,Guwahati-Gauge-1,3,0,0.0020089716950563107,0,LOW
2024-01-13 05:00:00,Sonapur-Gauge-1,4,0,0.0020089716950563107,0,LOW
2024-01-13 06:00:00,Chamoli-Gauge-1,1,0,0.0023396815437370247,0,LOW
2024-01-13 06:00:00,Kolkata-Gauge-1,2,0,0.002071950713331346,0,LOW
2024-01-13 06:00:00,Guwahati-Gauge-1,3,0,0.0020089716950563107,0,LOW
2024-01-13 06:00:00,Sonapur-Gauge-1,4,0,0.0020089716950563107,0,LOW
2024-01-13 07:00:00,Chamoli-Gauge-1,1,0,0.00221037115559993,0,LOW
2024-01-13 07:00:00,Kolkata-Gauge-1,2,0,0.0020089716950563107,0,LOW
2024-01-13 07:00:00,Guwahati-Gauge-1,3,0,0.0020089716950563107,0,LOW
2024-01-13 07:00:00,Sonapur-Gauge-1,4,0,0.0020089716950563107,0,LOW
2024-01-13 08:00:00,Chamoli-Gauge-1,1,0,0.0022129663320196447,0,LOW
2024-01-13 08:00:00,Kolkata-Gauge-1,2,0,0.0020538558368660385,0,LOW
2024-01-13 08:00:00,Guwahati-Gauge-1,3,0,0.0020089716950563107,0,LOW
2024-01-13 08:00:00,Sonapur-Gauge-1,4,0,0.0020089716950563107,0,LOW
2024-01-13 09:00:00,Chamoli-Gauge-1,1,0,0.002141345712017606,0,LOW
2024-01-13 09:00:00,Kolkata-Gauge-1,2,0,0.0020089716950563107,0,LOW
2024-01-13 09:00:00,Guwahati-Gauge-1,3,0,0.0020089716950563107,0,LOW
2024-01-13 09:00:00,Sonapur-Gauge-1,4,0,0.0020089716950563107,0,LOW
2024-01-13 10:00:00,Chamoli-Gauge-1,1,0,0.0021171282032995727,0,LOW
2024-01-13 10:00:00,Kolkata-Gauge-1,2,0,0.0020089716950563107,0,LOW
2024-01-13 10:00:00,Guwahati-Gauge-1,3,0,0.0020089716950563107,0,LOW
2024-01-13 10:00:00,Sonapur-Gauge-1,4,0,0.0020089716950563107,0,LOW
2024-01-13 11:00:00,Chamoli-Gauge-1,1,0,0.00204762422177747,0,LOW
2024-01-13 11:00:00,Kolkata-Gauge-1,2,0,0.0020804392074131378,0,LOW
2024-01-13 11:00:00,Guwahati-Gauge-1,3,0,0.0020089716950563107,0,LOW
2024-01-13 11:00:00,Sonapur-Gauge-1,4,0,0.0020089716950563107,0,LOW
2024-01-13 12:00:00,Chamoli-Gauge-1,1,0,0.0020089716950563107,0,LOW
2024-01-13 12:00:00,Kolkata-Gauge-1,2,0,0.0020089716950563107,0,LOW
2024-01-13 12:00:00,Guwahati-Gauge-1,3,0,0.0020089716950563107,0,LOW
2024-01-13 12:00:00,Sonapur-Gauge-1,4,0,0.0020089716950563107,0,LOW
2024-01-13 13:00:00,Chamoli-Gauge-1,1,0,0.0020089716950563107,0,LOW
2024-01-13 13:00:00,Kolkata-Gauge-1,2,0,0.0020089716950563107,0,LOW
2024-01-13 13:00:00,Guwahati-Gauge-1,3,0,0.0020089716950563107,0,LOW
2024-01-13 13:00:00,Sonapur-Gauge-1,4,0,0.0020089716950563107,0,LOW
2024-01-13 14:00:00,Chamoli-Gauge-1,1,0,0.002261704287918291,0,LOW
2024-01-13 14:00:00,Kolkata-Gauge-1,2,0,0.0020089716950563107,0,LOW
2024-01-13 14:00:00,Guwahati-Gauge-1,3,0,0.0020089716950563107,0,LOW
2024-01-13 14:00:00,Sonapur-Gauge-1,4,0,0.0020089716950563107,0,LOW
2024-01-13 15:00:00,Chamoli-Gauge-1,1,0,0.0025388237572325947,0,LOW
2024-01-13 15:00:00,Kolkata-Gauge-1,2,0,0.0020089716950563107,0,LOW
2024-01-13 15:00:00,Guwahati-Gauge-1,3,0,0.0020089716950563107,0,LOW
2024-01-13 15:00:00,Sonapur-Gauge-1,4,0,0.0020089716950563107,0,LOW
2024-01-13 16:00:00,Chamoli-Gauge-1,1,0,0.0020599826510287124,0,LOW
2024-01-13 16:00:00,Kolkata-Gauge-1,2,0,0.0020089716950563107,0,LOW
2024-01-13 16:00:00,Guwahati-Gauge-1,3,0,0.0020089716950563107,0,LOW
2024-01-13 16:00:00,Sonapur-Gauge-1,4,0,0.0020089716950563107,0,LOW
2024-01-13 17:00:00,Chamoli-Gauge-1,1,0,0.0020089716950563107,0,LOW
2024-01-13 17:00:00,Kolkata-Gauge-1,2,0,0.0020089716950563107,0,LOW
2024-01-13 17:00:00,Guwahati-Gauge-1,3,0,0.0020089716950563107,0,LOW
2024-01-13 17:00:00,Sonapur-Gauge-1,4,0,0.0020089716950563107,0,LOW
2024-01-13 18:00:00,Chamoli-Gauge-1,1,0,0.0020089716950563107,0,LOW
2024-01-13 18:00:00,Kolkata-Gauge-1,2,0,0.0020089716950563107,0,LOW
2024-01-13 18:00:00,Guwahati-Gauge-1,3,0,0.0020089716950563107,0,LOW
2024-01-13 18:00:00,Sonapur-Gauge-1,4,0,0.0020089716950563107,0,LOW
2024-01-13 19:00:00,Chamoli-Gauge-1,1,0,0.0020089716950563107,0,LOW
2024-01-13 19:00:00,Kolkata-Gauge-1,2,0,0.0020089716950563107,0,LOW
2024-01-13 19:00:00,Guwahati-Gauge-1,3,0,0.0020089716950563107,0,LOW
2024-01-13 19:00:00,Sonapur-Gauge-1,4,0,0.0020089716950563107,0,LOW
2024-01-13 20:00:00,Chamoli-Gauge-1,1,0,0.002110753761045568,0,LOW
2024-01-13 20:00:00,Kolkata-Gauge-1,2,0,0.0020089716950563107,0,LOW
2024-01-13 20:00:00,Guwahati-Gauge-1,3,0,0.0020089716950563107,0,LOW
2024-01-13 20:00:00,Sonapur-Gauge-1,4,0,0.0020089716950563107,0,LOW
2024-01-13 21:00:00,Chamoli-Gauge-1,1,0,0.0020803690433333633,0,LOW
2024-01-13 21:00:00,Kolkata-Gauge-1,2,0,0.0020089716950563107,0,LOW
2024-01-13 21:00:00,Guwahati-Gauge-1,3,0,0.0020089716950563107,0,LOW
2024-01-13 21:00:00,Sonapur-Gauge-1,4,0,0.0020089716950563107,0,LOW
2024-01-13 22:00:00,Chamoli-Gauge-1,1,0,0.002168360749014296,0,LOW
2024-01-13 22:00:00,Kolkata-Gauge-1,2,0,0.0020089716950563107,0,LOW
2024-01-13 22:00:00,Guwahati-Gauge-1,3,0,0.0020089716950563107,0,LOW
2024-01-13 22:00:00,Sonapur-Gauge-1,4,0,0.0020089716950563107,0,LOW
2024-01-13 23:00:00,Chamoli-Gauge-1,1,0,0.002124758591042327,0,LOW
2024-01-13 23:00:00,Kolkata-Gauge-1,2,0,0.0020089716950563107,0,LOW
2024-01-13 23:00:00,Guwahati-Gauge-1,3,0,0.0020089716950563107,0,LOW
2024-01-13 23:00:00,Sonapur-Gauge-1,4,0,0.0020089716950563107,0,LOW
2024-01-14 00:00:00,Chamoli-Gauge-1,1,0,0.002124758591042327,0,LOW
2024-01-14 00:00:00,Kolkata-Gauge-1,2,0,0.002054978223990274,0,LOW
2024-01-14 00:00:00,Guwahati-Gauge-1,3,0,0.0020089716950563107,0,LOW
2024-01-14 00:00:00,Sonapur-Gauge-1,4,0,0.0020089716950563107,0,LOW
2024-01-14 01:00:00,Chamoli-Gauge-1,1,0,0.002144514494812715,0,LOW
2024-01-14 01:00:00,Kolkata-Gauge-1,2,0,0.0020089716950563107,0,LOW
2024-01-14 01:00:00,Guwahati-Gauge-1,3,0,0.0020089716950563107,0,LOW
2024-01-14 01:00:00,Sonapur-Gauge-1,4,0,0.0020089716950563107,0,LOW
2024-01-14 02:00:00,Chamoli-Gauge-1,1,0,0.0020856837196319717,0,LOW
2024-01-14 02:00:00,Kolkata-Gauge-1,2,0,0.0020089716950563107,0,LOW
2024-01-14 02:00:00,Guwahati-Gauge-1,3,0,0.0020089716950563107,0,LOW
2024-01-14 02:00:00,Sonapur-Gauge-1,4,0,0.0020089716950563107,0,LOW
2024-01-14 03:00:00,Chamoli-Gauge-1,1,0,0.0020089716950563107,0,LOW
2024-01-14 03:00:00,Kolkata-Gauge-1,2,0,0.0020089716950563107,0,LOW
2024-01-14 03:00:00,Guwahati-Gauge-1,3,0,0.0020089716950563107,0,LOW
2024-01-14 03:00:00,Sonapur-Gauge-1,4,0,0.0020089716950563107,0,LOW
2024-01-14 04:00:00,Chamoli-Gauge-1,1,0,0.0020839035611796806,0,LOW
2024-01-14 04:00:00,Kolkata-Gauge-1,2,0,0.0020089716950563107,0,LOW
2024-01-14 04:00:00,Guwahati-Gauge-1,3,0,0.0020089716950563107,0,LOW
2024-01-14 04:00:00,Sonapur-Gauge-1,4,0,0.0020089716950563107,0,LOW
2024-01-14 05:00:00,Chamoli-Gauge-1,1,0,0.0020089716950563107,0,LOW
2024-01-14 05:00:00,Kolkata-Gauge-1,2,0,0.0020089716950563107,0,LOW
2024-01-14 05:00:00,Guwahati-Gauge-1,3,0,0.0020089716950563107,0,LOW
2024-01-14 05:00:00,Sonapur-Gauge-1,4,0,0.0020089716950563107,0,LOW
2024-01-14 06:00:00,Chamoli-Gauge-1,1,0,0.0020089716950563107,0,LOW
2024-01-14 06:00:00,Kolkata-Gauge-1,2,0,0.0020089716950563107,0,LOW
2024-01-14 06:00:00,Guwahati-Gauge-1,3,0,0.0020089716950563107,0,LOW
2024-01-14 06:00:00,Sonapur-Gauge-1,4,0,0.0020089716950563107,0,LOW
2024-01-14 07:00:00,Chamoli-Gauge-1,1,0,0.0022653419343168796,0,LOW
2024-01-14 07:00:00,Kolkata-Gauge-1,2,0,0.0020089716950563107,0,LOW
2024-01-14 07:00:00,Guwahati-Gauge-1,3,0,0.0020089716950563107,0,LOW
2024-01-14 07:00:00,Sonapur-Gauge-1,4,0,0.0020089716950563107,0,LOW
2024-01-14 08:00:00,Chamoli-Gauge-1,1,0,0.0020089716950563107,0,LOW
2024-01-14 08:00:00,Kolkata-Gauge-1,2,0,0.0020089716950563107,0,LOW
2024-01-14 08:00:00,Guwahati-Gauge-1,3,0,0.0020089716950563107,0,LOW
2024-01-14 08:00:00,Sonapur-Gauge-1,4,0,0.0020089716950563107,0,LOW
2024-01-14 09:00:00,Chamoli-Gauge-1,1,0,0.0020089716950563107,0,LOW
2024-01-14 09:00:00,Kolkata-Gauge-1,2,0,0.0020089716950563107,0,LOW
2024-01-14 09:00:00,Guwahati-Gauge-1,3,0,0.0020089716950563107,0,LOW
2024-01-14 09:00:00,Sonapur-Gauge-1,4,0,0.0020089716950563107,0,LOW
2024-01-14 10:00:00,Chamoli-Gauge-1,1,0,0.0020089716950563107,0,LOW
2024-01-14 10:00:00,Kolkata-Gauge-1,2,0,0.0020089716950563107,0,LOW
2024-01-14 10:00:00,Guwahati-Gauge-1,3,0,0.0020089716950563107,0,LOW
2024-01-14 10:00:00,Sonapur-Gauge-1,4,0,0.0020089716950563107,0,LOW
2024-01-14 11:00:00,Chamoli-Gauge-1,1,0,0.0020089716950563107,0,LOW
2024-01-14 11:00:00,Kolkata-Gauge-1,2,0,0.0020089716950563107,0,LOW
2024-01-14 11:00:00,Guwahati-Gauge-1,3,0,0.0020089716950563107,0,LOW
2024-01-14 11:00:00,Sonapur-Gauge-1,4,0,0.0020089716950563107,0,LOW
2024-01-14 12:00:00,Chamoli-Gauge-1,1,0,0.0020852878658568605,0,LOW
2024-01-14 12:00:00,Kolkata-Gauge-1,2,0,0.0020089716950563107,0,LOW
2024-01-14 12:00:00,Guwahati-Gauge-1,3,0,0.0020089716950563107,0,LOW
2024-01-14 12:00:00,Sonapur-Gauge-1,4,0,0.0020089716950563107,0,LOW
2024-01-14 13:00:00,Chamoli-Gauge-1,1,0,0.002071625780735302,0,LOW
2024-01-14 13:00:00,Kolkata-Gauge-1,2,0,0.0020089716950563107,0,LOW
2024-01-14 13:00:00,Guwahati-Gauge-1,3,0,0.0020089716950563107,0,LOW
2024-01-14 13:00:00,Sonapur-Gauge-1,4,0,0.0020089716950563107,0,LOW
2024-01-14 14:00:00,Chamoli-Gauge-1,1,0,0.0022456809026644062,0,LOW
2024-01-14 14:00:00,Kolkata-Gauge-1,2,0,0.0020089716950563107,0,LOW
2024-01-14 14:00:00,Guwahati-Gauge-1,3,0,0.0020089716950563107,0,LOW
2024-01-14 14:00:00,Sonapur-Gauge-1,4,0,0.0020089716950563107,0,LOW
2024-01-14 15:00:00,Chamoli-Gauge-1,1,0,0.002109577119070512,0,LOW
2024-01-14 15:00:00,Kolkata-Gauge-1,2,0,0.0020089716950563107,0,LOW
2024-01-14 15:00:00,Guwahati-Gauge-1,3,0,0.0020089716950563107,0,LOW
2024-01-14 15:00:00,Sonapur-Gauge-1,4,0,0.0020089716950563107,0,LOW
2024-01-14 16:00:00,Chamoli-Gauge-1,1,0,0.0020089716950563107,0,LOW
2024-01-14 16:00:00,Kolkata-Gauge-1,2,0,0.0020089716950563107,0,LOW
2024-01-14 16:00:00,Guwahati-Gauge-1,3,0,0.0020089716950563107,0,LOW
2024-01-14 16:00:00,Sonapur-Gauge-1,4,0,0.0020089716950563107,0,LOW
2024-01-14 17:00:00,Chamoli-Gauge-1,1,0,0.0020089716950563107,0,LOW
2024-01-14 17:00:00,Kolkata-Gauge-1,2,0,0.0020089716950563107,0,LOW
2024-01-14 17:00:00,Guwahati-Gauge-1,3,0,0.0020089716950563107,0,LOW
2024-01-14 17:00:00,Sonapur-Gauge-1,4,0,0.0020089716950563107,0,LOW
2024-01-14 18:00:00,Chamoli-Gauge-1,1,0,0.0020089716950563107,0,LOW
2024-01-14 18:00:00,Kolkata-Gauge-1,2,0,0.0020089716950563107,0,LOW
2024-01-14 18:00:00,Guwahati-Gauge-1,3,0,0.0020089716950563107,0,LOW
2024-01-14 18:00:00,Sonapur-Gauge-1,4,0,0.0020089716950563107,0,LOW
2024-01-14 19:00:00,Chamoli-Gauge-1,1,0,0.0020089716950563107,0,LOW
2024-01-14 19:00:00,Kolkata-Gauge-1,2,0,0.0020089716950563107,0,LOW
2024-01-14 19:00:00,Guwahati-Gauge-1,3,0,0.0020089716950563107,0,LOW
2024-01-14 19:00:00,Sonapur-Gauge-1,4,0,0.0020089716950563107,0,LOW
2024-01-14 20:00:00,Chamoli-Gauge-1,1,0,0.0020089716950563107,0,LOW
2024-01-14 20:00:00,Kolkata-Gauge-1,2,0,0.0020089716950563107,0,LOW
2024-01-14 20:00:00,Guwahati-Gauge-1,3,0,0.0020089716950563107,0,LOW
2024-01-14 20:00:00,Sonapur-Gauge-1,4,0,0.0020089716950563107,0,LOW
2024-01-14 21:00:00,Chamoli-Gauge-1,1,0,0.0020089716950563107,0,LOW
2024-01-14 21:00:00,Kolkata-Gauge-1,2,0,0.0020089716950563107,0,LOW
2024-01-14 21:00:00,Guwahati-Gauge-1,3,0,0.0020089716950563107,0,LOW
2024-01-14 21:00:00,Sonapur-Gauge-1,4,0,0.0020089716950563107,0,LOW
2024-01-14 22:00:00,Chamoli-Gauge-1,1,0,0.0020089716950563107,0,LOW
2024-01-14 22:00:00,Kolkata-Gauge-1,2,0,0.0020089716950563107,0,LOW
2024-01-14 22:00:00,Guwahati-Gauge-1,3,0,0.0020089716950563107,0,LOW
2024-01-14 22:00:00,Sonapur-Gauge-1,4,0,0.0020089716950563107,0,LOW
2024-01-14 23:00:00,Chamoli-Gauge-1,1,0,0.0020089716950563107,0,LOW
2024-01-14 23:00:00,Kolkata-Gauge-1,2,0,0.0020089716950563107,0,LOW
2024-01-14 23:00:00,Guwahati-Gauge-1,3,0,0.0020089716950563107,0,LOW
2024-01-14 23:00:00,Sonapur-Gauge-1,4,0,0.0020089716950563107,0,LOW
2024-01-15 00:00:00,Chamoli-Gauge-1,1,0,0.0020089716950563107,0,LOW
2024-01-15 00:00:00,Kolkata-Gauge-1,2,0,0.0020089716950563107,0,LOW
2024-01-15 00:00:00,Guwahati-Gauge-1,3,0,0.0020089716950563107,0,LOW
2024-01-15 00:00:00,Sonapur-Gauge-1,4,0,0.0020089716950563107,0,LOW
2024-01-15 01:00:00,Chamoli-Gauge-1,1,0,0.0020089716950563107,0,LOW
2024-01-15 01:00:00,Kolkata-Gauge-1,2,0,0.0020089716950563107,0,LOW
2024-01-15 01:00:00,Guwahati-Gauge-1,3,0,0.0020089716950563107,0,LOW
2024-01-15 01:00:00,Sonapur-Gauge-1,4,0,0.0020089716950563107,0,LOW
2024-01-15 02:00:00,Chamoli-Gauge-1,1,0,0.0020089716950563107,0,LOW
2024-01-15 02:00:00,Kolkata-Gauge-1,2,0,0.0020089716950563107,0,LOW
2024-01-15 02:00:00,Guwahati-Gauge-1,3,0,0.0020089716950563107,0,LOW
2024-01-15 02:00:00,Sonapur-Gauge-1,4,0,0.0020089716950563107,0,LOW
2024-01-15 03:00:00,Chamoli-Gauge-1,1,0,0.0020089716950563107,0,LOW
2024-01-15 03:00:00,Kolkata-Gauge-1,2,0,0.002425560205461795,0,LOW
2024-01-15 03:00:00,Guwahati-Gauge-1,3,0,0.0020089716950563107,0,LOW
2024-01-15 03:00:00,Sonapur-Gauge-1,4,0,0.0020089716950563107,0,LOW
2024-01-15 04:00:00,Chamoli-Gauge-1,1,0,0.0020089716950563107,0,LOW
2024-01-15 04:00:00,Kolkata-Gauge-1,2,0,0.002339938330384355,0,LOW
2024-01-15 04:00:00,Guwahati-Gauge-1,3,0,0.0020089716950563107,0,LOW
2024-01-15 04:00:00,Sonapur-Gauge-1,4,0,0.0020089716950563107,0,LOW
2024-01-15 05:00:00,Chamoli-Gauge-1,1,0,0.0020089716950563107,0,LOW
2024-01-15 05:00:00,Kolkata-Gauge-1,2,0,0.002418260754238491,0,LOW
2024-01-15 05:00:00,Guwahati-Gauge-1,3,0,0.0020089716950563107,0,LOW
2024-01-15 05:00:00,Sonapur-Gauge-1,4,0,0.0020089716950563107,0,LOW
2024-01-15 06:00:00,Chamoli-Gauge-1,1,0,0.0020089716950563107,0,LOW
2024-01-15 06:00:00,Kolkata-Gauge-1,2,0,0.0020868214699508664,0,LOW
2024-01-15 06:00:00,Guwahati-Gauge-1,3,0,0.0020089716950563107,0,LOW
2024-01-15 06:00:00,Sonapur-Gauge-1,4,0,0.0020089716950563107,0,LOW
2024-01-15 07:00:00,Chamoli-Gauge-1,1,0,0.0020089716950563107,0,LOW
2024-01-15 07:00:00,Kolkata-Gauge-1,2,0,0.002195644121103959,0,LOW
2024-01-15 07:00:00,Guwahati-Gauge-1,3,0,0.0020089716950563107,0,LOW
2024-01-15 07:00:00,Sonapur-Gauge-1,4,0,0.0020089716950563107,0,LOW
2024-01-15 08:00:00,Chamoli-Gauge-1,1,0,0.0020089716950563107,0,LOW
2024-01-15 08:00:00,Kolkata-Gauge-1,2,0,0.002117313498568223,0,LOW
2024-01-15 08:00:00,Guwahati-Gauge-1,3,0,0.0020089716950563107,0,LOW
2024-01-15 08:00:00,Sonapur-Gauge-1,4,0,0.0020089716950563107,0,LOW
2024-01-15 09:00:00,Chamoli-Gauge-1,1,0,0.0020089716950563107,0,LOW
2024-01-15 09:00:00,Kolkata-Gauge-1,2,0,0.002300622390910964,0,LOW
2024-01-15 09:00:00,Guwahati-Gauge-1,3,0,0.0020089716950563107,0,LOW
2024-01-15 09:00:00,Sonapur-Gauge-1,4,0,0.0020089716950563107,0,LOW
2024-01-15 10:00:00,Chamoli-Gauge-1,1,0,0.0020089716950563107,0,LOW
2024-01-15 10:00:00,Kolkata-Gauge-1,2,0,0.0032785148702357885,0,LOW
2024-01-15 10:00:00,Guwahati-Gauge-1,3,0,0.0020089716950563107,0,LOW
2024-01-15 10:00:00,Sonapur-Gauge-1,4,0,0.0020089716950563107,0,LOW
2024-01-15 11:00:00,Chamoli-Gauge-1,1,0,0.0020089716950563107,0,LOW
2024-01-15 11:00:00,Kolkata-Gauge-1,2,0,0.0030388814184995694,0,LOW
2024-01-15 11:00:00,Guwahati-Gauge-1,3,0,0.0020089716950563107,0,LOW
2024-01-15 11:00:00,Sonapur-Gauge-1,4,0,0.0020089716950563107,0,LOW
2024-01-15 12:00:00,Chamoli-Gauge-1,1,0,0.0020089716950563107,0,LOW
2024-01-15 12:00:00,Kolkata-Gauge-1,2,0,0.002847869786191738,0,LOW
2024-01-15 12:00:00,Guwahati-Gauge-1,3,0,0.0020089716950563107,0,LOW
2024-01-15 12:00:00,Sonapur-Gauge-1,4,0,0.0020089716950563107,0,LOW
2024-01-15 13:00:00,Chamoli-Gauge-1,1,0,0.0020089716950563107,0,LOW
2024-01-15 13:00:00,Kolkata-Gauge-1,2,0,0.002067720246031555,0,LOW
2024-01-15 13:00:00,Guwahati-Gauge-1,3,0,0.0020089716950563107,0,LOW
2024-01-15 13:00:00,Sonapur-Gauge-1,4,0,0.0020089716950563107,0,LOW
2024-01-15 14:00:00,Chamoli-Gauge-1,1,0,0.0020089716950563107,0,LOW
2024-01-15 14:00:00,Kolkata-Gauge-1,2,0,0.0021770976257578637,0,LOW
2024-01-15 14:00:00,Guwahati-Gauge-1,3,0,0.0020089716950563107,0,LOW
2024-01-15 14:00:00,Sonapur-Gauge-1,4,0,0.0020089716950563107,0,LOW
2024-01-15 15:00:00,Chamoli-Gauge-1,1,0,0.0020089716950563107,0,LOW
2024-01-15 15:00:00,Kolkata-Gauge-1,2,0,0.0021613237805173375,0,LOW
2024-01-15 15:00:00,Guwahati-Gauge-1,3,0,0.0020089716950563107,0,LOW
2024-01-15 15:00:00,Sonapur-Gauge-1,4,0,0.0020089716950563107,0,LOW
2024-01-15 16:00:00,Chamoli-Gauge-1,1,0,0.0020089716950563107,0,LOW
2024-01-15 16:00:00,Kolkata-Gauge-1,2,0,0.0020089716950563107,0,LOW
2024-01-15 16:00:00,Guwahati-Gauge-1,3,0,0.0020089716950563107,0,LOW
2024-01-15 16:00:00,Sonapur-Gauge-1,4,0,0.0020089716950563107,0,LOW
2024-01-15 17:00:00,Chamoli-Gauge-1,1,0,0.0020089716950563107,0,LOW
2024-01-15 17:00:00,Kolkata-Gauge-1,2,0,0.0020089716950563107,0,LOW
2024-01-15 17:00:00,Guwahati-Gauge-1,3,0,0.0020089716950563107,0,LOW
2024-01-15 17:00:00,Sonapur-Gauge-1,4,0,0.0020089716950563107,0,LOW
2024-01-15 18:00:00,Chamoli-Gauge-1,1,0,0.0020089716950563107,0,LOW
2024-01-15 18:00:00,Kolkata-Gauge-1,2,0,0.0020089716950563107,0,LOW
2024-01-15 18:00:00,Guwahati-Gauge-1,3,0,0.0020089716950563107,0,LOW
2024-01-15 18:00:00,Sonapur-Gauge-1,4,0,0.0020089716950563107,0,LOW
2024-01-15 19:00:00,Chamoli-Gauge-1,1,0,0.0020089716950563107,0,LOW
2024-01-15 19:00:00,Kolkata-Gauge-1,2,0,0.0020089716950563107,0,LOW
2024-01-15 19:00:00,Guwahati-Gauge-1,3,0,0.0020089716950563107,0,LOW
2024-01-15 19:00:00,Sonapur-Gauge-1,4,0,0.0020089716950563107,0,LOW
2024-01-15 20:00:00,Chamoli-Gauge-1,1,0,0.0020089716950563107,0,LOW
2024-01-15 20:00:00,Kolkata-Gauge-1,2,0,0.0020089716950563107,0,LOW
2024-01-15 20:00:00,Guwahati-Gauge-1,3,0,0.0020089716950563107,0,LOW
2024-01-15 20:00:00,Sonapur-Gauge-1,4,0,0.0020089716950563107,0,LOW
2024-01-15 21:00:00,Chamoli-Gauge-1,1,0,0.0020089716950563107,0,LOW
2024-01-15 21:00:00,Kolkata-Gauge-1,2,0,0.0020089716950563107,0,LOW
2024-01-15 21:00:00,Guwahati-Gauge-1,3,0,0.0020089716950563107,0,LOW
2024-01-15 21:00:00,Sonapur-Gauge-1,4,0,0.0020089716950563107,0,LOW
2024-01-15 22:00:00,Chamoli-Gauge-1,1,0,0.0020089716950563107,0,LOW
2024-01-15 22:00:00,Kolkata-Gauge-1,2,0,0.0021100384248842856,0,LOW
2024-01-15 22:00:00,Guwahati-Gauge-1,3,0,0.0020089716950563107,0,LOW
2024-01-15 22:00:00,Sonapur-Gauge-1,4,0,0.0020089716950563107,0,LOW
2024-01-15 23:00:00,Chamoli-Gauge-1,1,0,0.0020089716950563107,0,LOW
2024-01-15 23:00:00,Kolkata-Gauge-1,2,0,0.002058393617190508,0,LOW
2024-01-15 23:00:00,Guwahati-Gauge-1,3,0,0.0020089716950563107,0,LOW
2024-01-15 23:00:00,Sonapur-Gauge-1,4,0,0.0020089716950563107,0,LOW
2024-01-16 00:00:00,Chamoli-Gauge-1,1,0,0.0020089716950563107,0,LOW
2024-01-16 00:00:00,Kolkata-Gauge-1,2,0,0.0020089716950563107,0,LOW
2024-01-16 00:00:00,Guwahati-Gauge-1,3,0,0.0020089716950563107,0,LOW
2024-01-16 00:00:00,Sonapur-Gauge-1,4,0,0.0020089716950563107,0,LOW
2024-01-16 01:00:00,Chamoli-Gauge-1,1,0,0.0020089716950563107,0,LOW
2024-01-16 01:00:00,Kolkata-Gauge-1,2,0,0.002127542879767093,0,LOW
2024-01-16 01:00:00,Guwahati-Gauge-1,3,0,0.0020089716950563107,0,LOW
2024-01-16 01:00:00,Sonapur-Gauge-1,4,0,0.0020089716950563107,0,LOW
2024-01-16 02:00:00,Chamoli-Gauge-1,1,0,0.0020089716950563107,0,LOW
2024-01-16 02:00:00,Kolkata-Gauge-1,2,0,0.0020089716950563107,0,LOW
2024-01-16 02:00:00,Guwahati-Gauge-1,3,0,0.0020089716950563107,0,LOW
2024-01-16 02:00:00,Sonapur-Gauge-1,4,0,0.0020089716950563107,0,LOW
2024-01-16 03:00:00,Chamoli-Gauge-1,1,0,0.0020089716950563107,0,LOW
2024-01-16 03:00:00,Kolkata-Gauge-1,2,0,0.002102396504450693,0,LOW
2024-01-16 03:00:00,Guwahati-Gauge-1,3,0,0.0020089716950563107,0,LOW
2024-01-16 03:00:00,Sonapur-Gauge-1,4,0,0.0020089716950563107,0,LOW
2024-01-16 04:00:00,Chamoli-Gauge-1,1,0,0.0020089716950563107,0,LOW
2024-01-16 04:00:00,Kolkata-Gauge-1,2,0,0.0022310773999745463,0,LOW
2024-01-16 04:00:00,Guwahati-Gauge-1,3,0,0.0020089716950563107,0,LOW
2024-01-16 04:00:00,Sonapur-Gauge-1,4,0,0.0020089716950563107,0,LOW
2024-01-16 05:00:00,Chamoli-Gauge-1,1,0,0.0020089716950563107,0,LOW
2024-01-16 05:00:00,Kolkata-Gauge-1,2,0,0.0020761942250146753,0,LOW
2024-01-16 05:00:00,Guwahati-Gauge-1,3,0,0.0020089716950563107,0,LOW
2024-01-16 05:00:00,Sonapur-Gauge-1,4,0,0.0020089716950563107,0,LOW
2024-01-16 06:00:00,Chamoli-Gauge-1,1,0,0.0020089716950563107,0,LOW
2024-01-16 06:00:00,Kolkata-Gauge-1,2,0,0.0020249417650515284,0,LOW
2024-01-16 06:00:00,Guwahati-Gauge-1,3,0,0.0020089716950563107,0,LOW
2024-01-16 06:00:00,Sonapur-Gauge-1,4,0,0.0020089716950563107,0,LOW
2024-01-16 07:00:00,Chamoli-Gauge-1,1,0,0.0020089716950563107,0,LOW
2024-01-16 07:00:00,Kolkata-Gauge-1,2,0,0.002100667736551271,0,LOW
2024-01-16 07:00:00,Guwahati-Gauge-1,3,0,0.0020089716950563107,0,LOW
2024-01-16 07:00:00,Sonapur-Gauge-1,4,0,0.0020089716950563107,0,LOW
2024-01-16 08:00:00,Chamoli-Gauge-1,1,0,0.0020089716950563107,0,LOW
2024-01-16 08:00:00,Kolkata-Gauge-1,2,0,0.0020089716950563107,0,LOW
2024-01-16 08:00:00,Guwahati-Gauge-1,3,0,0.0020089716950563107,0,LOW
2024-01-16 08:00:00,Sonapur-Gauge-1,4,0,0.0020089716950563107,0,LOW
2024-01-16 09:00:00,Chamoli-Gauge-1,1,0,0.0020089716950563107,0,LOW
2024-01-16 09:00:00,Kolkata-Gauge-1,2,0,0.0020089716950563107,0,LOW
2024-01-16 09:00:00,Guwahati-Gauge-1,3,0,0.0020089716950563107,0,LOW
2024-01-16 09:00:00,Sonapur-Gauge-1,4,0,0.0020089716950563107,0,LOW
2024-01-16 10:00:00,Chamoli-Gauge-1,1,0,0.0020089716950563107,0,LOW
2024-01-16 10:00:00,Kolkata-Gauge-1,2,0,0.0020089716950563107,0,LOW
2024-01-16 10:00:00,Guwahati-Gauge-1,3,0,0.0020089716950563107,0,LOW
2024-01-16 10:00:00,Sonapur-Gauge-1,4,0,0.0020089716950563107,0,LOW
2024-01-16 11:00:00,Chamoli-Gauge-1,1,0,0.0020089716950563107,0,LOW
2024-01-16 11:00:00,Kolkata-Gauge-1,2,0,0.00220321585638748,0,LOW
2024-01-16 11:00:00,Guwahati-Gauge-1,3,0,0.0020089716950563107,0,LOW
2024-01-16 11:00:00,Sonapur-Gauge-1,4,0,0.0020089716950563107,0,LOW
2024-01-16 12:00:00,Chamoli-Gauge-1,1,0,0.0020089716950563107,0,LOW
2024-01-16 12:00:00,Kolkata-Gauge-1,2,0,0.0020089716950563107,0,LOW
2024-01-16 12:00:00,Guwahati-Gauge-1,3,0,0.0020089716950563107,0,LOW
2024-01-16 12:00:00,Sonapur-Gauge-1,4,0,0.0020089716950563107,0,LOW
2024-01-16 13:00:00,Chamoli-Gauge-1,1,0,0.0020089716950563107,0,LOW
2024-01-16 13:00:00,Kolkata-Gauge-1,2,0,0.0020089716950563107,0,LOW
2024-01-16 13:00:00,Guwahati-Gauge-1,3,0,0.0020089716950563107,0,LOW
2024-01-16 13:00:00,Sonapur-Gauge-1,4,0,0.0020089716950563107,0,LOW
2024-01-16 14:00:00,Chamoli-Gauge-1,1,0,0.0020089716950563107,0,LOW
2024-01-16 14:00:00,Kolkata-Gauge-1,2,0,0.0020089716950563107,0,LOW
2024-01-16 14:00:00,Guwahati-Gauge-1,3,0,0.0020089716950563107,0,LOW
2024-01-16 14:00:00,Sonapur-Gauge-1,4,0,0.0020089716950563107,0,LOW
2024-01-16 15:00:00,Chamoli-Gauge-1,1,0,0.0020089716950563107,0,LOW
2024-01-16 15:00:00,Kolkata-Gauge-1,2,0,0.0020089716950563107,0,LOW
2024-01-16 15:00:00,Guwahati-Gauge-1,3,0,0.0020089716950563107,0,LOW
2024-01-16 15:00:00,Sonapur-Gauge-1,4,0,0.0020089716950563107,0,LOW
2024-01-16 16:00:00,Chamoli-Gauge-1,1,0,0.0020089716950563107,0,LOW
2024-01-16 16:00:00,Kolkata-Gauge-1,2,0,0.0020089716950563107,0,LOW
2024-01-16 16:00:00,Guwahati-Gauge-1,3,0,0.0020089716950563107,0,LOW
2024-01-16 16:00:00,Sonapur-Gauge-1,4,0,0.0020089716950563107,0,LOW
2024-01-16 17:00:00,Chamoli-Gauge-1,1,0,0.0020089716950563107,0,LOW
2024-01-16 17:00:00,Kolkata-Gauge-1,2,0,0.0020089716950563107,0,LOW
2024-01-16 17:00:00,Guwahati-Gauge-1,3,0,0.0020089716950563107,0,LOW
2024-01-16 17:00:00,Sonapur-Gauge-1,4,0,0.0020089716950563107,0,LOW
2024-01-16 18:00:00,Chamoli-Gauge-1,1,0,0.0020089716950563107,0,LOW
2024-01-16 18:00:00,Kolkata-Gauge-1,2,0,0.0020089716950563107,0,LOW
2024-01-16 18:00:00,Guwahati-Gauge-1,3,0,0.0020089716950563107,0,LOW
2024-01-16 18:00:00,Sonapur-Gauge-1,4,0,0.0020089716950563107,0,LOW
2024-01-16 19:00:00,Chamoli-Gauge-1,1,0,0.0020089716950563107,0,LOW
2024-01-16 19:00:00,Kolkata-Gauge-1,2,0,0.0020089716950563107,0,LOW
2024-01-16 19:00:00,Guwahati-Gauge-1,3,0,0.0020089716950563107,0,LOW
2024-01-16 19:00:00,Sonapur-Gauge-1,4,0,0.0020089716950563107,0,LOW
2024-01-16 20:00:00,Chamoli-Gauge-1,1,0,0.0020089716950563107,0,LOW
2024-01-16 20:00:00,Kolkata-Gauge-1,2,0,0.0020089716950563107,0,LOW
2024-01-16 20:00:00,Guwahati-Gauge-1,3,0,0.0020089716950563107,0,LOW
2024-01-16 20:00:00,Sonapur-Gauge-1,4,0,0.0020089716950563107,0,LOW
2024-01-16 21:00:00,Chamoli-Gauge-1,1,0,0.0020089716950563107,0,LOW
2024-01-16 21:00:00,Kolkata-Gauge-1,2,0,0.0020089716950563107,0,LOW
2024-01-16 21:00:00,Guwahati-Gauge-1,3,0,0.0020089716950563107,0,LOW
2024-01-16 21:00:00,Sonapur-Gauge-1,4,0,0.0020089716950563107,0,LOW
2024-01-16 22:00:00,Chamoli-Gauge-1,1,0,0.0020089716950563107,0,LOW
2024-01-16 22:00:00,Kolkata-Gauge-1,2,0,0.0020511509825489817,0,LOW
2024-01-16 22:00:00,Guwahati-Gauge-1,3,0,0.0020089716950563107,0,LOW
2024-01-16 22:00:00,Sonapur-Gauge-1,4,0,0.0020089716950563107,0,LOW
2024-01-16 23:00:00,Chamoli-Gauge-1,1,0,0.0020089716950563107,0,LOW
2024-01-16 23:00:00,Kolkata-Gauge-1,2,0,0.0020511509825489817,0,LOW
2024-01-16 23:00:00,Guwahati-Gauge-1,3,0,0.0020089716950563107,0,LOW
2024-01-16 23:00:00,Sonapur-Gauge-1,4,0,0.0020089716950563107,0,LOW
2024-01-17 00:00:00,Chamoli-Gauge-1,1,0,0.0020089716950563107,0,LOW
2024-01-17 00:00:00,Kolkata-Gauge-1,2,0,0.0020089716950563107,0,LOW
2024-01-17 00:00:00,Guwahati-Gauge-1,3,0,0.0020089716950563107,0,LOW
2024-01-17 00:00:00,Sonapur-Gauge-1,4,0,0.0020089716950563107,0,LOW
2024-01-17 01:00:00,Chamoli-Gauge-1,1,0,0.0020089716950563107,0,LOW
2024-01-17 01:00:00,Kolkata-Gauge-1,2,0,0.0020089716950563107,0,LOW
2024-01-17 01:00:00,Guwahati-Gauge-1,3,0,0.0020089716950563107,0,LOW
2024-01-17 01:00:00,Sonapur-Gauge-1,4,0,0.0020089716950563107,0,LOW
2024-01-17 02:00:00,Chamoli-Gauge-1,1,0,0.0020089716950563107,0,LOW
2024-01-17 02:00:00,Kolkata-Gauge-1,2,0,0.0020089716950563107,0,LOW
2024-01-17 02:00:00,Guwahati-Gauge-1,3,0,0.0020089716950563107,0,LOW
2024-01-17 02:00:00,Sonapur-Gauge-1,4,0,0.0020089716950563107,0,LOW
2024-01-17 03:00:00,Chamoli-Gauge-1,1,0,0.0020089716950563107,0,LOW
2024-01-17 03:00:00,Kolkata-Gauge-1,2,0,0.0020089716950563107,0,LOW
2024-01-17 03:00:00,Guwahati-Gauge-1,3,0,0.0020089716950563107,0,LOW
2024-01-17 03:00:00,Sonapur-Gauge-1,4,0,0.0020089716950563107,0,LOW
2024-01-17 04:00:00,Chamoli-Gauge-1,1,0,0.0020089716950563107,0,LOW
2024-01-17 04:00:00,Kolkata-Gauge-1,2,0,0.0020089716950563107,0,LOW
2024-01-17 04:00:00,Guwahati-Gauge-1,3,0,0.0020089716950563107,0,LOW
2024-01-17 04:00:00,Sonapur-Gauge-1,4,0,0.0020089716950563107,0,LOW
2024-01-17 05:00:00,Chamoli-Gauge-1,1,0,0.0020089716950563107,0,LOW
2024-01-17 05:00:00,Kolkata-Gauge-1,2,0,0.0020089716950563107,0,LOW
2024-01-17 05:00:00,Guwahati-Gauge-1,3,0,0.0020089716950563107,0,LOW
2024-01-17 05:00:00,Sonapur-Gauge-1,4,0,0.0020089716950563107,0,LOW
2024-01-17 06:00:00,Chamoli-Gauge-1,1,0,0.0020089716950563107,0,LOW
2024-01-17 06:00:00,Kolkata-Gauge-1,2,0,0.0020089716950563107,0,LOW
2024-01-17 06:00:00,Guwahati-Gauge-1,3,0,0.0020089716950563107,0,LOW
2024-01-17 06:00:00,Sonapur-Gauge-1,4,0,0.0020089716950563107,0,LOW
2024-01-17 07:00:00,Chamoli-Gauge-1,1,0,0.0020089716950563107,0,LOW
2024-01-17 07:00:00,Kolkata-Gauge-1,2,0,0.0020089716950563107,0,LOW
2024-01-17 07:00:00,Guwahati-Gauge-1,3,0,0.0020089716950563107,0,LOW
2024-01-17 07:00:00,Sonapur-Gauge-1,4,0,0.0020089716950563107,0,LOW
2024-01-17 08:00:00,Chamoli-Gauge-1,1,0,0.0020089716950563107,0,LOW
2024-01-17 08:00:00,Kolkata-Gauge-1,2,0,0.0020089716950563107,0,LOW
2024-01-17 08:00:00,Guwahati-Gauge-1,3,0,0.0020089716950563107,0,LOW
2024-01-17 08:00:00,Sonapur-Gauge-1,4,0,0.0020089716950563107,0,LOW
2024-01-17 09:00:00,Chamoli-Gauge-1,1,0,0.0020089716950563107,0,LOW
2024-01-17 09:00:00,Kolkata-Gauge-1,2,0,0.0020089716950563107,0,LOW
2024-01-17 09:00:00,Guwahati-Gauge-1,3,0,0.0020089716950563107,0,LOW
2024-01-17 09:00:00,Sonapur-Gauge-1,4,0,0.0020089716950563107,0,LOW
2024-01-17 10:00:00,Chamoli-Gauge-1,1,0,0.0020089716950563107,0,LOW
2024-01-17 10:00:00,Kolkata-Gauge-1,2,0,0.0020089716950563107,0,LOW
2024-01-17 10:00:00,Guwahati-Gauge-1,3,0,0.0020089716950563107,0,LOW
2024-01-17 10:00:00,Sonapur-Gauge-1,4,0,0.0020089716950563107,0,LOW
2024-01-17 11:00:00,Chamoli-Gauge-1,1,0,0.0020089716950563107,0,LOW
2024-01-17 11:00:00,Kolkata-Gauge-1,2,0,0.0020089716950563107,0,LOW
2024-01-17 11:00:00,Guwahati-Gauge-1,3,0,0.0020089716950563107,0,LOW
2024-01-17 11:00:00,Sonapur-Gauge-1,4,0,0.0020089716950563107,0,LOW
2024-01-17 12:00:00,Chamoli-Gauge-1,1,0,0.0020089716950563107,0,LOW
2024-01-17 12:00:00,Kolkata-Gauge-1,2,0,0.0020089716950563107,0,LOW
2024-01-17 12:00:00,Guwahati-Gauge-1,3,0,0.0020089716950563107,0,LOW
2024-01-17 12:00:00,Sonapur-Gauge-1,4,0,0.0020089716950563107,0,LOW
2024-01-17 13:00:00,Chamoli-Gauge-1,1,0,0.0020089716950563107,0,LOW
2024-01-17 13:00:00,Kolkata-Gauge-1,2,0,0.0020089716950563107,0,LOW
2024-01-17 13:00:00,Guwahati-Gauge-1,3,0,0.0020089716950563107,0,LOW
2024-01-17 13:00:00,Sonapur-Gauge-1,4,0,0.0020089716950563107,0,LOW
2024-01-17 14:00:00,Chamoli-Gauge-1,1,0,0.0020089716950563107,0,LOW
2024-01-17 14:00:00,Kolkata-Gauge-1,2,0,0.0020089716950563107,0,LOW
2024-01-17 14:00:00,Guwahati-Gauge-1,3,0,0.0020089716950563107,0,LOW
2024-01-17 14:00:00,Sonapur-Gauge-1,4,0,0.0020089716950563107,0,LOW
2024-01-17 15:00:00,Chamoli-Gauge-1,1,0,0.0020089716950563107,0,LOW
2024-01-17 15:00:00,Kolkata-Gauge-1,2,0,0.0020089716950563107,0,LOW
2024-01-17 15:00:00,Guwahati-Gauge-1,3,0,0.0020089716950563107,0,LOW
2024-01-17 15:00:00,Sonapur-Gauge-1,4,0,0.0020089716950563107,0,LOW
2024-01-17 16:00:00,Chamoli-Gauge-1,1,0,0.0020089716950563107,0,LOW
2024-01-17 16:00:00,Kolkata-Gauge-1,2,0,0.0020089716950563107,0,LOW
2024-01-17 16:00:00,Guwahati-Gauge-1,3,0,0.0020089716950563107,0,LOW
2024-01-17 16:00:00,Sonapur-Gauge-1,4,0,0.0020089716950563107,0,LOW
2024-01-17 17:00:00,Chamoli-Gauge-1,1,0,0.0020089716950563107,0,LOW
2024-01-17 17:00:00,Kolkata-Gauge-1,2,0,0.0020089716950563107,0,LOW
2024-01-17 17:00:00,Guwahati-Gauge-1,3,0,0.0020089716950563107,0,LOW
2024-01-17 17:00:00,Sonapur-Gauge-1,4,0,0.0020089716950563107,0,LOW
2024-01-17 18:00:00,Chamoli-Gauge-1,1,0,0.0020089716950563107,0,LOW
2024-01-17 18:00:00,Kolkata-Gauge-1,2,0,0.0020089716950563107,0,LOW
2024-01-17 18:00:00,Guwahati-Gauge-1,3,0,0.0020089716950563107,0,LOW
2024-01-17 18:00:00,Sonapur-Gauge-1,4,0,0.0020089716950563107,0,LOW
2024-01-17 19:00:00,Chamoli-Gauge-1,1,0,0.0020089716950563107,0,LOW
2024-01-17 19:00:00,Kolkata-Gauge-1,2,0,0.0020089716950563107,0,LOW
2024-01-17 19:00:00,Guwahati-Gauge-1,3,0,0.0020089716950563107,0,LOW
2024-01-17 19:00:00,Sonapur-Gauge-1,4,0,0.0020089716950563107,0,LOW
2024-01-17 20:00:00,Chamoli-Gauge-1,1,0,0.0020089716950563107,0,LOW
2024-01-17 20:00:00,Kolkata-Gauge-1,2,0,0.0020799080238368766,0,LOW
2024-01-17 20:00:00,Guwahati-Gauge-1,3,0,0.0020089716950563107,0,LOW
2024-01-17 20:00:00,Sonapur-Gauge-1,4,0,0.0020089716950563107,0,LOW
2024-01-17 21:00:00,Chamoli-Gauge-1,1,0,0.0020089716950563107,0,LOW
2024-01-17 21:00:00,Kolkata-Gauge-1,2,0,0.0020089716950563107,0,LOW
2024-01-17 21:00:00,Guwahati-Gauge-1,3,0,0.0020089716950563107,0,LOW
2024-01-17 21:00:00,Sonapur-Gauge-1,4,0,0.0020089716950563107,0,LOW
2024-01-17 22:00:00,Chamoli-Gauge-1,1,0,0.0020089716950563107,0,LOW
2024-01-17 22:00:00,Kolkata-Gauge-1,2,0,0.0020089716950563107,0,LOW
2024-01-17 22:00:00,Guwahati-Gauge-1,3,0,0.0020089716950563107,0,LOW
2024-01-17 22:00:00,Sonapur-Gauge-1,4,0,0.0020089716950563107,0,LOW
2024-01-17 23:00:00,Chamoli-Gauge-1,1,0,0.0020089716950563107,0,LOW
2024-01-17 23:00:00,Kolkata-Gauge-1,2,0,0.0020089716950563107,0,LOW
2024-01-17 23:00:00,Guwahati-Gauge-1,3,0,0.0020089716950563107,0,LOW
2024-01-17 23:00:00,Sonapur-Gauge-1,4,0,0.0020089716950563107,0,LOW
2024-01-18 00:00:00,Chamoli-Gauge-1,1,0,0.0020089716950563107,0,LOW
2024-01-18 00:00:00,Kolkata-Gauge-1,2,0,0.0020089716950563107,0,LOW
2024-01-18 00:00:00,Guwahati-Gauge-1,3,0,0.0020089716950563107,0,LOW
2024-01-18 00:00:00,Sonapur-Gauge-1,4,0,0.0020089716950563107,0,LOW
2024-01-18 01:00:00,Chamoli-Gauge-1,1,0,0.0020089716950563107,0,LOW
2024-01-18 01:00:00,Kolkata-Gauge-1,2,0,0.0020089716950563107,0,LOW
2024-01-18 01:00:00,Guwahati-Gauge-1,3,0,0.0020089716950563107,0,LOW
2024-01-18 01:00:00,Sonapur-Gauge-1,4,0,0.0020089716950563107,0,LOW
2024-01-18 02:00:00,Chamoli-Gauge-1,1,0,0.0020089716950563107,0,LOW
2024-01-18 02:00:00,Kolkata-Gauge-1,2,0,0.0020089716950563107,0,LOW
2024-01-18 02:00:00,Guwahati-Gauge-1,3,0,0.0020089716950563107,0,LOW
2024-01-18 02:00:00,Sonapur-Gauge-1,4,0,0.0020089716950563107,0,LOW
2024-01-18 03:00:00,Chamoli-Gauge-1,1,0,0.0020089716950563107,0,LOW
2024-01-18 03:00:00,Kolkata-Gauge-1,2,0,0.0020089716950563107,0,LOW
2024-01-18 03:00:00,Guwahati-Gauge-1,3,0,0.0020089716950563107,0,LOW
2024-01-18 03:00:00,Sonapur-Gauge-1,4,0,0.0020089716950563107,0,LOW
2024-01-18 04:00:00,Chamoli-Gauge-1,1,0,0.0020089716950563107,0,LOW
2024-01-18 04:00:00,Kolkata-Gauge-1,2,0,0.0020089716950563107,0,LOW
2024-01-18 04:00:00,Guwahati-Gauge-1,3,0,0.0020089716950563107,0,LOW
2024-01-18 04:00:00,Sonapur-Gauge-1,4,0,0.0020089716950563107,0,LOW
2024-01-18 05:00:00,Chamoli-Gauge-1,1,0,0.0020089716950563107,0,LOW
2024-01-18 05:00:00,Kolkata-Gauge-1,2,0,0.0020089716950563107,0,LOW
2024-01-18 05:00:00,Guwahati-Gauge-1,3,0,0.0020089716950563107,0,LOW
2024-01-18 05:00:00,Sonapur-Gauge-1,4,0,0.0020089716950563107,0,LOW
2024-01-18 06:00:00,Chamoli-Gauge-1,1,0,0.0020089716950563107,0,LOW
2024-01-18 06:00:00,Kolkata-Gauge-1,2,0,0.0020089716950563107,0,LOW
2024-01-18 06:00:00,Guwahati-Gauge-1,3,0,0.0020089716950563107,0,LOW
2024-01-18 06:00:00,Sonapur-Gauge-1,4,0,0.0020089716950563107,0,LOW
2024-01-18 07:00:00,Chamoli-Gauge-1,1,0,0.002203568694203926,0,LOW
2024-01-18 07:00:00,Kolkata-Gauge-1,2,0,0.0020089716950563107,0,LOW
2024-01-18 07:00:00,Guwahati-Gauge-1,3,0,0.0020089716950563107,0,LOW
2024-01-18 07:00:00,Sonapur-Gauge-1,4,0,0.0020089716950563107,0,LOW
2024-01-18 08:00:00,Chamoli-Gauge-1,1,0,0.0021723015306274267,0,LOW
2024-01-18 08:00:00,Kolkata-Gauge-1,2,0,0.0020089716950563107,0,LOW
2024-01-18 08:00:00,Guwahati-Gauge-1,3,0,0.0020089716950563107,0,LOW
2024-01-18 08:00:00,Sonapur-Gauge-1,4,0,0.0020089716950563107,0,LOW
2024-01-18 09:00:00,Chamoli-Gauge-1,1,0,0.0021429384705829906,0,LOW
2024-01-18 09:00:00,Kolkata-Gauge-1,2,0,0.0020089716950563107,0,LOW
2024-01-18 09:00:00,Guwahati-Gauge-1,3,0,0.0020089716950563107,0,LOW
2024-01-18 09:00:00,Sonapur-Gauge-1,4,0,0.0020089716950563107,0,LOW
2024-01-18 10:00:00,Chamoli-Gauge-1,1,0,0.002309561434538281,0,LOW
2024-01-18 10:00:00,Kolkata-Gauge-1,2,0,0.0020089716950563107,0,LOW
2024-01-18 10:00:00,Guwahati-Gauge-1,3,0,0.0020089716950563107,0,LOW
2024-01-18 10:00:00,Sonapur-Gauge-1,4,0,0.0020089716950563107,0,LOW
2024-01-18 11:00:00,Chamoli-Gauge-1,1,0,0.0021356667458403765,0,LOW
2024-01-18 11:00:00,Kolkata-Gauge-1,2,0,0.0020089716950563107,0,LOW
2024-01-18 11:00:00,Guwahati-Gauge-1,3,0,0.0020089716950563107,0,LOW
2024-01-18 11:00:00,Sonapur-Gauge-1,4,0,0.0020089716950563107,0,LOW
2024-01-18 12:00:00,Chamoli-Gauge-1,1,0,0.002122829312190072,0,LOW
2024-01-18 12:00:00,Kolkata-Gauge-1,2,0,0.0020089716950563107,0,LOW
2024-01-18 12:00:00,Guwahati-Gauge-1,3,0,0.0020089716950563107,0,LOW
2024-01-18 12:00:00,Sonapur-Gauge-1,4,0,0.0020089716950563107,0,LOW
2024-01-18 13:00:00,Chamoli-Gauge-1,1,0,0.0020649558663337125,0,LOW
2024-01-18 13:00:00,Kolkata-Gauge-1,2,0,0.0020089716950563107,0,LOW
2024-01-18 13:00:00,Guwahati-Gauge-1,3,0,0.0020089716950563107,0,LOW
2024-01-18 13:00:00,Sonapur-Gauge-1,4,0,0.0020089716950563107,0,LOW
2024-01-18 14:00:00,Chamoli-Gauge-1,1,0,0.04911034204316143,0,LOW
2024-01-18 14:00:00,Kolkata-Gauge-1,2,0,0.0020089716950563107,0,LOW
2024-01-18 14:00:00,Guwahati-Gauge-1,3,0,0.0020089716950563107,0,LOW
2024-01-18 14:00:00,Sonapur-Gauge-1,4,0,0.0020089716950563107,0,LOW
2024-01-18 15:00:00,Chamoli-Gauge-1,1,0,0.19267987486596747,0,LOW
2024-01-18 15:00:00,Kolkata-Gauge-1,2,0,0.0020089716950563107,0,LOW
2024-01-18 15:00:00,Guwahati-Gauge-1,3,0,0.0020089716950563107,0,LOW
2024-01-18 15:00:00,Sonapur-Gauge-1,4,0,0.0020089716950563107,0,LOW
2024-01-18 16:00:00,Chamoli-Gauge-1,1,0,0.4206419123729818,0,MODERATE
2024-01-18 16:00:00,Kolkata-Gauge-1,2,0,0.0020089716950563107,0,LOW
2024-01-18 16:00:00,Guwahati-Gauge-1,3,0,0.0020089716950563107,0,LOW
2024-01-18 16:00:00,Sonapur-Gauge-1,4,0,0.0020089716950563107,0,LOW
2024-01-18 17:00:00,Chamoli-Gauge-1,1,0,0.1002432296262925,0,LOW
2024-01-18 17:00:00,Kolkata-Gauge-1,2,0,0.0020089716950563107,0,LOW
2024-01-18 17:00:00,Guwahati-Gauge-1,3,0,0.0020089716950563107,0,LOW
2024-01-18 17:00:00,Sonapur-Gauge-1,4,0,0.0020089716950563107,0,LOW
2024-01-18 18:00:00,Chamoli-Gauge-1,1,0,0.041893743666144956,0,LOW
2024-01-18 18:00:00,Kolkata-Gauge-1,2,0,0.0020089716950563107,0,LOW
2024-01-18 18:00:00,Guwahati-Gauge-1,3,0,0.0020089716950563107,0,LOW
2024-01-18 18:00:00,Sonapur-Gauge-1,4,0,0.0020089716950563107,0,LOW
2024-01-18 19:00:00,Chamoli-Gauge-1,1,0,0.025285308963862642,0,LOW
2024-01-18 19:00:00,Kolkata-Gauge-1,2,0,0.0020089716950563107,0,LOW
2024-01-18 19:00:00,Guwahati-Gauge-1,3,0,0.0020089716950563107,0,LOW
2024-01-18 19:00:00,Sonapur-Gauge-1,4,0,0.0020089716950563107,0,LOW
2024-01-18 20:00:00,Chamoli-Gauge-1,1,0,0.011485138446388973,0,LOW
2024-01-18 20:00:00,Kolkata-Gauge-1,2,0,0.0020089716950563107,0,LOW
2024-01-18 20:00:00,Guwahati-Gauge-1,3,0,0.0020089716950563107,0,LOW
2024-01-18 20:00:00,Sonapur-Gauge-1,4,0,0.0020089716950563107,0,LOW
2024-01-18 21:00:00,Chamoli-Gauge-1,1,0,0.009846388858247753,0,LOW
2024-01-18 21:00:00,Kolkata-Gauge-1,2,0,0.0020089716950563107,0,LOW
2024-01-18 21:00:00,Guwahati-Gauge-1,3,0,0.0020089716950563107,0,LOW
2024-01-18 21:00:00,Sonapur-Gauge-1,4,0,0.0020089716950563107,0,LOW
2024-01-18 22:00:00,Chamoli-Gauge-1,1,0,0.005949989103909884,0,LOW
2024-01-18 22:00:00,Kolkata-Gauge-1,2,0,0.0020089716950563107,0,LOW
2024-01-18 22:00:00,Guwahati-Gauge-1,3,0,0.0020089716950563107,0,LOW
2024-01-18 22:00:00,Sonapur-Gauge-1,4,0,0.0020089716950563107,0,LOW
2024-01-18 23:00:00,Chamoli-Gauge-1,1,0,0.004409825385153945,0,LOW
2024-01-18 23:00:00,Kolkata-Gauge-1,2,0,0.0020089716950563107,0,LOW
2024-01-18 23:00:00,Guwahati-Gauge-1,3,0,0.0020089716950563107,0,LOW
2024-01-18 23:00:00,Sonapur-Gauge-1,4,0,0.0020089716950563107,0,LOW
2024-01-19 00:00:00,Chamoli-Gauge-1,1,0,0.003870588239226112,0,LOW
2024-01-19 00:00:00,Kolkata-Gauge-1,2,0,0.0020089716950563107,0,LOW
2024-01-19 00:00:00,Guwahati-Gauge-1,3,0,0.0020089716950563107,0,LOW
2024-01-19 00:00:00,Sonapur-Gauge-1,4,0,0.0020089716950563107,0,LOW
2024-01-19 01:00:00,Chamoli-Gauge-1,1,0,0.0031482904612200506,0,LOW
2024-01-19 01:00:00,Kolkata-Gauge-1,2,0,0.0020089716950563107,0,LOW
2024-01-19 01:00:00,Guwahati-Gauge-1,3,0,0.0020089716950563107,0,LOW
2024-01-19 01:00:00,Sonapur-Gauge-1,4,0,0.0020089716950563107,0,LOW
2024-01-19 02:00:00,Chamoli-Gauge-1,1,0,0.0026606774174643003,0,LOW
2024-01-19 02:00:00,Kolkata-Gauge-1,2,0,0.0020089716950563107,0,LOW
2024-01-19 02:00:00,Guwahati-Gauge-1,3,0,0.0020089716950563107,0,LOW
2024-01-19 02:00:00,Sonapur-Gauge-1,4,0,0.0020089716950563107,0,LOW
2024-01-19 03:00:00,Chamoli-Gauge-1,1,0,0.0023447495528488146,0,LOW
2024-01-19 03:00:00,Kolkata-Gauge-1,2,0,0.0020089716950563107,0,LOW
2024-01-19 03:00:00,Guwahati-Gauge-1,3,0,0.0020089716950563107,0,LOW
2024-01-19 03:00:00,Sonapur-Gauge-1,4,0,0.0020089716950563107,0,LOW
2024-01-19 04:00:00,Chamoli-Gauge-1,1,0,0.0025587536793600656,0,LOW
2024-01-19 04:00:00,Kolkata-Gauge-1,2,0,0.0020089716950563107,0,LOW
2024-01-19 04:00:00,Guwahati-Gauge-1,3,0,0.0020089716950563107,0,LOW
2024-01-19 04:00:00,Sonapur-Gauge-1,4,0,0.0020089716950563107,0,LOW
2024-01-19 05:00:00,Chamoli-Gauge-1,1,0,0.002415751091663969,0,LOW
2024-01-19 05:00:00,Kolkata-Gauge-1,2,0,0.0020089716950563107,0,LOW
2024-01-19 05:00:00,Guwahati-Gauge-1,3,0,0.0020089716950563107,0,LOW
2024-01-19 05:00:00,Sonapur-Gauge-1,4,0,0.0020089716950563107,0,LOW
2024-01-19 06:00:00,Chamoli-Gauge-1,1,0,0.0020712562360888967,0,LOW
2024-01-19 06:00:00,Kolkata-Gauge-1,2,0,0.0020089716950563107,0,LOW
2024-01-19 06:00:00,Guwahati-Gauge-1,3,0,0.0020089716950563107,0,LOW
2024-01-19 06:00:00,Sonapur-Gauge-1,4,0,0.0020089716950563107,0,LOW
2024-01-19 07:00:00,Chamoli-Gauge-1,1,0,0.0020810206577830627,0,LOW
2024-01-19 07:00:00,Kolkata-Gauge-1,2,0,0.0020089716950563107,0,LOW
2024-01-19 07:00:00,Guwahati-Gauge-1,3,0,0.0020089716950563107,0,LOW
2024-01-19 07:00:00,Sonapur-Gauge-1,4,0,0.0020089716950563107,0,LOW
2024-01-19 08:00:00,Chamoli-Gauge-1,1,0,0.0021459227826411006,0,LOW
2024-01-19 08:00:00,Kolkata-Gauge-1,2,0,0.002096558649683816,0,LOW
2024-01-19 08:00:00,Guwahati-Gauge-1,3,0,0.0020089716950563107,0,LOW
2024-01-19 08:00:00,Sonapur-Gauge-1,4,0,0.0020089716950563107,0,LOW
2024-01-19 09:00:00,Chamoli-Gauge-1,1,0,0.0028763534054304317,0,LOW
2024-01-19 09:00:00,Kolkata-Gauge-1,2,0,0.0020089716950563107,0,LOW
2024-01-19 09:00:00,Guwahati-Gauge-1,3,0,0.0020089716950563107,0,LOW
2024-01-19 09:00:00,Sonapur-Gauge-1,4,0,0.0020089716950563107,0,LOW
2024-01-19 10:00:00,Chamoli-Gauge-1,1,0,0.0021688890074934276,0,LOW
2024-01-19 10:00:00,Kolkata-Gauge-1,2,0,0.0020089716950563107,0,LOW
2024-01-19 10:00:00,Guwahati-Gauge-1,3,0,0.0020089716950563107,0,LOW
2024-01-19 10:00:00,Sonapur-Gauge-1,4,0,0.0020089716950563107,0,LOW
2024-01-19 11:00:00,Chamoli-Gauge-1,1,0,0.0020089716950563107,0,LOW
2024-01-19 11:00:00,Kolkata-Gauge-1,2,0,0.0020089716950563107,0,LOW
2024-01-19 11:00:00,Guwahati-Gauge-1,3,0,0.0020089716950563107,0,LOW
2024-01-19 11:00:00,Sonapur-Gauge-1,4,0,0.0020089716950563107,0,LOW
2024-01-19 12:00:00,Chamoli-Gauge-1,1,0,0.0021884401650214685,0,LOW
2024-01-19 12:00:00,Kolkata-Gauge-1,2,0,0.0020721526062335376,0,LOW
2024-01-19 12:00:00,Guwahati-Gauge-1,3,0,0.0020089716950563107,0,LOW
2024-01-19 12:00:00,Sonapur-Gauge-1,4,0,0.0020089716950563107,0,LOW
2024-01-19 13:00:00,Chamoli-Gauge-1,1,0,0.00286372795646218,0,LOW
2024-01-19 13:00:00,Kolkata-Gauge-1,2,0,0.0020089716950563107,0,LOW
2024-01-19 13:00:00,Guwahati-Gauge-1,3,0,0.0020089716950563107,0,LOW
2024-01-19 13:00:00,Sonapur-Gauge-1,4,0,0.0020089716950563107,0,LOW
2024-01-19 14:00:00,Chamoli-Gauge-1,1,0,0.002115594055093451,0,LOW
2024-01-19 14:00:00,Kolkata-Gauge-1,2,0,0.0020804392074131378,0,LOW
2024-01-19 14:00:00,Guwahati-Gauge-1,3,0,0.0020089716950563107,0,LOW
2024-01-19 14:00:00,Sonapur-Gauge-1,4,0,0.0020089716950563107,0,LOW
2024-01-19 15:00:00,Chamoli-Gauge-1,1,0,0.002467654463152554,0,LOW
2024-01-19 15:00:00,Kolkata-Gauge-1,2,0,0.0020804392074131378,0,LOW
2024-01-19 15:00:00,Guwahati-Gauge-1,3,0,0.0020089716950563107,0,LOW
2024-01-19 15:00:00,Sonapur-Gauge-1,4,0,0.0020089716950563107,0,LOW
2024-01-19 16:00:00,Chamoli-Gauge-1,1,0,0.003207080757600532,0,LOW
2024-01-19 16:00:00,Kolkata-Gauge-1,2,0,0.0020804392074131378,0,LOW
2024-01-19 16:00:00,Guwahati-Gauge-1,3,0,0.0020089716950563107,0,LOW
2024-01-19 16:00:00,Sonapur-Gauge-1,4,0,0.0020089716950563107,0,LOW
2024-01-19 17:00:00,Chamoli-Gauge-1,1,0,0.002347684254124315,0,LOW
2024-01-19 17:00:00,Kolkata-Gauge-1,2,0,0.0020089716950563107,0,LOW
2024-01-19 17:00:00,Guwahati-Gauge-1,3,0,0.0020089716950563107,0,LOW
2024-01-19 17:00:00,Sonapur-Gauge-1,4,0,0.0020089716950563107,0,LOW
2024-01-19 18:00:00,Chamoli-Gauge-1,1,0,0.002521907655372352,0,LOW
2024-01-19 18:00:00,Kolkata-Gauge-1,2,0,0.0020089716950563107,0,LOW
2024-01-19 18:00:00,Guwahati-Gauge-1,3,0,0.0020089716950563107,0,LOW
2024-01-19 18:00:00,Sonapur-Gauge-1,4,0,0.0020089716950563107,0,LOW
2024-01-19 19:00:00,Chamoli-Gauge-1,1,0,0.0020989784887297806,0,LOW
2024-01-19 19:00:00,Kolkata-Gauge-1,2,0,0.0020089716950563107,0,LOW
2024-01-19 19:00:00,Guwahati-Gauge-1,3,0,0.0020089716950563107,0,LOW
2024-01-19 19:00:00,Sonapur-Gauge-1,4,0,0.0020089716950563107,0,LOW
2024-01-19 20:00:00,Chamoli-Gauge-1,1,0,0.0022948193640054244,0,LOW
2024-01-19 20:00:00,Kolkata-Gauge-1,2,0,0.0020089716950563107,0,LOW
2024-01-19 20:00:00,Guwahati-Gauge-1,3,0,0.0020089716950563107,0,LOW
2024-01-19 20:00:00,Sonapur-Gauge-1,4,0,0.0020089716950563107,0,LOW
2024-01-19 21:00:00,Chamoli-Gauge-1,1,0,0.002562527962422927,0,LOW
2024-01-19 21:00:00,Kolkata-Gauge-1,2,0,0.0020089716950563107,0,LOW
2024-01-19 21:00:00,Guwahati-Gauge-1,3,0,0.0020089716950563107,0,LOW
2024-01-19 21:00:00,Sonapur-Gauge-1,4,0,0.0020089716950563107,0,LOW
2024-01-19 22:00:00,Chamoli-Gauge-1,1,0,0.0020752795986748425,0,LOW
2024-01-19 22:00:00,Kolkata-Gauge-1,2,0,0.0020089716950563107,0,LOW
2024-01-19 22:00:00,Guwahati-Gauge-1,3,0,0.0020089716950563107,0,LOW
2024-01-19 22:00:00,Sonapur-Gauge-1,4,0,0.0020089716950563107,0,LOW
2024-01-19 23:00:00,Chamoli-Gauge-1,1,0,0.002042929152836532,0,LOW
2024-01-19 23:00:00,Kolkata-Gauge-1,2,0,0.0020089716950563107,0,LOW
2024-01-19 23:00:00,Guwahati-Gauge-1,3,0,0.0020089716950563107,0,LOW
2024-01-19 23:00:00,Sonapur-Gauge-1,4,0,0.0020089716950563107,0,LOW
2024-01-20 00:00:00,Chamoli-Gauge-1,1,0,0.0020089716950563107,0,LOW
2024-01-20 00:00:00,Kolkata-Gauge-1,2,0,0.0020089716950563107,0,LOW
2024-01-20 00:00:00,Guwahati-Gauge-1,3,0,0.0020089716950563107,0,LOW
2024-01-20 00:00:00,Sonapur-Gauge-1,4,0,0.0020089716950563107,0,LOW
2024-01-20 01:00:00,Chamoli-Gauge-1,1,0,0.0020089716950563107,0,LOW
2024-01-20 01:00:00,Kolkata-Gauge-1,2,0,0.0020089716950563107,0,LOW
2024-01-20 01:00:00,Guwahati-Gauge-1,3,0,0.0020089716950563107,0,LOW
2024-01-20 01:00:00,Sonapur-Gauge-1,4,0,0.0020089716950563107,0,LOW
2024-01-20 02:00:00,Chamoli-Gauge-1,1,0,0.0020089716950563107,0,LOW
2024-01-20 02:00:00,Kolkata-Gauge-1,2,0,0.0020089716950563107,0,LOW
2024-01-20 02:00:00,Guwahati-Gauge-1,3,0,0.0020089716950563107,0,LOW
2024-01-20 02:00:00,Sonapur-Gauge-1,4,0,0.0020089716950563107,0,LOW
2024-01-20 03:00:00,Chamoli-Gauge-1,1,0,0.0020639520697931933,0,LOW
2024-01-20 03:00:00,Kolkata-Gauge-1,2,0,0.0020089716950563107,0,LOW
2024-01-20 03:00:00,Guwahati-Gauge-1,3,0,0.0020089716950563107,0,LOW
2024-01-20 03:00:00,Sonapur-Gauge-1,4,0,0.0020089716950563107,0,LOW
2024-01-20 04:00:00,Chamoli-Gauge-1,1,0,0.0022211214123443335,0,LOW
2024-01-20 04:00:00,Kolkata-Gauge-1,2,0,0.0020089716950563107,0,LOW
2024-01-20 04:00:00,Guwahati-Gauge-1,3,0,0.0020089716950563107,0,LOW
2024-01-20 04:00:00,Sonapur-Gauge-1,4,0,0.0020089716950563107,0,LOW
2024-01-20 05:00:00,Chamoli-Gauge-1,1,0,0.0020594190201051483,0,LOW
2024-01-20 05:00:00,Kolkata-Gauge-1,2,0,0.0020089716950563107,0,LOW
2024-01-20 05:00:00,Guwahati-Gauge-1,3,0,0.0020089716950563107,0,LOW
2024-01-20 05:00:00,Sonapur-Gauge-1,4,0,0.0020089716950563107,0,LOW
2024-01-20 06:00:00,Chamoli-Gauge-1,1,0,0.0020089716950563107,0,LOW
2024-01-20 06:00:00,Kolkata-Gauge-1,2,0,0.0020089716950563107,0,LOW
2024-01-20 06:00:00,Guwahati-Gauge-1,3,0,0.0020089716950563107,0,LOW
2024-01-20 06:00:00,Sonapur-Gauge-1,4,0,0.0020089716950563107,0,LOW
2024-01-20 07:00:00,Chamoli-Gauge-1,1,0,0.0020089716950563107,0,LOW
2024-01-20 07:00:00,Kolkata-Gauge-1,2,0,0.0020089716950563107,0,LOW
2024-01-20 07:00:00,Guwahati-Gauge-1,3,0,0.0020089716950563107,0,LOW
2024-01-20 07:00:00,Sonapur-Gauge-1,4,0,0.0020089716950563107,0,LOW
2024-01-20 08:00:00,Chamoli-Gauge-1,1,0,0.0020089716950563107,0,LOW
2024-01-20 08:00:00,Kolkata-Gauge-1,2,0,0.0020089716950563107,0,LOW
2024-01-20 08:00:00,Guwahati-Gauge-1,3,0,0.0020089716950563107,0,LOW
2024-01-20 08:00:00,Sonapur-Gauge-1,4,0,0.0020089716950563107,0,LOW
2024-01-20 09:00:00,Chamoli-Gauge-1,1,0,0.0020089716950563107,0,LOW
2024-01-20 09:00:00,Kolkata-Gauge-1,2,0,0.0020807098624137047,0,LOW
2024-01-20 09:00:00,Guwahati-Gauge-1,3,0,0.0020089716950563107,0,LOW
2024-01-20 09:00:00,Sonapur-Gauge-1,4,0,0.0020089716950563107,0,LOW
2024-01-20 10:00:00,Chamoli-Gauge-1,1,0,0.0020089716950563107,0,LOW
2024-01-20 10:00:00,Kolkata-Gauge-1,2,0,0.0020089716950563107,0,LOW
2024-01-20 10:00:00,Guwahati-Gauge-1,3,0,0.0024148193500689295,0,LOW
2024-01-20 10:00:00,Sonapur-Gauge-1,4,0,0.0020089716950563107,0,LOW
2024-01-20 11:00:00,Chamoli-Gauge-1,1,0,0.0020089716950563107,0,LOW
2024-01-20 11:00:00,Kolkata-Gauge-1,2,0,0.0020089716950563107,0,LOW
2024-01-20 11:00:00,Guwahati-Gauge-1,3,0,0.0020089716950563107,0,LOW
2024-01-20 11:00:00,Sonapur-Gauge-1,4,0,0.0020089716950563107,0,LOW
2024-01-20 12:00:00,Chamoli-Gauge-1,1,0,0.0020089716950563107,0,LOW
2024-01-20 12:00:00,Kolkata-Gauge-1,2,0,0.0020089716950563107,0,LOW
2024-01-20 12:00:00,Guwahati-Gauge-1,3,0,0.0020089716950563107,0,LOW
2024-01-20 12:00:00,Sonapur-Gauge-1,4,0,0.0020089716950563107,0,LOW
2024-01-20 13:00:00,Chamoli-Gauge-1,1,0,0.0020089716950563107,0,LOW
2024-01-20 13:00:00,Kolkata-Gauge-1,2,0,0.0020089716950563107,0,LOW
2024-01-20 13:00:00,Guwahati-Gauge-1,3,0,0.0020089716950563107,0,LOW
2024-01-20 13:00:00,Sonapur-Gauge-1,4,0,0.0020089716950563107,0,LOW
2024-01-20 14:00:00,Chamoli-Gauge-1,1,0,0.0020502026726298907,0,LOW
2024-01-20 14:00:00,Kolkata-Gauge-1,2,0,0.0020089716950563107,0,LOW
2024-01-20 14:00:00,Guwahati-Gauge-1,3,0,0.0020089716950563107,0,LOW
2024-01-20 14:00:00,Sonapur-Gauge-1,4,0,0.0020089716950563107,0,LOW
2024-01-20 15:00:00,Chamoli-Gauge-1,1,0,0.002121820862781413,0,LOW
2024-01-20 15:00:00,Kolkata-Gauge-1,2,0,0.0020089716950563107,0,LOW
2024-01-20 15:00:00,Guwahati-Gauge-1,3,0,0.0020089716950563107,0,LOW
2024-01-20 15:00:00,Sonapur-Gauge-1,4,0,0.0020089716950563107,0,LOW
2024-01-20 16:00:00,Chamoli-Gauge-1,1,0,0.0020502026726298907,0,LOW
2024-01-20 16:00:00,Kolkata-Gauge-1,2,0,0.0020089716950563107,0,LOW
2024-01-20 16:00:00,Guwahati-Gauge-1,3,0,0.0023526271550269396,0,LOW
2024-01-20 16:00:00,Sonapur-Gauge-1,4,0,0.0020089716950563107,0,LOW
2024-01-20 17:00:00,Chamoli-Gauge-1,1,0,0.002068010785321389,0,LOW
2024-01-20 17:00:00,Kolkata-Gauge-1,2,0,0.0020089716950563107,0,LOW
2024-01-20 17:00:00,Guwahati-Gauge-1,3,0,0.0020089716950563107,0,LOW
2024-01-20 17:00:00,Sonapur-Gauge-1,4,0,0.0020089716950563107,0,LOW
2024-01-20 18:00:00,Chamoli-Gauge-1,1,0,0.002067363408885465,0,LOW
2024-01-20 18:00:00,Kolkata-Gauge-1,2,0,0.0020089716950563107,0,LOW
2024-01-20 18:00:00,Guwahati-Gauge-1,3,0,0.0020089716950563107,0,LOW
2024-01-20 18:00:00,Sonapur-Gauge-1,4,0,0.0020089716950563107,0,LOW
2024-01-20 19:00:00,Chamoli-Gauge-1,1,0,0.0020089716950563107,0,LOW
2024-01-20 19:00:00,Kolkata-Gauge-1,2,0,0.0020249417650515284,0,LOW
2024-01-20 19:00:00,Guwahati-Gauge-1,3,0,0.0020089716950563107,0,LOW
2024-01-20 19:00:00,Sonapur-Gauge-1,4,0,0.0020089716950563107,0,LOW
2024-01-20 20:00:00,Chamoli-Gauge-1,1,0,0.0020717493899805217,0,LOW
2024-01-20 20:00:00,Kolkata-Gauge-1,2,0,0.0020761942250146753,0,LOW
2024-01-20 20:00:00,Guwahati-Gauge-1,3,0,0.0020089716950563107,0,LOW
2024-01-20 20:00:00,Sonapur-Gauge-1,4,0,0.0020089716950563107,0,LOW
2024-01-20 21:00:00,Chamoli-Gauge-1,1,0,0.0020089716950563107,0,LOW
2024-01-20 21:00:00,Kolkata-Gauge-1,2,0,0.0020249417650515284,0,LOW
2024-01-20 21:00:00,Guwahati-Gauge-1,3,0,0.0020089716950563107,0,LOW
2024-01-20 21:00:00,Sonapur-Gauge-1,4,0,0.0020089716950563107,0,LOW
2024-01-20 22:00:00,Chamoli-Gauge-1,1,0,0.0020089716950563107,0,LOW
2024-01-20 22:00:00,Kolkata-Gauge-1,2,0,0.0020249417650515284,0,LOW
2024-01-20 22:00:00,Guwahati-Gauge-1,3,0,0.0020089716950563107,0,LOW
2024-01-20 22:00:00,Sonapur-Gauge-1,4,0,0.0020089716950563107,0,LOW
2024-01-20 23:00:00,Chamoli-Gauge-1,1,0,0.0020643692810116535,0,LOW
2024-01-20 23:00:00,Kolkata-Gauge-1,2,0,0.0020598207775041947,0,LOW
2024-01-20 23:00:00,Guwahati-Gauge-1,3,0,0.0020089716950563107,0,LOW
2024-01-20 23:00:00,Sonapur-Gauge-1,4,0,0.0020089716950563107,0,LOW
2024-01-21 00:00:00,Chamoli-Gauge-1,1,0,0.0020089716950563107,0,LOW
2024-01-21 00:00:00,Kolkata-Gauge-1,2,0,0.0020089716950563107,0,LOW
2024-01-21 00:00:00,Guwahati-Gauge-1,3,0,0.0020089716950563107,0,LOW
2024-01-21 00:00:00,Sonapur-Gauge-1,4,0,0.0020089716950563107,0,LOW
2024-01-21 01:00:00,Chamoli-Gauge-1,1,0,0.0020852878658568605,0,LOW
2024-01-21 01:00:00,Kolkata-Gauge-1,2,0,0.0020089716950563107,0,LOW
2024-01-21 01:00:00,Guwahati-Gauge-1,3,0,0.0020089716950563107,0,LOW
2024-01-21 01:00:00,Sonapur-Gauge-1,4,0,0.0020089716950563107,0,LOW
2024-01-21 02:00:00,Chamoli-Gauge-1,1,0,0.0020089716950563107,0,LOW
2024-01-21 02:00:00,Kolkata-Gauge-1,2,0,0.003074125700649726,0,LOW
2024-01-21 02:00:00,Guwahati-Gauge-1,3,0,0.0020089716950563107,0,LOW
2024-01-21 02:00:00,Sonapur-Gauge-1,4,0,0.0020089716950563107,0,LOW
2024-01-21 03:00:00,Chamoli-Gauge-1,1,0,0.0020089716950563107,0,LOW
2024-01-21 03:00:00,Kolkata-Gauge-1,2,0,0.0020635205812867007,0,LOW
2024-01-21 03:00:00,Guwahati-Gauge-1,3,0,0.0020089716950563107,0,LOW
2024-01-21 03:00:00,Sonapur-Gauge-1,4,0,0.0020089716950563107,0,LOW
2024-01-21 04:00:00,Chamoli-Gauge-1,1,0,0.0020718267547896047,0,LOW
2024-01-21 04:00:00,Kolkata-Gauge-1,2,0,0.0020089716950563107,0,LOW
2024-01-21 04:00:00,Guwahati-Gauge-1,3,0,0.0020089716950563107,0,LOW
2024-01-21 04:00:00,Sonapur-Gauge-1,4,0,0.0020089716950563107,0,LOW
2024-01-21 05:00:00,Chamoli-Gauge-1,1,0,0.0020089716950563107,0,LOW
2024-01-21 05:00:00,Kolkata-Gauge-1,2,0,0.0020089716950563107,0,LOW
2024-01-21 05:00:00,Guwahati-Gauge-1,3,0,0.0020089716950563107,0,LOW
2024-01-21 05:00:00,Sonapur-Gauge-1,4,0,0.0020089716950563107,0,LOW
2024-01-21 06:00:00,Chamoli-Gauge-1,1,0,0.0020089716950563107,0,LOW
2024-01-21 06:00:00,Kolkata-Gauge-1,2,0,0.0020089716950563107,0,LOW
2024-01-21 06:00:00,Guwahati-Gauge-1,3,0,0.0020089716950563107,0,LOW
2024-01-21 06:00:00,Sonapur-Gauge-1,4,0,0.0020089716950563107,0,LOW
2024-01-21 07:00:00,Chamoli-Gauge-1,1,0,0.0020089716950563107,0,LOW
2024-01-21 07:00:00,Kolkata-Gauge-1,2,0,0.0020089716950563107,0,LOW
2024-01-21 07:00:00,Guwahati-Gauge-1,3,0,0.0020089716950563107,0,LOW
2024-01-21 07:00:00,Sonapur-Gauge-1,4,0,0.0020089716950563107,0,LOW
2024-01-21 08:00:00,Chamoli-Gauge-1,1,0,0.0020089716950563107,0,LOW
2024-01-21 08:00:00,Kolkata-Gauge-1,2,0,0.0020089716950563107,0,LOW
2024-01-21 08:00:00,Guwahati-Gauge-1,3,0,0.0020089716950563107,0,LOW
2024-01-21 08:00:00,Sonapur-Gauge-1,4,0,0.0020089716950563107,0,LOW
2024-01-21 09:00:00,Chamoli-Gauge-1,1,0,0.0020089716950563107,0,LOW
2024-01-21 09:00:00,Kolkata-Gauge-1,2,0,0.0020089716950563107,0,LOW
2024-01-21 09:00:00,Guwahati-Gauge-1,3,0,0.0020089716950563107,0,LOW
2024-01-21 09:00:00,Sonapur-Gauge-1,4,0,0.0020089716950563107,0,LOW
2024-01-21 10:00:00,Chamoli-Gauge-1,1,0,0.0020089716950563107,0,LOW
2024-01-21 10:00:00,Kolkata-Gauge-1,2,0,0.0021989776469963085,0,LOW
2024-01-21 10:00:00,Guwahati-Gauge-1,3,0,0.0020089716950563107,0,LOW
2024-01-21 10:00:00,Sonapur-Gauge-1,4,0,0.0020089716950563107,0,LOW
2024-01-21 11:00:00,Chamoli-Gauge-1,1,0,0.0020089716950563107,0,LOW
2024-01-21 11:00:00,Kolkata-Gauge-1,2,0,0.0022471095969640075,0,LOW
2024-01-21 11:00:00,Guwahati-Gauge-1,3,0,0.0020089716950563107,0,LOW
2024-01-21 11:00:00,Sonapur-Gauge-1,4,0,0.0020089716950563107,0,LOW
2024-01-21 12:00:00,Chamoli-Gauge-1,1,0,0.0020089716950563107,0,LOW
2024-01-21 12:00:00,Kolkata-Gauge-1,2,0,0.0021256451578775693,0,LOW
2024-01-21 12:00:00,Guwahati-Gauge-1,3,0,0.0020089716950563107,0,LOW
2024-01-21 12:00:00,Sonapur-Gauge-1,4,0,0.0020089716950563107,0,LOW
2024-01-21 13:00:00,Chamoli-Gauge-1,1,0,0.0020089716950563107,0,LOW
2024-01-21 13:00:00,Kolkata-Gauge-1,2,0,0.002134415514241935,0,LOW
2024-01-21 13:00:00,Guwahati-Gauge-1,3,0,0.0020089716950563107,0,LOW
2024-01-21 13:00:00,Sonapur-Gauge-1,4,0,0.0020089716950563107,0,LOW
2024-01-21 14:00:00,Chamoli-Gauge-1,1,0,0.0020089716950563107,0,LOW
2024-01-21 14:00:00,Kolkata-Gauge-1,2,0,0.0021413059025476764,0,LOW
2024-01-21 14:00:00,Guwahati-Gauge-1,3,0,0.0020089716950563107,0,LOW
2024-01-21 14:00:00,Sonapur-Gauge-1,4,0,0.0020089716950563107,0,LOW
2024-01-21 15:00:00,Chamoli-Gauge-1,1,0,0.0020089716950563107,0,LOW
2024-01-21 15:00:00,Kolkata-Gauge-1,2,0,0.002261315424855098,0,LOW
2024-01-21 15:00:00,Guwahati-Gauge-1,3,0,0.0020089716950563107,0,LOW
2024-01-21 15:00:00,Sonapur-Gauge-1,4,0,0.0020089716950563107,0,LOW
2024-01-21 16:00:00,Chamoli-Gauge-1,1,0,0.0020089716950563107,0,LOW
2024-01-21 16:00:00,Kolkata-Gauge-1,2,0,0.003243295630260038,0,LOW
2024-01-21 16:00:00,Guwahati-Gauge-1,3,0,0.0020089716950563107,0,LOW
2024-01-21 16:00:00,Sonapur-Gauge-1,4,0,0.0020089716950563107,0,LOW
2024-01-21 17:00:00,Chamoli-Gauge-1,1,0,0.0020089716950563107,0,LOW
2024-01-21 17:00:00,Kolkata-Gauge-1,2,0,0.0023191686287941386,0,LOW
2024-01-21 17:00:00,Guwahati-Gauge-1,3,0,0.0020089716950563107,0,LOW
2024-01-21 17:00:00,Sonapur-Gauge-1,4,0,0.0020089716950563107,0,LOW
2024-01-21 18:00:00,Chamoli-Gauge-1,1,0,0.0020089716950563107,0,LOW
2024-01-21 18:00:00,Kolkata-Gauge-1,2,0,0.0032674845298465063,0,LOW
2024-01-21 18:00:00,Guwahati-Gauge-1,3,0,0.0020089716950563107,0,LOW
2024-01-21 18:00:00,Sonapur-Gauge-1,4,0,0.0020089716950563107,0,LOW
2024-01-21 19:00:00,Chamoli-Gauge-1,1,0,0.0020089716950563107,0,LOW
2024-01-21 19:00:00,Kolkata-Gauge-1,2,0,0.006206972592996247,0,LOW
2024-01-21 19:00:00,Guwahati-Gauge-1,3,0,0.0020089716950563107,0,LOW
2024-01-21 19:00:00,Sonapur-Gauge-1,4,0,0.0020089716950563107,0,LOW
2024-01-21 20:00:00,Chamoli-Gauge-1,1,0,0.0020089716950563107,0,LOW
2024-01-21 20:00:00,Kolkata-Gauge-1,2,0,0.005546661211132089,0,LOW
2024-01-21 20:00:00,Guwahati-Gauge-1,3,0,0.0020089716950563107,0,LOW
2024-01-21 20:00:00,Sonapur-Gauge-1,4,0,0.0020089716950563107,0,LOW
2024-01-21 21:00:00,Chamoli-Gauge-1,1,0,0.0020089716950563107,0,LOW
2024-01-21 21:00:00,Kolkata-Gauge-1,2,0,0.0027847341862375263,0,LOW
2024-01-21 21:00:00,Guwahati-Gauge-1,3,0,0.0020089716950563107,0,LOW
2024-01-21 21:00:00,Sonapur-Gauge-1,4,0,0.0020089716950563107,0,LOW
2024-01-21 22:00:00,Chamoli-Gauge-1,1,0,0.0020089716950563107,0,LOW
2024-01-21 22:00:00,Kolkata-Gauge-1,2,0,0.0027696341439761205,0,LOW
2024-01-21 22:00:00,Guwahati-Gauge-1,3,0,0.0020089716950563107,0,LOW
2024-01-21 22:00:00,Sonapur-Gauge-1,4,0,0.0020089716950563107,0,LOW
2024-01-21 23:00:00,Chamoli-Gauge-1,1,0,0.0020089716950563107,0,LOW
2024-01-21 23:00:00,Kolkata-Gauge-1,2,0,0.005480596332979144,0,LOW
2024-01-21 23:00:00,Guwahati-Gauge-1,3,0,0.0020089716950563107,0,LOW
2024-01-21 23:00:00,Sonapur-Gauge-1,4,0,0.0020089716950563107,0,LOW
2024-01-22 00:00:00,Chamoli-Gauge-1,1,0,0.0020089716950563107,0,LOW
2024-01-22 00:00:00,Kolkata-Gauge-1,2,1,0.6909289763439784,1,HIGH
2024-01-22 00:00:00,Guwahati-Gauge-1,3,0,0.0020089716950563107,0,LOW
2024-01-22 00:00:00,Sonapur-Gauge-1,4,0,0.0020089716950563107,0,LOW
2024-01-22 01:00:00,Chamoli-Gauge-1,1,0,0.0020089716950563107,0,LOW
2024-01-22 01:00:00,Kolkata-Gauge-1,2,1,0.9993026958770629,1,EXTREME
2024-01-22 01:00:00,Guwahati-Gauge-1,3,0,0.0020089716950563107,0,LOW
2024-01-22 01:00:00,Sonapur-Gauge-1,4,0,0.0020089716950563107,0,LOW
2024-01-22 02:00:00,Chamoli-Gauge-1,1,0,0.0020089716950563107,0,LOW
2024-01-22 02:00:00,Kolkata-Gauge-1,2,1,0.999606566159734,1,EXTREME
2024-01-22 02:00:00,Guwahati-Gauge-1,3,0,0.0020089716950563107,0,LOW
2024-01-22 02:00:00,Sonapur-Gauge-1,4,0,0.0020089716950563107,0,LOW
2024-01-22 03:00:00,Chamoli-Gauge-1,1,0,0.0020089716950563107,0,LOW
2024-01-22 03:00:00,Kolkata-Gauge-1,2,1,0.9996438764206228,1,EXTREME
2024-01-22 03:00:00,Guwahati-Gauge-1,3,0,0.0020089716950563107,0,LOW
2024-01-22 03:00:00,Sonapur-Gauge-1,4,0,0.0020089716950563107,0,LOW
2024-01-22 04:00:00,Chamoli-Gauge-1,1,0,0.0020089716950563107,0,LOW
2024-01-22 04:00:00,Kolkata-Gauge-1,2,1,0.9996275967555968,1,EXTREME
2024-01-22 04:00:00,Guwahati-Gauge-1,3,0,0.0020089716950563107,0,LOW
2024-01-22 04:00:00,Sonapur-Gauge-1,4,0,0.0020089716950563107,0,LOW
2024-01-22 05:00:00,Chamoli-Gauge-1,1,0,0.0020089716950563107,0,LOW
2024-01-22 05:00:00,Kolkata-Gauge-1,2,1,0.9996287465374812,1,EXTREME
2024-01-22 05:00:00,Guwahati-Gauge-1,3,0,0.0020089716950563107,0,LOW
2024-01-22 05:00:00,Sonapur-Gauge-1,4,0,0.0020089716950563107,0,LOW
2024-01-22 06:00:00,Chamoli-Gauge-1,1,0,0.0020089716950563107,0,LOW
2024-01-22 06:00:00,Kolkata-Gauge-1,2,1,0.9996298596834513,1,EXTREME
2024-01-22 06:00:00,Guwahati-Gauge-1,3,0,0.0020089716950563107,0,LOW
2024-01-22 06:00:00,Sonapur-Gauge-1,4,0,0.0020089716950563107,0,LOW
2024-01-22 07:00:00,Chamoli-Gauge-1,1,0,0.0020089716950563107,0,LOW
2024-01-22 07:00:00,Kolkata-Gauge-1,2,1,0.9996163213600302,1,EXTREME
2024-01-22 07:00:00,Guwahati-Gauge-1,3,0,0.0020089716950563107,0,LOW
2024-01-22 07:00:00,Sonapur-Gauge-1,4,0,0.0020089716950563107,0,LOW
2024-01-22 08:00:00,Chamoli-Gauge-1,1,0,0.0020089716950563107,0,LOW
2024-01-22 08:00:00,Kolkata-Gauge-1,2,1,0.9996565421298006,1,EXTREME
2024-01-22 08:00:00,Guwahati-Gauge-1,3,0,0.0020089716950563107,0,LOW
2024-01-22 08:00:00,Sonapur-Gauge-1,4,0,0.0020089716950563107,0,LOW
2024-01-22 09:00:00,Chamoli-Gauge-1,1,0,0.0020089716950563107,0,LOW
2024-01-22 09:00:00,Kolkata-Gauge-1,2,1,0.9996521775403435,1,EXTREME
2024-01-22 09:00:00,Guwahati-Gauge-1,3,0,0.0020089716950563107,0,LOW
2024-01-22 09:00:00,Sonapur-Gauge-1,4,0,0.0020089716950563107,0,LOW
2024-01-22 10:00:00,Chamoli-Gauge-1,1,0,0.0020089716950563107,0,LOW
2024-01-22 10:00:00,Kolkata-Gauge-1,2,1,0.9996550973126646,1,EXTREME
2024-01-22 10:00:00,Guwahati-Gauge-1,3,0,0.0020089716950563107,0,LOW
2024-01-22 10:00:00,Sonapur-Gauge-1,4,0,0.0020089716950563107,0,LOW
2024-01-22 11:00:00,Chamoli-Gauge-1,1,0,0.0020089716950563107,0,LOW
2024-01-22 11:00:00,Kolkata-Gauge-1,2,1,0.9996600608077871,1,EXTREME
2024-01-22 11:00:00,Guwahati-Gauge-1,3,0,0.0020089716950563107,0,LOW
2024-01-22 11:00:00,Sonapur-Gauge-1,4,0,0.0020089716950563107,0,LOW
2024-01-22 12:00:00,Chamoli-Gauge-1,1,0,0.0020089716950563107,0,LOW
2024-01-22 12:00:00,Kolkata-Gauge-1,2,1,0.9996600608077871,1,EXTREME
2024-01-22 12:00:00,Guwahati-Gauge-1,3,0,0.0020089716950563107,0,LOW
2024-01-22 12:00:00,Sonapur-Gauge-1,4,0,0.0020089716950563107,0,LOW
2024-01-22 13:00:00,Chamoli-Gauge-1,1,0,0.0020089716950563107,0,LOW
2024-01-22 13:00:00,Kolkata-Gauge-1,2,1,0.9996600608077871,1,EXTREME
2024-01-22 13:00:00,Guwahati-Gauge-1,3,0,0.0020089716950563107,0,LOW
2024-01-22 13:00:00,Sonapur-Gauge-1,4,0,0.0020089716950563107,0,LOW
2024-01-22 14:00:00,Chamoli-Gauge-1,1,0,0.0020089716950563107,0,LOW
2024-01-22 14:00:00,Kolkata-Gauge-1,2,1,0.9996600608077871,1,EXTREME
2024-01-22 14:00:00,Guwahati-Gauge-1,3,0,0.0020089716950563107,0,LOW
2024-01-22 14:00:00,Sonapur-Gauge-1,4,0,0.0020089716950563107,0,LOW
2024-01-22 15:00:00,Chamoli-Gauge-1,1,0,0.0020089716950563107,0,LOW
2024-01-22 15:00:00,Kolkata-Gauge-1,2,1,0.9996600608077871,1,EXTREME
2024-01-22 15:00:00,Guwahati-Gauge-1,3,0,0.0020089716950563107,0,LOW
2024-01-22 15:00:00,Sonapur-Gauge-1,4,0,0.0020089716950563107,0,LOW
2024-01-22 16:00:00,Chamoli-Gauge-1,1,0,0.0020089716950563107,0,LOW
2024-01-22 16:00:00,Kolkata-Gauge-1,2,1,0.9996600608077871,1,EXTREME
2024-01-22 16:00:00,Guwahati-Gauge-1,3,0,0.0020089716950563107,0,LOW
2024-01-22 16:00:00,Sonapur-Gauge-1,4,0,0.0020089716950563107,0,LOW
2024-01-22 17:00:00,Chamoli-Gauge-1,1,0,0.0020089716950563107,0,LOW
2024-01-22 17:00:00,Kolkata-Gauge-1,2,1,0.9996600608077871,1,EXTREME
2024-01-22 17:00:00,Guwahati-Gauge-1,3,0,0.0020089716950563107,0,LOW
2024-01-22 17:00:00,Sonapur-Gauge-1,4,0,0.0020089716950563107,0,LOW
2024-01-22 18:00:00,Chamoli-Gauge-1,1,0,0.0020089716950563107,0,LOW
2024-01-22 18:00:00,Kolkata-Gauge-1,2,1,0.9996600608077871,1,EXTREME
2024-01-22 18:00:00,Guwahati-Gauge-1,3,0,0.0020089716950563107,0,LOW
2024-01-22 18:00:00,Sonapur-Gauge-1,4,0,0.0020089716950563107,0,LOW
2024-01-22 19:00:00,Chamoli-Gauge-1,1,0,0.0020089716950563107,0,LOW
2024-01-22 19:00:00,Kolkata-Gauge-1,2,1,0.9996600608077871,1,EXTREME
2024-01-22 19:00:00,Guwahati-Gauge-1,3,0,0.0020089716950563107,0,LOW
2024-01-22 19:00:00,Sonapur-Gauge-1,4,0,0.0020089716950563107,0,LOW
2024-01-22 20:00:00,Chamoli-Gauge-1,1,0,0.0020089716950563107,0,LOW
2024-01-22 20:00:00,Kolkata-Gauge-1,2,1,0.9996600608077871,1,EXTREME
2024-01-22 20:00:00,Guwahati-Gauge-1,3,0,0.0020089716950563107,0,LOW
2024-01-22 20:00:00,Sonapur-Gauge-1,4,0,0.0020089716950563107,0,LOW
2024-01-22 21:00:00,Chamoli-Gauge-1,1,0,0.0020089716950563107,0,LOW
2024-01-22 21:00:00,Kolkata-Gauge-1,2,1,0.9996600608077871,1,EXTREME
2024-01-22 21:00:00,Guwahati-Gauge-1,3,0,0.0020089716950563107,0,LOW
2024-01-22 21:00:00,Sonapur-Gauge-1,4,0,0.0020089716950563107,0,LOW
2024-01-22 22:00:00,Chamoli-Gauge-1,1,0,0.0020089716950563107,0,LOW
2024-01-22 22:00:00,Kolkata-Gauge-1,2,1,0.9996567819001952,1,EXTREME
2024-01-22 22:00:00,Guwahati-Gauge-1,3,0,0.0020089716950563107,0,LOW
2024-01-22 22:00:00,Sonapur-Gauge-1,4,0,0.0020089716950563107,0,LOW
2024-01-22 23:00:00,Chamoli-Gauge-1,1,0,0.0020089716950563107,0,LOW
2024-01-22 23:00:00,Kolkata-Gauge-1,2,1,0.9996587691423415,1,EXTREME
2024-01-22 23:00:00,Guwahati-Gauge-1,3,0,0.0020089716950563107,0,LOW
2024-01-22 23:00:00,Sonapur-Gauge-1,4,0,0.0020089716950563107,0,LOW
2024-01-23 00:00:00,Chamoli-Gauge-1,1,0,0.0020089716950563107,0,LOW
2024-01-23 00:00:00,Kolkata-Gauge-1,2,1,0.9996600608077871,1,EXTREME
2024-01-23 00:00:00,Guwahati-Gauge-1,3,0,0.0020089716950563107,0,LOW
2024-01-23 00:00:00,Sonapur-Gauge-1,4,0,0.0020089716950563107,0,LOW
2024-01-23 01:00:00,Chamoli-Gauge-1,1,0,0.0020089716950563107,0,LOW
2024-01-23 01:00:00,Kolkata-Gauge-1,2,1,0.9996384448702194,1,EXTREME
2024-01-23 01:00:00,Guwahati-Gauge-1,3,0,0.0020089716950563107,0,LOW
2024-01-23 01:00:00,Sonapur-Gauge-1,4,0,0.0020089716950563107,0,LOW
2024-01-23 02:00:00,Chamoli-Gauge-1,1,0,0.0020089716950563107,0,LOW
2024-01-23 02:00:00,Kolkata-Gauge-1,2,1,0.9996596322081489,1,EXTREME
2024-01-23 02:00:00,Guwahati-Gauge-1,3,0,0.0020089716950563107,0,LOW
2024-01-23 02:00:00,Sonapur-Gauge-1,4,0,0.0020089716950563107,0,LOW
2024-01-23 03:00:00,Chamoli-Gauge-1,1,0,0.0020089716950563107,0,LOW
2024-01-23 03:00:00,Kolkata-Gauge-1,2,1,0.9996591339116814,1,EXTREME
2024-01-23 03:00:00,Guwahati-Gauge-1,3,0,0.0020089716950563107,0,LOW
2024-01-23 03:00:00,Sonapur-Gauge-1,4,0,0.0020089716950563107,0,LOW
2024-01-23 04:00:00,Chamoli-Gauge-1,1,0,0.0020089716950563107,0,LOW
2024-01-23 04:00:00,Kolkata-Gauge-1,2,1,0.999655915010996,1,EXTREME
2024-01-23 04:00:00,Guwahati-Gauge-1,3,0,0.0020089716950563107,0,LOW
2024-01-23 04:00:00,Sonapur-Gauge-1,4,0,0.0020089716950563107,0,LOW
2024-01-23 05:00:00,Chamoli-Gauge-1,1,0,0.0020089716950563107,0,LOW
2024-01-23 05:00:00,Kolkata-Gauge-1,2,1,0.9996565775534817,1,EXTREME
2024-01-23 05:00:00,Guwahati-Gauge-1,3,0,0.0020089716950563107,0,LOW
2024-01-23 05:00:00,Sonapur-Gauge-1,4,0,0.0020089716950563107,0,LOW
2024-01-23 06:00:00,Chamoli-Gauge-1,1,0,0.0020089716950563107,0,LOW
2024-01-23 06:00:00,Kolkata-Gauge-1,2,1,0.9996581753668295,1,EXTREME
2024-01-23 06:00:00,Guwahati-Gauge-1,3,0,0.0020089716950563107,0,LOW
2024-01-23 06:00:00,Sonapur-Gauge-1,4,0,0.0020089716950563107,0,LOW
2024-01-23 07:00:00,Chamoli-Gauge-1,1,0,0.002054606661774996,0,LOW
2024-01-23 07:00:00,Kolkata-Gauge-1,2,1,0.9996574255048114,1,EXTREME
2024-01-23 07:00:00,Guwahati-Gauge-1,3,0,0.0020089716950563107,0,LOW
2024-01-23 07:00:00,Sonapur-Gauge-1,4,0,0.0020089716950563107,0,LOW
2024-01-23 08:00:00,Chamoli-Gauge-1,1,0,0.002276455894041122,0,LOW
2024-01-23 08:00:00,Kolkata-Gauge-1,2,1,0.9996600608077871,1,EXTREME
2024-01-23 08:00:00,Guwahati-Gauge-1,3,0,0.0020089716950563107,0,LOW
2024-01-23 08:00:00,Sonapur-Gauge-1,4,0,0.0020089716950563107,0,LOW
2024-01-23 09:00:00,Chamoli-Gauge-1,1,0,0.002233543624301213,0,LOW
2024-01-23 09:00:00,Kolkata-Gauge-1,2,1,0.999659050368733,1,EXTREME
2024-01-23 09:00:00,Guwahati-Gauge-1,3,0,0.0020089716950563107,0,LOW
2024-01-23 09:00:00,Sonapur-Gauge-1,4,0,0.0020089716950563107,0,LOW
2024-01-23 10:00:00,Chamoli-Gauge-1,1,0,0.0022802588211016683,0,LOW
2024-01-23 10:00:00,Kolkata-Gauge-1,2,1,0.9996600608077871,1,EXTREME
2024-01-23 10:00:00,Guwahati-Gauge-1,3,0,0.0020089716950563107,0,LOW
2024-01-23 10:00:00,Sonapur-Gauge-1,4,0,0.0020089716950563107,0,LOW
2024-01-23 11:00:00,Chamoli-Gauge-1,1,0,0.0022824824067376862,0,LOW
2024-01-23 11:00:00,Kolkata-Gauge-1,2,1,0.9996600608077871,1,EXTREME
2024-01-23 11:00:00,Guwahati-Gauge-1,3,0,0.0020089716950563107,0,LOW
2024-01-23 11:00:00,Sonapur-Gauge-1,4,0,0.0020089716950563107,0,LOW
2024-01-23 12:00:00,Chamoli-Gauge-1,1,0,0.0020602267285821066,0,LOW
2024-01-23 12:00:00,Kolkata-Gauge-1,2,1,0.9996600608077871,1,EXTREME
2024-01-23 12:00:00,Guwahati-Gauge-1,3,0,0.0020089716950563107,0,LOW
2024-01-23 12:00:00,Sonapur-Gauge-1,4,0,0.0020720282969131994,0,LOW
2024-01-23 13:00:00,Chamoli-Gauge-1,1,0,0.0024233435917061126,0,LOW
2024-01-23 13:00:00,Kolkata-Gauge-1,2,1,0.9996432516092851,1,EXTREME
2024-01-23 13:00:00,Guwahati-Gauge-1,3,0,0.0020089716950563107,0,LOW
2024-01-23 13:00:00,Sonapur-Gauge-1,4,0,0.0020089716950563107,0,LOW
2024-01-23 14:00:00,Chamoli-Gauge-1,1,0,0.002878310717803508,0,LOW
2024-01-23 14:00:00,Kolkata-Gauge-1,2,1,0.9996446175791524,1,EXTREME
2024-01-23 14:00:00,Guwahati-Gauge-1,3,0,0.0020089716950563107,0,LOW
2024-01-23 14:00:00,Sonapur-Gauge-1,4,0,0.0020089716950563107,0,LOW
2024-01-23 15:00:00,Chamoli-Gauge-1,1,0,0.0024200726232409065,0,LOW
2024-01-23 15:00:00,Kolkata-Gauge-1,2,1,0.9996549892511096,1,EXTREME
2024-01-23 15:00:00,Guwahati-Gauge-1,3,0,0.0020089716950563107,0,LOW
2024-01-23 15:00:00,Sonapur-Gauge-1,4,0,0.2716278306330868,0,LOW
2024-01-23 16:00:00,Chamoli-Gauge-1,1,0,0.0023155228289578767,0,LOW
2024-01-23 16:00:00,Kolkata-Gauge-1,2,1,0.9996519911982336,1,EXTREME
2024-01-23 16:00:00,Guwahati-Gauge-1,3,0,0.0020089716950563107,0,LOW
2024-01-23 16:00:00,Sonapur-Gauge-1,4,1,0.9957014868350368,1,EXTREME
2024-01-23 17:00:00,Chamoli-Gauge-1,1,0,0.002087870466456596,0,LOW
2024-01-23 17:00:00,Kolkata-Gauge-1,2,1,0.9996593360137609,1,EXTREME
2024-01-23 17:00:00,Guwahati-Gauge-1,3,0,0.0020089716950563107,0,LOW
2024-01-23 17:00:00,Sonapur-Gauge-1,4,1,0.9994046615499554,1,EXTREME
2024-01-23 18:00:00,Chamoli-Gauge-1,1,0,0.0020089716950563107,0,LOW
2024-01-23 18:00:00,Kolkata-Gauge-1,2,1,0.9996600608077871,1,EXTREME
2024-01-23 18:00:00,Guwahati-Gauge-1,3,0,0.0020089716950563107,0,LOW
2024-01-23 18:00:00,Sonapur-Gauge-1,4,1,0.9992078042389447,1,EXTREME
2024-01-23 19:00:00,Chamoli-Gauge-1,1,0,0.0020089716950563107,0,LOW
2024-01-23 19:00:00,Kolkata-Gauge-1,2,1,0.9996594673792274,1,EXTREME
2024-01-23 19:00:00,Guwahati-Gauge-1,3,0,0.0020089716950563107,0,LOW
2024-01-23 19:00:00,Sonapur-Gauge-1,4,1,0.9994133473965803,1,EXTREME
2024-01-23 20:00:00,Chamoli-Gauge-1,1,0,0.0020089716950563107,0,LOW
2024-01-23 20:00:00,Kolkata-Gauge-1,2,1,0.9996594673792274,1,EXTREME
2024-01-23 20:00:00,Guwahati-Gauge-1,3,0,0.0020089716950563107,0,LOW
2024-01-23 20:00:00,Sonapur-Gauge-1,4,1,0.9995343519692566,1,EXTREME
2024-01-23 21:00:00,Chamoli-Gauge-1,1,0,0.0020089716950563107,0,LOW
2024-01-23 21:00:00,Kolkata-Gauge-1,2,1,0.9996594987601923,1,EXTREME
2024-01-23 21:00:00,Guwahati-Gauge-1,3,0,0.0020089716950563107,0,LOW
2024-01-23 21:00:00,Sonapur-Gauge-1,4,1,0.9994503574949192,1,EXTREME
2024-01-23 22:00:00,Chamoli-Gauge-1,1,0,0.0020089716950563107,0,LOW
2024-01-23 22:00:00,Kolkata-Gauge-1,2,1,0.9996600608077871,1,EXTREME
2024-01-23 22:00:00,Guwahati-Gauge-1,3,0,0.0020089716950563107,0,LOW
2024-01-23 22:00:00,Sonapur-Gauge-1,4,1,0.9995544463950367,1,EXTREME
2024-01-23 23:00:00,Chamoli-Gauge-1,1,0,0.0020604723395928125,0,LOW
2024-01-23 23:00:00,Kolkata-Gauge-1,2,1,0.9996582120615451,1,EXTREME
2024-01-23 23:00:00,Guwahati-Gauge-1,3,0,0.0020089716950563107,0,LOW
2024-01-23 23:00:00,Sonapur-Gauge-1,4,1,0.9994984846232087,1,EXTREME
2024-01-24 00:00:00,Chamoli-Gauge-1,1,0,0.0020089716950563107,0,LOW
2024-01-24 00:00:00,Kolkata-Gauge-1,2,1,0.9996600608077871,1,EXTREME
2024-01-24 00:00:00,Guwahati-Gauge-1,3,0,0.0020089716950563107,0,LOW
2024-01-24 00:00:00,Sonapur-Gauge-1,4,1,0.9993505372083648,1,EXTREME
2024-01-24 01:00:00,Chamoli-Gauge-1,1,0,0.0020089716950563107,0,LOW
2024-01-24 01:00:00,Kolkata-Gauge-1,2,1,0.9996587847733097,1,EXTREME
2024-01-24 01:00:00,Guwahati-Gauge-1,3,0,0.0020089716950563107,0,LOW
2024-01-24 01:00:00,Sonapur-Gauge-1,4,1,0.999228238087392,1,EXTREME
2024-01-24 02:00:00,Chamoli-Gauge-1,1,0,0.0020089716950563107,0,LOW
2024-01-24 02:00:00,Kolkata-Gauge-1,2,1,0.9996600608077871,1,EXTREME
2024-01-24 02:00:00,Guwahati-Gauge-1,3,0,0.0020089716950563107,0,LOW
2024-01-24 02:00:00,Sonapur-Gauge-1,4,1,0.9982418965724165,1,EXTREME
2024-01-24 03:00:00,Chamoli-Gauge-1,1,0,0.0020089716950563107,0,LOW
2024-01-24 03:00:00,Kolkata-Gauge-1,2,1,0.9996554356988053,1,EXTREME
2024-01-24 03:00:00,Guwahati-Gauge-1,3,0,0.0020089716950563107,0,LOW
2024-01-24 03:00:00,Sonapur-Gauge-1,4,0,0.0322965132034361,0,LOW
2024-01-24 04:00:00,Chamoli-Gauge-1,1,0,0.0020089716950563107,0,LOW
2024-01-24 04:00:00,Kolkata-Gauge-1,2,1,0.9996600608077871,1,EXTREME
2024-01-24 04:00:00,Guwahati-Gauge-1,3,0,0.0020089716950563107,0,LOW
2024-01-24 04:00:00,Sonapur-Gauge-1,4,0,0.012238447602973735,0,LOW
2024-01-24 05:00:00,Chamoli-Gauge-1,1,0,0.0020089716950563107,0,LOW
2024-01-24 05:00:00,Kolkata-Gauge-1,2,1,0.9996600608077871,1,EXTREME
2024-01-24 05:00:00,Guwahati-Gauge-1,3,0,0.0020089716950563107,0,LOW
2024-01-24 05:00:00,Sonapur-Gauge-1,4,0,0.008651611280235292,0,LOW
2024-01-24 06:00:00,Chamoli-Gauge-1,1,0,0.0020089716950563107,0,LOW
2024-01-24 06:00:00,Kolkata-Gauge-1,2,1,0.9996582182586544,1,EXTREME
2024-01-24 06:00:00,Guwahati-Gauge-1,3,0,0.0020089716950563107,0,LOW
2024-01-24 06:00:00,Sonapur-Gauge-1,4,0,0.016905700752253474,0,LOW
2024-01-24 07:00:00,Chamoli-Gauge-1,1,0,0.0022874268236285204,0,LOW
2024-01-24 07:00:00,Kolkata-Gauge-1,2,1,0.9996600608077871,1,EXTREME
2024-01-24 07:00:00,Guwahati-Gauge-1,3,0,0.0020089716950563107,0,LOW
2024-01-24 07:00:00,Sonapur-Gauge-1,4,0,0.012530611726260063,0,LOW
2024-01-24 08:00:00,Chamoli-Gauge-1,1,0,0.002128203892245599,0,LOW
2024-01-24 08:00:00,Kolkata-Gauge-1,2,1,0.9996600608077871,1,EXTREME
2024-01-24 08:00:00,Guwahati-Gauge-1,3,0,0.0020089716950563107,0,LOW
2024-01-24 08:00:00,Sonapur-Gauge-1,4,0,0.002064588410725077,0,LOW
2024-01-24 09:00:00,Chamoli-Gauge-1,1,0,0.0020089716950563107,0,LOW
2024-01-24 09:00:00,Kolkata-Gauge-1,2,1,0.9996600608077871,1,EXTREME
2024-01-24 09:00:00,Guwahati-Gauge-1,3,0,0.0020089716950563107,0,LOW
2024-01-24 09:00:00,Sonapur-Gauge-1,4,0,0.002390505490801306,0,LOW
2024-01-24 10:00:00,Chamoli-Gauge-1,1,0,0.0020089716950563107,0,LOW
2024-01-24 10:00:00,Kolkata-Gauge-1,2,1,0.9996600608077871,1,EXTREME
2024-01-24 10:00:00,Guwahati-Gauge-1,3,0,0.0020089716950563107,0,LOW
2024-01-24 10:00:00,Sonapur-Gauge-1,4,0,0.002447156670550563,0,LOW
2024-01-24 11:00:00,Chamoli-Gauge-1,1,0,0.0020089716950563107,0,LOW
2024-01-24 11:00:00,Kolkata-Gauge-1,2,1,0.9996600608077871,1,EXTREME
2024-01-24 11:00:00,Guwahati-Gauge-1,3,0,0.0020089716950563107,0,LOW
2024-01-24 11:00:00,Sonapur-Gauge-1,4,0,0.0022668095045360348,0,LOW
2024-01-24 12:00:00,Chamoli-Gauge-1,1,0,0.0020089716950563107,0,LOW
2024-01-24 12:00:00,Kolkata-Gauge-1,2,1,0.9996600608077871,1,EXTREME
2024-01-24 12:00:00,Guwahati-Gauge-1,3,0,0.0020089716950563107,0,LOW
2024-01-24 12:00:00,Sonapur-Gauge-1,4,0,0.0023781426418096343,0,LOW
2024-01-24 13:00:00,Chamoli-Gauge-1,1,0,0.0020089716950563107,0,LOW
2024-01-24 13:00:00,Kolkata-Gauge-1,2,1,0.9996600608077871,1,EXTREME
2024-01-24 13:00:00,Guwahati-Gauge-1,3,0,0.0020089716950563107,0,LOW
2024-01-24 13:00:00,Sonapur-Gauge-1,4,0,0.002119248699460284,0,LOW
2024-01-24 14:00:00,Chamoli-Gauge-1,1,0,0.0020089716950563107,0,LOW
2024-01-24 14:00:00,Kolkata-Gauge-1,2,1,0.9996600608077871,1,EXTREME
2024-01-24 14:00:00,Guwahati-Gauge-1,3,0,0.0020089716950563107,0,LOW
2024-01-24 14:00:00,Sonapur-Gauge-1,4,0,0.002151985667643641,0,LOW
2024-01-24 15:00:00,Chamoli-Gauge-1,1,0,0.0020089716950563107,0,LOW
2024-01-24 15:00:00,Kolkata-Gauge-1,2,1,0.9996600608077871,1,EXTREME
2024-01-24 15:00:00,Guwahati-Gauge-1,3,0,0.0020089716950563107,0,LOW
2024-01-24 15:00:00,Sonapur-Gauge-1,4,0,0.0021188784026782855,0,LOW
2024-01-24 16:00:00,Chamoli-Gauge-1,1,0,0.0020089716950563107,0,LOW
2024-01-24 16:00:00,Kolkata-Gauge-1,2,1,0.9996600608077871,1,EXTREME
2024-01-24 16:00:00,Guwahati-Gauge-1,3,0,0.0020089716950563107,0,LOW
2024-01-24 16:00:00,Sonapur-Gauge-1,4,0,0.0020508176038943563,0,LOW
2024-01-24 17:00:00,Chamoli-Gauge-1,1,0,0.0020089716950563107,0,LOW
2024-01-24 17:00:00,Kolkata-Gauge-1,2,1,0.9996452730668892,1,EXTREME
2024-01-24 17:00:00,Guwahati-Gauge-1,3,0,0.0020089716950563107,0,LOW
2024-01-24 17:00:00,Sonapur-Gauge-1,4,0,0.0020508176038943563,0,LOW
2024-01-24 18:00:00,Chamoli-Gauge-1,1,0,0.0020089716950563107,0,LOW
2024-01-24 18:00:00,Kolkata-Gauge-1,2,1,0.9996455614438837,1,EXTREME
2024-01-24 18:00:00,Guwahati-Gauge-1,3,0,0.0020089716950563107,0,LOW
2024-01-24 18:00:00,Sonapur-Gauge-1,4,0,0.0024049542883708467,0,LOW
2024-01-24 19:00:00,Chamoli-Gauge-1,1,0,0.0020089716950563107,0,LOW
2024-01-24 19:00:00,Kolkata-Gauge-1,2,1,0.9996550754280585,1,EXTREME
2024-01-24 19:00:00,Guwahati-Gauge-1,3,0,0.0020089716950563107,0,LOW
2024-01-24 19:00:00,Sonapur-Gauge-1,4,0,0.002261288354327145,0,LOW
2024-01-24 20:00:00,Chamoli-Gauge-1,1,0,0.0020089716950563107,0,LOW
2024-01-24 20:00:00,Kolkata-Gauge-1,2,1,0.9996581258695763,1,EXTREME
2024-01-24 20:00:00,Guwahati-Gauge-1,3,0,0.0020089716950563107,0,LOW
2024-01-24 20:00:00,Sonapur-Gauge-1,4,0,0.0020089716950563107,0,LOW
2024-01-24 21:00:00,Chamoli-Gauge-1,1,0,0.0020089716950563107,0,LOW
2024-01-24 21:00:00,Kolkata-Gauge-1,2,1,0.9996600608077871,1,EXTREME
2024-01-24 21:00:00,Guwahati-Gauge-1,3,0,0.0020089716950563107,0,LOW
2024-01-24 21:00:00,Sonapur-Gauge-1,4,0,0.0020089716950563107,0,LOW
2024-01-24 22:00:00,Chamoli-Gauge-1,1,0,0.0020089716950563107,0,LOW
2024-01-24 22:00:00,Kolkata-Gauge-1,2,1,0.9996600608077871,1,EXTREME
2024-01-24 22:00:00,Guwahati-Gauge-1,3,0,0.0020089716950563107,0,LOW
2024-01-24 22:00:00,Sonapur-Gauge-1,4,0,0.002136932474417559,0,LOW
2024-01-24 23:00:00,Chamoli-Gauge-1,1,0,0.0020089716950563107,0,LOW
2024-01-24 23:00:00,Kolkata-Gauge-1,2,1,0.9996600608077871,1,EXTREME
2024-01-24 23:00:00,Guwahati-Gauge-1,3,0,0.0020089716950563107,0,LOW
2024-01-24 23:00:00,Sonapur-Gauge-1,4,0,0.0020717493899805217,0,LOW
2024-01-25 00:00:00,Chamoli-Gauge-1,1,0,0.0020089716950563107,0,LOW
2024-01-25 00:00:00,Kolkata-Gauge-1,2,1,0.9996600608077871,1,EXTREME
2024-01-25 00:00:00,Guwahati-Gauge-1,3,0,0.0020089716950563107,0,LOW
2024-01-25 00:00:00,Sonapur-Gauge-1,4,0,0.0020089716950563107,0,LOW
2024-01-25 01:00:00,Chamoli-Gauge-1,1,0,0.0020089716950563107,0,LOW
2024-01-25 01:00:00,Kolkata-Gauge-1,2,1,0.9996600608077871,1,EXTREME
2024-01-25 01:00:00,Guwahati-Gauge-1,3,0,0.0020089716950563107,0,LOW
2024-01-25 01:00:00,Sonapur-Gauge-1,4,0,0.0020089716950563107,0,LOW
2024-01-25 02:00:00,Chamoli-Gauge-1,1,0,0.0020089716950563107,0,LOW
2024-01-25 02:00:00,Kolkata-Gauge-1,2,1,0.9996547494814856,1,EXTREME
2024-01-25 02:00:00,Guwahati-Gauge-1,3,0,0.0020089716950563107,0,LOW
2024-01-25 02:00:00,Sonapur-Gauge-1,4,0,0.0020089716950563107,0,LOW
2024-01-25 03:00:00,Chamoli-Gauge-1,1,0,0.0020089716950563107,0,LOW
2024-01-25 03:00:00,Kolkata-Gauge-1,2,1,0.9996600608077871,1,EXTREME
2024-01-25 03:00:00,Guwahati-Gauge-1,3,0,0.0020089716950563107,0,LOW
2024-01-25 03:00:00,Sonapur-Gauge-1,4,0,0.0020089716950563107,0,LOW
2024-01-25 04:00:00,Chamoli-Gauge-1,1,0,0.0020089716950563107,0,LOW
2024-01-25 04:00:00,Kolkata-Gauge-1,2,1,0.9996600608077871,1,EXTREME
2024-01-25 04:00:00,Guwahati-Gauge-1,3,0,0.0020089716950563107,0,LOW
2024-01-25 04:00:00,Sonapur-Gauge-1,4,0,0.0020089716950563107,0,LOW
2024-01-25 05:00:00,Chamoli-Gauge-1,1,0,0.0020089716950563107,0,LOW
2024-01-25 05:00:00,Kolkata-Gauge-1,2,1,0.9996600608077871,1,EXTREME
2024-01-25 05:00:00,Guwahati-Gauge-1,3,0,0.0020089716950563107,0,LOW
2024-01-25 05:00:00,Sonapur-Gauge-1,4,0,0.0020089716950563107,0,LOW
2024-01-25 06:00:00,Chamoli-Gauge-1,1,0,0.0020089716950563107,0,LOW
2024-01-25 06:00:00,Kolkata-Gauge-1,2,1,0.9996600608077871,1,EXTREME
2024-01-25 06:00:00,Guwahati-Gauge-1,3,0,0.0020089716950563107,0,LOW
2024-01-25 06:00:00,Sonapur-Gauge-1,4,0,0.0021402403173589103,0,LOW
2024-01-25 07:00:00,Chamoli-Gauge-1,1,0,0.0020089716950563107,0,LOW
2024-01-25 07:00:00,Kolkata-Gauge-1,2,1,0.9996548562656995,1,EXTREME
2024-01-25 07:00:00,Guwahati-Gauge-1,3,0,0.0020089716950563107,0,LOW
2024-01-25 07:00:00,Sonapur-Gauge-1,4,0,0.0020089716950563107,0,LOW
2024-01-25 08:00:00,Chamoli-Gauge-1,1,0,0.0020089716950563107,0,LOW
2024-01-25 08:00:00,Kolkata-Gauge-1,2,1,0.9996560456300281,1,EXTREME
2024-01-25 08:00:00,Guwahati-Gauge-1,3,0,0.0020089716950563107,0,LOW
2024-01-25 08:00:00,Sonapur-Gauge-1,4,0,0.0020089716950563107,0,LOW
2024-01-25 09:00:00,Chamoli-Gauge-1,1,0,0.0020089716950563107,0,LOW
2024-01-25 09:00:00,Kolkata-Gauge-1,2,1,0.9996429566451596,1,EXTREME
2024-01-25 09:00:00,Guwahati-Gauge-1,3,0,0.0020089716950563107,0,LOW
2024-01-25 09:00:00,Sonapur-Gauge-1,4,0,0.0020835281586787688,0,LOW
2024-01-25 10:00:00,Chamoli-Gauge-1,1,0,0.0020089716950563107,0,LOW
2024-01-25 10:00:00,Kolkata-Gauge-1,2,1,0.9996556242618214,1,EXTREME
2024-01-25 10:00:00,Guwahati-Gauge-1,3,0,0.0020089716950563107,0,LOW
2024-01-25 10:00:00,Sonapur-Gauge-1,4,0,0.002126638253395827,0,LOW
2024-01-25 11:00:00,Chamoli-Gauge-1,1,0,0.0020089716950563107,0,LOW
2024-01-25 11:00:00,Kolkata-Gauge-1,2,1,0.9996552624181303,1,EXTREME
2024-01-25 11:00:00,Guwahati-Gauge-1,3,0,0.0023026202891744786,0,LOW
2024-01-25 11:00:00,Sonapur-Gauge-1,4,0,0.0020089716950563107,0,LOW
2024-01-25 12:00:00,Chamoli-Gauge-1,1,0,0.0020089716950563107,0,LOW
2024-01-25 12:00:00,Kolkata-Gauge-1,2,1,0.9996561962435861,1,EXTREME
2024-01-25 12:00:00,Guwahati-Gauge-1,3,0,0.002089838748385813,0,LOW
2024-01-25 12:00:00,Sonapur-Gauge-1,4,0,0.0020089716950563107,0,LOW
2024-01-25 13:00:00,Chamoli-Gauge-1,1,0,0.0020089716950563107,0,LOW
2024-01-25 13:00:00,Kolkata-Gauge-1,2,1,0.999639952959088,1,EXTREME
2024-01-25 13:00:00,Guwahati-Gauge-1,3,0,0.002150280855971602,0,LOW
2024-01-25 13:00:00,Sonapur-Gauge-1,4,0,0.0020089716950563107,0,LOW
2024-01-25 14:00:00,Chamoli-Gauge-1,1,0,0.0020089716950563107,0,LOW
2024-01-25 14:00:00,Kolkata-Gauge-1,2,1,0.9996338681324949,1,EXTREME
2024-01-25 14:00:00,Guwahati-Gauge-1,3,0,0.0021304511966976983,0,LOW
2024-01-25 14:00:00,Sonapur-Gauge-1,4,0,0.0020089716950563107,0,LOW
2024-01-25 15:00:00,Chamoli-Gauge-1,1,0,0.0020089716950563107,0,LOW
2024-01-25 15:00:00,Kolkata-Gauge-1,2,1,0.9996329874960581,1,EXTREME
2024-01-25 15:00:00,Guwahati-Gauge-1,3,0,0.0020089716950563107,0,LOW
2024-01-25 15:00:00,Sonapur-Gauge-1,4,0,0.0020089716950563107,0,LOW
2024-01-25 16:00:00,Chamoli-Gauge-1,1,0,0.0020089716950563107,0,LOW
2024-01-25 16:00:00,Kolkata-Gauge-1,2,1,0.9996398712309544,1,EXTREME
2024-01-25 16:00:00,Guwahati-Gauge-1,3,0,0.0020089716950563107,0,LOW
2024-01-25 16:00:00,Sonapur-Gauge-1,4,0,0.0020089716950563107,0,LOW
2024-01-25 17:00:00,Chamoli-Gauge-1,1,0,0.0020089716950563107,0,LOW
2024-01-25 17:00:00,Kolkata-Gauge-1,2,1,0.9995139808341224,1,EXTREME
2024-01-25 17:00:00,Guwahati-Gauge-1,3,0,0.0020089716950563107,0,LOW
2024-01-25 17:00:00,Sonapur-Gauge-1,4,0,0.0020089716950563107,0,LOW
2024-01-25 18:00:00,Chamoli-Gauge-1,1,0,0.0022216732342839455,0,LOW
2024-01-25 18:00:00,Kolkata-Gauge-1,2,0,0.12012493494491648,0,LOW
2024-01-25 18:00:00,Guwahati-Gauge-1,3,0,0.0020649927668579243,0,LOW
2024-01-25 18:00:00,Sonapur-Gauge-1,4,0,0.0020089716950563107,0,LOW
2024-01-25 19:00:00,Chamoli-Gauge-1,1,0,0.003473222589473087,0,LOW
2024-01-25 19:00:00,Kolkata-Gauge-1,2,0,0.016925056813678653,0,LOW
2024-01-25 19:00:00,Guwahati-Gauge-1,3,0,0.0021369791328691348,0,LOW
2024-01-25 19:00:00,Sonapur-Gauge-1,4,0,0.0020089716950563107,0,LOW
2024-01-25 20:00:00,Chamoli-Gauge-1,1,0,0.00241247995213071,0,LOW
2024-01-25 20:00:00,Kolkata-Gauge-1,2,0,0.004498697218253907,0,LOW
2024-01-25 20:00:00,Guwahati-Gauge-1,3,0,0.0020597804141258597,0,LOW
2024-01-25 20:00:00,Sonapur-Gauge-1,4,0,0.0020089716950563107,0,LOW
2024-01-25 21:00:00,Chamoli-Gauge-1,1,0,0.002363121636251294,0,LOW
2024-01-25 21:00:00,Kolkata-Gauge-1,2,0,0.002075528527684611,0,LOW
2024-01-25 21:00:00,Guwahati-Gauge-1,3,0,0.002368713002666504,0,LOW
2024-01-25 21:00:00,Sonapur-Gauge-1,4,0,0.0020089716950563107,0,LOW
2024-01-25 22:00:00,Chamoli-Gauge-1,1,0,0.002714861308506701,0,LOW
2024-01-25 22:00:00,Kolkata-Gauge-1,2,0,0.0024683171731830966,0,LOW
2024-01-25 22:00:00,Guwahati-Gauge-1,3,0,0.00207229271315662,0,LOW
2024-01-25 22:00:00,Sonapur-Gauge-1,4,0,0.0020089716950563107,0,LOW
2024-01-25 23:00:00,Chamoli-Gauge-1,1,0,0.0024593798320853358,0,LOW
2024-01-25 23:00:00,Kolkata-Gauge-1,2,0,0.0021487784341180285,0,LOW
2024-01-25 23:00:00,Guwahati-Gauge-1,3,0,0.002064241917273469,0,LOW
2024-01-25 23:00:00,Sonapur-Gauge-1,4,0,0.0020089716950563107,0,LOW
2024-01-26 00:00:00,Chamoli-Gauge-1,1,0,0.0035999861452351996,0,LOW
2024-01-26 00:00:00,Kolkata-Gauge-1,2,0,0.004213245501579358,0,LOW
2024-01-26 00:00:00,Guwahati-Gauge-1,3,0,0.002067720246031555,0,LOW
2024-01-26 00:00:00,Sonapur-Gauge-1,4,0,0.0020089716950563107,0,LOW
2024-01-26 01:00:00,Chamoli-Gauge-1,1,0,0.0022864049408466997,0,LOW
2024-01-26 01:00:00,Kolkata-Gauge-1,2,0,0.0025573393592665497,0,LOW
2024-01-26 01:00:00,Guwahati-Gauge-1,3,0,0.0020089716950563107,0,LOW
2024-01-26 01:00:00,Sonapur-Gauge-1,4,0,0.0020089716950563107,0,LOW
2024-01-26 02:00:00,Chamoli-Gauge-1,1,0,0.002413288990003849,0,LOW
2024-01-26 02:00:00,Kolkata-Gauge-1,2,0,0.002743767389281011,0,LOW
2024-01-26 02:00:00,Guwahati-Gauge-1,3,0,0.0020719817366460372,0,LOW
2024-01-26 02:00:00,Sonapur-Gauge-1,4,0,0.0020089716950563107,0,LOW
2024-01-26 03:00:00,Chamoli-Gauge-1,1,0,0.0020497799158537516,0,LOW
2024-01-26 03:00:00,Kolkata-Gauge-1,2,0,0.0029239631267748392,0,LOW
2024-01-26 03:00:00,Guwahati-Gauge-1,3,0,0.0020719817366460372,0,LOW
2024-01-26 03:00:00,Sonapur-Gauge-1,4,0,0.0020089716950563107,0,LOW
2024-01-26 04:00:00,Chamoli-Gauge-1,1,0,0.0020646800113429827,0,LOW
2024-01-26 04:00:00,Kolkata-Gauge-1,2,0,0.0030209741208785165,0,LOW
2024-01-26 04:00:00,Guwahati-Gauge-1,3,0,0.0020719817366460372,0,LOW
2024-01-26 04:00:00,Sonapur-Gauge-1,4,0,0.0020089716950563107,0,LOW
2024-01-26 05:00:00,Chamoli-Gauge-1,1,0,0.0020472556497368455,0,LOW
2024-01-26 05:00:00,Kolkata-Gauge-1,2,0,0.0041298185003738885,0,LOW
2024-01-26 05:00:00,Guwahati-Gauge-1,3,0,0.0020719817366460372,0,LOW
2024-01-26 05:00:00,Sonapur-Gauge-1,4,0,0.0020089716950563107,0,LOW
2024-01-26 06:00:00,Chamoli-Gauge-1,1,0,0.0020089716950563107,0,LOW
2024-01-26 06:00:00,Kolkata-Gauge-1,2,0,0.00470798848457003,0,LOW
2024-01-26 06:00:00,Guwahati-Gauge-1,3,0,0.0020538759042938925,0,LOW
2024-01-26 06:00:00,Sonapur-Gauge-1,4,0,0.0020089716950563107,0,LOW
2024-01-26 07:00:00,Chamoli-Gauge-1,1,0,0.0020089716950563107,0,LOW
2024-01-26 07:00:00,Kolkata-Gauge-1,2,0,0.008982360983590669,0,LOW
2024-01-26 07:00:00,Guwahati-Gauge-1,3,0,0.0020089716950563107,0,LOW
2024-01-26 07:00:00,Sonapur-Gauge-1,4,0,0.002072105964885484,0,LOW
2024-01-26 08:00:00,Chamoli-Gauge-1,1,0,0.0020089716950563107,0,LOW
2024-01-26 08:00:00,Kolkata-Gauge-1,2,0,0.0033683438993967717,0,LOW
2024-01-26 08:00:00,Guwahati-Gauge-1,3,0,0.002080389089972336,0,LOW
2024-01-26 08:00:00,Sonapur-Gauge-1,4,0,0.0020089716950563107,0,LOW
2024-01-26 09:00:00,Chamoli-Gauge-1,1,0,0.002159446109016357,0,LOW
2024-01-26 09:00:00,Kolkata-Gauge-1,2,0,0.008258533315014364,0,LOW
2024-01-26 09:00:00,Guwahati-Gauge-1,3,0,0.0020717803258288522,0,LOW
2024-01-26 09:00:00,Sonapur-Gauge-1,4,0,0.0020089716950563107,0,LOW
2024-01-26 10:00:00,Chamoli-Gauge-1,1,0,0.002373546943307808,0,LOW
2024-01-26 10:00:00,Kolkata-Gauge-1,2,0,0.0030263279533564178,0,LOW
2024-01-26 10:00:00,Guwahati-Gauge-1,3,0,0.0021478051981458236,0,LOW
2024-01-26 10:00:00,Sonapur-Gauge-1,4,0,0.0022201121818987805,0,LOW
2024-01-26 11:00:00,Chamoli-Gauge-1,1,0,0.002209951890833607,0,LOW
2024-01-26 11:00:00,Kolkata-Gauge-1,2,0,0.0029908768879600136,0,LOW
2024-01-26 11:00:00,Guwahati-Gauge-1,3,0,0.0020089716950563107,0,LOW
2024-01-26 11:00:00,Sonapur-Gauge-1,4,0,0.0020089716950563107,0,LOW
2024-01-26 12:00:00,Chamoli-Gauge-1,1,0,0.002068010785321389,0,LOW
2024-01-26 12:00:00,Kolkata-Gauge-1,2,0,0.003239927843903953,0,LOW
2024-01-26 12:00:00,Guwahati-Gauge-1,3,0,0.0020604723395928125,0,LOW
2024-01-26 12:00:00,Sonapur-Gauge-1,4,0,0.002128926519239971,0,LOW
2024-01-26 13:00:00,Chamoli-Gauge-1,1,0,0.0020089716950563107,0,LOW
2024-01-26 13:00:00,Kolkata-Gauge-1,2,0,0.002077073584641774,0,LOW
2024-01-26 13:00:00,Guwahati-Gauge-1,3,0,0.0023239301821067113,0,LOW
2024-01-26 13:00:00,Sonapur-Gauge-1,4,0,0.0020809504741344143,0,LOW
2024-01-26 14:00:00,Chamoli-Gauge-1,1,0,0.0020598005905771498,0,LOW
2024-01-26 14:00:00,Kolkata-Gauge-1,2,0,0.0020089716950563107,0,LOW
2024-01-26 14:00:00,Guwahati-Gauge-1,3,0,0.0020089716950563107,0,LOW
2024-01-26 14:00:00,Sonapur-Gauge-1,4,0,0.0020640967733560247,0,LOW
2024-01-26 15:00:00,Chamoli-Gauge-1,1,0,0.0020089716950563107,0,LOW
2024-01-26 15:00:00,Kolkata-Gauge-1,2,0,0.002123233819782065,0,LOW
2024-01-26 15:00:00,Guwahati-Gauge-1,3,0,0.0020089716950563107,0,LOW
2024-01-26 15:00:00,Sonapur-Gauge-1,4,0,0.0020089716950563107,0,LOW
2024-01-26 16:00:00,Chamoli-Gauge-1,1,0,0.0020089716950563107,0,LOW
2024-01-26 16:00:00,Kolkata-Gauge-1,2,0,0.0020089716950563107,0,LOW
2024-01-26 16:00:00,Guwahati-Gauge-1,3,0,0.0020089716950563107,0,LOW
2024-01-26 16:00:00,Sonapur-Gauge-1,4,0,0.0020089716950563107,0,LOW
2024-01-26 17:00:00,Chamoli-Gauge-1,1,0,0.0020089716950563107,0,LOW
2024-01-26 17:00:00,Kolkata-Gauge-1,2,0,0.0020089716950563107,0,LOW
2024-01-26 17:00:00,Guwahati-Gauge-1,3,0,0.0020089716950563107,0,LOW
2024-01-26 17:00:00,Sonapur-Gauge-1,4,0,0.0020089716950563107,0,LOW
2024-01-26 18:00:00,Chamoli-Gauge-1,1,0,0.002071795798789577,0,LOW
2024-01-26 18:00:00,Kolkata-Gauge-1,2,0,0.0020089716950563107,0,LOW
2024-01-26 18:00:00,Guwahati-Gauge-1,3,0,0.002468448190406416,0,LOW
2024-01-26 18:00:00,Sonapur-Gauge-1,4,0,0.0029307804912026814,0,LOW
2024-01-26 19:00:00,Chamoli-Gauge-1,1,0,0.0020089716950563107,0,LOW
2024-01-26 19:00:00,Kolkata-Gauge-1,2,0,0.0020089716950563107,0,LOW
2024-01-26 19:00:00,Guwahati-Gauge-1,3,0,0.0020089716950563107,0,LOW
2024-01-26 19:00:00,Sonapur-Gauge-1,4,0,0.0020711488132461793,0,LOW
2024-01-26 20:00:00,Chamoli-Gauge-1,1,0,0.0020089716950563107,0,LOW
2024-01-26 20:00:00,Kolkata-Gauge-1,2,0,0.0020089716950563107,0,LOW
2024-01-26 20:00:00,Guwahati-Gauge-1,3,0,0.0020089716950563107,0,LOW
2024-01-26 20:00:00,Sonapur-Gauge-1,4,0,0.0020711488132461793,0,LOW
2024-01-26 21:00:00,Chamoli-Gauge-1,1,0,0.0020089716950563107,0,LOW
2024-01-26 21:00:00,Kolkata-Gauge-1,2,0,0.0020089716950563107,0,LOW
2024-01-26 21:00:00,Guwahati-Gauge-1,3,0,0.0020089716950563107,0,LOW
2024-01-26 21:00:00,Sonapur-Gauge-1,4,0,0.0020711488132461793,0,LOW
2024-01-26 22:00:00,Chamoli-Gauge-1,1,0,0.0020089716950563107,0,LOW
2024-01-26 22:00:00,Kolkata-Gauge-1,2,0,0.0020807098624137047,0,LOW
2024-01-26 22:00:00,Guwahati-Gauge-1,3,0,0.0020089716950563107,0,LOW
2024-01-26 22:00:00,Sonapur-Gauge-1,4,0,0.0020089716950563107,0,LOW
2024-01-26 23:00:00,Chamoli-Gauge-1,1,0,0.0020089716950563107,0,LOW
2024-01-26 23:00:00,Kolkata-Gauge-1,2,0,0.0020089716950563107,0,LOW
2024-01-26 23:00:00,Guwahati-Gauge-1,3,0,0.0020089716950563107,0,LOW
2024-01-26 23:00:00,Sonapur-Gauge-1,4,0,0.0020089716950563107,0,LOW
2024-01-27 00:00:00,Chamoli-Gauge-1,1,0,0.0020089716950563107,0,LOW
2024-01-27 00:00:00,Kolkata-Gauge-1,2,0,0.0020089716950563107,0,LOW
2024-01-27 00:00:00,Guwahati-Gauge-1,3,0,0.0020089716950563107,0,LOW
2024-01-27 00:00:00,Sonapur-Gauge-1,4,0,0.0020089716950563107,0,LOW
2024-01-27 01:00:00,Chamoli-Gauge-1,1,0,0.0020089716950563107,0,LOW
2024-01-27 01:00:00,Kolkata-Gauge-1,2,0,0.0020089716950563107,0,LOW
2024-01-27 01:00:00,Guwahati-Gauge-1,3,0,0.0020089716950563107,0,LOW
2024-01-27 01:00:00,Sonapur-Gauge-1,4,0,0.0020089716950563107,0,LOW
2024-01-27 02:00:00,Chamoli-Gauge-1,1,0,0.0020089716950563107,0,LOW
2024-01-27 02:00:00,Kolkata-Gauge-1,2,0,0.0020089716950563107,0,LOW
2024-01-27 02:00:00,Guwahati-Gauge-1,3,0,0.0020089716950563107,0,LOW
2024-01-27 02:00:00,Sonapur-Gauge-1,4,0,0.0020089716950563107,0,LOW
2024-01-27 03:00:00,Chamoli-Gauge-1,1,0,0.0020089716950563107,0,LOW
2024-01-27 03:00:00,Kolkata-Gauge-1,2,0,0.0020089716950563107,0,LOW
2024-01-27 03:00:00,Guwahati-Gauge-1,3,0,0.0020089716950563107,0,LOW
2024-01-27 03:00:00,Sonapur-Gauge-1,4,0,0.0020089716950563107,0,LOW
2024-01-27 04:00:00,Chamoli-Gauge-1,1,0,0.0022150194001756282,0,LOW
2024-01-27 04:00:00,Kolkata-Gauge-1,2,0,0.0020089716950563107,0,LOW
2024-01-27 04:00:00,Guwahati-Gauge-1,3,0,0.0020089716950563107,0,LOW
2024-01-27 04:00:00,Sonapur-Gauge-1,4,0,0.0020089716950563107,0,LOW
2024-01-27 05:00:00,Chamoli-Gauge-1,1,0,0.002071502385708751,0,LOW
2024-01-27 05:00:00,Kolkata-Gauge-1,2,0,0.0020089716950563107,0,LOW
2024-01-27 05:00:00,Guwahati-Gauge-1,3,0,0.0020089716950563107,0,LOW
2024-01-27 05:00:00,Sonapur-Gauge-1,4,0,0.0020089716950563107,0,LOW
2024-01-27 06:00:00,Chamoli-Gauge-1,1,0,0.0020089716950563107,0,LOW
2024-01-27 06:00:00,Kolkata-Gauge-1,2,0,0.0020089716950563107,0,LOW
2024-01-27 06:00:00,Guwahati-Gauge-1,3,0,0.0020089716950563107,0,LOW
2024-01-27 06:00:00,Sonapur-Gauge-1,4,0,0.0020089716950563107,0,LOW
2024-01-27 07:00:00,Chamoli-Gauge-1,1,0,0.0020089716950563107,0,LOW
2024-01-27 07:00:00,Kolkata-Gauge-1,2,0,0.0020089716950563107,0,LOW
2024-01-27 07:00:00,Guwahati-Gauge-1,3,0,0.0020089716950563107,0,LOW
2024-01-27 07:00:00,Sonapur-Gauge-1,4,0,0.0020089716950563107,0,LOW
2024-01-27 08:00:00,Chamoli-Gauge-1,1,0,0.0020089716950563107,0,LOW
2024-01-27 08:00:00,Kolkata-Gauge-1,2,0,0.0020089716950563107,0,LOW
2024-01-27 08:00:00,Guwahati-Gauge-1,3,0,0.0020089716950563107,0,LOW
2024-01-27 08:00:00,Sonapur-Gauge-1,4,0,0.0020089716950563107,0,LOW
2024-01-27 09:00:00,Chamoli-Gauge-1,1,0,0.0021763259524300907,0,LOW
2024-01-27 09:00:00,Kolkata-Gauge-1,2,0,0.0020089716950563107,0,LOW
2024-01-27 09:00:00,Guwahati-Gauge-1,3,0,0.0020089716950563107,0,LOW
2024-01-27 09:00:00,Sonapur-Gauge-1,4,0,0.0020089716950563107,0,LOW
2024-01-27 10:00:00,Chamoli-Gauge-1,1,0,0.0020089716950563107,0,LOW
2024-01-27 10:00:00,Kolkata-Gauge-1,2,0,0.0020089716950563107,0,LOW
2024-01-27 10:00:00,Guwahati-Gauge-1,3,0,0.0020089716950563107,0,LOW
2024-01-27 10:00:00,Sonapur-Gauge-1,4,0,0.0020089716950563107,0,LOW
2024-01-27 11:00:00,Chamoli-Gauge-1,1,0,0.0021884022998964396,0,LOW
2024-01-27 11:00:00,Kolkata-Gauge-1,2,0,0.0020089716950563107,0,LOW
2024-01-27 11:00:00,Guwahati-Gauge-1,3,0,0.0020089716950563107,0,LOW
2024-01-27 11:00:00,Sonapur-Gauge-1,4,0,0.0020089716950563107,0,LOW
2024-01-27 12:00:00,Chamoli-Gauge-1,1,0,0.0024366069193415244,0,LOW
2024-01-27 12:00:00,Kolkata-Gauge-1,2,0,0.0020089716950563107,0,LOW
2024-01-27 12:00:00,Guwahati-Gauge-1,3,0,0.0020089716950563107,0,LOW
2024-01-27 12:00:00,Sonapur-Gauge-1,4,0,0.0020089716950563107,0,LOW
2024-01-27 13:00:00,Chamoli-Gauge-1,1,0,0.0020089716950563107,0,LOW
2024-01-27 13:00:00,Kolkata-Gauge-1,2,0,0.0020089716950563107,0,LOW
2024-01-27 13:00:00,Guwahati-Gauge-1,3,0,0.0020089716950563107,0,LOW
2024-01-27 13:00:00,Sonapur-Gauge-1,4,0,0.0020089716950563107,0,LOW
2024-01-27 14:00:00,Chamoli-Gauge-1,1,0,0.0020089716950563107,0,LOW
2024-01-27 14:00:00,Kolkata-Gauge-1,2,0,0.0020089716950563107,0,LOW
2024-01-27 14:00:00,Guwahati-Gauge-1,3,0,0.0020089716950563107,0,LOW
2024-01-27 14:00:00,Sonapur-Gauge-1,4,0,0.0020089716950563107,0,LOW
2024-01-27 15:00:00,Chamoli-Gauge-1,1,0,0.0020089716950563107,0,LOW
2024-01-27 15:00:00,Kolkata-Gauge-1,2,0,0.0020089716950563107,0,LOW
2024-01-27 15:00:00,Guwahati-Gauge-1,3,0,0.0020089716950563107,0,LOW
2024-01-27 15:00:00,Sonapur-Gauge-1,4,0,0.0020089716950563107,0,LOW
2024-01-27 16:00:00,Chamoli-Gauge-1,1,0,0.0020089716950563107,0,LOW
2024-01-27 16:00:00,Kolkata-Gauge-1,2,0,0.0020089716950563107,0,LOW
2024-01-27 16:00:00,Guwahati-Gauge-1,3,0,0.0020089716950563107,0,LOW
2024-01-27 16:00:00,Sonapur-Gauge-1,4,0,0.0020089716950563107,0,LOW
2024-01-27 17:00:00,Chamoli-Gauge-1,1,0,0.0020089716950563107,0,LOW
2024-01-27 17:00:00,Kolkata-Gauge-1,2,0,0.0020089716950563107,0,LOW
2024-01-27 17:00:00,Guwahati-Gauge-1,3,0,0.0020089716950563107,0,LOW
2024-01-27 17:00:00,Sonapur-Gauge-1,4,0,0.0020089716950563107,0,LOW
2024-01-27 18:00:00,Chamoli-Gauge-1,1,0,0.0020089716950563107,0,LOW
2024-01-27 18:00:00,Kolkata-Gauge-1,2,0,0.0020089716950563107,0,LOW
2024-01-27 18:00:00,Guwahati-Gauge-1,3,0,0.0020089716950563107,0,LOW
2024-01-27 18:00:00,Sonapur-Gauge-1,4,0,0.0020089716950563107,0,LOW
2024-01-27 19:00:00,Chamoli-Gauge-1,1,0,0.0020089716950563107,0,LOW
2024-01-27 19:00:00,Kolkata-Gauge-1,2,0,0.0020089716950563107,0,LOW
2024-01-27 19:00:00,Guwahati-Gauge-1,3,0,0.0020089716950563107,0,LOW
2024-01-27 19:00:00,Sonapur-Gauge-1,4,0,0.0020089716950563107,0,LOW
2024-01-27 20:00:00,Chamoli-Gauge-1,1,0,0.0020089716950563107,0,LOW
2024-01-27 20:00:00,Kolkata-Gauge-1,2,0,0.0020089716950563107,0,LOW
2024-01-27 20:00:00,Guwahati-Gauge-1,3,0,0.0020089716950563107,0,LOW
2024-01-27 20:00:00,Sonapur-Gauge-1,4,0,0.0020089716950563107,0,LOW
2024-01-27 21:00:00,Chamoli-Gauge-1,1,0,0.0020089716950563107,0,LOW
2024-01-27 21:00:00,Kolkata-Gauge-1,2,0,0.0020089716950563107,0,LOW
2024-01-27 21:00:00,Guwahati-Gauge-1,3,0,0.0020089716950563107,0,LOW
2024-01-27 21:00:00,Sonapur-Gauge-1,4,0,0.0020089716950563107,0,LOW
2024-01-27 22:00:00,Chamoli-Gauge-1,1,0,0.003963730747423367,0,LOW
2024-01-27 22:00:00,Kolkata-Gauge-1,2,0,0.0020089716950563107,0,LOW
2024-01-27 22:00:00,Guwahati-Gauge-1,3,0,0.0020089716950563107,0,LOW
2024-01-27 22:00:00,Sonapur-Gauge-1,4,0,0.0020089716950563107,0,LOW
2024-01-27 23:00:00,Chamoli-Gauge-1,1,0,0.011068822261427826,0,LOW
2024-01-27 23:00:00,Kolkata-Gauge-1,2,0,0.0020089716950563107,0,LOW
2024-01-27 23:00:00,Guwahati-Gauge-1,3,0,0.0020089716950563107,0,LOW
2024-01-27 23:00:00,Sonapur-Gauge-1,4,0,0.0020089716950563107,0,LOW
2024-01-28 00:00:00,Chamoli-Gauge-1,1,0,0.0074357710219392845,0,LOW
2024-01-28 00:00:00,Kolkata-Gauge-1,2,0,0.0020089716950563107,0,LOW
2024-01-28 00:00:00,Guwahati-Gauge-1,3,0,0.0020089716950563107,0,LOW
2024-01-28 00:00:00,Sonapur-Gauge-1,4,0,0.0020089716950563107,0,LOW
2024-01-28 01:00:00,Chamoli-Gauge-1,1,0,0.11881337746396976,0,LOW
2024-01-28 01:00:00,Kolkata-Gauge-1,2,0,0.0020089716950563107,0,LOW
2024-01-28 01:00:00,Guwahati-Gauge-1,3,0,0.0020089716950563107,0,LOW
2024-01-28 01:00:00,Sonapur-Gauge-1,4,0,0.0020089716950563107,0,LOW
2024-01-28 02:00:00,Chamoli-Gauge-1,1,0,0.07421102178329006,0,LOW
2024-01-28 02:00:00,Kolkata-Gauge-1,2,0,0.0020089716950563107,0,LOW
2024-01-28 02:00:00,Guwahati-Gauge-1,3,0,0.0020089716950563107,0,LOW
2024-01-28 02:00:00,Sonapur-Gauge-1,4,0,0.0020089716950563107,0,LOW
2024-01-28 03:00:00,Chamoli-Gauge-1,1,0,0.12637824360000183,0,LOW
2024-01-28 03:00:00,Kolkata-Gauge-1,2,0,0.0020089716950563107,0,LOW
2024-01-28 03:00:00,Guwahati-Gauge-1,3,0,0.0020089716950563107,0,LOW
2024-01-28 03:00:00,Sonapur-Gauge-1,4,0,0.0020089716950563107,0,LOW
2024-01-28 04:00:00,Chamoli-Gauge-1,1,0,0.16964532578910152,0,LOW
2024-01-28 04:00:00,Kolkata-Gauge-1,2,0,0.0020089716950563107,0,LOW
2024-01-28 04:00:00,Guwahati-Gauge-1,3,0,0.0020089716950563107,0,LOW
2024-01-28 04:00:00,Sonapur-Gauge-1,4,0,0.0020089716950563107,0,LOW
2024-01-28 05:00:00,Chamoli-Gauge-1,1,1,0.9981547774373591,1,EXTREME
2024-01-28 05:00:00,Kolkata-Gauge-1,2,0,0.0020089716950563107,0,LOW
2024-01-28 05:00:00,Guwahati-Gauge-1,3,0,0.0020089716950563107,0,LOW
2024-01-28 05:00:00,Sonapur-Gauge-1,4,0,0.0020089716950563107,0,LOW
2024-01-28 06:00:00,Chamoli-Gauge-1,1,1,0.9989988788317687,1,EXTREME
2024-01-28 06:00:00,Kolkata-Gauge-1,2,0,0.0020089716950563107,0,LOW
2024-01-28 06:00:00,Guwahati-Gauge-1,3,0,0.0020089716950563107,0,LOW
2024-01-28 06:00:00,Sonapur-Gauge-1,4,0,0.0020089716950563107,0,LOW
2024-01-28 07:00:00,Chamoli-Gauge-1,1,1,0.9991001904555935,1,EXTREME
2024-01-28 07:00:00,Kolkata-Gauge-1,2,0,0.0020089716950563107,0,LOW
2024-01-28 07:00:00,Guwahati-Gauge-1,3,0,0.0020089716950563107,0,LOW
2024-01-28 07:00:00,Sonapur-Gauge-1,4,0,0.0020089716950563107,0,LOW
2024-01-28 08:00:00,Chamoli-Gauge-1,1,0,0.3162423177955473,0,MODERATE
2024-01-28 08:00:00,Kolkata-Gauge-1,2,0,0.0020089716950563107,0,LOW
2024-01-28 08:00:00,Guwahati-Gauge-1,3,0,0.0020089716950563107,0,LOW
2024-01-28 08:00:00,Sonapur-Gauge-1,4,0,0.0020089716950563107,0,LOW
2024-01-28 09:00:00,Chamoli-Gauge-1,1,0,0.024079165908181176,0,LOW
2024-01-28 09:00:00,Kolkata-Gauge-1,2,0,0.0020089716950563107,0,LOW
2024-01-28 09:00:00,Guwahati-Gauge-1,3,0,0.0020089716950563107,0,LOW
2024-01-28 09:00:00,Sonapur-Gauge-1,4,0,0.0020089716950563107,0,LOW
2024-01-28 10:00:00,Chamoli-Gauge-1,1,0,0.00406003664649694,0,LOW
2024-01-28 10:00:00,Kolkata-Gauge-1,2,0,0.002071456167688469,0,LOW
2024-01-28 10:00:00,Guwahati-Gauge-1,3,0,0.0020089716950563107,0,LOW
2024-01-28 10:00:00,Sonapur-Gauge-1,4,0,0.0020089716950563107,0,LOW
2024-01-28 11:00:00,Chamoli-Gauge-1,1,0,0.005363012281288371,0,LOW
2024-01-28 11:00:00,Kolkata-Gauge-1,2,0,0.0020089716950563107,0,LOW
2024-01-28 11:00:00,Guwahati-Gauge-1,3,0,0.0020089716950563107,0,LOW
2024-01-28 11:00:00,Sonapur-Gauge-1,4,0,0.0020089716950563107,0,LOW
2024-01-28 12:00:00,Chamoli-Gauge-1,1,0,0.004132640773132797,0,LOW
2024-01-28 12:00:00,Kolkata-Gauge-1,2,0,0.0020089716950563107,0,LOW
2024-01-28 12:00:00,Guwahati-Gauge-1,3,0,0.0020089716950563107,0,LOW
2024-01-28 12:00:00,Sonapur-Gauge-1,4,0,0.0020089716950563107,0,LOW
2024-01-28 13:00:00,Chamoli-Gauge-1,1,0,0.0036135997607261803,0,LOW
2024-01-28 13:00:00,Kolkata-Gauge-1,2,0,0.0020089716950563107,0,LOW
2024-01-28 13:00:00,Guwahati-Gauge-1,3,0,0.0020089716950563107,0,LOW
2024-01-28 13:00:00,Sonapur-Gauge-1,4,0,0.0020089716950563107,0,LOW
2024-01-28 14:00:00,Chamoli-Gauge-1,1,0,0.0025581609998132832,0,LOW
2024-01-28 14:00:00,Kolkata-Gauge-1,2,0,0.0020089716950563107,0,LOW
2024-01-28 14:00:00,Guwahati-Gauge-1,3,0,0.0020089716950563107,0,LOW
2024-01-28 14:00:00,Sonapur-Gauge-1,4,0,0.0020089716950563107,0,LOW
2024-01-28 15:00:00,Chamoli-Gauge-1,1,0,0.002351237709104804,0,LOW
2024-01-28 15:00:00,Kolkata-Gauge-1,2,0,0.0020089716950563107,0,LOW
2024-01-28 15:00:00,Guwahati-Gauge-1,3,0,0.0020089716950563107,0,LOW
2024-01-28 15:00:00,Sonapur-Gauge-1,4,0,0.0020089716950563107,0,LOW
2024-01-28 16:00:00,Chamoli-Gauge-1,1,0,0.0021458815920780056,0,LOW
2024-01-28 16:00:00,Kolkata-Gauge-1,2,0,0.0020601451997240786,0,LOW
2024-01-28 16:00:00,Guwahati-Gauge-1,3,0,0.0020089716950563107,0,LOW
2024-01-28 16:00:00,Sonapur-Gauge-1,4,0,0.0020089716950563107,0,LOW
2024-01-28 17:00:00,Chamoli-Gauge-1,1,0,0.004518935847041236,0,LOW
2024-01-28 17:00:00,Kolkata-Gauge-1,2,0,0.002136378895520545,0,LOW
2024-01-28 17:00:00,Guwahati-Gauge-1,3,0,0.0020089716950563107,0,LOW
2024-01-28 17:00:00,Sonapur-Gauge-1,4,0,0.0020089716950563107,0,LOW
2024-01-28 18:00:00,Chamoli-Gauge-1,1,0,0.0033168467887093995,0,LOW
2024-01-28 18:00:00,Kolkata-Gauge-1,2,0,0.0020089716950563107,0,LOW
2024-01-28 18:00:00,Guwahati-Gauge-1,3,0,0.0020089716950563107,0,LOW
2024-01-28 18:00:00,Sonapur-Gauge-1,4,0,0.0020089716950563107,0,LOW
2024-01-28 19:00:00,Chamoli-Gauge-1,1,0,0.002689425065599249,0,LOW
2024-01-28 19:00:00,Kolkata-Gauge-1,2,0,0.0020089716950563107,0,LOW
2024-01-28 19:00:00,Guwahati-Gauge-1,3,0,0.0020089716950563107,0,LOW
2024-01-28 19:00:00,Sonapur-Gauge-1,4,0,0.0020089716950563107,0,LOW
2024-01-28 20:00:00,Chamoli-Gauge-1,1,0,0.0037096342147156795,0,LOW
2024-01-28 20:00:00,Kolkata-Gauge-1,2,0,0.0020089716950563107,0,LOW
2024-01-28 20:00:00,Guwahati-Gauge-1,3,0,0.0020089716950563107,0,LOW
2024-01-28 20:00:00,Sonapur-Gauge-1,4,0,0.0022788519863202942,0,LOW
2024-01-28 21:00:00,Chamoli-Gauge-1,1,0,0.0038180511012143965,0,LOW
2024-01-28 21:00:00,Kolkata-Gauge-1,2,0,0.0020545656342427143,0,LOW
2024-01-28 21:00:00,Guwahati-Gauge-1,3,0,0.0020089716950563107,0,LOW
2024-01-28 21:00:00,Sonapur-Gauge-1,4,0,0.0020089716950563107,0,LOW
2024-01-28 22:00:00,Chamoli-Gauge-1,1,0,0.002600697696683115,0,LOW
2024-01-28 22:00:00,Kolkata-Gauge-1,2,0,0.0020089716950563107,0,LOW
2024-01-28 22:00:00,Guwahati-Gauge-1,3,0,0.0020089716950563107,0,LOW
2024-01-28 22:00:00,Sonapur-Gauge-1,4,0,0.0020089716950563107,0,LOW
2024-01-28 23:00:00,Chamoli-Gauge-1,1,0,0.0023641854067473138,0,LOW
2024-01-28 23:00:00,Kolkata-Gauge-1,2,0,0.0020089716950563107,0,LOW
2024-01-28 23:00:00,Guwahati-Gauge-1,3,0,0.0020089716950563107,0,LOW
2024-01-28 23:00:00,Sonapur-Gauge-1,4,0,0.0020089716950563107,0,LOW
2024-01-29 00:00:00,Chamoli-Gauge-1,1,0,0.0031255496529357532,0,LOW
2024-01-29 00:00:00,Kolkata-Gauge-1,2,0,0.0020089716950563107,0,LOW
2024-01-29 00:00:00,Guwahati-Gauge-1,3,0,0.0020089716950563107,0,LOW
2024-01-29 00:00:00,Sonapur-Gauge-1,4,0,0.0020640967733560247,0,LOW
2024-01-29 01:00:00,Chamoli-Gauge-1,1,0,0.002128614309750119,0,LOW
2024-01-29 01:00:00,Kolkata-Gauge-1,2,0,0.0020089716950563107,0,LOW
2024-01-29 01:00:00,Guwahati-Gauge-1,3,0,0.0020089716950563107,0,LOW
2024-01-29 01:00:00,Sonapur-Gauge-1,4,0,0.0020089716950563107,0,LOW
2024-01-29 02:00:00,Chamoli-Gauge-1,1,0,0.003457535765417136,0,LOW
2024-01-29 02:00:00,Kolkata-Gauge-1,2,0,0.0020089716950563107,0,LOW
2024-01-29 02:00:00,Guwahati-Gauge-1,3,0,0.0020089716950563107,0,LOW
2024-01-29 02:00:00,Sonapur-Gauge-1,4,0,0.0020089716950563107,0,LOW
2024-01-29 03:00:00,Chamoli-Gauge-1,1,0,0.002167181438359554,0,LOW
2024-01-29 03:00:00,Kolkata-Gauge-1,2,0,0.0020089716950563107,0,LOW
2024-01-29 03:00:00,Guwahati-Gauge-1,3,0,0.0020089716950563107,0,LOW
2024-01-29 03:00:00,Sonapur-Gauge-1,4,0,0.0020089716950563107,0,LOW
2024-01-29 04:00:00,Chamoli-Gauge-1,1,0,0.0022097965087355806,0,LOW
2024-01-29 04:00:00,Kolkata-Gauge-1,2,0,0.0020089716950563107,0,LOW
2024-01-29 04:00:00,Guwahati-Gauge-1,3,0,0.0020089716950563107,0,LOW
2024-01-29 04:00:00,Sonapur-Gauge-1,4,0,0.002433413343341835,0,LOW
2024-01-29 05:00:00,Chamoli-Gauge-1,1,0,0.0026642295986634324,0,LOW
2024-01-29 05:00:00,Kolkata-Gauge-1,2,0,0.0020089716950563107,0,LOW
2024-01-29 05:00:00,Guwahati-Gauge-1,3,0,0.0020089716950563107,0,LOW
2024-01-29 05:00:00,Sonapur-Gauge-1,4,0,0.0020860071972728113,0,LOW
2024-01-29 06:00:00,Chamoli-Gauge-1,1,0,0.0024522434688588526,0,LOW
2024-01-29 06:00:00,Kolkata-Gauge-1,2,0,0.0020089716950563107,0,LOW
2024-01-29 06:00:00,Guwahati-Gauge-1,3,0,0.0020089716950563107,0,LOW
2024-01-29 06:00:00,Sonapur-Gauge-1,4,0,0.0020649743130597515,0,LOW
2024-01-29 07:00:00,Chamoli-Gauge-1,1,0,0.002211542992616753,0,LOW
2024-01-29 07:00:00,Kolkata-Gauge-1,2,0,0.0020089716950563107,0,LOW
2024-01-29 07:00:00,Guwahati-Gauge-1,3,0,0.0020089716950563107,0,LOW
2024-01-29 07:00:00,Sonapur-Gauge-1,4,0,0.0020549989892898572,0,LOW
2024-01-29 08:00:00,Chamoli-Gauge-1,1,0,0.0020919478884380417,0,LOW
2024-01-29 08:00:00,Kolkata-Gauge-1,2,0,0.0020089716950563107,0,LOW
2024-01-29 08:00:00,Guwahati-Gauge-1,3,0,0.0020089716950563107,0,LOW
2024-01-29 08:00:00,Sonapur-Gauge-1,4,0,0.0020089716950563107,0,LOW
2024-01-29 09:00:00,Chamoli-Gauge-1,1,0,0.002207970968276838,0,LOW
2024-01-29 09:00:00,Kolkata-Gauge-1,2,0,0.0020089716950563107,0,LOW
2024-01-29 09:00:00,Guwahati-Gauge-1,3,0,0.0020089716950563107,0,LOW
2024-01-29 09:00:00,Sonapur-Gauge-1,4,0,0.0020089716950563107,0,LOW
2024-01-29 10:00:00,Chamoli-Gauge-1,1,0,0.004393688100066188,0,LOW
2024-01-29 10:00:00,Kolkata-Gauge-1,2,0,0.0020089716950563107,0,LOW
2024-01-29 10:00:00,Guwahati-Gauge-1,3,0,0.0020089716950563107,0,LOW
2024-01-29 10:00:00,Sonapur-Gauge-1,4,0,0.0020089716950563107,0,LOW
2024-01-29 11:00:00,Chamoli-Gauge-1,1,0,0.003831695341986159,0,LOW
2024-01-29 11:00:00,Kolkata-Gauge-1,2,0,0.0020089716950563107,0,LOW
2024-01-29 11:00:00,Guwahati-Gauge-1,3,0,0.0020089716950563107,0,LOW
2024-01-29 11:00:00,Sonapur-Gauge-1,4,0,0.0020089716950563107,0,LOW
2024-01-29 12:00:00,Chamoli-Gauge-1,1,0,0.00601170757261829,0,LOW
2024-01-29 12:00:00,Kolkata-Gauge-1,2,0,0.0020089716950563107,0,LOW
2024-01-29 12:00:00,Guwahati-Gauge-1,3,0,0.0020089716950563107,0,LOW
2024-01-29 12:00:00,Sonapur-Gauge-1,4,0,0.0020089716950563107,0,LOW
2024-01-29 13:00:00,Chamoli-Gauge-1,1,0,0.00423669375528065,0,LOW
2024-01-29 13:00:00,Kolkata-Gauge-1,2,0,0.0020089716950563107,0,LOW
2024-01-29 13:00:00,Guwahati-Gauge-1,3,0,0.0020089716950563107,0,LOW
2024-01-29 13:00:00,Sonapur-Gauge-1,4,0,0.0020089716950563107,0,LOW
2024-01-29 14:00:00,Chamoli-Gauge-1,1,0,0.0035238986759093018,0,LOW
2024-01-29 14:00:00,Kolkata-Gauge-1,2,0,0.0020089716950563107,0,LOW
2024-01-29 14:00:00,Guwahati-Gauge-1,3,0,0.0020089716950563107,0,LOW
2024-01-29 14:00:00,Sonapur-Gauge-1,4,0,0.0020089716950563107,0,LOW
2024-01-29 15:00:00,Chamoli-Gauge-1,1,0,0.0038306346571881093,0,LOW
2024-01-29 15:00:00,Kolkata-Gauge-1,2,0,0.0020089716950563107,0,LOW
2024-01-29 15:00:00,Guwahati-Gauge-1,3,0,0.0020089716950563107,0,LOW
2024-01-29 15:00:00,Sonapur-Gauge-1,4,0,0.0020089716950563107,0,LOW
2024-01-29 16:00:00,Chamoli-Gauge-1,1,0,0.004083478856236359,0,LOW
2024-01-29 16:00:00,Kolkata-Gauge-1,2,0,0.0020089716950563107,0,LOW
2024-01-29 16:00:00,Guwahati-Gauge-1,3,0,0.0020089716950563107,0,LOW
2024-01-29 16:00:00,Sonapur-Gauge-1,4,0,0.0020089716950563107,0,LOW
2024-01-29 17:00:00,Chamoli-Gauge-1,1,0,0.0027263086732056685,0,LOW
2024-01-29 17:00:00,Kolkata-Gauge-1,2,0,0.0020089716950563107,0,LOW
2024-01-29 17:00:00,Guwahati-Gauge-1,3,0,0.0020089716950563107,0,LOW
2024-01-29 17:00:00,Sonapur-Gauge-1,4,0,0.0020089716950563107,0,LOW
2024-01-29 18:00:00,Chamoli-Gauge-1,1,0,0.0024140421541577178,0,LOW
2024-01-29 18:00:00,Kolkata-Gauge-1,2,0,0.0020089716950563107,0,LOW
2024-01-29 18:00:00,Guwahati-Gauge-1,3,0,0.0020089716950563107,0,LOW
2024-01-29 18:00:00,Sonapur-Gauge-1,4,0,0.0020089716950563107,0,LOW
2024-01-29 19:00:00,Chamoli-Gauge-1,1,0,0.002411233153225632,0,LOW
2024-01-29 19:00:00,Kolkata-Gauge-1,2,0,0.0020089716950563107,0,LOW
2024-01-29 19:00:00,Guwahati-Gauge-1,3,0,0.0020089716950563107,0,LOW
2024-01-29 19:00:00,Sonapur-Gauge-1,4,0,0.0020089716950563107,0,LOW
2024-01-29 20:00:00,Chamoli-Gauge-1,1,0,0.003338236722029833,0,LOW
2024-01-29 20:00:00,Kolkata-Gauge-1,2,0,0.0020089716950563107,0,LOW
2024-01-29 20:00:00,Guwahati-Gauge-1,3,0,0.0020089716950563107,0,LOW
2024-01-29 20:00:00,Sonapur-Gauge-1,4,0,0.0020089716950563107,0,LOW
2024-01-29 21:00:00,Chamoli-Gauge-1,1,0,0.0024591710840397253,0,LOW
2024-01-29 21:00:00,Kolkata-Gauge-1,2,0,0.0020089716950563107,0,LOW
2024-01-29 21:00:00,Guwahati-Gauge-1,3,0,0.0020089716950563107,0,LOW
2024-01-29 21:00:00,Sonapur-Gauge-1,4,0,0.0020089716950563107,0,LOW
2024-01-29 22:00:00,Chamoli-Gauge-1,1,0,0.0023489115135566494,0,LOW
2024-01-29 22:00:00,Kolkata-Gauge-1,2,0,0.0020089716950563107,0,LOW
2024-01-29 22:00:00,Guwahati-Gauge-1,3,0,0.0020089716950563107,0,LOW
2024-01-29 22:00:00,Sonapur-Gauge-1,4,0,0.0020089716950563107,0,LOW
2024-01-29 23:00:00,Chamoli-Gauge-1,1,0,0.003634341441244461,0,LOW
2024-01-29 23:00:00,Kolkata-Gauge-1,2,0,0.0020089716950563107,0,LOW
2024-01-29 23:00:00,Guwahati-Gauge-1,3,0,0.0020089716950563107,0,LOW
2024-01-29 23:00:00,Sonapur-Gauge-1,4,0,0.0020089716950563107,0,LOW
2024-01-30 00:00:00,Chamoli-Gauge-1,1,0,0.002793279924481898,0,LOW
2024-01-30 00:00:00,Kolkata-Gauge-1,2,0,0.0020089716950563107,0,LOW
2024-01-30 00:00:00,Guwahati-Gauge-1,3,0,0.0020089716950563107,0,LOW
2024-01-30 00:00:00,Sonapur-Gauge-1,4,0,0.0020089716950563107,0,LOW
2024-01-30 01:00:00,Chamoli-Gauge-1,1,0,0.0027057312584118417,0,LOW
2024-01-30 01:00:00,Kolkata-Gauge-1,2,0,0.0020089716950563107,0,LOW
2024-01-30 01:00:00,Guwahati-Gauge-1,3,0,0.0020089716950563107,0,LOW
2024-01-30 01:00:00,Sonapur-Gauge-1,4,0,0.0020089716950563107,0,LOW
2024-01-30 02:00:00,Chamoli-Gauge-1,1,0,0.002517615418274839,0,LOW
2024-01-30 02:00:00,Kolkata-Gauge-1,2,0,0.0020089716950563107,0,LOW
2024-01-30 02:00:00,Guwahati-Gauge-1,3,0,0.0020089716950563107,0,LOW
2024-01-30 02:00:00,Sonapur-Gauge-1,4,0,0.0020089716950563107,0,LOW
2024-01-30 03:00:00,Chamoli-Gauge-1,1,0,0.0020855618305253964,0,LOW
2024-01-30 03:00:00,Kolkata-Gauge-1,2,0,0.0020089716950563107,0,LOW
2024-01-30 03:00:00,Guwahati-Gauge-1,3,0,0.0020089716950563107,0,LOW
2024-01-30 03:00:00,Sonapur-Gauge-1,4,0,0.002544638065055116,0,LOW
2024-01-30 04:00:00,Chamoli-Gauge-1,1,0,0.0023124171712783415,0,LOW
2024-01-30 04:00:00,Kolkata-Gauge-1,2,0,0.0020089716950563107,0,LOW
2024-01-30 04:00:00,Guwahati-Gauge-1,3,0,0.0020089716950563107,0,LOW
2024-01-30 04:00:00,Sonapur-Gauge-1,4,0,0.0022795138366270363,0,LOW
2024-01-30 05:00:00,Chamoli-Gauge-1,1,0,0.0025147673967325372,0,LOW
2024-01-30 05:00:00,Kolkata-Gauge-1,2,0,0.0020089716950563107,0,LOW
2024-01-30 05:00:00,Guwahati-Gauge-1,3,0,0.0020089716950563107,0,LOW
2024-01-30 05:00:00,Sonapur-Gauge-1,4,0,0.003316079369555009,0,LOW
2024-01-30 06:00:00,Chamoli-Gauge-1,1,0,0.0024630006489113985,0,LOW
2024-01-30 06:00:00,Kolkata-Gauge-1,2,0,0.0020089716950563107,0,LOW
2024-01-30 06:00:00,Guwahati-Gauge-1,3,0,0.0020089716950563107,0,LOW
2024-01-30 06:00:00,Sonapur-Gauge-1,4,0,0.002244019078353009,0,LOW
2024-01-30 07:00:00,Chamoli-Gauge-1,1,0,0.002454981173968278,0,LOW
2024-01-30 07:00:00,Kolkata-Gauge-1,2,0,0.0020089716950563107,0,LOW
2024-01-30 07:00:00,Guwahati-Gauge-1,3,0,0.0020089716950563107,0,LOW
2024-01-30 07:00:00,Sonapur-Gauge-1,4,0,0.0024538471301433534,0,LOW
2024-01-30 08:00:00,Chamoli-Gauge-1,1,0,0.0027221289643894015,0,LOW
2024-01-30 08:00:00,Kolkata-Gauge-1,2,0,0.0020719817366460372,0,LOW
2024-01-30 08:00:00,Guwahati-Gauge-1,3,0,0.0020089716950563107,0,LOW
2024-01-30 08:00:00,Sonapur-Gauge-1,4,0,0.002441232935645498,0,LOW
2024-01-30 09:00:00,Chamoli-Gauge-1,1,0,0.0027084030428180823,0,LOW
2024-01-30 09:00:00,Kolkata-Gauge-1,2,0,0.0020719817366460372,0,LOW
2024-01-30 09:00:00,Guwahati-Gauge-1,3,0,0.0020089716950563107,0,LOW
2024-01-30 09:00:00,Sonapur-Gauge-1,4,0,0.0023815845282678,0,LOW
2024-01-30 10:00:00,Chamoli-Gauge-1,1,0,0.0021036040208398782,0,LOW
2024-01-30 10:00:00,Kolkata-Gauge-1,2,0,0.0024551462924489315,0,LOW
2024-01-30 10:00:00,Guwahati-Gauge-1,3,0,0.0020089716950563107,0,LOW
2024-01-30 10:00:00,Sonapur-Gauge-1,4,0,0.002123882799648744,0,LOW
2024-01-30 11:00:00,Chamoli-Gauge-1,1,0,0.0021273048953016206,0,LOW
2024-01-30 11:00:00,Kolkata-Gauge-1,2,0,0.002450733109459719,0,LOW
2024-01-30 11:00:00,Guwahati-Gauge-1,3,0,0.0020089716950563107,0,LOW
2024-01-30 11:00:00,Sonapur-Gauge-1,4,0,0.002058647411628809,0,LOW
2024-01-30 12:00:00,Chamoli-Gauge-1,1,0,0.0021975756284513164,0,LOW
2024-01-30 12:00:00,Kolkata-Gauge-1,2,0,0.0021899585147467254,0,LOW
2024-01-30 12:00:00,Guwahati-Gauge-1,3,0,0.0020089716950563107,0,LOW
2024-01-30 12:00:00,Sonapur-Gauge-1,4,0,0.0021300491766626625,0,LOW
2024-01-30 13:00:00,Chamoli-Gauge-1,1,0,0.0023518501432539074,0,LOW
2024-01-30 13:00:00,Kolkata-Gauge-1,2,0,0.0029442575025026073,0,LOW
2024-01-30 13:00:00,Guwahati-Gauge-1,3,0,0.0020089716950563107,0,LOW
2024-01-30 13:00:00,Sonapur-Gauge-1,4,0,0.0020654005479322623,0,LOW
2024-01-30 14:00:00,Chamoli-Gauge-1,1,0,0.0021190435408820077,0,LOW
2024-01-30 14:00:00,Kolkata-Gauge-1,2,0,0.0025961233275345608,0,LOW
2024-01-30 14:00:00,Guwahati-Gauge-1,3,0,0.0020089716950563107,0,LOW
2024-01-30 14:00:00,Sonapur-Gauge-1,4,1,0.9950258733515234,1,EXTREME
2024-01-30 15:00:00,Chamoli-Gauge-1,1,0,0.002042929152836532,0,LOW
2024-01-30 15:00:00,Kolkata-Gauge-1,2,0,0.0021822139684913836,0,LOW
2024-01-30 15:00:00,Guwahati-Gauge-1,3,0,0.0020089716950563107,0,LOW
2024-01-30 15:00:00,Sonapur-Gauge-1,4,1,0.9992218609277561,1,EXTREME
2024-01-30 16:00:00,Chamoli-Gauge-1,1,0,0.0021150770199191192,0,LOW
2024-01-30 16:00:00,Kolkata-Gauge-1,2,0,0.0035101859611616614,0,LOW
2024-01-30 16:00:00,Guwahati-Gauge-1,3,0,0.0020089716950563107,0,LOW
2024-01-30 16:00:00,Sonapur-Gauge-1,4,1,0.9995661517580969,1,EXTREME
2024-01-30 17:00:00,Chamoli-Gauge-1,1,0,0.00216714748128772,0,LOW
2024-01-30 17:00:00,Kolkata-Gauge-1,2,0,0.006497071549753867,0,LOW
2024-01-30 17:00:00,Guwahati-Gauge-1,3,0,0.0020089716950563107,0,LOW
2024-01-30 17:00:00,Sonapur-Gauge-1,4,1,0.9995450832819553,1,EXTREME
2024-01-30 18:00:00,Chamoli-Gauge-1,1,0,0.0020089716950563107,0,LOW
2024-01-30 18:00:00,Kolkata-Gauge-1,2,0,0.003228413883782242,0,LOW
2024-01-30 18:00:00,Guwahati-Gauge-1,3,0,0.0020089716950563107,0,LOW
2024-01-30 18:00:00,Sonapur-Gauge-1,4,1,0.9996329133220174,1,EXTREME
2024-01-30 19:00:00,Chamoli-Gauge-1,1,0,0.0020089716950563107,0,LOW
2024-01-30 19:00:00,Kolkata-Gauge-1,2,0,0.003067597645814614,0,LOW
2024-01-30 19:00:00,Guwahati-Gauge-1,3,0,0.0020089716950563107,0,LOW
2024-01-30 19:00:00,Sonapur-Gauge-1,4,1,0.9996336424883466,1,EXTREME
2024-01-30 20:00:00,Chamoli-Gauge-1,1,0,0.0020089716950563107,0,LOW
2024-01-30 20:00:00,Kolkata-Gauge-1,2,0,0.003313014327797655,0,LOW
2024-01-30 20:00:00,Guwahati-Gauge-1,3,0,0.0020089716950563107,0,LOW
2024-01-30 20:00:00,Sonapur-Gauge-1,4,1,0.9996171142284608,1,EXTREME
2024-01-30 21:00:00,Chamoli-Gauge-1,1,0,0.0020089716950563107,0,LOW
2024-01-30 21:00:00,Kolkata-Gauge-1,2,0,0.0030331443525062063,0,LOW
2024-01-30 21:00:00,Guwahati-Gauge-1,3,0,0.0020089716950563107,0,LOW
2024-01-30 21:00:00,Sonapur-Gauge-1,4,1,0.9996316820946386,1,EXTREME
2024-01-30 22:00:00,Chamoli-Gauge-1,1,0,0.0020089716950563107,0,LOW
2024-01-30 22:00:00,Kolkata-Gauge-1,2,0,0.0025862097000421288,0,LOW
2024-01-30 22:00:00,Guwahati-Gauge-1,3,0,0.0020089716950563107,0,LOW
2024-01-30 22:00:00,Sonapur-Gauge-1,4,1,0.999648425467055,1,EXTREME
2024-01-30 23:00:00,Chamoli-Gauge-1,1,0,0.0020089716950563107,0,LOW
2024-01-30 23:00:00,Kolkata-Gauge-1,2,0,0.0021542685643580525,0,LOW
2024-01-30 23:00:00,Guwahati-Gauge-1,3,0,0.0020089716950563107,0,LOW
2024-01-30 23:00:00,Sonapur-Gauge-1,4,1,0.9996018539971683,1,EXTREME
2024-01-31 00:00:00,Chamoli-Gauge-1,1,0,0.0020089716950563107,0,LOW
2024-01-31 00:00:00,Kolkata-Gauge-1,2,0,0.0020506729450320985,0,LOW
2024-01-31 00:00:00,Guwahati-Gauge-1,3,0,0.0020089716950563107,0,LOW
2024-01-31 00:00:00,Sonapur-Gauge-1,4,1,0.9995131057473989,1,EXTREME
2024-01-31 01:00:00,Chamoli-Gauge-1,1,0,0.0020089716950563107,0,LOW
2024-01-31 01:00:00,Kolkata-Gauge-1,2,0,0.0026104655560906104,0,LOW
2024-01-31 01:00:00,Guwahati-Gauge-1,3,0,0.0020089716950563107,0,LOW
2024-01-31 01:00:00,Sonapur-Gauge-1,4,1,0.999578039006735,1,EXTREME
2024-01-31 02:00:00,Chamoli-Gauge-1,1,0,0.002416946965511434,0,LOW
2024-01-31 02:00:00,Kolkata-Gauge-1,2,0,0.0020089716950563107,0,LOW
2024-01-31 02:00:00,Guwahati-Gauge-1,3,0,0.0020089716950563107,0,LOW
2024-01-31 02:00:00,Sonapur-Gauge-1,4,1,0.999400985971051,1,EXTREME
2024-01-31 03:00:00,Chamoli-Gauge-1,1,0,0.0020594190201051483,0,LOW
2024-01-31 03:00:00,Kolkata-Gauge-1,2,0,0.0020089716950563107,0,LOW
2024-01-31 03:00:00,Guwahati-Gauge-1,3,0,0.0020089716950563107,0,LOW
2024-01-31 03:00:00,Sonapur-Gauge-1,4,1,0.9994822654353157,1,EXTREME
2024-01-31 04:00:00,Chamoli-Gauge-1,1,0,0.0020599826510287124,0,LOW
2024-01-31 04:00:00,Kolkata-Gauge-1,2,0,0.0020089716950563107,0,LOW
2024-01-31 04:00:00,Guwahati-Gauge-1,3,0,0.0020674312028634975,0,LOW
2024-01-31 04:00:00,Sonapur-Gauge-1,4,1,0.9995891294443378,1,EXTREME
2024-01-31 05:00:00,Chamoli-Gauge-1,1,0,0.0020089716950563107,0,LOW
2024-01-31 05:00:00,Kolkata-Gauge-1,2,0,0.0020089716950563107,0,LOW
2024-01-31 05:00:00,Guwahati-Gauge-1,3,0,0.0021699934546976643,0,LOW
2024-01-31 05:00:00,Sonapur-Gauge-1,4,1,0.9996068382498057,1,EXTREME
2024-01-31 06:00:00,Chamoli-Gauge-1,1,0,0.0020089716950563107,0,LOW
2024-01-31 06:00:00,Kolkata-Gauge-1,2,0,0.0020089716950563107,0,LOW
2024-01-31 06:00:00,Guwahati-Gauge-1,3,0,0.002119834832400807,0,LOW
2024-01-31 06:00:00,Sonapur-Gauge-1,4,1,0.9995159858138949,1,EXTREME
2024-01-31 07:00:00,Chamoli-Gauge-1,1,0,0.0020859380708786995,0,LOW
2024-01-31 07:00:00,Kolkata-Gauge-1,2,0,0.0020089716950563107,0,LOW
2024-01-31 07:00:00,Guwahati-Gauge-1,3,0,0.0024497058959121513,0,LOW
2024-01-31 07:00:00,Sonapur-Gauge-1,4,1,0.9993778261348059,1,EXTREME
2024-01-31 08:00:00,Chamoli-Gauge-1,1,0,0.0020089716950563107,0,LOW
2024-01-31 08:00:00,Kolkata-Gauge-1,2,0,0.002118238936338148,0,LOW
2024-01-31 08:00:00,Guwahati-Gauge-1,3,0,0.0021332484253265265,0,LOW
2024-01-31 08:00:00,Sonapur-Gauge-1,4,1,0.9986081482792134,1,EXTREME
2024-01-31 09:00:00,Chamoli-Gauge-1,1,0,0.0020089716950563107,0,LOW
2024-01-31 09:00:00,Kolkata-Gauge-1,2,0,0.0020089716950563107,0,LOW
2024-01-31 09:00:00,Guwahati-Gauge-1,3,0,0.0022759738727912283,0,LOW
2024-01-31 09:00:00,Sonapur-Gauge-1,4,1,0.9970182656953839,1,EXTREME
2024-01-31 10:00:00,Chamoli-Gauge-1,1,0,0.0020089716950563107,0,LOW
2024-01-31 10:00:00,Kolkata-Gauge-1,2,0,0.0020538558368660385,0,LOW
2024-01-31 10:00:00,Guwahati-Gauge-1,3,0,0.0024468619668411426,0,LOW
2024-01-31 10:00:00,Sonapur-Gauge-1,4,1,0.9814598549076918,1,EXTREME
2024-01-31 11:00:00,Chamoli-Gauge-1,1,0,0.0020089716950563107,0,LOW
2024-01-31 11:00:00,Kolkata-Gauge-1,2,0,0.0020089716950563107,0,LOW
2024-01-31 11:00:00,Guwahati-Gauge-1,3,0,0.0023700942171554235,0,LOW
2024-01-31 11:00:00,Sonapur-Gauge-1,4,0,0.011840958287122883,0,LOW
2024-01-31 12:00:00,Chamoli-Gauge-1,1,0,0.0020089716950563107,0,LOW
2024-01-31 12:00:00,Kolkata-Gauge-1,2,0,0.0020089716950563107,0,LOW
2024-01-31 12:00:00,Guwahati-Gauge-1,3,0,0.0023488486925637817,0,LOW
2024-01-31 12:00:00,Sonapur-Gauge-1,4,0,0.004667804576974866,0,LOW
2024-01-31 13:00:00,Chamoli-Gauge-1,1,0,0.0020089716950563107,0,LOW
2024-01-31 13:00:00,Kolkata-Gauge-1,2,0,0.00219337860488474,0,LOW
2024-01-31 13:00:00,Guwahati-Gauge-1,3,0,0.00221013489179436,0,LOW
2024-01-31 13:00:00,Sonapur-Gauge-1,4,0,0.00274616074083049,0,LOW
2024-01-31 14:00:00,Chamoli-Gauge-1,1,0,0.0020593192284130883,0,LOW
2024-01-31 14:00:00,Kolkata-Gauge-1,2,0,0.00219337860488474,0,LOW
2024-01-31 14:00:00,Guwahati-Gauge-1,3,0,0.002059021391742241,0,LOW
2024-01-31 14:00:00,Sonapur-Gauge-1,4,0,0.0032732263443403372,0,LOW
2024-01-31 15:00:00,Chamoli-Gauge-1,1,0,0.002087797798370041,0,LOW
2024-01-31 15:00:00,Kolkata-Gauge-1,2,0,0.0020089716950563107,0,LOW
2024-01-31 15:00:00,Guwahati-Gauge-1,3,0,0.0024003081024096674,0,LOW
2024-01-31 15:00:00,Sonapur-Gauge-1,4,0,0.0024687584008085614,0,LOW
2024-01-31 16:00:00,Chamoli-Gauge-1,1,0,0.002068010785321389,0,LOW
2024-01-31 16:00:00,Kolkata-Gauge-1,2,0,0.0020089716950563107,0,LOW
2024-01-31 16:00:00,Guwahati-Gauge-1,3,1,0.9875479785267981,1,EXTREME
2024-01-31 16:00:00,Sonapur-Gauge-1,4,0,0.0022296659464791767,0,LOW
2024-01-31 17:00:00,Chamoli-Gauge-1,1,0,0.0020089716950563107,0,LOW
2024-01-31 17:00:00,Kolkata-Gauge-1,2,0,0.0020089716950563107,0,LOW
2024-01-31 17:00:00,Guwahati-Gauge-1,3,1,0.9990248047644112,1,EXTREME
2024-01-31 17:00:00,Sonapur-Gauge-1,4,0,0.0021842971411523316,0,LOW
2024-01-31 18:00:00,Chamoli-Gauge-1,1,0,0.0020089716950563107,0,LOW
2024-01-31 18:00:00,Kolkata-Gauge-1,2,0,0.0020089716950563107,0,LOW
2024-01-31 18:00:00,Guwahati-Gauge-1,3,1,0.9993985174705453,1,EXTREME
2024-01-31 18:00:00,Sonapur-Gauge-1,4,0,0.003302919495483544,0,LOW
2024-01-31 19:00:00,Chamoli-Gauge-1,1,0,0.0020089716950563107,0,LOW
2024-01-31 19:00:00,Kolkata-Gauge-1,2,0,0.0020089716950563107,0,LOW
2024-01-31 19:00:00,Guwahati-Gauge-1,3,1,0.9995546302361634,1,EXTREME
2024-01-31 19:00:00,Sonapur-Gauge-1,4,0,0.0020646616772204865,0,LOW
2024-01-31 20:00:00,Chamoli-Gauge-1,1,0,0.0026665388428740596,0,LOW
2024-01-31 20:00:00,Kolkata-Gauge-1,2,0,0.0023680588056255317,0,LOW
2024-01-31 20:00:00,Guwahati-Gauge-1,3,1,0.9996113210882857,1,EXTREME
2024-01-31 20:00:00,Sonapur-Gauge-1,4,0,0.0020089716950563107,0,LOW
2024-01-31 21:00:00,Chamoli-Gauge-1,1,0,0.0024244534118124926,0,LOW
2024-01-31 21:00:00,Kolkata-Gauge-1,2,0,0.002154422870454748,0,LOW
2024-01-31 21:00:00,Guwahati-Gauge-1,3,1,0.9995748852200043,1,EXTREME
2024-01-31 21:00:00,Sonapur-Gauge-1,4,0,0.0020089716950563107,0,LOW
2024-01-31 22:00:00,Chamoli-Gauge-1,1,0,0.0028962144745521097,0,LOW
2024-01-31 22:00:00,Kolkata-Gauge-1,2,0,0.0020089716950563107,0,LOW
2024-01-31 22:00:00,Guwahati-Gauge-1,3,1,0.9995661140938928,1,EXTREME
2024-01-31 22:00:00,Sonapur-Gauge-1,4,0,0.002071456167688469,0,LOW
2024-01-31 23:00:00,Chamoli-Gauge-1,1,1,0.989622894097435,1,EXTREME
2024-01-31 23:00:00,Kolkata-Gauge-1,2,0,0.0020089716950563107,0,LOW
2024-01-31 23:00:00,Guwahati-Gauge-1,3,1,0.9996161390163975,1,EXTREME
2024-01-31 23:00:00,Sonapur-Gauge-1,4,0,0.0020089716950563107,0,LOW
2024-02-01 00:00:00,Chamoli-Gauge-1,1,1,0.9990249631688694,1,EXTREME
2024-02-01 00:00:00,Kolkata-Gauge-1,2,0,0.0020089716950563107,0,LOW
2024-02-01 00:00:00,Guwahati-Gauge-1,3,1,0.9996064166653476,1,EXTREME
2024-02-01 00:00:00,Sonapur-Gauge-1,4,0,0.0020089716950563107,0,LOW
2024-02-01 01:00:00,Chamoli-Gauge-1,1,1,0.9993389747618511,1,EXTREME
2024-02-01 01:00:00,Kolkata-Gauge-1,2,0,0.0020089716950563107,0,LOW
2024-02-01 01:00:00,Guwahati-Gauge-1,3,1,0.9996162490761755,1,EXTREME
2024-02-01 01:00:00,Sonapur-Gauge-1,4,0,0.0020089716950563107,0,LOW
2024-02-01 02:00:00,Chamoli-Gauge-1,1,1,0.9994698053536012,1,EXTREME
2024-02-01 02:00:00,Kolkata-Gauge-1,2,0,0.0020089716950563107,0,LOW
2024-02-01 02:00:00,Guwahati-Gauge-1,3,1,0.999612912397358,1,EXTREME
2024-02-01 02:00:00,Sonapur-Gauge-1,4,0,0.0020089716950563107,0,LOW
2024-02-01 03:00:00,Chamoli-Gauge-1,1,1,0.99962519975551,1,EXTREME
2024-02-01 03:00:00,Kolkata-Gauge-1,2,0,0.002431467953032983,0,LOW
2024-02-01 03:00:00,Guwahati-Gauge-1,3,1,0.9996464687580703,1,EXTREME
2024-02-01 03:00:00,Sonapur-Gauge-1,4,0,0.0022306643800359418,0,LOW
2024-02-01 04:00:00,Chamoli-Gauge-1,1,1,0.9996331154761794,1,EXTREME
2024-02-01 04:00:00,Kolkata-Gauge-1,2,0,0.002430053006225926,0,LOW
2024-02-01 04:00:00,Guwahati-Gauge-1,3,1,0.9995820322382551,1,EXTREME
2024-02-01 04:00:00,Sonapur-Gauge-1,4,0,0.002280431545700688,0,LOW
2024-02-01 05:00:00,Chamoli-Gauge-1,1,1,0.999655726089954,1,EXTREME
2024-02-01 05:00:00,Kolkata-Gauge-1,2,0,0.0021250062138167465,0,LOW
2024-02-01 05:00:00,Guwahati-Gauge-1,3,1,0.9995965416212546,1,EXTREME
2024-02-01 05:00:00,Sonapur-Gauge-1,4,0,0.002072261554552493,0,LOW
2024-02-01 06:00:00,Chamoli-Gauge-1,1,1,0.999639603614244,1,EXTREME
2024-02-01 06:00:00,Kolkata-Gauge-1,2,0,0.0021118065256170234,0,LOW
2024-02-01 06:00:00,Guwahati-Gauge-1,3,1,0.9996020560464758,1,EXTREME
2024-02-01 06:00:00,Sonapur-Gauge-1,4,0,0.002219766368765325,0,LOW
2024-02-01 07:00:00,Chamoli-Gauge-1,1,1,0.9996373255195344,1,EXTREME
2024-02-01 07:00:00,Kolkata-Gauge-1,2,0,0.0020089716950563107,0,LOW
2024-02-01 07:00:00,Guwahati-Gauge-1,3,1,0.999580656212093,1,EXTREME
2024-02-01 07:00:00,Sonapur-Gauge-1,4,0,0.0020089716950563107,0,LOW
2024-02-01 08:00:00,Chamoli-Gauge-1,1,1,0.999656342505846,1,EXTREME
2024-02-01 08:00:00,Kolkata-Gauge-1,2,0,0.0020089716950563107,0,LOW
2024-02-01 08:00:00,Guwahati-Gauge-1,3,1,0.9996113241063657,1,EXTREME
2024-02-01 08:00:00,Sonapur-Gauge-1,4,0,0.0020089716950563107,0,LOW
2024-02-01 09:00:00,Chamoli-Gauge-1,1,1,0.9996528802158743,1,EXTREME
2024-02-01 09:00:00,Kolkata-Gauge-1,2,0,0.0020089716950563107,0,LOW
2024-02-01 09:00:00,Guwahati-Gauge-1,3,1,0.9996334781413768,1,EXTREME
2024-02-01 09:00:00,Sonapur-Gauge-1,4,0,0.0020089716950563107,0,LOW
2024-02-01 10:00:00,Chamoli-Gauge-1,1,1,0.9996547379174359,1,EXTREME
2024-02-01 10:00:00,Kolkata-Gauge-1,2,0,0.0020089716950563107,0,LOW
2024-02-01 10:00:00,Guwahati-Gauge-1,3,1,0.999550678714408,1,EXTREME
2024-02-01 10:00:00,Sonapur-Gauge-1,4,0,0.0020089716950563107,0,LOW
2024-02-01 11:00:00,Chamoli-Gauge-1,1,1,0.9996504433468807,1,EXTREME
2024-02-01 11:00:00,Kolkata-Gauge-1,2,0,0.0020089716950563107,0,LOW
2024-02-01 11:00:00,Guwahati-Gauge-1,3,1,0.999536259958877,1,EXTREME
2024-02-01 11:00:00,Sonapur-Gauge-1,4,0,0.0020089716950563107,0,LOW
2024-02-01 12:00:00,Chamoli-Gauge-1,1,1,0.9996600608077871,1,EXTREME
2024-02-01 12:00:00,Kolkata-Gauge-1,2,0,0.0020089716950563107,0,LOW
2024-02-01 12:00:00,Guwahati-Gauge-1,3,1,0.9996500576681361,1,EXTREME
2024-02-01 12:00:00,Sonapur-Gauge-1,4,0,0.0020089716950563107,0,LOW
2024-02-01 13:00:00,Chamoli-Gauge-1,1,1,0.9996600608077871,1,EXTREME
2024-02-01 13:00:00,Kolkata-Gauge-1,2,0,0.0020089716950563107,0,LOW
2024-02-01 13:00:00,Guwahati-Gauge-1,3,1,0.9996566496494169,1,EXTREME
2024-02-01 13:00:00,Sonapur-Gauge-1,4,0,0.0020089716950563107,0,LOW
2024-02-01 14:00:00,Chamoli-Gauge-1,1,1,0.9996545549343243,1,EXTREME
2024-02-01 14:00:00,Kolkata-Gauge-1,2,0,0.0020089716950563107,0,LOW
2024-02-01 14:00:00,Guwahati-Gauge-1,3,1,0.9996525734636263,1,EXTREME
2024-02-01 14:00:00,Sonapur-Gauge-1,4,0,0.0020089716950563107,0,LOW
2024-02-01 15:00:00,Chamoli-Gauge-1,1,1,0.9996572182205967,1,EXTREME
2024-02-01 15:00:00,Kolkata-Gauge-1,2,0,0.0020089716950563107,0,LOW
2024-02-01 15:00:00,Guwahati-Gauge-1,3,1,0.999656270457836,1,EXTREME
2024-02-01 15:00:00,Sonapur-Gauge-1,4,0,0.0020089716950563107,0,LOW
2024-02-01 16:00:00,Chamoli-Gauge-1,1,1,0.999658905977415,1,EXTREME
2024-02-01 16:00:00,Kolkata-Gauge-1,2,0,0.0020089716950563107,0,LOW
2024-02-01 16:00:00,Guwahati-Gauge-1,3,1,0.9996382616538503,1,EXTREME
2024-02-01 16:00:00,Sonapur-Gauge-1,4,0,0.0020089716950563107,0,LOW
2024-02-01 17:00:00,Chamoli-Gauge-1,1,1,0.9996568752211429,1,EXTREME
2024-02-01 17:00:00,Kolkata-Gauge-1,2,0,0.0020089716950563107,0,LOW
2024-02-01 17:00:00,Guwahati-Gauge-1,3,1,0.9996370264659833,1,EXTREME
2024-02-01 17:00:00,Sonapur-Gauge-1,4,0,0.0020089716950563107,0,LOW
2024-02-01 18:00:00,Chamoli-Gauge-1,1,1,0.9996581200374891,1,EXTREME
2024-02-01 18:00:00,Kolkata-Gauge-1,2,0,0.0020089716950563107,0,LOW
2024-02-01 18:00:00,Guwahati-Gauge-1,3,1,0.9996564406648046,1,EXTREME
2024-02-01 18:00:00,Sonapur-Gauge-1,4,0,0.0020089716950563107,0,LOW
2024-02-01 19:00:00,Chamoli-Gauge-1,1,1,0.999648961648207,1,EXTREME
2024-02-01 19:00:00,Kolkata-Gauge-1,2,0,0.0020089716950563107,0,LOW
2024-02-01 19:00:00,Guwahati-Gauge-1,3,1,0.9996585070828992,1,EXTREME
2024-02-01 19:00:00,Sonapur-Gauge-1,4,0,0.0020089716950563107,0,LOW
2024-02-01 20:00:00,Chamoli-Gauge-1,1,1,0.9996550517791866,1,EXTREME
2024-02-01 20:00:00,Kolkata-Gauge-1,2,0,0.0020089716950563107,0,LOW
2024-02-01 20:00:00,Guwahati-Gauge-1,3,1,0.9996329484514161,1,EXTREME
2024-02-01 20:00:00,Sonapur-Gauge-1,4,0,0.0020089716950563107,0,LOW
2024-02-01 21:00:00,Chamoli-Gauge-1,1,1,0.9996470861024892,1,EXTREME
2024-02-01 21:00:00,Kolkata-Gauge-1,2,0,0.0020089716950563107,0,LOW
2024-02-01 21:00:00,Guwahati-Gauge-1,3,1,0.9996578390087638,1,EXTREME
2024-02-01 21:00:00,Sonapur-Gauge-1,4,0,0.0020089716950563107,0,LOW
2024-02-01 22:00:00,Chamoli-Gauge-1,1,1,0.9996511782128297,1,EXTREME
2024-02-01 22:00:00,Kolkata-Gauge-1,2,0,0.0020089716950563107,0,LOW
2024-02-01 22:00:00,Guwahati-Gauge-1,3,1,0.9996398666745923,1,EXTREME
2024-02-01 22:00:00,Sonapur-Gauge-1,4,0,0.0020089716950563107,0,LOW
2024-02-01 23:00:00,Chamoli-Gauge-1,1,1,0.9996131701045408,1,EXTREME
2024-02-01 23:00:00,Kolkata-Gauge-1,2,0,0.0020089716950563107,0,LOW
2024-02-01 23:00:00,Guwahati-Gauge-1,3,1,0.9996376546191228,1,EXTREME
2024-02-01 23:00:00,Sonapur-Gauge-1,4,0,0.0020089716950563107,0,LOW
2024-02-02 00:00:00,Chamoli-Gauge-1,1,1,0.9996600608077871,1,EXTREME
2024-02-02 00:00:00,Kolkata-Gauge-1,2,0,0.0020089716950563107,0,LOW
2024-02-02 00:00:00,Guwahati-Gauge-1,3,1,0.9995899133740186,1,EXTREME
2024-02-02 00:00:00,Sonapur-Gauge-1,4,0,0.0020089716950563107,0,LOW
2024-02-02 01:00:00,Chamoli-Gauge-1,1,1,0.9996600608077871,1,EXTREME
2024-02-02 01:00:00,Kolkata-Gauge-1,2,0,0.0020089716950563107,0,LOW
2024-02-02 01:00:00,Guwahati-Gauge-1,3,1,0.9995519816578045,1,EXTREME
2024-02-02 01:00:00,Sonapur-Gauge-1,4,0,0.0020089716950563107,0,LOW
2024-02-02 02:00:00,Chamoli-Gauge-1,1,1,0.9996596400831007,1,EXTREME
2024-02-02 02:00:00,Kolkata-Gauge-1,2,0,0.0020089716950563107,0,LOW
2024-02-02 02:00:00,Guwahati-Gauge-1,3,1,0.999631529245116,1,EXTREME
2024-02-02 02:00:00,Sonapur-Gauge-1,4,0,0.0020089716950563107,0,LOW
2024-02-02 03:00:00,Chamoli-Gauge-1,1,1,0.9996589643185607,1,EXTREME
2024-02-02 03:00:00,Kolkata-Gauge-1,2,0,0.0020089716950563107,0,LOW
2024-02-02 03:00:00,Guwahati-Gauge-1,3,1,0.9995656111233397,1,EXTREME
2024-02-02 03:00:00,Sonapur-Gauge-1,4,0,0.0020089716950563107,0,LOW
2024-02-02 04:00:00,Chamoli-Gauge-1,1,1,0.9996600608077871,1,EXTREME
2024-02-02 04:00:00,Kolkata-Gauge-1,2,0,0.0020089716950563107,0,LOW
2024-02-02 04:00:00,Guwahati-Gauge-1,3,1,0.9995511398790329,1,EXTREME
2024-02-02 04:00:00,Sonapur-Gauge-1,4,0,0.0020089716950563107,0,LOW
2024-02-02 05:00:00,Chamoli-Gauge-1,1,1,0.9996567922044252,1,EXTREME
2024-02-02 05:00:00,Kolkata-Gauge-1,2,0,0.0020089716950563107,0,LOW
2024-02-02 05:00:00,Guwahati-Gauge-1,3,1,0.9991557500509158,1,EXTREME
2024-02-02 05:00:00,Sonapur-Gauge-1,4,0,0.002072105964885484,0,LOW
2024-02-02 06:00:00,Chamoli-Gauge-1,1,1,0.9996574781328238,1,EXTREME
2024-02-02 06:00:00,Kolkata-Gauge-1,2,0,0.0020089716950563107,0,LOW
2024-02-02 06:00:00,Guwahati-Gauge-1,3,1,0.9977035613313154,1,EXTREME
2024-02-02 06:00:00,Sonapur-Gauge-1,4,0,0.0020089716950563107,0,LOW
2024-02-02 07:00:00,Chamoli-Gauge-1,1,1,0.999659377282367,1,EXTREME
2024-02-02 07:00:00,Kolkata-Gauge-1,2,0,0.0020089716950563107,0,LOW
2024-02-02 07:00:00,Guwahati-Gauge-1,3,1,0.9935995424785897,1,EXTREME
2024-02-02 07:00:00,Sonapur-Gauge-1,4,0,0.0020089716950563107,0,LOW
2024-02-02 08:00:00,Chamoli-Gauge-1,1,1,0.9996600608077871,1,EXTREME
2024-02-02 08:00:00,Kolkata-Gauge-1,2,0,0.0020089716950563107,0,LOW
2024-02-02 08:00:00,Guwahati-Gauge-1,3,0,0.049136203952794485,0,LOW
2024-02-02 08:00:00,Sonapur-Gauge-1,4,0,0.0020089716950563107,0,LOW
2024-02-02 09:00:00,Chamoli-Gauge-1,1,1,0.9996567484689882,1,EXTREME
2024-02-02 09:00:00,Kolkata-Gauge-1,2,0,0.0020089716950563107,0,LOW
2024-02-02 09:00:00,Guwahati-Gauge-1,3,0,0.010522349369328565,0,LOW
2024-02-02 09:00:00,Sonapur-Gauge-1,4,0,0.0020089716950563107,0,LOW
2024-02-02 10:00:00,Chamoli-Gauge-1,1,1,0.9996567484689882,1,EXTREME
2024-02-02 10:00:00,Kolkata-Gauge-1,2,0,0.0020089716950563107,0,LOW
2024-02-02 10:00:00,Guwahati-Gauge-1,3,0,0.00685608819785128,0,LOW
2024-02-02 10:00:00,Sonapur-Gauge-1,4,0,0.0020089716950563107,0,LOW
2024-02-02 11:00:00,Chamoli-Gauge-1,1,1,0.9996600608077871,1,EXTREME
2024-02-02 11:00:00,Kolkata-Gauge-1,2,0,0.0020089716950563107,0,LOW
2024-02-02 11:00:00,Guwahati-Gauge-1,3,0,0.003702892865554161,0,LOW
2024-02-02 11:00:00,Sonapur-Gauge-1,4,0,0.0020089716950563107,0,LOW
2024-02-02 12:00:00,Chamoli-Gauge-1,1,1,0.9996600608077871,1,EXTREME
2024-02-02 12:00:00,Kolkata-Gauge-1,2,0,0.0020089716950563107,0,LOW
2024-02-02 12:00:00,Guwahati-Gauge-1,3,0,0.003565958353178937,0,LOW
2024-02-02 12:00:00,Sonapur-Gauge-1,4,0,0.0020089716950563107,0,LOW
2024-02-02 13:00:00,Chamoli-Gauge-1,1,1,0.9996600608077871,1,EXTREME
2024-02-02 13:00:00,Kolkata-Gauge-1,2,0,0.0020089716950563107,0,LOW
2024-02-02 13:00:00,Guwahati-Gauge-1,3,0,0.0039034071609634026,0,LOW
2024-02-02 13:00:00,Sonapur-Gauge-1,4,0,0.0020089716950563107,0,LOW
2024-02-02 14:00:00,Chamoli-Gauge-1,1,1,0.9996595459265005,1,EXTREME
2024-02-02 14:00:00,Kolkata-Gauge-1,2,0,0.0020089716950563107,0,LOW
2024-02-02 14:00:00,Guwahati-Gauge-1,3,0,0.0021367083697508655,0,LOW
2024-02-02 14:00:00,Sonapur-Gauge-1,4,0,0.0020089716950563107,0,LOW
2024-02-02 15:00:00,Chamoli-Gauge-1,1,1,0.9996600608077871,1,EXTREME
2024-02-02 15:00:00,Kolkata-Gauge-1,2,0,0.0020089716950563107,0,LOW
2024-02-02 15:00:00,Guwahati-Gauge-1,3,0,0.0022181154798429,0,LOW
2024-02-02 15:00:00,Sonapur-Gauge-1,4,0,0.0020089716950563107,0,LOW
2024-02-02 16:00:00,Chamoli-Gauge-1,1,1,0.9996459959083539,1,EXTREME
2024-02-02 16:00:00,Kolkata-Gauge-1,2,0,0.0020089716950563107,0,LOW
2024-02-02 16:00:00,Guwahati-Gauge-1,3,0,0.0022038333689960023,0,LOW
2024-02-02 16:00:00,Sonapur-Gauge-1,4,0,0.0020089716950563107,0,LOW
2024-02-02 17:00:00,Chamoli-Gauge-1,1,1,0.9996600608077871,1,EXTREME
2024-02-02 17:00:00,Kolkata-Gauge-1,2,0,0.0021126585281848764,0,LOW
2024-02-02 17:00:00,Guwahati-Gauge-1,3,0,0.0021205358629695437,0,LOW
2024-02-02 17:00:00,Sonapur-Gauge-1,4,0,0.0020089716950563107,0,LOW
2024-02-02 18:00:00,Chamoli-Gauge-1,1,1,0.9996412965749151,1,EXTREME
2024-02-02 18:00:00,Kolkata-Gauge-1,2,0,0.0020089716950563107,0,LOW
2024-02-02 18:00:00,Guwahati-Gauge-1,3,0,0.0022207309363526024,0,LOW
2024-02-02 18:00:00,Sonapur-Gauge-1,4,0,0.0020089716950563107,0,LOW
2024-02-02 19:00:00,Chamoli-Gauge-1,1,1,0.9996459959083539,1,EXTREME
2024-02-02 19:00:00,Kolkata-Gauge-1,2,0,0.0020089716950563107,0,LOW
2024-02-02 19:00:00,Guwahati-Gauge-1,3,0,0.002071502385708751,0,LOW
2024-02-02 19:00:00,Sonapur-Gauge-1,4,0,0.0020089716950563107,0,LOW
2024-02-02 20:00:00,Chamoli-Gauge-1,1,1,0.9996317392355154,1,EXTREME
2024-02-02 20:00:00,Kolkata-Gauge-1,2,0,0.0020089716950563107,0,LOW
2024-02-02 20:00:00,Guwahati-Gauge-1,3,0,0.0020721215086189062,0,LOW
2024-02-02 20:00:00,Sonapur-Gauge-1,4,0,0.0020089716950563107,0,LOW
2024-02-02 21:00:00,Chamoli-Gauge-1,1,1,0.9996556169023176,1,EXTREME
2024-02-02 21:00:00,Kolkata-Gauge-1,2,0,0.0020089716950563107,0,LOW
2024-02-02 21:00:00,Guwahati-Gauge-1,3,0,0.0020089716950563107,0,LOW
2024-02-02 21:00:00,Sonapur-Gauge-1,4,0,0.0020089716950563107,0,LOW
2024-02-02 22:00:00,Chamoli-Gauge-1,1,1,0.9996555205094624,1,EXTREME
2024-02-02 22:00:00,Kolkata-Gauge-1,2,0,0.0020089716950563107,0,LOW
2024-02-02 22:00:00,Guwahati-Gauge-1,3,0,0.00225441315256195,0,LOW
2024-02-02 22:00:00,Sonapur-Gauge-1,4,0,0.0020089716950563107,0,LOW
2024-02-02 23:00:00,Chamoli-Gauge-1,1,1,0.9996585020999591,1,EXTREME
2024-02-02 23:00:00,Kolkata-Gauge-1,2,0,0.0020089716950563107,0,LOW
2024-02-02 23:00:00,Guwahati-Gauge-1,3,0,0.0020089716950563107,0,LOW
2024-02-02 23:00:00,Sonapur-Gauge-1,4,0,0.0020089716950563107,0,LOW
2024-02-03 00:00:00,Chamoli-Gauge-1,1,1,0.9996469500332513,1,EXTREME
2024-02-03 00:00:00,Kolkata-Gauge-1,2,0,0.0020089716950563107,0,LOW
2024-02-03 00:00:00,Guwahati-Gauge-1,3,0,0.0021302436218042517,0,LOW
2024-02-03 00:00:00,Sonapur-Gauge-1,4,0,0.0020089716950563107,0,LOW
2024-02-03 01:00:00,Chamoli-Gauge-1,1,1,0.9996452020317629,1,EXTREME
2024-02-03 01:00:00,Kolkata-Gauge-1,2,0,0.0020089716950563107,0,LOW
2024-02-03 01:00:00,Guwahati-Gauge-1,3,0,0.0020721215086189062,0,LOW
2024-02-03 01:00:00,Sonapur-Gauge-1,4,0,0.0020089716950563107,0,LOW
2024-02-03 02:00:00,Chamoli-Gauge-1,1,1,0.9996367826399273,1,EXTREME
2024-02-03 02:00:00,Kolkata-Gauge-1,2,0,0.0020089716950563107,0,LOW
2024-02-03 02:00:00,Guwahati-Gauge-1,3,0,0.0020089716950563107,0,LOW
2024-02-03 02:00:00,Sonapur-Gauge-1,4,0,0.0020089716950563107,0,LOW
2024-02-03 03:00:00,Chamoli-Gauge-1,1,1,0.9996449229250308,1,EXTREME
2024-02-03 03:00:00,Kolkata-Gauge-1,2,0,0.0020089716950563107,0,LOW
2024-02-03 03:00:00,Guwahati-Gauge-1,3,0,0.0020089716950563107,0,LOW
2024-02-03 03:00:00,Sonapur-Gauge-1,4,0,0.0020089716950563107,0,LOW
2024-02-03 04:00:00,Chamoli-Gauge-1,1,1,0.9996475115890917,1,EXTREME
2024-02-03 04:00:00,Kolkata-Gauge-1,2,0,0.0020089716950563107,0,LOW
2024-02-03 04:00:00,Guwahati-Gauge-1,3,0,0.0020089716950563107,0,LOW
2024-02-03 04:00:00,Sonapur-Gauge-1,4,0,0.0020089716950563107,0,LOW
2024-02-03 05:00:00,Chamoli-Gauge-1,1,1,0.9996600608077871,1,EXTREME
2024-02-03 05:00:00,Kolkata-Gauge-1,2,0,0.0020089716950563107,0,LOW
2024-02-03 05:00:00,Guwahati-Gauge-1,3,0,0.0020089716950563107,0,LOW
2024-02-03 05:00:00,Sonapur-Gauge-1,4,0,0.0020089716950563107,0,LOW
2024-02-03 06:00:00,Chamoli-Gauge-1,1,1,0.9996567382001303,1,EXTREME
2024-02-03 06:00:00,Kolkata-Gauge-1,2,0,0.0020089716950563107,0,LOW
2024-02-03 06:00:00,Guwahati-Gauge-1,3,0,0.0020089716950563107,0,LOW
2024-02-03 06:00:00,Sonapur-Gauge-1,4,0,0.0020089716950563107,0,LOW
2024-02-03 07:00:00,Chamoli-Gauge-1,1,1,0.9996553160967552,1,EXTREME
2024-02-03 07:00:00,Kolkata-Gauge-1,2,0,0.0020089716950563107,0,LOW
2024-02-03 07:00:00,Guwahati-Gauge-1,3,0,0.0020763923434636055,0,LOW
2024-02-03 07:00:00,Sonapur-Gauge-1,4,0,0.0020089716950563107,0,LOW
2024-02-03 08:00:00,Chamoli-Gauge-1,1,1,0.9996600608077871,1,EXTREME
2024-02-03 08:00:00,Kolkata-Gauge-1,2,0,0.0020089716950563107,0,LOW
2024-02-03 08:00:00,Guwahati-Gauge-1,3,0,0.0020089716950563107,0,LOW
2024-02-03 08:00:00,Sonapur-Gauge-1,4,0,0.002071703011374429,0,LOW
2024-02-03 09:00:00,Chamoli-Gauge-1,1,1,0.9996596536844841,1,EXTREME
2024-02-03 09:00:00,Kolkata-Gauge-1,2,0,0.0020089716950563107,0,LOW
2024-02-03 09:00:00,Guwahati-Gauge-1,3,0,0.0020089716950563107,0,LOW
2024-02-03 09:00:00,Sonapur-Gauge-1,4,0,0.0020089716950563107,0,LOW
2024-02-03 10:00:00,Chamoli-Gauge-1,1,1,0.9996584696364851,1,EXTREME
2024-02-03 10:00:00,Kolkata-Gauge-1,2,0,0.0020089716950563107,0,LOW
2024-02-03 10:00:00,Guwahati-Gauge-1,3,0,0.0020089716950563107,0,LOW
2024-02-03 10:00:00,Sonapur-Gauge-1,4,0,0.0020089716950563107,0,LOW
2024-02-03 11:00:00,Chamoli-Gauge-1,1,1,0.9996600608077871,1,EXTREME
2024-02-03 11:00:00,Kolkata-Gauge-1,2,0,0.0020089716950563107,0,LOW
2024-02-03 11:00:00,Guwahati-Gauge-1,3,0,0.0020089716950563107,0,LOW
2024-02-03 11:00:00,Sonapur-Gauge-1,4,0,0.0020089716950563107,0,LOW
2024-02-03 12:00:00,Chamoli-Gauge-1,1,1,0.9996600608077871,1,EXTREME
2024-02-03 12:00:00,Kolkata-Gauge-1,2,0,0.0020089716950563107,0,LOW
2024-02-03 12:00:00,Guwahati-Gauge-1,3,0,0.004728364904523246,0,LOW
2024-02-03 12:00:00,Sonapur-Gauge-1,4,0,0.0020089716950563107,0,LOW
2024-02-03 13:00:00,Chamoli-Gauge-1,1,1,0.9996600608077871,1,EXTREME
2024-02-03 13:00:00,Kolkata-Gauge-1,2,0,0.0020089716950563107,0,LOW
2024-02-03 13:00:00,Guwahati-Gauge-1,3,0,0.005825118026177798,0,LOW
2024-02-03 13:00:00,Sonapur-Gauge-1,4,0,0.0020089716950563107,0,LOW
2024-02-03 14:00:00,Chamoli-Gauge-1,1,1,0.9996533964452431,1,EXTREME
2024-02-03 14:00:00,Kolkata-Gauge-1,2,0,0.0020089716950563107,0,LOW
2024-02-03 14:00:00,Guwahati-Gauge-1,3,0,0.011766605663880025,0,LOW
2024-02-03 14:00:00,Sonapur-Gauge-1,4,0,0.0020089716950563107,0,LOW
2024-02-03 15:00:00,Chamoli-Gauge-1,1,1,0.9996600608077871,1,EXTREME
2024-02-03 15:00:00,Kolkata-Gauge-1,2,0,0.0020089716950563107,0,LOW
2024-02-03 15:00:00,Guwahati-Gauge-1,3,0,0.006465779848306196,0,LOW
2024-02-03 15:00:00,Sonapur-Gauge-1,4,0,0.0020089716950563107,0,LOW
2024-02-03 16:00:00,Chamoli-Gauge-1,1,1,0.9996567459009954,1,EXTREME
2024-02-03 16:00:00,Kolkata-Gauge-1,2,0,0.0020089716950563107,0,LOW
2024-02-03 16:00:00,Guwahati-Gauge-1,3,0,0.005530948319592842,0,LOW
2024-02-03 16:00:00,Sonapur-Gauge-1,4,0,0.0020089716950563107,0,LOW
2024-02-03 17:00:00,Chamoli-Gauge-1,1,1,0.9996481384279366,1,EXTREME
2024-02-03 17:00:00,Kolkata-Gauge-1,2,0,0.0020089716950563107,0,LOW
2024-02-03 17:00:00,Guwahati-Gauge-1,3,0,0.005213543897427885,0,LOW
2024-02-03 17:00:00,Sonapur-Gauge-1,4,0,0.0020089716950563107,0,LOW
2024-02-03 18:00:00,Chamoli-Gauge-1,1,1,0.9996280579335656,1,EXTREME
2024-02-03 18:00:00,Kolkata-Gauge-1,2,0,0.0020089716950563107,0,LOW
2024-02-03 18:00:00,Guwahati-Gauge-1,3,0,0.003957418668218628,0,LOW
2024-02-03 18:00:00,Sonapur-Gauge-1,4,0,0.0020089716950563107,0,LOW
2024-02-03 19:00:00,Chamoli-Gauge-1,1,1,0.9996592585905888,1,EXTREME
2024-02-03 19:00:00,Kolkata-Gauge-1,2,0,0.0020601451997240786,0,LOW
2024-02-03 19:00:00,Guwahati-Gauge-1,3,0,0.0031505198291861603,0,LOW
2024-02-03 19:00:00,Sonapur-Gauge-1,4,0,0.0020089716950563107,0,LOW
2024-02-03 20:00:00,Chamoli-Gauge-1,1,1,0.9996592585905888,1,EXTREME
2024-02-03 20:00:00,Kolkata-Gauge-1,2,0,0.0020089716950563107,0,LOW
2024-02-03 20:00:00,Guwahati-Gauge-1,3,0,0.002197741325567312,0,LOW
2024-02-03 20:00:00,Sonapur-Gauge-1,4,0,0.0020089716950563107,0,LOW
2024-02-03 21:00:00,Chamoli-Gauge-1,1,1,0.9996596536844841,1,EXTREME
2024-02-03 21:00:00,Kolkata-Gauge-1,2,0,0.0020089716950563107,0,LOW
2024-02-03 21:00:00,Guwahati-Gauge-1,3,0,0.0021584558354473694,0,LOW
2024-02-03 21:00:00,Sonapur-Gauge-1,4,0,0.0020089716950563107,0,LOW
2024-02-03 22:00:00,Chamoli-Gauge-1,1,1,0.9996582182586544,1,EXTREME
2024-02-03 22:00:00,Kolkata-Gauge-1,2,0,0.0020089716950563107,0,LOW
2024-02-03 22:00:00,Guwahati-Gauge-1,3,0,0.0022160469065171944,0,LOW
2024-02-03 22:00:00,Sonapur-Gauge-1,4,0,0.0020089716950563107,0,LOW
2024-02-03 23:00:00,Chamoli-Gauge-1,1,1,0.9996600608077871,1,EXTREME
2024-02-03 23:00:00,Kolkata-Gauge-1,2,0,0.0020089716950563107,0,LOW
2024-02-03 23:00:00,Guwahati-Gauge-1,3,0,0.0020089716950563107,0,LOW
2024-02-03 23:00:00,Sonapur-Gauge-1,4,0,0.0020089716950563107,0,LOW
2024-02-04 00:00:00,Chamoli-Gauge-1,1,1,0.9996600608077871,1,EXTREME
2024-02-04 00:00:00,Kolkata-Gauge-1,2,0,0.0020089716950563107,0,LOW
2024-02-04 00:00:00,Guwahati-Gauge-1,3,0,0.0021457583285247124,0,LOW
2024-02-04 00:00:00,Sonapur-Gauge-1,4,0,0.0020089716950563107,0,LOW
2024-02-04 01:00:00,Chamoli-Gauge-1,1,1,0.9996592101448311,1,EXTREME
2024-02-04 01:00:00,Kolkata-Gauge-1,2,0,0.0020089716950563107,0,LOW
2024-02-04 01:00:00,Guwahati-Gauge-1,3,0,0.0023076164953411064,0,LOW
2024-02-04 01:00:00,Sonapur-Gauge-1,4,0,0.0020089716950563107,0,LOW
2024-02-04 02:00:00,Chamoli-Gauge-1,1,1,0.9996600608077871,1,EXTREME
2024-02-04 02:00:00,Kolkata-Gauge-1,2,0,0.0020089716950563107,0,LOW
2024-02-04 02:00:00,Guwahati-Gauge-1,3,0,0.0020089716950563107,0,LOW
2024-02-04 02:00:00,Sonapur-Gauge-1,4,0,0.0020089716950563107,0,LOW
2024-02-04 03:00:00,Chamoli-Gauge-1,1,1,0.9996560968525013,1,EXTREME
2024-02-04 03:00:00,Kolkata-Gauge-1,2,0,0.0020089716950563107,0,LOW
2024-02-04 03:00:00,Guwahati-Gauge-1,3,0,0.0021386858830185367,0,LOW
2024-02-04 03:00:00,Sonapur-Gauge-1,4,0,0.0020089716950563107,0,LOW
2024-02-04 04:00:00,Chamoli-Gauge-1,1,1,0.9996600608077871,1,EXTREME
2024-02-04 04:00:00,Kolkata-Gauge-1,2,0,0.0020089716950563107,0,LOW
2024-02-04 04:00:00,Guwahati-Gauge-1,3,0,0.002080669763159514,0,LOW
2024-02-04 04:00:00,Sonapur-Gauge-1,4,0,0.0020089716950563107,0,LOW
2024-02-04 05:00:00,Chamoli-Gauge-1,1,1,0.9996600608077871,1,EXTREME
2024-02-04 05:00:00,Kolkata-Gauge-1,2,0,0.0020089716950563107,0,LOW
2024-02-04 05:00:00,Guwahati-Gauge-1,3,0,0.0020089716950563107,0,LOW
2024-02-04 05:00:00,Sonapur-Gauge-1,4,0,0.0020089716950563107,0,LOW
2024-02-04 06:00:00,Chamoli-Gauge-1,1,1,0.9996600608077871,1,EXTREME
2024-02-04 06:00:00,Kolkata-Gauge-1,2,0,0.0020089716950563107,0,LOW
2024-02-04 06:00:00,Guwahati-Gauge-1,3,0,0.0020089716950563107,0,LOW
2024-02-04 06:00:00,Sonapur-Gauge-1,4,0,0.0020089716950563107,0,LOW
2024-02-04 07:00:00,Chamoli-Gauge-1,1,1,0.9996574646949485,1,EXTREME
2024-02-04 07:00:00,Kolkata-Gauge-1,2,0,0.0020089716950563107,0,LOW
2024-02-04 07:00:00,Guwahati-Gauge-1,3,0,0.0020089716950563107,0,LOW
2024-02-04 07:00:00,Sonapur-Gauge-1,4,0,0.0020089716950563107,0,LOW
2024-02-04 08:00:00,Chamoli-Gauge-1,1,1,0.9996574646949485,1,EXTREME
2024-02-04 08:00:00,Kolkata-Gauge-1,2,0,0.0020089716950563107,0,LOW
2024-02-04 08:00:00,Guwahati-Gauge-1,3,0,0.0020089716950563107,0,LOW
2024-02-04 08:00:00,Sonapur-Gauge-1,4,0,0.0020089716950563107,0,LOW
2024-02-04 09:00:00,Chamoli-Gauge-1,1,1,0.9996590304405111,1,EXTREME
2024-02-04 09:00:00,Kolkata-Gauge-1,2,0,0.0020089716950563107,0,LOW
2024-02-04 09:00:00,Guwahati-Gauge-1,3,0,0.0020089716950563107,0,LOW
2024-02-04 09:00:00,Sonapur-Gauge-1,4,0,0.0020089716950563107,0,LOW
2024-02-04 10:00:00,Chamoli-Gauge-1,1,1,0.9996600608077871,1,EXTREME
2024-02-04 10:00:00,Kolkata-Gauge-1,2,0,0.0020089716950563107,0,LOW
2024-02-04 10:00:00,Guwahati-Gauge-1,3,0,0.0020089716950563107,0,LOW
2024-02-04 10:00:00,Sonapur-Gauge-1,4,0,0.0020089716950563107,0,LOW
2024-02-04 11:00:00,Chamoli-Gauge-1,1,1,0.9996600608077871,1,EXTREME
2024-02-04 11:00:00,Kolkata-Gauge-1,2,0,0.0020089716950563107,0,LOW
2024-02-04 11:00:00,Guwahati-Gauge-1,3,0,0.0020089716950563107,0,LOW
2024-02-04 11:00:00,Sonapur-Gauge-1,4,0,0.0020089716950563107,0,LOW
2024-02-04 12:00:00,Chamoli-Gauge-1,1,1,0.9996600608077871,1,EXTREME
2024-02-04 12:00:00,Kolkata-Gauge-1,2,0,0.0020089716950563107,0,LOW
2024-02-04 12:00:00,Guwahati-Gauge-1,3,0,0.0020761598860762048,0,LOW
2024-02-04 12:00:00,Sonapur-Gauge-1,4,0,0.0020089716950563107,0,LOW
2024-02-04 13:00:00,Chamoli-Gauge-1,1,1,0.9996600608077871,1,EXTREME
2024-02-04 13:00:00,Kolkata-Gauge-1,2,0,0.0020089716950563107,0,LOW
2024-02-04 13:00:00,Guwahati-Gauge-1,3,0,0.0020763923434636055,0,LOW
2024-02-04 13:00:00,Sonapur-Gauge-1,4,0,0.0020089716950563107,0,LOW
2024-02-04 14:00:00,Chamoli-Gauge-1,1,1,0.9996600608077871,1,EXTREME
2024-02-04 14:00:00,Kolkata-Gauge-1,2,0,0.0020089716950563107,0,LOW
2024-02-04 14:00:00,Guwahati-Gauge-1,3,0,0.0020549989892898572,0,LOW
2024-02-04 14:00:00,Sonapur-Gauge-1,4,0,0.0020089716950563107,0,LOW
2024-02-04 15:00:00,Chamoli-Gauge-1,1,1,0.9996600608077871,1,EXTREME
2024-02-04 15:00:00,Kolkata-Gauge-1,2,0,0.0020089716950563107,0,LOW
2024-02-04 15:00:00,Guwahati-Gauge-1,3,0,0.0021189435092049116,0,LOW
2024-02-04 15:00:00,Sonapur-Gauge-1,4,0,0.0020089716950563107,0,LOW
2024-02-04 16:00:00,Chamoli-Gauge-1,1,1,0.9996592405329846,1,EXTREME
2024-02-04 16:00:00,Kolkata-Gauge-1,2,0,0.0020089716950563107,0,LOW
2024-02-04 16:00:00,Guwahati-Gauge-1,3,0,0.0020089716950563107,0,LOW
2024-02-04 16:00:00,Sonapur-Gauge-1,4,0,0.0020089716950563107,0,LOW
2024-02-04 17:00:00,Chamoli-Gauge-1,1,1,0.9996600608077871,1,EXTREME
2024-02-04 17:00:00,Kolkata-Gauge-1,2,0,0.0020089716950563107,0,LOW
2024-02-04 17:00:00,Guwahati-Gauge-1,3,0,0.0020697532585296293,0,LOW
2024-02-04 17:00:00,Sonapur-Gauge-1,4,0,0.0020758043078112865,0,LOW
2024-02-04 18:00:00,Chamoli-Gauge-1,1,1,0.9996595444021654,1,EXTREME
2024-02-04 18:00:00,Kolkata-Gauge-1,2,0,0.0020089716950563107,0,LOW
2024-02-04 18:00:00,Guwahati-Gauge-1,3,0,0.0020643692810116535,0,LOW
2024-02-04 18:00:00,Sonapur-Gauge-1,4,0,0.0020089716950563107,0,LOW
2024-02-04 19:00:00,Chamoli-Gauge-1,1,1,0.9996590560524806,1,EXTREME
2024-02-04 19:00:00,Kolkata-Gauge-1,2,0,0.0020089716950563107,0,LOW
2024-02-04 19:00:00,Guwahati-Gauge-1,3,0,0.0020643692810116535,0,LOW
2024-02-04 19:00:00,Sonapur-Gauge-1,4,0,0.0020089716950563107,0,LOW
2024-02-04 20:00:00,Chamoli-Gauge-1,1,1,0.9996591288293983,1,EXTREME
2024-02-04 20:00:00,Kolkata-Gauge-1,2,0,0.0020089716950563107,0,LOW
2024-02-04 20:00:00,Guwahati-Gauge-1,3,0,0.0020089716950563107,0,LOW
2024-02-04 20:00:00,Sonapur-Gauge-1,4,0,0.0020089716950563107,0,LOW
2024-02-04 21:00:00,Chamoli-Gauge-1,1,1,0.9996590123630176,1,EXTREME
2024-02-04 21:00:00,Kolkata-Gauge-1,2,0,0.0020089716950563107,0,LOW
2024-02-04 21:00:00,Guwahati-Gauge-1,3,0,0.0020089716950563107,0,LOW
2024-02-04 21:00:00,Sonapur-Gauge-1,4,0,0.0020089716950563107,0,LOW
2024-02-04 22:00:00,Chamoli-Gauge-1,1,1,0.9996600608077871,1,EXTREME
2024-02-04 22:00:00,Kolkata-Gauge-1,2,0,0.0020653633342553896,0,LOW
2024-02-04 22:00:00,Guwahati-Gauge-1,3,0,0.0020089716950563107,0,LOW
2024-02-04 22:00:00,Sonapur-Gauge-1,4,0,0.0020089716950563107,0,LOW
2024-02-04 23:00:00,Chamoli-Gauge-1,1,1,0.9996600608077871,1,EXTREME
2024-02-04 23:00:00,Kolkata-Gauge-1,2,0,0.0020089716950563107,0,LOW
2024-02-04 23:00:00,Guwahati-Gauge-1,3,0,0.00205479192034707,0,LOW
2024-02-04 23:00:00,Sonapur-Gauge-1,4,0,0.0020089716950563107,0,LOW
2024-02-05 00:00:00,Chamoli-Gauge-1,1,1,0.9996538441664706,1,EXTREME
2024-02-05 00:00:00,Kolkata-Gauge-1,2,0,0.0020089716950563107,0,LOW
2024-02-05 00:00:00,Guwahati-Gauge-1,3,0,0.0020089716950563107,0,LOW
2024-02-05 00:00:00,Sonapur-Gauge-1,4,0,0.0020089716950563107,0,LOW
2024-02-05 01:00:00,Chamoli-Gauge-1,1,1,0.9996379353794907,1,EXTREME
2024-02-05 01:00:00,Kolkata-Gauge-1,2,0,0.0020089716950563107,0,LOW
2024-02-05 01:00:00,Guwahati-Gauge-1,3,0,0.0020089716950563107,0,LOW
2024-02-05 01:00:00,Sonapur-Gauge-1,4,0,0.0020089716950563107,0,LOW
2024-02-05 02:00:00,Chamoli-Gauge-1,1,1,0.9996600608077871,1,EXTREME
2024-02-05 02:00:00,Kolkata-Gauge-1,2,0,0.0020089716950563107,0,LOW
2024-02-05 02:00:00,Guwahati-Gauge-1,3,0,0.0020089716950563107,0,LOW
2024-02-05 02:00:00,Sonapur-Gauge-1,4,0,0.0020089716950563107,0,LOW
2024-02-05 03:00:00,Chamoli-Gauge-1,1,1,0.9996540548050488,1,EXTREME
2024-02-05 03:00:00,Kolkata-Gauge-1,2,0,0.0020089716950563107,0,LOW
2024-02-05 03:00:00,Guwahati-Gauge-1,3,0,0.0020089716950563107,0,LOW
2024-02-05 03:00:00,Sonapur-Gauge-1,4,0,0.0020089716950563107,0,LOW
2024-02-05 04:00:00,Chamoli-Gauge-1,1,1,0.9996600608077871,1,EXTREME
2024-02-05 04:00:00,Kolkata-Gauge-1,2,0,0.0020089716950563107,0,LOW
2024-02-05 04:00:00,Guwahati-Gauge-1,3,0,0.0020089716950563107,0,LOW
2024-02-05 04:00:00,Sonapur-Gauge-1,4,0,0.0020089716950563107,0,LOW
2024-02-05 05:00:00,Chamoli-Gauge-1,1,1,0.9996600608077871,1,EXTREME
2024-02-05 05:00:00,Kolkata-Gauge-1,2,0,0.0020089716950563107,0,LOW
2024-02-05 05:00:00,Guwahati-Gauge-1,3,0,0.0020089716950563107,0,LOW
2024-02-05 05:00:00,Sonapur-Gauge-1,4,0,0.0020089716950563107,0,LOW
2024-02-05 06:00:00,Chamoli-Gauge-1,1,1,0.9996600608077871,1,EXTREME
2024-02-05 06:00:00,Kolkata-Gauge-1,2,0,0.0020089716950563107,0,LOW
2024-02-05 06:00:00,Guwahati-Gauge-1,3,0,0.0020089716950563107,0,LOW
2024-02-05 06:00:00,Sonapur-Gauge-1,4,0,0.0020089716950563107,0,LOW
2024-02-05 07:00:00,Chamoli-Gauge-1,1,1,0.9996600608077871,1,EXTREME
2024-02-05 07:00:00,Kolkata-Gauge-1,2,0,0.0020089716950563107,0,LOW
2024-02-05 07:00:00,Guwahati-Gauge-1,3,0,0.0020089716950563107,0,LOW
2024-02-05 07:00:00,Sonapur-Gauge-1,4,0,0.0020089716950563107,0,LOW
2024-02-05 08:00:00,Chamoli-Gauge-1,1,1,0.9996600608077871,1,EXTREME
2024-02-05 08:00:00,Kolkata-Gauge-1,2,0,0.0020089716950563107,0,LOW
2024-02-05 08:00:00,Guwahati-Gauge-1,3,0,0.0020089716950563107,0,LOW
2024-02-05 08:00:00,Sonapur-Gauge-1,4,0,0.0020089716950563107,0,LOW
2024-02-05 09:00:00,Chamoli-Gauge-1,1,1,0.9996600608077871,1,EXTREME
2024-02-05 09:00:00,Kolkata-Gauge-1,2,0,0.0020089716950563107,0,LOW
2024-02-05 09:00:00,Guwahati-Gauge-1,3,0,0.0020089716950563107,0,LOW
2024-02-05 09:00:00,Sonapur-Gauge-1,4,0,0.0020089716950563107,0,LOW
2024-02-05 10:00:00,Chamoli-Gauge-1,1,1,0.9996595444021654,1,EXTREME
2024-02-05 10:00:00,Kolkata-Gauge-1,2,0,0.0020089716950563107,0,LOW
2024-02-05 10:00:00,Guwahati-Gauge-1,3,0,0.0020089716950563107,0,LOW
2024-02-05 10:00:00,Sonapur-Gauge-1,4,0,0.0020089716950563107,0,LOW
2024-02-05 11:00:00,Chamoli-Gauge-1,1,1,0.9996600608077871,1,EXTREME
2024-02-05 11:00:00,Kolkata-Gauge-1,2,0,0.0020089716950563107,0,LOW
2024-02-05 11:00:00,Guwahati-Gauge-1,3,0,0.0020089716950563107,0,LOW
2024-02-05 11:00:00,Sonapur-Gauge-1,4,0,0.0020089716950563107,0,LOW
2024-02-05 12:00:00,Chamoli-Gauge-1,1,1,0.9996556163899086,1,EXTREME
2024-02-05 12:00:00,Kolkata-Gauge-1,2,0,0.0020089716950563107,0,LOW
2024-02-05 12:00:00,Guwahati-Gauge-1,3,0,0.0020089716950563107,0,LOW
2024-02-05 12:00:00,Sonapur-Gauge-1,4,0,0.0020089716950563107,0,LOW
2024-02-05 13:00:00,Chamoli-Gauge-1,1,1,0.9996505678639283,1,EXTREME
2024-02-05 13:00:00,Kolkata-Gauge-1,2,0,0.0020089716950563107,0,LOW
2024-02-05 13:00:00,Guwahati-Gauge-1,3,0,0.0020089716950563107,0,LOW
2024-02-05 13:00:00,Sonapur-Gauge-1,4,0,0.0020089716950563107,0,LOW
2024-02-05 14:00:00,Chamoli-Gauge-1,1,1,0.9996600608077871,1,EXTREME
2024-02-05 14:00:00,Kolkata-Gauge-1,2,0,0.0020089716950563107,0,LOW
2024-02-05 14:00:00,Guwahati-Gauge-1,3,0,0.0020089716950563107,0,LOW
2024-02-05 14:00:00,Sonapur-Gauge-1,4,0,0.0020089716950563107,0,LOW
2024-02-05 15:00:00,Chamoli-Gauge-1,1,1,0.9996547090078431,1,EXTREME
2024-02-05 15:00:00,Kolkata-Gauge-1,2,0,0.0020089716950563107,0,LOW
2024-02-05 15:00:00,Guwahati-Gauge-1,3,0,0.0020089716950563107,0,LOW
2024-02-05 15:00:00,Sonapur-Gauge-1,4,0,0.0020089716950563107,0,LOW
2024-02-05 16:00:00,Chamoli-Gauge-1,1,1,0.9996420674347761,1,EXTREME
2024-02-05 16:00:00,Kolkata-Gauge-1,2,0,0.0020089716950563107,0,LOW
2024-02-05 16:00:00,Guwahati-Gauge-1,3,0,0.0020089716950563107,0,LOW
2024-02-05 16:00:00,Sonapur-Gauge-1,4,0,0.0020089716950563107,0,LOW
2024-02-05 17:00:00,Chamoli-Gauge-1,1,1,0.9996449040998522,1,EXTREME
2024-02-05 17:00:00,Kolkata-Gauge-1,2,0,0.0020089716950563107,0,LOW
2024-02-05 17:00:00,Guwahati-Gauge-1,3,0,0.0020089716950563107,0,LOW
2024-02-05 17:00:00,Sonapur-Gauge-1,4,0,0.0020089716950563107,0,LOW
2024-02-05 18:00:00,Chamoli-Gauge-1,1,1,0.9996459959083539,1,EXTREME
2024-02-05 18:00:00,Kolkata-Gauge-1,2,0,0.0020089716950563107,0,LOW
2024-02-05 18:00:00,Guwahati-Gauge-1,3,0,0.002071703011374429,0,LOW
2024-02-05 18:00:00,Sonapur-Gauge-1,4,0,0.0020089716950563107,0,LOW
2024-02-05 19:00:00,Chamoli-Gauge-1,1,1,0.9996579568624582,1,EXTREME
2024-02-05 19:00:00,Kolkata-Gauge-1,2,0,0.0020089716950563107,0,LOW
2024-02-05 19:00:00,Guwahati-Gauge-1,3,0,0.0020089716950563107,0,LOW
2024-02-05 19:00:00,Sonapur-Gauge-1,4,0,0.0020089716950563107,0,LOW
2024-02-05 20:00:00,Chamoli-Gauge-1,1,1,0.9996590123630176,1,EXTREME
2024-02-05 20:00:00,Kolkata-Gauge-1,2,0,0.0020089716950563107,0,LOW
2024-02-05 20:00:00,Guwahati-Gauge-1,3,0,0.0020089716950563107,0,LOW
2024-02-05 20:00:00,Sonapur-Gauge-1,4,0,0.0020089716950563107,0,LOW
2024-02-05 21:00:00,Chamoli-Gauge-1,1,1,0.9996586967707772,1,EXTREME
2024-02-05 21:00:00,Kolkata-Gauge-1,2,0,0.0020089716950563107,0,LOW
2024-02-05 21:00:00,Guwahati-Gauge-1,3,0,0.0020089716950563107,0,LOW
2024-02-05 21:00:00,Sonapur-Gauge-1,4,0,0.0020089716950563107,0,LOW
2024-02-05 22:00:00,Chamoli-Gauge-1,1,1,0.9996593413642256,1,EXTREME
2024-02-05 22:00:00,Kolkata-Gauge-1,2,0,0.0020089716950563107,0,LOW
2024-02-05 22:00:00,Guwahati-Gauge-1,3,0,0.0020089716950563107,0,LOW
2024-02-05 22:00:00,Sonapur-Gauge-1,4,0,0.0020089716950563107,0,LOW
2024-02-05 23:00:00,Chamoli-Gauge-1,1,1,0.9996503583946559,1,EXTREME
2024-02-05 23:00:00,Kolkata-Gauge-1,2,0,0.0020089716950563107,0,LOW
2024-02-05 23:00:00,Guwahati-Gauge-1,3,0,0.0020089716950563107,0,LOW
2024-02-05 23:00:00,Sonapur-Gauge-1,4,0,0.0020089716950563107,0,LOW
2024-02-06 00:00:00,Chamoli-Gauge-1,1,1,0.9996600608077871,1,EXTREME
2024-02-06 00:00:00,Kolkata-Gauge-1,2,0,0.0020089716950563107,0,LOW
2024-02-06 00:00:00,Guwahati-Gauge-1,3,0,0.0020089716950563107,0,LOW
2024-02-06 00:00:00,Sonapur-Gauge-1,4,0,0.0020089716950563107,0,LOW
2024-02-06 01:00:00,Chamoli-Gauge-1,1,1,0.9996523640834203,1,EXTREME
2024-02-06 01:00:00,Kolkata-Gauge-1,2,0,0.0020089716950563107,0,LOW
2024-02-06 01:00:00,Guwahati-Gauge-1,3,0,0.0020089716950563107,0,LOW
2024-02-06 01:00:00,Sonapur-Gauge-1,4,0,0.0020089716950563107,0,LOW
2024-02-06 02:00:00,Chamoli-Gauge-1,1,1,0.9996585181804853,1,EXTREME
2024-02-06 02:00:00,Kolkata-Gauge-1,2,0,0.0020089716950563107,0,LOW
2024-02-06 02:00:00,Guwahati-Gauge-1,3,0,0.0020089716950563107,0,LOW
2024-02-06 02:00:00,Sonapur-Gauge-1,4,0,0.0020089716950563107,0,LOW
2024-02-06 03:00:00,Chamoli-Gauge-1,1,1,0.9996550307774512,1,EXTREME
2024-02-06 03:00:00,Kolkata-Gauge-1,2,0,0.0020089716950563107,0,LOW
2024-02-06 03:00:00,Guwahati-Gauge-1,3,0,0.0020089716950563107,0,LOW
2024-02-06 03:00:00,Sonapur-Gauge-1,4,0,0.0020089716950563107,0,LOW
2024-02-06 04:00:00,Chamoli-Gauge-1,1,1,0.9996585181804853,1,EXTREME
2024-02-06 04:00:00,Kolkata-Gauge-1,2,0,0.0020089716950563107,0,LOW
2024-02-06 04:00:00,Guwahati-Gauge-1,3,0,0.0020089716950563107,0,LOW
2024-02-06 04:00:00,Sonapur-Gauge-1,4,0,0.0020089716950563107,0,LOW
2024-02-06 05:00:00,Chamoli-Gauge-1,1,1,0.9996600608077871,1,EXTREME
2024-02-06 05:00:00,Kolkata-Gauge-1,2,0,0.0020089716950563107,0,LOW
2024-02-06 05:00:00,Guwahati-Gauge-1,3,0,0.0020089716950563107,0,LOW
2024-02-06 05:00:00,Sonapur-Gauge-1,4,0,0.0020089716950563107,0,LOW
2024-02-06 06:00:00,Chamoli-Gauge-1,1,1,0.9996548705176298,1,EXTREME
2024-02-06 06:00:00,Kolkata-Gauge-1,2,0,0.0020089716950563107,0,LOW
2024-02-06 06:00:00,Guwahati-Gauge-1,3,0,0.0020089716950563107,0,LOW
2024-02-06 06:00:00,Sonapur-Gauge-1,4,0,0.0020089716950563107,0,LOW
2024-02-06 07:00:00,Chamoli-Gauge-1,1,1,0.9995911396135408,1,EXTREME
2024-02-06 07:00:00,Kolkata-Gauge-1,2,0,0.0020089716950563107,0,LOW
2024-02-06 07:00:00,Guwahati-Gauge-1,3,0,0.0020089716950563107,0,LOW
2024-02-06 07:00:00,Sonapur-Gauge-1,4,0,0.0020089716950563107,0,LOW
2024-02-06 08:00:00,Chamoli-Gauge-1,1,1,0.9996119976651097,1,EXTREME
2024-02-06 08:00:00,Kolkata-Gauge-1,2,0,0.0020089716950563107,0,LOW
2024-02-06 08:00:00,Guwahati-Gauge-1,3,0,0.0020089716950563107,0,LOW
2024-02-06 08:00:00,Sonapur-Gauge-1,4,0,0.0020089716950563107,0,LOW
2024-02-06 09:00:00,Chamoli-Gauge-1,1,1,0.9996432969596536,1,EXTREME
2024-02-06 09:00:00,Kolkata-Gauge-1,2,0,0.0020089716950563107,0,LOW
2024-02-06 09:00:00,Guwahati-Gauge-1,3,0,0.0020089716950563107,0,LOW
2024-02-06 09:00:00,Sonapur-Gauge-1,4,0,0.0020089716950563107,0,LOW
2024-02-06 10:00:00,Chamoli-Gauge-1,1,1,0.9996533988719819,1,EXTREME
2024-02-06 10:00:00,Kolkata-Gauge-1,2,0,0.0020089716950563107,0,LOW
2024-02-06 10:00:00,Guwahati-Gauge-1,3,0,0.0020089716950563107,0,LOW
2024-02-06 10:00:00,Sonapur-Gauge-1,4,0,0.0020089716950563107,0,LOW
2024-02-06 11:00:00,Chamoli-Gauge-1,1,1,0.9996533988719819,1,EXTREME
2024-02-06 11:00:00,Kolkata-Gauge-1,2,0,0.0020089716950563107,0,LOW
2024-02-06 11:00:00,Guwahati-Gauge-1,3,0,0.0020089716950563107,0,LOW
2024-02-06 11:00:00,Sonapur-Gauge-1,4,0,0.0020089716950563107,0,LOW
2024-02-06 12:00:00,Chamoli-Gauge-1,1,1,0.9996596400831007,1,EXTREME
2024-02-06 12:00:00,Kolkata-Gauge-1,2,0,0.0020089716950563107,0,LOW
2024-02-06 12:00:00,Guwahati-Gauge-1,3,0,0.0020089716950563107,0,LOW
2024-02-06 12:00:00,Sonapur-Gauge-1,4,0,0.0020089716950563107,0,LOW
2024-02-06 13:00:00,Chamoli-Gauge-1,1,1,0.9996600608077871,1,EXTREME
2024-02-06 13:00:00,Kolkata-Gauge-1,2,0,0.0020089716950563107,0,LOW
2024-02-06 13:00:00,Guwahati-Gauge-1,3,0,0.0020089716950563107,0,LOW
2024-02-06 13:00:00,Sonapur-Gauge-1,4,0,0.0020089716950563107,0,LOW
2024-02-06 14:00:00,Chamoli-Gauge-1,1,1,0.9996600608077871,1,EXTREME
2024-02-06 14:00:00,Kolkata-Gauge-1,2,0,0.0020089716950563107,0,LOW
2024-02-06 14:00:00,Guwahati-Gauge-1,3,0,0.0020089716950563107,0,LOW
2024-02-06 14:00:00,Sonapur-Gauge-1,4,0,0.0020089716950563107,0,LOW
2024-02-06 15:00:00,Chamoli-Gauge-1,1,1,0.9996600608077871,1,EXTREME
2024-02-06 15:00:00,Kolkata-Gauge-1,2,0,0.0020089716950563107,0,LOW
2024-02-06 15:00:00,Guwahati-Gauge-1,3,0,0.0020089716950563107,0,LOW
2024-02-06 15:00:00,Sonapur-Gauge-1,4,0,0.0020089716950563107,0,LOW
2024-02-06 16:00:00,Chamoli-Gauge-1,1,1,0.9996590332907486,1,EXTREME
2024-02-06 16:00:00,Kolkata-Gauge-1,2,0,0.0020089716950563107,0,LOW
2024-02-06 16:00:00,Guwahati-Gauge-1,3,0,0.0020089716950563107,0,LOW
2024-02-06 16:00:00,Sonapur-Gauge-1,4,0,0.0020089716950563107,0,LOW
2024-02-06 17:00:00,Chamoli-Gauge-1,1,1,0.9996590332907486,1,EXTREME
2024-02-06 17:00:00,Kolkata-Gauge-1,2,0,0.0020089716950563107,0,LOW
2024-02-06 17:00:00,Guwahati-Gauge-1,3,0,0.0020089716950563107,0,LOW
2024-02-06 17:00:00,Sonapur-Gauge-1,4,0,0.0020089716950563107,0,LOW
2024-02-06 18:00:00,Chamoli-Gauge-1,1,1,0.9996590551054985,1,EXTREME
2024-02-06 18:00:00,Kolkata-Gauge-1,2,0,0.0020089716950563107,0,LOW
2024-02-06 18:00:00,Guwahati-Gauge-1,3,0,0.0020089716950563107,0,LOW
2024-02-06 18:00:00,Sonapur-Gauge-1,4,0,0.0020089716950563107,0,LOW
2024-02-06 19:00:00,Chamoli-Gauge-1,1,1,0.9996580435787881,1,EXTREME
2024-02-06 19:00:00,Kolkata-Gauge-1,2,0,0.0020089716950563107,0,LOW
2024-02-06 19:00:00,Guwahati-Gauge-1,3,0,0.0020089716950563107,0,LOW
2024-02-06 19:00:00,Sonapur-Gauge-1,4,0,0.0020089716950563107,0,LOW
2024-02-06 20:00:00,Chamoli-Gauge-1,1,1,0.9996593719827656,1,EXTREME
2024-02-06 20:00:00,Kolkata-Gauge-1,2,0,0.0020089716950563107,0,LOW
2024-02-06 20:00:00,Guwahati-Gauge-1,3,0,0.0020089716950563107,0,LOW
2024-02-06 20:00:00,Sonapur-Gauge-1,4,0,0.0020089716950563107,0,LOW
2024-02-06 21:00:00,Chamoli-Gauge-1,1,1,0.9996600608077871,1,EXTREME
2024-02-06 21:00:00,Kolkata-Gauge-1,2,0,0.0020089716950563107,0,LOW
2024-02-06 21:00:00,Guwahati-Gauge-1,3,0,0.0020089716950563107,0,LOW
2024-02-06 21:00:00,Sonapur-Gauge-1,4,0,0.0020089716950563107,0,LOW
2024-02-06 22:00:00,Chamoli-Gauge-1,1,1,0.9996600608077871,1,EXTREME
2024-02-06 22:00:00,Kolkata-Gauge-1,2,0,0.0020089716950563107,0,LOW
2024-02-06 22:00:00,Guwahati-Gauge-1,3,0,0.0020089716950563107,0,LOW
2024-02-06 22:00:00,Sonapur-Gauge-1,4,0,0.0020089716950563107,0,LOW
2024-02-06 23:00:00,Chamoli-Gauge-1,1,1,0.9996600608077871,1,EXTREME
2024-02-06 23:00:00,Kolkata-Gauge-1,2,0,0.0020089716950563107,0,LOW
2024-02-06 23:00:00,Guwahati-Gauge-1,3,0,0.0020089716950563107,0,LOW
2024-02-06 23:00:00,Sonapur-Gauge-1,4,0,0.0020089716950563107,0,LOW
2024-02-07 00:00:00,Chamoli-Gauge-1,1,1,0.9996595444021654,1,EXTREME
2024-02-07 00:00:00,Kolkata-Gauge-1,2,0,0.0020089716950563107,0,LOW
2024-02-07 00:00:00,Guwahati-Gauge-1,3,0,0.0020089716950563107,0,LOW
2024-02-07 00:00:00,Sonapur-Gauge-1,4,0,0.0020089716950563107,0,LOW
2024-02-07 01:00:00,Chamoli-Gauge-1,1,1,0.9996551719987179,1,EXTREME
2024-02-07 01:00:00,Kolkata-Gauge-1,2,0,0.0020089716950563107,0,LOW
2024-02-07 01:00:00,Guwahati-Gauge-1,3,0,0.0020089716950563107,0,LOW
2024-02-07 01:00:00,Sonapur-Gauge-1,4,0,0.0025756719599045923,0,LOW
2024-02-07 02:00:00,Chamoli-Gauge-1,1,1,0.9996438344698375,1,EXTREME
2024-02-07 02:00:00,Kolkata-Gauge-1,2,0,0.0020089716950563107,0,LOW
2024-02-07 02:00:00,Guwahati-Gauge-1,3,0,0.0020089716950563107,0,LOW
2024-02-07 02:00:00,Sonapur-Gauge-1,4,0,0.003287132863315462,0,LOW
2024-02-07 03:00:00,Chamoli-Gauge-1,1,1,0.999658880915704,1,EXTREME
2024-02-07 03:00:00,Kolkata-Gauge-1,2,0,0.0020089716950563107,0,LOW
2024-02-07 03:00:00,Guwahati-Gauge-1,3,0,0.0020089716950563107,0,LOW
2024-02-07 03:00:00,Sonapur-Gauge-1,4,0,0.004999841881114478,0,LOW
2024-02-07 04:00:00,Chamoli-Gauge-1,1,1,0.9996437321016288,1,EXTREME
2024-02-07 04:00:00,Kolkata-Gauge-1,2,0,0.0020089716950563107,0,LOW
2024-02-07 04:00:00,Guwahati-Gauge-1,3,0,0.0020089716950563107,0,LOW
2024-02-07 04:00:00,Sonapur-Gauge-1,4,0,0.032815002275590414,0,LOW
2024-02-07 05:00:00,Chamoli-Gauge-1,1,1,0.9996573169713505,1,EXTREME
2024-02-07 05:00:00,Kolkata-Gauge-1,2,0,0.0020089716950563107,0,LOW
2024-02-07 05:00:00,Guwahati-Gauge-1,3,0,0.0020089716950563107,0,LOW
2024-02-07 05:00:00,Sonapur-Gauge-1,4,0,0.06405913895374732,0,LOW
2024-02-07 06:00:00,Chamoli-Gauge-1,1,1,0.9996481045565085,1,EXTREME
2024-02-07 06:00:00,Kolkata-Gauge-1,2,0,0.0020089716950563107,0,LOW
2024-02-07 06:00:00,Guwahati-Gauge-1,3,0,0.0020089716950563107,0,LOW
2024-02-07 06:00:00,Sonapur-Gauge-1,4,0,0.07396812964442896,0,LOW
2024-02-07 07:00:00,Chamoli-Gauge-1,1,1,0.9996432388537749,1,EXTREME
2024-02-07 07:00:00,Kolkata-Gauge-1,2,0,0.0020089716950563107,0,LOW
2024-02-07 07:00:00,Guwahati-Gauge-1,3,0,0.0020089716950563107,0,LOW
2024-02-07 07:00:00,Sonapur-Gauge-1,4,0,0.01690145643984601,0,LOW
2024-02-07 08:00:00,Chamoli-Gauge-1,1,1,0.9996145896893252,1,EXTREME
2024-02-07 08:00:00,Kolkata-Gauge-1,2,0,0.0020089716950563107,0,LOW
2024-02-07 08:00:00,Guwahati-Gauge-1,3,0,0.0020089716950563107,0,LOW
2024-02-07 08:00:00,Sonapur-Gauge-1,4,0,0.006842159842725584,0,LOW
2024-02-07 09:00:00,Chamoli-Gauge-1,1,1,0.9995468271825729,1,EXTREME
2024-02-07 09:00:00,Kolkata-Gauge-1,2,0,0.0020089716950563107,0,LOW
2024-02-07 09:00:00,Guwahati-Gauge-1,3,0,0.0020089716950563107,0,LOW
2024-02-07 09:00:00,Sonapur-Gauge-1,4,0,0.005340456663513548,0,LOW
2024-02-07 10:00:00,Chamoli-Gauge-1,1,1,0.9996491691375551,1,EXTREME
2024-02-07 10:00:00,Kolkata-Gauge-1,2,0,0.0020089716950563107,0,LOW
2024-02-07 10:00:00,Guwahati-Gauge-1,3,0,0.0020089716950563107,0,LOW
2024-02-07 10:00:00,Sonapur-Gauge-1,4,0,0.01007810179962355,0,LOW
2024-02-07 11:00:00,Chamoli-Gauge-1,1,1,0.9996190248950659,1,EXTREME
2024-02-07 11:00:00,Kolkata-Gauge-1,2,0,0.0020089716950563107,0,LOW
2024-02-07 11:00:00,Guwahati-Gauge-1,3,0,0.0020089716950563107,0,LOW
2024-02-07 11:00:00,Sonapur-Gauge-1,4,0,0.009543312190692165,0,LOW
2024-02-07 12:00:00,Chamoli-Gauge-1,1,1,0.9994864834107435,1,EXTREME
2024-02-07 12:00:00,Kolkata-Gauge-1,2,0,0.0020089716950563107,0,LOW
2024-02-07 12:00:00,Guwahati-Gauge-1,3,0,0.0020089716950563107,0,LOW
2024-02-07 12:00:00,Sonapur-Gauge-1,4,0,0.005390392560093561,0,LOW
2024-02-07 13:00:00,Chamoli-Gauge-1,1,1,0.9995057686161007,1,EXTREME
2024-02-07 13:00:00,Kolkata-Gauge-1,2,0,0.0020089716950563107,0,LOW
2024-02-07 13:00:00,Guwahati-Gauge-1,3,0,0.0020089716950563107,0,LOW
2024-02-07 13:00:00,Sonapur-Gauge-1,4,0,0.004262185651813373,0,LOW
2024-02-07 14:00:00,Chamoli-Gauge-1,1,1,0.9986439282217443,1,EXTREME
2024-02-07 14:00:00,Kolkata-Gauge-1,2,0,0.0020089716950563107,0,LOW
2024-02-07 14:00:00,Guwahati-Gauge-1,3,0,0.0020089716950563107,0,LOW
2024-02-07 14:00:00,Sonapur-Gauge-1,4,0,0.003448630439269569,0,LOW
2024-02-07 15:00:00,Chamoli-Gauge-1,1,1,0.992581426819537,1,EXTREME
2024-02-07 15:00:00,Kolkata-Gauge-1,2,0,0.0020089716950563107,0,LOW
2024-02-07 15:00:00,Guwahati-Gauge-1,3,0,0.0020089716950563107,0,LOW
2024-02-07 15:00:00,Sonapur-Gauge-1,4,0,0.002710480122166394,0,LOW
2024-02-07 16:00:00,Chamoli-Gauge-1,1,0,0.016305317370408124,0,LOW
2024-02-07 16:00:00,Kolkata-Gauge-1,2,0,0.0020089716950563107,0,LOW
2024-02-07 16:00:00,Guwahati-Gauge-1,3,0,0.0020089716950563107,0,LOW
2024-02-07 16:00:00,Sonapur-Gauge-1,4,0,0.0033106513463776687,0,LOW
2024-02-07 17:00:00,Chamoli-Gauge-1,1,0,0.003335430914670352,0,LOW
2024-02-07 17:00:00,Kolkata-Gauge-1,2,0,0.0020089716950563107,0,LOW
2024-02-07 17:00:00,Guwahati-Gauge-1,3,0,0.0020089716950563107,0,LOW
2024-02-07 17:00:00,Sonapur-Gauge-1,4,0,0.0038788325992907763,0,LOW
2024-02-07 18:00:00,Chamoli-Gauge-1,1,0,0.0028048808935883245,0,LOW
2024-02-07 18:00:00,Kolkata-Gauge-1,2,0,0.0020089716950563107,0,LOW
2024-02-07 18:00:00,Guwahati-Gauge-1,3,0,0.0020089716950563107,0,LOW
2024-02-07 18:00:00,Sonapur-Gauge-1,4,0,0.0036870048217723874,0,LOW
2024-02-07 19:00:00,Chamoli-Gauge-1,1,0,0.004811126602848295,0,LOW
2024-02-07 19:00:00,Kolkata-Gauge-1,2,0,0.0020089716950563107,0,LOW
2024-02-07 19:00:00,Guwahati-Gauge-1,3,0,0.0020089716950563107,0,LOW
2024-02-07 19:00:00,Sonapur-Gauge-1,4,0,0.0032318766683583976,0,LOW
2024-02-07 20:00:00,Chamoli-Gauge-1,1,0,0.004156742701068462,0,LOW
2024-02-07 20:00:00,Kolkata-Gauge-1,2,0,0.0020089716950563107,0,LOW
2024-02-07 20:00:00,Guwahati-Gauge-1,3,0,0.0020089716950563107,0,LOW
2024-02-07 20:00:00,Sonapur-Gauge-1,4,0,0.002882227570121986,0,LOW
2024-02-07 21:00:00,Chamoli-Gauge-1,1,0,0.002775781963822753,0,LOW
2024-02-07 21:00:00,Kolkata-Gauge-1,2,0,0.0020089716950563107,0,LOW
2024-02-07 21:00:00,Guwahati-Gauge-1,3,0,0.0020089716950563107,0,LOW
2024-02-07 21:00:00,Sonapur-Gauge-1,4,0,0.003395954124191531,0,LOW
2024-02-07 22:00:00,Chamoli-Gauge-1,1,0,0.002872991416567291,0,LOW
2024-02-07 22:00:00,Kolkata-Gauge-1,2,0,0.0020089716950563107,0,LOW
2024-02-07 22:00:00,Guwahati-Gauge-1,3,0,0.0020089716950563107,0,LOW
2024-02-07 22:00:00,Sonapur-Gauge-1,4,0,0.0026635005340608616,0,LOW
2024-02-07 23:00:00,Chamoli-Gauge-1,1,0,0.002819342953529355,0,LOW
2024-02-07 23:00:00,Kolkata-Gauge-1,2,0,0.0020089716950563107,0,LOW
2024-02-07 23:00:00,Guwahati-Gauge-1,3,0,0.0020089716950563107,0,LOW
2024-02-07 23:00:00,Sonapur-Gauge-1,4,0,0.002254088185786038,0,LOW
2024-02-08 00:00:00,Chamoli-Gauge-1,1,0,0.002315369360761963,0,LOW
2024-02-08 00:00:00,Kolkata-Gauge-1,2,0,0.0020089716950563107,0,LOW
2024-02-08 00:00:00,Guwahati-Gauge-1,3,0,0.0020089716950563107,0,LOW
2024-02-08 00:00:00,Sonapur-Gauge-1,4,0,0.002214205631183239,0,LOW
2024-02-08 01:00:00,Chamoli-Gauge-1,1,0,0.002384902268591282,0,LOW
2024-02-08 01:00:00,Kolkata-Gauge-1,2,0,0.0020089716950563107,0,LOW
2024-02-08 01:00:00,Guwahati-Gauge-1,3,0,0.0020089716950563107,0,LOW
2024-02-08 01:00:00,Sonapur-Gauge-1,4,0,0.0020089716950563107,0,LOW
2024-02-08 02:00:00,Chamoli-Gauge-1,1,0,0.0022321646649006654,0,LOW
2024-02-08 02:00:00,Kolkata-Gauge-1,2,0,0.0020089716950563107,0,LOW
2024-02-08 02:00:00,Guwahati-Gauge-1,3,0,0.0020089716950563107,0,LOW
2024-02-08 02:00:00,Sonapur-Gauge-1,4,0,0.0020089716950563107,0,LOW
2024-02-08 03:00:00,Chamoli-Gauge-1,1,0,0.0027780548887565005,0,LOW
2024-02-08 03:00:00,Kolkata-Gauge-1,2,0,0.0020089716950563107,0,LOW
2024-02-08 03:00:00,Guwahati-Gauge-1,3,0,0.002141234946857907,0,LOW
2024-02-08 03:00:00,Sonapur-Gauge-1,4,0,0.0020839843305717285,0,LOW
2024-02-08 04:00:00,Chamoli-Gauge-1,1,0,0.0021581612273933477,0,LOW
2024-02-08 04:00:00,Kolkata-Gauge-1,2,0,0.0020089716950563107,0,LOW
2024-02-08 04:00:00,Guwahati-Gauge-1,3,0,0.010604574930700784,0,LOW
2024-02-08 04:00:00,Sonapur-Gauge-1,4,0,0.0025799930437759152,0,LOW
2024-02-08 05:00:00,Chamoli-Gauge-1,1,0,0.002080429183828591,0,LOW
2024-02-08 05:00:00,Kolkata-Gauge-1,2,0,0.0020089716950563107,0,LOW
2024-02-08 05:00:00,Guwahati-Gauge-1,3,0,0.12404341880445262,0,LOW
2024-02-08 05:00:00,Sonapur-Gauge-1,4,0,0.0026102637483596397,0,LOW
2024-02-08 06:00:00,Chamoli-Gauge-1,1,0,0.0020089716950563107,0,LOW
2024-02-08 06:00:00,Kolkata-Gauge-1,2,0,0.0020089716950563107,0,LOW
2024-02-08 06:00:00,Guwahati-Gauge-1,3,1,0.980176099482086,1,EXTREME
2024-02-08 06:00:00,Sonapur-Gauge-1,4,0,0.002548368125644753,0,LOW
2024-02-08 07:00:00,Chamoli-Gauge-1,1,0,0.0021464034797158337,0,LOW
2024-02-08 07:00:00,Kolkata-Gauge-1,2,0,0.0020089716950563107,0,LOW
2024-02-08 07:00:00,Guwahati-Gauge-1,3,1,0.9979842862082252,1,EXTREME
2024-02-08 07:00:00,Sonapur-Gauge-1,4,0,0.0896986325774192,0,LOW
2024-02-08 08:00:00,Chamoli-Gauge-1,1,0,0.0021464034797158337,0,LOW
2024-02-08 08:00:00,Kolkata-Gauge-1,2,0,0.0020089716950563107,0,LOW
2024-02-08 08:00:00,Guwahati-Gauge-1,3,1,0.9985821601108794,1,EXTREME
2024-02-08 08:00:00,Sonapur-Gauge-1,4,1,0.997536348748172,1,EXTREME
2024-02-08 09:00:00,Chamoli-Gauge-1,1,0,0.002136276088787368,0,LOW
2024-02-08 09:00:00,Kolkata-Gauge-1,2,0,0.0020089716950563107,0,LOW
2024-02-08 09:00:00,Guwahati-Gauge-1,3,1,0.99901248919629,1,EXTREME
2024-02-08 09:00:00,Sonapur-Gauge-1,4,1,0.9994438052402929,1,EXTREME
2024-02-08 10:00:00,Chamoli-Gauge-1,1,0,0.0024208653813472224,0,LOW
2024-02-08 10:00:00,Kolkata-Gauge-1,2,0,0.0020089716950563107,0,LOW
2024-02-08 10:00:00,Guwahati-Gauge-1,3,1,0.9993370278165431,1,EXTREME
2024-02-08 10:00:00,Sonapur-Gauge-1,4,1,0.9995899455536368,1,EXTREME
2024-02-08 11:00:00,Chamoli-Gauge-1,1,0,0.0023857546543452238,0,LOW
2024-02-08 11:00:00,Kolkata-Gauge-1,2,0,0.0020089716950563107,0,LOW
2024-02-08 11:00:00,Guwahati-Gauge-1,3,1,0.9994674942325477,1,EXTREME
2024-02-08 11:00:00,Sonapur-Gauge-1,4,1,0.9996010653434404,1,EXTREME
2024-02-08 12:00:00,Chamoli-Gauge-1,1,0,0.002072074887560912,0,LOW
2024-02-08 12:00:00,Kolkata-Gauge-1,2,0,0.0020089716950563107,0,LOW
2024-02-08 12:00:00,Guwahati-Gauge-1,3,1,0.9995768042631668,1,EXTREME
2024-02-08 12:00:00,Sonapur-Gauge-1,4,1,0.9996230742155175,1,EXTREME
2024-02-08 13:00:00,Chamoli-Gauge-1,1,0,0.0021487682748329903,0,LOW
2024-02-08 13:00:00,Kolkata-Gauge-1,2,0,0.0020089716950563107,0,LOW
2024-02-08 13:00:00,Guwahati-Gauge-1,3,1,0.999531377163996,1,EXTREME
2024-02-08 13:00:00,Sonapur-Gauge-1,4,1,0.9996431518603696,1,EXTREME
2024-02-08 14:00:00,Chamoli-Gauge-1,1,0,0.0021505331487932655,0,LOW
2024-02-08 14:00:00,Kolkata-Gauge-1,2,0,0.0020089716950563107,0,LOW
2024-02-08 14:00:00,Guwahati-Gauge-1,3,1,0.9996095719697625,1,EXTREME
2024-02-08 14:00:00,Sonapur-Gauge-1,4,1,0.9995869225734777,1,EXTREME
2024-02-08 15:00:00,Chamoli-Gauge-1,1,0,0.002071486976364962,0,LOW
2024-02-08 15:00:00,Kolkata-Gauge-1,2,0,0.0020089716950563107,0,LOW
2024-02-08 15:00:00,Guwahati-Gauge-1,3,1,0.9995595095375263,1,EXTREME
2024-02-08 15:00:00,Sonapur-Gauge-1,4,1,0.9996070968937533,1,EXTREME
2024-02-08 16:00:00,Chamoli-Gauge-1,1,0,0.0020641511506131675,0,LOW
2024-02-08 16:00:00,Kolkata-Gauge-1,2,0,0.0020089716950563107,0,LOW
2024-02-08 16:00:00,Guwahati-Gauge-1,3,1,0.9994630480995522,1,EXTREME
2024-02-08 16:00:00,Sonapur-Gauge-1,4,1,0.9996395323384735,1,EXTREME
2024-02-08 17:00:00,Chamoli-Gauge-1,1,0,0.0020089716950563107,0,LOW
2024-02-08 17:00:00,Kolkata-Gauge-1,2,0,0.0020089716950563107,0,LOW
2024-02-08 17:00:00,Guwahati-Gauge-1,3,1,0.9993969557421061,1,EXTREME
2024-02-08 17:00:00,Sonapur-Gauge-1,4,1,0.9996012219525108,1,EXTREME
2024-02-08 18:00:00,Chamoli-Gauge-1,1,0,0.0020718112751094623,0,LOW
2024-02-08 18:00:00,Kolkata-Gauge-1,2,0,0.0020089716950563107,0,LOW
2024-02-08 18:00:00,Guwahati-Gauge-1,3,1,0.9986215209644352,1,EXTREME
2024-02-08 18:00:00,Sonapur-Gauge-1,4,1,0.998520699876305,1,EXTREME
2024-02-08 19:00:00,Chamoli-Gauge-1,1,0,0.002198871809292719,0,LOW
2024-02-08 19:00:00,Kolkata-Gauge-1,2,0,0.0020089716950563107,0,LOW
2024-02-08 19:00:00,Guwahati-Gauge-1,3,0,0.3417787211809022,0,MODERATE
2024-02-08 19:00:00,Sonapur-Gauge-1,4,0,0.132163623625303,0,LOW
2024-02-08 20:00:00,Chamoli-Gauge-1,1,0,0.0020089716950563107,0,LOW
2024-02-08 20:00:00,Kolkata-Gauge-1,2,0,0.0020089716950563107,0,LOW
2024-02-08 20:00:00,Guwahati-Gauge-1,3,0,0.11472457751245664,0,LOW
2024-02-08 20:00:00,Sonapur-Gauge-1,4,0,0.0071747567336120635,0,LOW
2024-02-08 21:00:00,Chamoli-Gauge-1,1,0,0.0020089716950563107,0,LOW
2024-02-08 21:00:00,Kolkata-Gauge-1,2,0,0.0020089716950563107,0,LOW
2024-02-08 21:00:00,Guwahati-Gauge-1,3,0,0.059479793453804185,0,LOW
2024-02-08 21:00:00,Sonapur-Gauge-1,4,0,0.0037422584871100984,0,LOW
2024-02-08 22:00:00,Chamoli-Gauge-1,1,0,0.0020652704252594758,0,LOW
2024-02-08 22:00:00,Kolkata-Gauge-1,2,0,0.0020089716950563107,0,LOW
2024-02-08 22:00:00,Guwahati-Gauge-1,3,0,0.02500039452498917,0,LOW
2024-02-08 22:00:00,Sonapur-Gauge-1,4,0,0.0023762972113789563,0,LOW
2024-02-08 23:00:00,Chamoli-Gauge-1,1,0,0.0020089716950563107,0,LOW
2024-02-08 23:00:00,Kolkata-Gauge-1,2,0,0.0020089716950563107,0,LOW
2024-02-08 23:00:00,Guwahati-Gauge-1,3,0,0.015906068449192054,0,LOW
2024-02-08 23:00:00,Sonapur-Gauge-1,4,0,0.002656746127904119,0,LOW
2024-02-09 00:00:00,Chamoli-Gauge-1,1,0,0.0020089716950563107,0,LOW
2024-02-09 00:00:00,Kolkata-Gauge-1,2,0,0.0020089716950563107,0,LOW
2024-02-09 00:00:00,Guwahati-Gauge-1,3,0,0.01206919446614215,0,LOW
2024-02-09 00:00:00,Sonapur-Gauge-1,4,0,0.0025718863628409884,0,LOW
2024-02-09 01:00:00,Chamoli-Gauge-1,1,0,0.0020089716950563107,0,LOW
2024-02-09 01:00:00,Kolkata-Gauge-1,2,0,0.0020089716950563107,0,LOW
2024-02-09 01:00:00,Guwahati-Gauge-1,3,0,0.007082684686426824,0,LOW
2024-02-09 01:00:00,Sonapur-Gauge-1,4,0,0.0026043070267618633,0,LOW
2024-02-09 02:00:00,Chamoli-Gauge-1,1,0,0.0020089716950563107,0,LOW
2024-02-09 02:00:00,Kolkata-Gauge-1,2,0,0.0020089716950563107,0,LOW
2024-02-09 02:00:00,Guwahati-Gauge-1,3,0,0.006554630505278063,0,LOW
2024-02-09 02:00:00,Sonapur-Gauge-1,4,0,0.00243774161321535,0,LOW
2024-02-09 03:00:00,Chamoli-Gauge-1,1,0,0.0020089716950563107,0,LOW
2024-02-09 03:00:00,Kolkata-Gauge-1,2,0,0.0020089716950563107,0,LOW
2024-02-09 03:00:00,Guwahati-Gauge-1,3,0,0.008003023583707367,0,LOW
2024-02-09 03:00:00,Sonapur-Gauge-1,4,0,0.002116140961739363,0,LOW
2024-02-09 04:00:00,Chamoli-Gauge-1,1,0,0.0020089716950563107,0,LOW
2024-02-09 04:00:00,Kolkata-Gauge-1,2,0,0.0020089716950563107,0,LOW
2024-02-09 04:00:00,Guwahati-Gauge-1,3,0,0.008298486775099317,0,LOW
2024-02-09 04:00:00,Sonapur-Gauge-1,4,0,0.0023305018225800015,0,LOW
2024-02-09 05:00:00,Chamoli-Gauge-1,1,0,0.0020089716950563107,0,LOW
2024-02-09 05:00:00,Kolkata-Gauge-1,2,0,0.0020089716950563107,0,LOW
2024-02-09 05:00:00,Guwahati-Gauge-1,3,0,0.004283453354329046,0,LOW
2024-02-09 05:00:00,Sonapur-Gauge-1,4,0,0.0026453918724296884,0,LOW
2024-02-09 06:00:00,Chamoli-Gauge-1,1,0,0.0020089716950563107,0,LOW
2024-02-09 06:00:00,Kolkata-Gauge-1,2,0,0.0020089716950563107,0,LOW
2024-02-09 06:00:00,Guwahati-Gauge-1,3,0,0.003011381319806027,0,LOW
2024-02-09 06:00:00,Sonapur-Gauge-1,4,0,0.002352336361056118,0,LOW
2024-02-09 07:00:00,Chamoli-Gauge-1,1,0,0.0020656431370457305,0,LOW
2024-02-09 07:00:00,Kolkata-Gauge-1,2,0,0.0020089716950563107,0,LOW
2024-02-09 07:00:00,Guwahati-Gauge-1,3,0,0.0023248391125071945,0,LOW
2024-02-09 07:00:00,Sonapur-Gauge-1,4,0,0.0021942285755262025,0,LOW
2024-02-09 08:00:00,Chamoli-Gauge-1,1,0,0.0020089716950563107,0,LOW
2024-02-09 08:00:00,Kolkata-Gauge-1,2,0,0.0020089716950563107,0,LOW
2024-02-09 08:00:00,Guwahati-Gauge-1,3,0,0.00234172376441661,0,LOW
2024-02-09 08:00:00,Sonapur-Gauge-1,4,0,0.002123882799648744,0,LOW
2024-02-09 09:00:00,Chamoli-Gauge-1,1,0,0.0020089716950563107,0,LOW
2024-02-09 09:00:00,Kolkata-Gauge-1,2,0,0.0020089716950563107,0,LOW
2024-02-09 09:00:00,Guwahati-Gauge-1,3,0,0.00208346545340799,0,LOW
2024-02-09 09:00:00,Sonapur-Gauge-1,4,0,0.0020089716950563107,0,LOW
2024-02-09 10:00:00,Chamoli-Gauge-1,1,0,0.0020856837196319717,0,LOW
2024-02-09 10:00:00,Kolkata-Gauge-1,2,0,0.0020089716950563107,0,LOW
2024-02-09 10:00:00,Guwahati-Gauge-1,3,0,0.003648423861833866,0,LOW
2024-02-09 10:00:00,Sonapur-Gauge-1,4,0,0.0020089716950563107,0,LOW
2024-02-09 11:00:00,Chamoli-Gauge-1,1,0,0.0020856837196319717,0,LOW
2024-02-09 11:00:00,Kolkata-Gauge-1,2,0,0.0020089716950563107,0,LOW
2024-02-09 11:00:00,Guwahati-Gauge-1,3,0,0.002718305746929146,0,LOW
2024-02-09 11:00:00,Sonapur-Gauge-1,4,0,0.0020089716950563107,0,LOW
2024-02-09 12:00:00,Chamoli-Gauge-1,1,0,0.0020538558368660385,0,LOW
2024-02-09 12:00:00,Kolkata-Gauge-1,2,0,0.0020089716950563107,0,LOW
2024-02-09 12:00:00,Guwahati-Gauge-1,3,0,0.002191765693124356,0,LOW
2024-02-09 12:00:00,Sonapur-Gauge-1,4,0,0.0020598207775041947,0,LOW
2024-02-09 13:00:00,Chamoli-Gauge-1,1,0,0.0020538558368660385,0,LOW
2024-02-09 13:00:00,Kolkata-Gauge-1,2,0,0.0020089716950563107,0,LOW
2024-02-09 13:00:00,Guwahati-Gauge-1,3,0,0.002134962853285377,0,LOW
2024-02-09 13:00:00,Sonapur-Gauge-1,4,0,0.00218711568939875,0,LOW
2024-02-09 14:00:00,Chamoli-Gauge-1,1,0,0.0020538558368660385,0,LOW
2024-02-09 14:00:00,Kolkata-Gauge-1,2,0,0.0020089716950563107,0,LOW
2024-02-09 14:00:00,Guwahati-Gauge-1,3,0,0.0022534897628468486,0,LOW
2024-02-09 14:00:00,Sonapur-Gauge-1,4,0,0.0020089716950563107,0,LOW
2024-02-09 15:00:00,Chamoli-Gauge-1,1,0,0.0020538558368660385,0,LOW
2024-02-09 15:00:00,Kolkata-Gauge-1,2,0,0.0020089716950563107,0,LOW
2024-02-09 15:00:00,Guwahati-Gauge-1,3,0,0.0024146236902141266,0,LOW
2024-02-09 15:00:00,Sonapur-Gauge-1,4,0,0.0020089716950563107,0,LOW
2024-02-09 16:00:00,Chamoli-Gauge-1,1,0,0.0020089716950563107,0,LOW
2024-02-09 16:00:00,Kolkata-Gauge-1,2,0,0.0020089716950563107,0,LOW
2024-02-09 16:00:00,Guwahati-Gauge-1,3,0,0.0020089716950563107,0,LOW
2024-02-09 16:00:00,Sonapur-Gauge-1,4,0,0.0020653075674162582,0,LOW
2024-02-09 17:00:00,Chamoli-Gauge-1,1,0,0.0020723082975497194,0,LOW
2024-02-09 17:00:00,Kolkata-Gauge-1,2,0,0.0020089716950563107,0,LOW
2024-02-09 17:00:00,Guwahati-Gauge-1,3,0,0.0020089716950563107,0,LOW
2024-02-09 17:00:00,Sonapur-Gauge-1,4,0,0.0021057903881732255,0,LOW
2024-02-09 18:00:00,Chamoli-Gauge-1,1,0,0.0020089716950563107,0,LOW
2024-02-09 18:00:00,Kolkata-Gauge-1,2,0,0.0020089716950563107,0,LOW
2024-02-09 18:00:00,Guwahati-Gauge-1,3,0,0.0020089716950563107,0,LOW
2024-02-09 18:00:00,Sonapur-Gauge-1,4,0,0.0020089716950563107,0,LOW
2024-02-09 19:00:00,Chamoli-Gauge-1,1,0,0.0020089716950563107,0,LOW
2024-02-09 19:00:00,Kolkata-Gauge-1,2,0,0.0020089716950563107,0,LOW
2024-02-09 19:00:00,Guwahati-Gauge-1,3,0,0.0020089716950563107,0,LOW
2024-02-09 19:00:00,Sonapur-Gauge-1,4,0,0.0020089716950563107,0,LOW
2024-02-09 20:00:00,Chamoli-Gauge-1,1,0,0.0020089716950563107,0,LOW
2024-02-09 20:00:00,Kolkata-Gauge-1,2,0,0.0020089716950563107,0,LOW
2024-02-09 20:00:00,Guwahati-Gauge-1,3,0,0.0020089716950563107,0,LOW
2024-02-09 20:00:00,Sonapur-Gauge-1,4,0,0.0020089716950563107,0,LOW
2024-02-09 21:00:00,Chamoli-Gauge-1,1,0,0.0020089716950563107,0,LOW
2024-02-09 21:00:00,Kolkata-Gauge-1,2,0,0.0020089716950563107,0,LOW
2024-02-09 21:00:00,Guwahati-Gauge-1,3,0,0.0020089716950563107,0,LOW
2024-02-09 21:00:00,Sonapur-Gauge-1,4,0,0.0020089716950563107,0,LOW
2024-02-09 22:00:00,Chamoli-Gauge-1,1,0,0.0020089716950563107,0,LOW
2024-02-09 22:00:00,Kolkata-Gauge-1,2,0,0.0020089716950563107,0,LOW
2024-02-09 22:00:00,Guwahati-Gauge-1,3,0,0.0020089716950563107,0,LOW
2024-02-09 22:00:00,Sonapur-Gauge-1,4,0,0.0020089716950563107,0,LOW
2024-02-09 23:00:00,Chamoli-Gauge-1,1,0,0.0020089716950563107,0,LOW
2024-02-09 23:00:00,Kolkata-Gauge-1,2,0,0.0020089716950563107,0,LOW
2024-02-09 23:00:00,Guwahati-Gauge-1,3,0,0.0020089716950563107,0,LOW
2024-02-09 23:00:00,Sonapur-Gauge-1,4,0,0.0020089716950563107,0,LOW
2024-02-10 00:00:00,Chamoli-Gauge-1,1,0,0.0020089716950563107,0,LOW
2024-02-10 00:00:00,Kolkata-Gauge-1,2,0,0.0020089716950563107,0,LOW
2024-02-10 00:00:00,Guwahati-Gauge-1,3,0,0.0020892237299498786,0,LOW
2024-02-10 00:00:00,Sonapur-Gauge-1,4,0,0.0020089716950563107,0,LOW
2024-02-10 01:00:00,Chamoli-Gauge-1,1,0,0.0020745301836149195,0,LOW
2024-02-10 01:00:00,Kolkata-Gauge-1,2,0,0.0020089716950563107,0,LOW
2024-02-10 01:00:00,Guwahati-Gauge-1,3,0,0.002215240382586272,0,LOW
2024-02-10 01:00:00,Sonapur-Gauge-1,4,0,0.0020089716950563107,0,LOW
2024-02-10 02:00:00,Chamoli-Gauge-1,1,0,0.0020745301836149195,0,LOW
2024-02-10 02:00:00,Kolkata-Gauge-1,2,0,0.0020089716950563107,0,LOW
2024-02-10 02:00:00,Guwahati-Gauge-1,3,0,0.0023829005585507858,0,LOW
2024-02-10 02:00:00,Sonapur-Gauge-1,4,0,0.002071594911917422,0,LOW
2024-02-10 03:00:00,Chamoli-Gauge-1,1,0,0.0021218424747618844,0,LOW
2024-02-10 03:00:00,Kolkata-Gauge-1,2,0,0.0020089716950563107,0,LOW
2024-02-10 03:00:00,Guwahati-Gauge-1,3,0,0.0020089716950563107,0,LOW
2024-02-10 03:00:00,Sonapur-Gauge-1,4,0,0.0020089716950563107,0,LOW
2024-02-10 04:00:00,Chamoli-Gauge-1,1,0,0.0020089716950563107,0,LOW
2024-02-10 04:00:00,Kolkata-Gauge-1,2,0,0.0020089716950563107,0,LOW
2024-02-10 04:00:00,Guwahati-Gauge-1,3,0,0.0020089716950563107,0,LOW
2024-02-10 04:00:00,Sonapur-Gauge-1,4,0,0.0020089716950563107,0,LOW
2024-02-10 05:00:00,Chamoli-Gauge-1,1,0,0.0020089716950563107,0,LOW
2024-02-10 05:00:00,Kolkata-Gauge-1,2,0,0.0020089716950563107,0,LOW
2024-02-10 05:00:00,Guwahati-Gauge-1,3,0,0.0020089716950563107,0,LOW
2024-02-10 05:00:00,Sonapur-Gauge-1,4,0,0.0020089716950563107,0,LOW
2024-02-10 06:00:00,Chamoli-Gauge-1,1,0,0.0020089716950563107,0,LOW
2024-02-10 06:00:00,Kolkata-Gauge-1,2,0,0.0020089716950563107,0,LOW
2024-02-10 06:00:00,Guwahati-Gauge-1,3,0,0.0020089716950563107,0,LOW
2024-02-10 06:00:00,Sonapur-Gauge-1,4,0,0.014259011827869147,0,LOW
2024-02-10 07:00:00,Chamoli-Gauge-1,1,0,0.002084270125867038,0,LOW
2024-02-10 07:00:00,Kolkata-Gauge-1,2,0,0.0020089716950563107,0,LOW
2024-02-10 07:00:00,Guwahati-Gauge-1,3,0,0.0020089716950563107,0,LOW
2024-02-10 07:00:00,Sonapur-Gauge-1,4,0,0.23565107568370908,0,LOW
2024-02-10 08:00:00,Chamoli-Gauge-1,1,0,0.002064241917273469,0,LOW
2024-02-10 08:00:00,Kolkata-Gauge-1,2,0,0.0020089716950563107,0,LOW
2024-02-10 08:00:00,Guwahati-Gauge-1,3,0,0.0020089716950563107,0,LOW
2024-02-10 08:00:00,Sonapur-Gauge-1,4,1,0.9963256433532085,1,EXTREME
2024-02-10 09:00:00,Chamoli-Gauge-1,1,0,0.0020751488064864776,0,LOW
2024-02-10 09:00:00,Kolkata-Gauge-1,2,0,0.0020089716950563107,0,LOW
2024-02-10 09:00:00,Guwahati-Gauge-1,3,0,0.0020089716950563107,0,LOW
2024-02-10 09:00:00,Sonapur-Gauge-1,4,1,0.9987159394348615,1,EXTREME
2024-02-10 10:00:00,Chamoli-Gauge-1,1,0,0.0020089716950563107,0,LOW
2024-02-10 10:00:00,Kolkata-Gauge-1,2,0,0.0020089716950563107,0,LOW
2024-02-10 10:00:00,Guwahati-Gauge-1,3,0,0.0020089716950563107,0,LOW
2024-02-10 10:00:00,Sonapur-Gauge-1,4,1,0.9994857823275958,1,EXTREME
2024-02-10 11:00:00,Chamoli-Gauge-1,1,0,0.0020089716950563107,0,LOW
2024-02-10 11:00:00,Kolkata-Gauge-1,2,0,0.002072417483437665,0,LOW
2024-02-10 11:00:00,Guwahati-Gauge-1,3,0,0.0020089716950563107,0,LOW
2024-02-10 11:00:00,Sonapur-Gauge-1,4,1,0.99956830800291,1,EXTREME
2024-02-10 12:00:00,Chamoli-Gauge-1,1,0,0.0020089716950563107,0,LOW
2024-02-10 12:00:00,Kolkata-Gauge-1,2,0,0.002111302183160298,0,LOW
2024-02-10 12:00:00,Guwahati-Gauge-1,3,0,0.0020089716950563107,0,LOW
2024-02-10 12:00:00,Sonapur-Gauge-1,4,1,0.9995576795991913,1,EXTREME
2024-02-10 13:00:00,Chamoli-Gauge-1,1,0,0.0020089716950563107,0,LOW
2024-02-10 13:00:00,Kolkata-Gauge-1,2,0,0.0020089716950563107,0,LOW
2024-02-10 13:00:00,Guwahati-Gauge-1,3,0,0.0020089716950563107,0,LOW
2024-02-10 13:00:00,Sonapur-Gauge-1,4,1,0.9995647659186403,1,EXTREME
2024-02-10 14:00:00,Chamoli-Gauge-1,1,0,0.0020089716950563107,0,LOW
2024-02-10 14:00:00,Kolkata-Gauge-1,2,0,0.0020089716950563107,0,LOW
2024-02-10 14:00:00,Guwahati-Gauge-1,3,0,0.0020089716950563107,0,LOW
2024-02-10 14:00:00,Sonapur-Gauge-1,4,1,0.9995506980902813,1,EXTREME
2024-02-10 15:00:00,Chamoli-Gauge-1,1,0,0.0020089716950563107,0,LOW
2024-02-10 15:00:00,Kolkata-Gauge-1,2,0,0.0020089716950563107,0,LOW
2024-02-10 15:00:00,Guwahati-Gauge-1,3,0,0.0020089716950563107,0,LOW
2024-02-10 15:00:00,Sonapur-Gauge-1,4,1,0.9995314278628168,1,EXTREME
2024-02-10 16:00:00,Chamoli-Gauge-1,1,0,0.0020089716950563107,0,LOW
2024-02-10 16:00:00,Kolkata-Gauge-1,2,0,0.0020089716950563107,0,LOW
2024-02-10 16:00:00,Guwahati-Gauge-1,3,0,0.0020089716950563107,0,LOW
2024-02-10 16:00:00,Sonapur-Gauge-1,4,1,0.9994515598616681,1,EXTREME
2024-02-10 17:00:00,Chamoli-Gauge-1,1,0,0.0020089716950563107,0,LOW
2024-02-10 17:00:00,Kolkata-Gauge-1,2,0,0.0020089716950563107,0,LOW
2024-02-10 17:00:00,Guwahati-Gauge-1,3,0,0.0020089716950563107,0,LOW
2024-02-10 17:00:00,Sonapur-Gauge-1,4,1,0.9994214148094471,1,EXTREME
2024-02-10 18:00:00,Chamoli-Gauge-1,1,0,0.0020089716950563107,0,LOW
2024-02-10 18:00:00,Kolkata-Gauge-1,2,0,0.0020089716950563107,0,LOW
2024-02-10 18:00:00,Guwahati-Gauge-1,3,0,0.0020089716950563107,0,LOW
2024-02-10 18:00:00,Sonapur-Gauge-1,4,1,0.9994383221799776,1,EXTREME
2024-02-10 19:00:00,Chamoli-Gauge-1,1,0,0.0020089716950563107,0,LOW
2024-02-10 19:00:00,Kolkata-Gauge-1,2,0,0.0020089716950563107,0,LOW
2024-02-10 19:00:00,Guwahati-Gauge-1,3,0,0.0020089716950563107,0,LOW
2024-02-10 19:00:00,Sonapur-Gauge-1,4,1,0.9988013351764552,1,EXTREME
2024-02-10 20:00:00,Chamoli-Gauge-1,1,0,0.0020089716950563107,0,LOW
2024-02-10 20:00:00,Kolkata-Gauge-1,2,0,0.0020089716950563107,0,LOW
2024-02-10 20:00:00,Guwahati-Gauge-1,3,0,0.0020089716950563107,0,LOW
2024-02-10 20:00:00,Sonapur-Gauge-1,4,0,0.2647703642700053,0,LOW
2024-02-10 21:00:00,Chamoli-Gauge-1,1,0,0.0020089716950563107,0,LOW
2024-02-10 21:00:00,Kolkata-Gauge-1,2,0,0.0020089716950563107,0,LOW
2024-02-10 21:00:00,Guwahati-Gauge-1,3,0,0.0020089716950563107,0,LOW
2024-02-10 21:00:00,Sonapur-Gauge-1,4,0,0.011655390377371498,0,LOW
2024-02-10 22:00:00,Chamoli-Gauge-1,1,0,0.0020089716950563107,0,LOW
2024-02-10 22:00:00,Kolkata-Gauge-1,2,0,0.0020089716950563107,0,LOW
2024-02-10 22:00:00,Guwahati-Gauge-1,3,0,0.0020089716950563107,0,LOW
2024-02-10 22:00:00,Sonapur-Gauge-1,4,0,0.012959184949395408,0,LOW
2024-02-10 23:00:00,Chamoli-Gauge-1,1,0,0.0020089716950563107,0,LOW
2024-02-10 23:00:00,Kolkata-Gauge-1,2,0,0.0020805995913203185,0,LOW
2024-02-10 23:00:00,Guwahati-Gauge-1,3,0,0.0020089716950563107,0,LOW
2024-02-10 23:00:00,Sonapur-Gauge-1,4,0,0.003635885689353687,0,LOW
2024-02-11 00:00:00,Chamoli-Gauge-1,1,0,0.0020089716950563107,0,LOW
2024-02-11 00:00:00,Kolkata-Gauge-1,2,0,0.0020089716950563107,0,LOW
2024-02-11 00:00:00,Guwahati-Gauge-1,3,0,0.0020089716950563107,0,LOW
2024-02-11 00:00:00,Sonapur-Gauge-1,4,0,0.002479365863293762,0,LOW
2024-02-11 01:00:00,Chamoli-Gauge-1,1,0,0.0020089716950563107,0,LOW
2024-02-11 01:00:00,Kolkata-Gauge-1,2,0,0.0020653633342553896,0,LOW
2024-02-11 01:00:00,Guwahati-Gauge-1,3,0,0.0020089716950563107,0,LOW
2024-02-11 01:00:00,Sonapur-Gauge-1,4,0,0.0022058412309558387,0,LOW
2024-02-11 02:00:00,Chamoli-Gauge-1,1,0,0.0020089716950563107,0,LOW
2024-02-11 02:00:00,Kolkata-Gauge-1,2,0,0.0020089716950563107,0,LOW
2024-02-11 02:00:00,Guwahati-Gauge-1,3,0,0.0020089716950563107,0,LOW
2024-02-11 02:00:00,Sonapur-Gauge-1,4,0,0.002345344167340878,0,LOW
2024-02-11 03:00:00,Chamoli-Gauge-1,1,0,0.0020089716950563107,0,LOW
2024-02-11 03:00:00,Kolkata-Gauge-1,2,0,0.0020089716950563107,0,LOW
2024-02-11 03:00:00,Guwahati-Gauge-1,3,0,0.0020089716950563107,0,LOW
2024-02-11 03:00:00,Sonapur-Gauge-1,4,0,0.00333798932788757,0,LOW
2024-02-11 04:00:00,Chamoli-Gauge-1,1,0,0.0020089716950563107,0,LOW
2024-02-11 04:00:00,Kolkata-Gauge-1,2,0,0.0020089716950563107,0,LOW
2024-02-11 04:00:00,Guwahati-Gauge-1,3,0,0.0023792188430587537,0,LOW
2024-02-11 04:00:00,Sonapur-Gauge-1,4,0,0.0031832883031323047,0,LOW
2024-02-11 05:00:00,Chamoli-Gauge-1,1,0,0.0020089716950563107,0,LOW
2024-02-11 05:00:00,Kolkata-Gauge-1,2,0,0.0020089716950563107,0,LOW
2024-02-11 05:00:00,Guwahati-Gauge-1,3,0,0.0021327690714158087,0,LOW
2024-02-11 05:00:00,Sonapur-Gauge-1,4,0,0.0038432057302634644,0,LOW
2024-02-11 06:00:00,Chamoli-Gauge-1,1,0,0.0020089716950563107,0,LOW
2024-02-11 06:00:00,Kolkata-Gauge-1,2,0,0.0020089716950563107,0,LOW
2024-02-11 06:00:00,Guwahati-Gauge-1,3,0,0.0024035937597836226,0,LOW
2024-02-11 06:00:00,Sonapur-Gauge-1,4,0,0.002110525210038112,0,LOW
2024-02-11 07:00:00,Chamoli-Gauge-1,1,0,0.0020089716950563107,0,LOW
2024-02-11 07:00:00,Kolkata-Gauge-1,2,0,0.0020089716950563107,0,LOW
2024-02-11 07:00:00,Guwahati-Gauge-1,3,0,0.002410720125149482,0,LOW
2024-02-11 07:00:00,Sonapur-Gauge-1,4,0,0.0020646616772204865,0,LOW
2024-02-11 08:00:00,Chamoli-Gauge-1,1,0,0.0020089716950563107,0,LOW
2024-02-11 08:00:00,Kolkata-Gauge-1,2,0,0.0020089716950563107,0,LOW
2024-02-11 08:00:00,Guwahati-Gauge-1,3,0,0.002199315514052034,0,LOW
2024-02-11 08:00:00,Sonapur-Gauge-1,4,0,0.0020089716950563107,0,LOW
2024-02-11 09:00:00,Chamoli-Gauge-1,1,0,0.0020089716950563107,0,LOW
2024-02-11 09:00:00,Kolkata-Gauge-1,2,0,0.0020089716950563107,0,LOW
2024-02-11 09:00:00,Guwahati-Gauge-1,3,0,0.0023687571850470324,0,LOW
2024-02-11 09:00:00,Sonapur-Gauge-1,4,0,0.0020089716950563107,0,LOW
2024-02-11 10:00:00,Chamoli-Gauge-1,1,0,0.0020089716950563107,0,LOW
2024-02-11 10:00:00,Kolkata-Gauge-1,2,0,0.0020089716950563107,0,LOW
2024-02-11 10:00:00,Guwahati-Gauge-1,3,0,0.0023175316762978296,0,LOW
2024-02-11 10:00:00,Sonapur-Gauge-1,4,0,0.002080840190315951,0,LOW
2024-02-11 11:00:00,Chamoli-Gauge-1,1,0,0.0020089716950563107,0,LOW
2024-02-11 11:00:00,Kolkata-Gauge-1,2,0,0.0020089716950563107,0,LOW
2024-02-11 11:00:00,Guwahati-Gauge-1,3,0,0.002407887742544723,0,LOW
2024-02-11 11:00:00,Sonapur-Gauge-1,4,0,0.002064169290144906,0,LOW
2024-02-11 12:00:00,Chamoli-Gauge-1,1,0,0.0021217442183875715,0,LOW
2024-02-11 12:00:00,Kolkata-Gauge-1,2,0,0.0020089716950563107,0,LOW
2024-02-11 12:00:00,Guwahati-Gauge-1,3,0,0.0020089716950563107,0,LOW
2024-02-11 12:00:00,Sonapur-Gauge-1,4,0,0.0020089716950563107,0,LOW
2024-02-11 13:00:00,Chamoli-Gauge-1,1,0,0.0021341568921394625,0,LOW
2024-02-11 13:00:00,Kolkata-Gauge-1,2,0,0.0020089716950563107,0,LOW
2024-02-11 13:00:00,Guwahati-Gauge-1,3,0,0.0020089716950563107,0,LOW
2024-02-11 13:00:00,Sonapur-Gauge-1,4,0,0.0021500040478935655,0,LOW
2024-02-11 14:00:00,Chamoli-Gauge-1,1,0,0.002145041125338735,0,LOW
2024-02-11 14:00:00,Kolkata-Gauge-1,2,0,0.0020089716950563107,0,LOW
2024-02-11 14:00:00,Guwahati-Gauge-1,3,0,0.0021374286902544034,0,LOW
2024-02-11 14:00:00,Sonapur-Gauge-1,4,0,0.0020089716950563107,0,LOW
2024-02-11 15:00:00,Chamoli-Gauge-1,1,0,0.0023306167468857037,0,LOW
2024-02-11 15:00:00,Kolkata-Gauge-1,2,0,0.0020089716950563107,0,LOW
2024-02-11 15:00:00,Guwahati-Gauge-1,3,0,0.002304948301292784,0,LOW
2024-02-11 15:00:00,Sonapur-Gauge-1,4,0,0.0020089716950563107,0,LOW
2024-02-11 16:00:00,Chamoli-Gauge-1,1,0,0.0020089716950563107,0,LOW
2024-02-11 16:00:00,Kolkata-Gauge-1,2,0,0.0020089716950563107,0,LOW
2024-02-11 16:00:00,Guwahati-Gauge-1,3,0,0.0022038720899257014,0,LOW
2024-02-11 16:00:00,Sonapur-Gauge-1,4,0,0.0020089716950563107,0,LOW
2024-02-11 17:00:00,Chamoli-Gauge-1,1,0,0.002269467300428706,0,LOW
2024-02-11 17:00:00,Kolkata-Gauge-1,2,0,0.0020089716950563107,0,LOW
2024-02-11 17:00:00,Guwahati-Gauge-1,3,0,0.002508059392663595,0,LOW
2024-02-11 17:00:00,Sonapur-Gauge-1,4,0,0.0020605957246672413,0,LOW
2024-02-11 18:00:00,Chamoli-Gauge-1,1,0,0.0021162271628931643,0,LOW
2024-02-11 18:00:00,Kolkata-Gauge-1,2,0,0.0020089716950563107,0,LOW
2024-02-11 18:00:00,Guwahati-Gauge-1,3,0,0.002204955726074026,0,LOW
2024-02-11 18:00:00,Sonapur-Gauge-1,4,0,0.002151066925426956,0,LOW
2024-02-11 19:00:00,Chamoli-Gauge-1,1,0,0.002290442980034286,0,LOW
2024-02-11 19:00:00,Kolkata-Gauge-1,2,0,0.0020089716950563107,0,LOW
2024-02-11 19:00:00,Guwahati-Gauge-1,3,0,0.0021359603526168894,0,LOW
2024-02-11 19:00:00,Sonapur-Gauge-1,4,0,0.0020718267547896047,0,LOW
2024-02-11 20:00:00,Chamoli-Gauge-1,1,0,0.0020089716950563107,0,LOW
2024-02-11 20:00:00,Kolkata-Gauge-1,2,0,0.0020089716950563107,0,LOW
2024-02-11 20:00:00,Guwahati-Gauge-1,3,0,0.0020089716950563107,0,LOW
2024-02-11 20:00:00,Sonapur-Gauge-1,4,0,0.0020089716950563107,0,LOW
2024-02-11 21:00:00,Chamoli-Gauge-1,1,0,0.002071795798789577,0,LOW
2024-02-11 21:00:00,Kolkata-Gauge-1,2,0,0.0020089716950563107,0,LOW
2024-02-11 21:00:00,Guwahati-Gauge-1,3,0,0.002140739967187228,0,LOW
2024-02-11 21:00:00,Sonapur-Gauge-1,4,0,0.0020089716950563107,0,LOW
2024-02-11 22:00:00,Chamoli-Gauge-1,1,0,0.0020089716950563107,0,LOW
2024-02-11 22:00:00,Kolkata-Gauge-1,2,0,0.0020089716950563107,0,LOW
2024-02-11 22:00:00,Guwahati-Gauge-1,3,0,0.002071456167688469,0,LOW
2024-02-11 22:00:00,Sonapur-Gauge-1,4,0,0.0020089716950563107,0,LOW
2024-02-11 23:00:00,Chamoli-Gauge-1,1,0,0.0020089716950563107,0,LOW
2024-02-11 23:00:00,Kolkata-Gauge-1,2,0,0.0020089716950563107,0,LOW
2024-02-11 23:00:00,Guwahati-Gauge-1,3,0,0.0020643510654046304,0,LOW
2024-02-11 23:00:00,Sonapur-Gauge-1,4,0,0.0020089716950563107,0,LOW
2024-02-12 00:00:00,Chamoli-Gauge-1,1,0,0.0020089716950563107,0,LOW
2024-02-12 00:00:00,Kolkata-Gauge-1,2,0,0.0020089716950563107,0,LOW
2024-02-12 00:00:00,Guwahati-Gauge-1,3,0,0.00212939785852022,0,LOW
2024-02-12 00:00:00,Sonapur-Gauge-1,4,0,0.0020089716950563107,0,LOW
2024-02-12 01:00:00,Chamoli-Gauge-1,1,0,0.0020089716950563107,0,LOW
2024-02-12 01:00:00,Kolkata-Gauge-1,2,0,0.0020089716950563107,0,LOW
2024-02-12 01:00:00,Guwahati-Gauge-1,3,0,0.0020089716950563107,0,LOW
2024-02-12 01:00:00,Sonapur-Gauge-1,4,0,0.0020089716950563107,0,LOW
2024-02-12 02:00:00,Chamoli-Gauge-1,1,0,0.0020089716950563107,0,LOW
2024-02-12 02:00:00,Kolkata-Gauge-1,2,0,0.0020089716950563107,0,LOW
2024-02-12 02:00:00,Guwahati-Gauge-1,3,0,0.002164981892897024,0,LOW
2024-02-12 02:00:00,Sonapur-Gauge-1,4,0,0.0020089716950563107,0,LOW
2024-02-12 03:00:00,Chamoli-Gauge-1,1,0,0.0020089716950563107,0,LOW
2024-02-12 03:00:00,Kolkata-Gauge-1,2,0,0.0020089716950563107,0,LOW
2024-02-12 03:00:00,Guwahati-Gauge-1,3,0,0.0022389944973901185,0,LOW
2024-02-12 03:00:00,Sonapur-Gauge-1,4,0,0.0020089716950563107,0,LOW
2024-02-12 04:00:00,Chamoli-Gauge-1,1,0,0.0020089716950563107,0,LOW
2024-02-12 04:00:00,Kolkata-Gauge-1,2,0,0.0020635205812867007,0,LOW
2024-02-12 04:00:00,Guwahati-Gauge-1,3,0,0.0022461362812752766,0,LOW
2024-02-12 04:00:00,Sonapur-Gauge-1,4,0,0.0020089716950563107,0,LOW
2024-02-12 05:00:00,Chamoli-Gauge-1,1,0,0.0020887616688893226,0,LOW
2024-02-12 05:00:00,Kolkata-Gauge-1,2,0,0.0020635205812867007,0,LOW
2024-02-12 05:00:00,Guwahati-Gauge-1,3,0,0.0020089716950563107,0,LOW
2024-02-12 05:00:00,Sonapur-Gauge-1,4,0,0.0020089716950563107,0,LOW
2024-02-12 06:00:00,Chamoli-Gauge-1,1,0,0.002208158543366125,0,LOW
2024-02-12 06:00:00,Kolkata-Gauge-1,2,0,0.002121440147543044,0,LOW
2024-02-12 06:00:00,Guwahati-Gauge-1,3,0,0.0020089716950563107,0,LOW
2024-02-12 06:00:00,Sonapur-Gauge-1,4,0,0.0020089716950563107,0,LOW
2024-02-12 07:00:00,Chamoli-Gauge-1,1,0,0.0020650851420732376,0,LOW
2024-02-12 07:00:00,Kolkata-Gauge-1,2,0,0.0020089716950563107,0,LOW
2024-02-12 07:00:00,Guwahati-Gauge-1,3,0,0.0020723082975497194,0,LOW
2024-02-12 07:00:00,Sonapur-Gauge-1,4,0,0.0020089716950563107,0,LOW
2024-02-12 08:00:00,Chamoli-Gauge-1,1,0,0.0024140325152128407,0,LOW
2024-02-12 08:00:00,Kolkata-Gauge-1,2,0,0.0020089716950563107,0,LOW
2024-02-12 08:00:00,Guwahati-Gauge-1,3,0,0.0020089716950563107,0,LOW
2024-02-12 08:00:00,Sonapur-Gauge-1,4,0,0.0020089716950563107,0,LOW
2024-02-12 09:00:00,Chamoli-Gauge-1,1,0,0.0021491989886059893,0,LOW
2024-02-12 09:00:00,Kolkata-Gauge-1,2,0,0.0020601451997240786,0,LOW
2024-02-12 09:00:00,Guwahati-Gauge-1,3,0,0.0020089716950563107,0,LOW
2024-02-12 09:00:00,Sonapur-Gauge-1,4,0,0.0020089716950563107,0,LOW
2024-02-12 10:00:00,Chamoli-Gauge-1,1,0,0.0020089716950563107,0,LOW
2024-02-12 10:00:00,Kolkata-Gauge-1,2,0,0.0020089716950563107,0,LOW
2024-02-12 10:00:00,Guwahati-Gauge-1,3,0,0.0020089716950563107,0,LOW
2024-02-12 10:00:00,Sonapur-Gauge-1,4,0,0.0020249417650515284,0,LOW
2024-02-12 11:00:00,Chamoli-Gauge-1,1,0,0.0022101726707226383,0,LOW
2024-02-12 11:00:00,Kolkata-Gauge-1,2,0,0.0020089716950563107,0,LOW
2024-02-12 11:00:00,Guwahati-Gauge-1,3,0,0.00214568622687669,0,LOW
2024-02-12 11:00:00,Sonapur-Gauge-1,4,0,0.0020249417650515284,0,LOW
2024-02-12 12:00:00,Chamoli-Gauge-1,1,0,0.002075384343124711,0,LOW
2024-02-12 12:00:00,Kolkata-Gauge-1,2,0,0.0020089716950563107,0,LOW
2024-02-12 12:00:00,Guwahati-Gauge-1,3,0,0.002080579542657182,0,LOW
2024-02-12 12:00:00,Sonapur-Gauge-1,4,0,0.0020249417650515284,0,LOW
2024-02-12 13:00:00,Chamoli-Gauge-1,1,0,0.0020089716950563107,0,LOW
2024-02-12 13:00:00,Kolkata-Gauge-1,2,0,0.0020089716950563107,0,LOW
2024-02-12 13:00:00,Guwahati-Gauge-1,3,0,0.002302960823843402,0,LOW
2024-02-12 13:00:00,Sonapur-Gauge-1,4,0,0.0020089716950563107,0,LOW
2024-02-12 14:00:00,Chamoli-Gauge-1,1,0,0.0020089716950563107,0,LOW
2024-02-12 14:00:00,Kolkata-Gauge-1,2,0,0.0020089716950563107,0,LOW
2024-02-12 14:00:00,Guwahati-Gauge-1,3,0,0.0020089716950563107,0,LOW
2024-02-12 14:00:00,Sonapur-Gauge-1,4,0,0.0020089716950563107,0,LOW
2024-02-12 15:00:00,Chamoli-Gauge-1,1,0,0.0020089716950563107,0,LOW
2024-02-12 15:00:00,Kolkata-Gauge-1,2,0,0.0020089716950563107,0,LOW
2024-02-12 15:00:00,Guwahati-Gauge-1,3,0,0.002148326547896026,0,LOW
2024-02-12 15:00:00,Sonapur-Gauge-1,4,0,0.0020089716950563107,0,LOW
2024-02-12 16:00:00,Chamoli-Gauge-1,1,0,0.0020089716950563107,0,LOW
2024-02-12 16:00:00,Kolkata-Gauge-1,2,0,0.0020089716950563107,0,LOW
2024-02-12 16:00:00,Guwahati-Gauge-1,3,0,0.0020089716950563107,0,LOW
2024-02-12 16:00:00,Sonapur-Gauge-1,4,0,0.0020089716950563107,0,LOW
2024-02-12 17:00:00,Chamoli-Gauge-1,1,0,0.0020089716950563107,0,LOW
2024-02-12 17:00:00,Kolkata-Gauge-1,2,0,0.0020089716950563107,0,LOW
2024-02-12 17:00:00,Guwahati-Gauge-1,3,0,0.0020089716950563107,0,LOW
2024-02-12 17:00:00,Sonapur-Gauge-1,4,0,0.0020089716950563107,0,LOW
2024-02-12 18:00:00,Chamoli-Gauge-1,1,0,0.0020089716950563107,0,LOW
2024-02-12 18:00:00,Kolkata-Gauge-1,2,0,0.0020089716950563107,0,LOW
2024-02-12 18:00:00,Guwahati-Gauge-1,3,0,0.0020089716950563107,0,LOW
2024-02-12 18:00:00,Sonapur-Gauge-1,4,0,0.0020089716950563107,0,LOW
2024-02-12 19:00:00,Chamoli-Gauge-1,1,0,0.0020089716950563107,0,LOW
2024-02-12 19:00:00,Kolkata-Gauge-1,2,0,0.0020089716950563107,0,LOW
2024-02-12 19:00:00,Guwahati-Gauge-1,3,0,0.0020089716950563107,0,LOW
2024-02-12 19:00:00,Sonapur-Gauge-1,4,0,0.0020089716950563107,0,LOW
2024-02-12 20:00:00,Chamoli-Gauge-1,1,0,0.0020089716950563107,0,LOW
2024-02-12 20:00:00,Kolkata-Gauge-1,2,0,0.0020089716950563107,0,LOW
2024-02-12 20:00:00,Guwahati-Gauge-1,3,0,0.0020089716950563107,0,LOW
2024-02-12 20:00:00,Sonapur-Gauge-1,4,0,0.0020089716950563107,0,LOW
2024-02-12 21:00:00,Chamoli-Gauge-1,1,0,0.0020089716950563107,0,LOW
2024-02-12 21:00:00,Kolkata-Gauge-1,2,0,0.0020089716950563107,0,LOW
2024-02-12 21:00:00,Guwahati-Gauge-1,3,0,0.0020089716950563107,0,LOW
2024-02-12 21:00:00,Sonapur-Gauge-1,4,0,0.0020742362501726752,0,LOW
2024-02-12 22:00:00,Chamoli-Gauge-1,1,0,0.0020089716950563107,0,LOW
2024-02-12 22:00:00,Kolkata-Gauge-1,2,0,0.0020089716950563107,0,LOW
2024-02-12 22:00:00,Guwahati-Gauge-1,3,0,0.0020089716950563107,0,LOW
2024-02-12 22:00:00,Sonapur-Gauge-1,4,0,0.0020089716950563107,0,LOW
2024-02-12 23:00:00,Chamoli-Gauge-1,1,0,0.0020089716950563107,0,LOW
2024-02-12 23:00:00,Kolkata-Gauge-1,2,0,0.0020089716950563107,0,LOW
2024-02-12 23:00:00,Guwahati-Gauge-1,3,0,0.0020089716950563107,0,LOW
2024-02-12 23:00:00,Sonapur-Gauge-1,4,0,0.0020089716950563107,0,LOW
2024-02-13 00:00:00,Chamoli-Gauge-1,1,0,0.0020089716950563107,0,LOW
2024-02-13 00:00:00,Kolkata-Gauge-1,2,0,0.0020089716950563107,0,LOW
2024-02-13 00:00:00,Guwahati-Gauge-1,3,0,0.0020089716950563107,0,LOW
2024-02-13 00:00:00,Sonapur-Gauge-1,4,0,0.0020089716950563107,0,LOW
2024-02-13 01:00:00,Chamoli-Gauge-1,1,0,0.0020089716950563107,0,LOW
2024-02-13 01:00:00,Kolkata-Gauge-1,2,0,0.0020089716950563107,0,LOW
2024-02-13 01:00:00,Guwahati-Gauge-1,3,0,0.0020089716950563107,0,LOW
2024-02-13 01:00:00,Sonapur-Gauge-1,4,0,0.0020089716950563107,0,LOW
2024-02-13 02:00:00,Chamoli-Gauge-1,1,0,0.0020089716950563107,0,LOW
2024-02-13 02:00:00,Kolkata-Gauge-1,2,0,0.0020089716950563107,0,LOW
2024-02-13 02:00:00,Guwahati-Gauge-1,3,0,0.0020089716950563107,0,LOW
2024-02-13 02:00:00,Sonapur-Gauge-1,4,0,0.0020089716950563107,0,LOW
2024-02-13 03:00:00,Chamoli-Gauge-1,1,0,0.0020089716950563107,0,LOW
2024-02-13 03:00:00,Kolkata-Gauge-1,2,0,0.0020089716950563107,0,LOW
2024-02-13 03:00:00,Guwahati-Gauge-1,3,0,0.0020089716950563107,0,LOW
2024-02-13 03:00:00,Sonapur-Gauge-1,4,0,0.0020089716950563107,0,LOW
2024-02-13 04:00:00,Chamoli-Gauge-1,1,0,0.0020089716950563107,0,LOW
2024-02-13 04:00:00,Kolkata-Gauge-1,2,0,0.0020089716950563107,0,LOW
2024-02-13 04:00:00,Guwahati-Gauge-1,3,0,0.0020089716950563107,0,LOW
2024-02-13 04:00:00,Sonapur-Gauge-1,4,0,0.0020089716950563107,0,LOW
2024-02-13 05:00:00,Chamoli-Gauge-1,1,0,0.0020089716950563107,0,LOW
2024-02-13 05:00:00,Kolkata-Gauge-1,2,0,0.0020089716950563107,0,LOW
2024-02-13 05:00:00,Guwahati-Gauge-1,3,0,0.0020089716950563107,0,LOW
2024-02-13 05:00:00,Sonapur-Gauge-1,4,0,0.0020089716950563107,0,LOW
2024-02-13 06:00:00,Chamoli-Gauge-1,1,0,0.0020089716950563107,0,LOW
2024-02-13 06:00:00,Kolkata-Gauge-1,2,0,0.0020089716950563107,0,LOW
2024-02-13 06:00:00,Guwahati-Gauge-1,3,0,0.0020089716950563107,0,LOW
2024-02-13 06:00:00,Sonapur-Gauge-1,4,0,0.0020089716950563107,0,LOW
2024-02-13 07:00:00,Chamoli-Gauge-1,1,0,0.0020089716950563107,0,LOW
2024-02-13 07:00:00,Kolkata-Gauge-1,2,0,0.0020089716950563107,0,LOW
2024-02-13 07:00:00,Guwahati-Gauge-1,3,0,0.0020089716950563107,0,LOW
2024-02-13 07:00:00,Sonapur-Gauge-1,4,0,0.0020089716950563107,0,LOW
2024-02-13 08:00:00,Chamoli-Gauge-1,1,0,0.0020089716950563107,0,LOW
2024-02-13 08:00:00,Kolkata-Gauge-1,2,0,0.0020089716950563107,0,LOW
2024-02-13 08:00:00,Guwahati-Gauge-1,3,0,0.0020089716950563107,0,LOW
2024-02-13 08:00:00,Sonapur-Gauge-1,4,0,0.0020089716950563107,0,LOW
2024-02-13 09:00:00,Chamoli-Gauge-1,1,0,0.0020089716950563107,0,LOW
2024-02-13 09:00:00,Kolkata-Gauge-1,2,0,0.0020089716950563107,0,LOW
2024-02-13 09:00:00,Guwahati-Gauge-1,3,0,0.0020089716950563107,0,LOW
2024-02-13 09:00:00,Sonapur-Gauge-1,4,0,0.0020089716950563107,0,LOW
2024-02-13 10:00:00,Chamoli-Gauge-1,1,0,0.0020599826510287124,0,LOW
2024-02-13 10:00:00,Kolkata-Gauge-1,2,0,0.0020089716950563107,0,LOW
2024-02-13 10:00:00,Guwahati-Gauge-1,3,0,0.0020089716950563107,0,LOW
2024-02-13 10:00:00,Sonapur-Gauge-1,4,0,0.0020089716950563107,0,LOW
2024-02-13 11:00:00,Chamoli-Gauge-1,1,0,0.002111728698449593,0,LOW
2024-02-13 11:00:00,Kolkata-Gauge-1,2,0,0.0020089716950563107,0,LOW
2024-02-13 11:00:00,Guwahati-Gauge-1,3,0,0.0020089716950563107,0,LOW
2024-02-13 11:00:00,Sonapur-Gauge-1,4,0,0.0020089716950563107,0,LOW
2024-02-13 12:00:00,Chamoli-Gauge-1,1,0,0.0020721526062335376,0,LOW
2024-02-13 12:00:00,Kolkata-Gauge-1,2,0,0.0020089716950563107,0,LOW
2024-02-13 12:00:00,Guwahati-Gauge-1,3,0,0.0020089716950563107,0,LOW
2024-02-13 12:00:00,Sonapur-Gauge-1,4,0,0.0020089716950563107,0,LOW
2024-02-13 13:00:00,Chamoli-Gauge-1,1,0,0.0020555646158115937,0,LOW
2024-02-13 13:00:00,Kolkata-Gauge-1,2,0,0.0020089716950563107,0,LOW
2024-02-13 13:00:00,Guwahati-Gauge-1,3,0,0.0020089716950563107,0,LOW
2024-02-13 13:00:00,Sonapur-Gauge-1,4,0,0.0026918646838695794,0,LOW
2024-02-13 14:00:00,Chamoli-Gauge-1,1,0,0.0020089716950563107,0,LOW
2024-02-13 14:00:00,Kolkata-Gauge-1,2,0,0.002071672109068575,0,LOW
2024-02-13 14:00:00,Guwahati-Gauge-1,3,0,0.0020089716950563107,0,LOW
2024-02-13 14:00:00,Sonapur-Gauge-1,4,0,0.0023702048384642085,0,LOW
2024-02-13 15:00:00,Chamoli-Gauge-1,1,0,0.0021572436911597996,0,LOW
2024-02-13 15:00:00,Kolkata-Gauge-1,2,0,0.0020089716950563107,0,LOW
2024-02-13 15:00:00,Guwahati-Gauge-1,3,0,0.0020089716950563107,0,LOW
2024-02-13 15:00:00,Sonapur-Gauge-1,4,0,0.002427550345801611,0,LOW
2024-02-13 16:00:00,Chamoli-Gauge-1,1,0,0.0021572436911597996,0,LOW
2024-02-13 16:00:00,Kolkata-Gauge-1,2,0,0.0020635205812867007,0,LOW
2024-02-13 16:00:00,Guwahati-Gauge-1,3,0,0.0020089716950563107,0,LOW
2024-02-13 16:00:00,Sonapur-Gauge-1,4,0,0.002236013967506449,0,LOW
2024-02-13 17:00:00,Chamoli-Gauge-1,1,0,0.002088896724586116,0,LOW
2024-02-13 17:00:00,Kolkata-Gauge-1,2,0,0.0020089716950563107,0,LOW
2024-02-13 17:00:00,Guwahati-Gauge-1,3,0,0.0020089716950563107,0,LOW
2024-02-13 17:00:00,Sonapur-Gauge-1,4,0,0.0021198173323175415,0,LOW
2024-02-13 18:00:00,Chamoli-Gauge-1,1,0,0.002137698976678877,0,LOW
2024-02-13 18:00:00,Kolkata-Gauge-1,2,0,0.0020089716950563107,0,LOW
2024-02-13 18:00:00,Guwahati-Gauge-1,3,0,0.00205479192034707,0,LOW
2024-02-13 18:00:00,Sonapur-Gauge-1,4,0,0.002144876759380833,0,LOW
2024-02-13 19:00:00,Chamoli-Gauge-1,1,0,0.0020089716950563107,0,LOW
2024-02-13 19:00:00,Kolkata-Gauge-1,2,0,0.0020089716950563107,0,LOW
2024-02-13 19:00:00,Guwahati-Gauge-1,3,0,0.0020089716950563107,0,LOW
2024-02-13 19:00:00,Sonapur-Gauge-1,4,0,0.0020089716950563107,0,LOW
2024-02-13 20:00:00,Chamoli-Gauge-1,1,0,0.0020089716950563107,0,LOW
2024-02-13 20:00:00,Kolkata-Gauge-1,2,0,0.0020089716950563107,0,LOW
2024-02-13 20:00:00,Guwahati-Gauge-1,3,0,0.0020089716950563107,0,LOW
2024-02-13 20:00:00,Sonapur-Gauge-1,4,0,0.0020089716950563107,0,LOW
2024-02-13 21:00:00,Chamoli-Gauge-1,1,0,0.0020089716950563107,0,LOW
2024-02-13 21:00:00,Kolkata-Gauge-1,2,0,0.0020089716950563107,0,LOW
2024-02-13 21:00:00,Guwahati-Gauge-1,3,0,0.0020089716950563107,0,LOW
2024-02-13 21:00:00,Sonapur-Gauge-1,4,0,0.0020089716950563107,0,LOW
2024-02-13 22:00:00,Chamoli-Gauge-1,1,0,0.0020089716950563107,0,LOW
2024-02-13 22:00:00,Kolkata-Gauge-1,2,0,0.0020635205812867007,0,LOW
2024-02-13 22:00:00,Guwahati-Gauge-1,3,0,0.0020089716950563107,0,LOW
2024-02-13 22:00:00,Sonapur-Gauge-1,4,0,0.0020773176412619576,0,LOW
2024-02-13 23:00:00,Chamoli-Gauge-1,1,0,0.0020089716950563107,0,LOW
2024-02-13 23:00:00,Kolkata-Gauge-1,2,0,0.0020089716950563107,0,LOW
2024-02-13 23:00:00,Guwahati-Gauge-1,3,0,0.0020089716950563107,0,LOW
2024-02-13 23:00:00,Sonapur-Gauge-1,4,0,0.002058647411628809,0,LOW
2024-02-14 00:00:00,Chamoli-Gauge-1,1,0,0.002075817457212297,0,LOW
2024-02-14 00:00:00,Kolkata-Gauge-1,2,0,0.0020089716950563107,0,LOW
2024-02-14 00:00:00,Guwahati-Gauge-1,3,0,0.0020089716950563107,0,LOW
2024-02-14 00:00:00,Sonapur-Gauge-1,4,0,0.0020773176412619576,0,LOW
2024-02-14 01:00:00,Chamoli-Gauge-1,1,0,0.0020089716950563107,0,LOW
2024-02-14 01:00:00,Kolkata-Gauge-1,2,0,0.0020089716950563107,0,LOW
2024-02-14 01:00:00,Guwahati-Gauge-1,3,0,0.0020089716950563107,0,LOW
2024-02-14 01:00:00,Sonapur-Gauge-1,4,0,0.002071625780735302,0,LOW
2024-02-14 02:00:00,Chamoli-Gauge-1,1,0,0.0020089716950563107,0,LOW
2024-02-14 02:00:00,Kolkata-Gauge-1,2,0,0.0020089716950563107,0,LOW
2024-02-14 02:00:00,Guwahati-Gauge-1,3,0,0.0020089716950563107,0,LOW
2024-02-14 02:00:00,Sonapur-Gauge-1,4,0,0.0020089716950563107,0,LOW
2024-02-14 03:00:00,Chamoli-Gauge-1,1,0,0.0020089716950563107,0,LOW
2024-02-14 03:00:00,Kolkata-Gauge-1,2,0,0.0020089716950563107,0,LOW
2024-02-14 03:00:00,Guwahati-Gauge-1,3,0,0.0020089716950563107,0,LOW
2024-02-14 03:00:00,Sonapur-Gauge-1,4,0,0.0020089716950563107,0,LOW
2024-02-14 04:00:00,Chamoli-Gauge-1,1,0,0.0020089716950563107,0,LOW
2024-02-14 04:00:00,Kolkata-Gauge-1,2,0,0.0020089716950563107,0,LOW
2024-02-14 04:00:00,Guwahati-Gauge-1,3,0,0.0020089716950563107,0,LOW
2024-02-14 04:00:00,Sonapur-Gauge-1,4,0,0.0020089716950563107,0,LOW
2024-02-14 05:00:00,Chamoli-Gauge-1,1,0,0.0020089716950563107,0,LOW
2024-02-14 05:00:00,Kolkata-Gauge-1,2,0,0.0020089716950563107,0,LOW
2024-02-14 05:00:00,Guwahati-Gauge-1,3,0,0.0020089716950563107,0,LOW
2024-02-14 05:00:00,Sonapur-Gauge-1,4,0,0.0020089716950563107,0,LOW
2024-02-14 06:00:00,Chamoli-Gauge-1,1,0,0.0020089716950563107,0,LOW
2024-02-14 06:00:00,Kolkata-Gauge-1,2,0,0.0020089716950563107,0,LOW
2024-02-14 06:00:00,Guwahati-Gauge-1,3,0,0.0020089716950563107,0,LOW
2024-02-14 06:00:00,Sonapur-Gauge-1,4,0,0.0020089716950563107,0,LOW
2024-02-14 07:00:00,Chamoli-Gauge-1,1,0,0.0020089716950563107,0,LOW
2024-02-14 07:00:00,Kolkata-Gauge-1,2,0,0.0020089716950563107,0,LOW
2024-02-14 07:00:00,Guwahati-Gauge-1,3,0,0.0020089716950563107,0,LOW
2024-02-14 07:00:00,Sonapur-Gauge-1,4,0,0.0020089716950563107,0,LOW
2024-02-14 08:00:00,Chamoli-Gauge-1,1,0,0.0020089716950563107,0,LOW
2024-02-14 08:00:00,Kolkata-Gauge-1,2,0,0.0020089716950563107,0,LOW
2024-02-14 08:00:00,Guwahati-Gauge-1,3,0,0.0020089716950563107,0,LOW
2024-02-14 08:00:00,Sonapur-Gauge-1,4,0,0.0020089716950563107,0,LOW
2024-02-14 09:00:00,Chamoli-Gauge-1,1,0,0.0020089716950563107,0,LOW
2024-02-14 09:00:00,Kolkata-Gauge-1,2,0,0.0020089716950563107,0,LOW
2024-02-14 09:00:00,Guwahati-Gauge-1,3,0,0.0020089716950563107,0,LOW
2024-02-14 09:00:00,Sonapur-Gauge-1,4,0,0.0020089716950563107,0,LOW
2024-02-14 10:00:00,Chamoli-Gauge-1,1,0,0.0020089716950563107,0,LOW
2024-02-14 10:00:00,Kolkata-Gauge-1,2,0,0.0020089716950563107,0,LOW
2024-02-14 10:00:00,Guwahati-Gauge-1,3,0,0.0020089716950563107,0,LOW
2024-02-14 10:00:00,Sonapur-Gauge-1,4,0,0.0020089716950563107,0,LOW
2024-02-14 11:00:00,Chamoli-Gauge-1,1,0,0.0020089716950563107,0,LOW
2024-02-14 11:00:00,Kolkata-Gauge-1,2,0,0.0020089716950563107,0,LOW
2024-02-14 11:00:00,Guwahati-Gauge-1,3,0,0.0021067321826182097,0,LOW
2024-02-14 11:00:00,Sonapur-Gauge-1,4,0,0.0020089716950563107,0,LOW
2024-02-14 12:00:00,Chamoli-Gauge-1,1,0,0.002324116585872259,0,LOW
2024-02-14 12:00:00,Kolkata-Gauge-1,2,0,0.0020089716950563107,0,LOW
2024-02-14 12:00:00,Guwahati-Gauge-1,3,0,0.0020089716950563107,0,LOW
2024-02-14 12:00:00,Sonapur-Gauge-1,4,0,0.0020089716950563107,0,LOW
2024-02-14 13:00:00,Chamoli-Gauge-1,1,0,0.0020089716950563107,0,LOW
2024-02-14 13:00:00,Kolkata-Gauge-1,2,0,0.0020089716950563107,0,LOW
2024-02-14 13:00:00,Guwahati-Gauge-1,3,0,0.0020089716950563107,0,LOW
2024-02-14 13:00:00,Sonapur-Gauge-1,4,0,0.0020089716950563107,0,LOW
2024-02-14 14:00:00,Chamoli-Gauge-1,1,0,0.0020089716950563107,0,LOW
2024-02-14 14:00:00,Kolkata-Gauge-1,2,0,0.0020089716950563107,0,LOW
2024-02-14 14:00:00,Guwahati-Gauge-1,3,0,0.002123882799648744,0,LOW
2024-02-14 14:00:00,Sonapur-Gauge-1,4,0,0.0020089716950563107,0,LOW
2024-02-14 15:00:00,Chamoli-Gauge-1,1,0,0.0021248206229504637,0,LOW
2024-02-14 15:00:00,Kolkata-Gauge-1,2,0,0.0020089716950563107,0,LOW
2024-02-14 15:00:00,Guwahati-Gauge-1,3,0,0.0020089716950563107,0,LOW
2024-02-14 15:00:00,Sonapur-Gauge-1,4,0,0.0020089716950563107,0,LOW
2024-02-14 16:00:00,Chamoli-Gauge-1,1,0,0.002058647411628809,0,LOW
2024-02-14 16:00:00,Kolkata-Gauge-1,2,0,0.0020089716950563107,0,LOW
2024-02-14 16:00:00,Guwahati-Gauge-1,3,0,0.0020653261492113166,0,LOW
2024-02-14 16:00:00,Sonapur-Gauge-1,4,0,0.0020089716950563107,0,LOW
2024-02-14 17:00:00,Chamoli-Gauge-1,1,0,0.0020596595749531083,0,LOW
2024-02-14 17:00:00,Kolkata-Gauge-1,2,0,0.0020089716950563107,0,LOW
2024-02-14 17:00:00,Guwahati-Gauge-1,3,0,0.0020089716950563107,0,LOW
2024-02-14 17:00:00,Sonapur-Gauge-1,4,0,0.0020089716950563107,0,LOW
2024-02-14 18:00:00,Chamoli-Gauge-1,1,0,0.0020089716950563107,0,LOW
2024-02-14 18:00:00,Kolkata-Gauge-1,2,0,0.0020089716950563107,0,LOW
2024-02-14 18:00:00,Guwahati-Gauge-1,3,0,0.0022044597632497527,0,LOW
2024-02-14 18:00:00,Sonapur-Gauge-1,4,0,0.0020089716950563107,0,LOW
2024-02-14 19:00:00,Chamoli-Gauge-1,1,0,0.0020859092376627254,0,LOW
2024-02-14 19:00:00,Kolkata-Gauge-1,2,0,0.0020089716950563107,0,LOW
2024-02-14 19:00:00,Guwahati-Gauge-1,3,0,0.0020089716950563107,0,LOW
2024-02-14 19:00:00,Sonapur-Gauge-1,4,0,0.0020089716950563107,0,LOW
2024-02-14 20:00:00,Chamoli-Gauge-1,1,0,0.0020089716950563107,0,LOW
2024-02-14 20:00:00,Kolkata-Gauge-1,2,0,0.0020089716950563107,0,LOW
2024-02-14 20:00:00,Guwahati-Gauge-1,3,0,0.0020892237299498786,0,LOW
2024-02-14 20:00:00,Sonapur-Gauge-1,4,0,0.0020089716950563107,0,LOW
2024-02-14 21:00:00,Chamoli-Gauge-1,1,0,0.0020089716950563107,0,LOW
2024-02-14 21:00:00,Kolkata-Gauge-1,2,0,0.0020089716950563107,0,LOW
2024-02-14 21:00:00,Guwahati-Gauge-1,3,0,0.0021247030456970563,0,LOW
2024-02-14 21:00:00,Sonapur-Gauge-1,4,0,0.0020089716950563107,0,LOW
2024-02-14 22:00:00,Chamoli-Gauge-1,1,0,0.0020089716950563107,0,LOW
2024-02-14 22:00:00,Kolkata-Gauge-1,2,0,0.0020858284088639007,0,LOW
2024-02-14 22:00:00,Guwahati-Gauge-1,3,0,0.0020538759042938925,0,LOW
2024-02-14 22:00:00,Sonapur-Gauge-1,4,0,0.0020089716950563107,0,LOW
2024-02-14 23:00:00,Chamoli-Gauge-1,1,0,0.0020721526062335376,0,LOW
2024-02-14 23:00:00,Kolkata-Gauge-1,2,0,0.0020089716950563107,0,LOW
2024-02-14 23:00:00,Guwahati-Gauge-1,3,0,0.0020089716950563107,0,LOW
2024-02-14 23:00:00,Sonapur-Gauge-1,4,0,0.0020089716950563107,0,LOW
2024-02-15 00:00:00,Chamoli-Gauge-1,1,0,0.0020652704252594758,0,LOW
2024-02-15 00:00:00,Kolkata-Gauge-1,2,0,0.0020089716950563107,0,LOW
2024-02-15 00:00:00,Guwahati-Gauge-1,3,0,0.0020089716950563107,0,LOW
2024-02-15 00:00:00,Sonapur-Gauge-1,4,0,0.0020089716950563107,0,LOW
2024-02-15 01:00:00,Chamoli-Gauge-1,1,0,0.0020089716950563107,0,LOW
2024-02-15 01:00:00,Kolkata-Gauge-1,2,0,0.0020089716950563107,0,LOW
2024-02-15 01:00:00,Guwahati-Gauge-1,3,0,0.0020089716950563107,0,LOW
2024-02-15 01:00:00,Sonapur-Gauge-1,4,0,0.0020089716950563107,0,LOW
2024-02-15 02:00:00,Chamoli-Gauge-1,1,0,0.0020089716950563107,0,LOW
2024-02-15 02:00:00,Kolkata-Gauge-1,2,0,0.0020089716950563107,0,LOW
2024-02-15 02:00:00,Guwahati-Gauge-1,3,0,0.0020089716950563107,0,LOW
2024-02-15 02:00:00,Sonapur-Gauge-1,4,0,0.0020089716950563107,0,LOW
2024-02-15 03:00:00,Chamoli-Gauge-1,1,0,0.0020089716950563107,0,LOW
2024-02-15 03:00:00,Kolkata-Gauge-1,2,0,0.0020089716950563107,0,LOW
2024-02-15 03:00:00,Guwahati-Gauge-1,3,0,0.0020089716950563107,0,LOW
2024-02-15 03:00:00,Sonapur-Gauge-1,4,0,0.0020089716950563107,0,LOW
2024-02-15 04:00:00,Chamoli-Gauge-1,1,0,0.0020089716950563107,0,LOW
2024-02-15 04:00:00,Kolkata-Gauge-1,2,0,0.0020089716950563107,0,LOW
2024-02-15 04:00:00,Guwahati-Gauge-1,3,0,0.0020089716950563107,0,LOW
2024-02-15 04:00:00,Sonapur-Gauge-1,4,0,0.0020089716950563107,0,LOW
2024-02-15 05:00:00,Chamoli-Gauge-1,1,0,0.0020089716950563107,0,LOW
2024-02-15 05:00:00,Kolkata-Gauge-1,2,0,0.0020089716950563107,0,LOW
2024-02-15 05:00:00,Guwahati-Gauge-1,3,0,0.0020089716950563107,0,LOW
2024-02-15 05:00:00,Sonapur-Gauge-1,4,0,0.0020089716950563107,0,LOW
2024-02-15 06:00:00,Chamoli-Gauge-1,1,0,0.002462390764003087,0,LOW
2024-02-15 06:00:00,Kolkata-Gauge-1,2,0,0.0020089716950563107,0,LOW
2024-02-15 06:00:00,Guwahati-Gauge-1,3,0,0.0020089716950563107,0,LOW
2024-02-15 06:00:00,Sonapur-Gauge-1,4,0,0.0020089716950563107,0,LOW
2024-02-15 07:00:00,Chamoli-Gauge-1,1,0,0.002124462056432212,0,LOW
2024-02-15 07:00:00,Kolkata-Gauge-1,2,0,0.0020089716950563107,0,LOW
2024-02-15 07:00:00,Guwahati-Gauge-1,3,0,0.0020089716950563107,0,LOW
2024-02-15 07:00:00,Sonapur-Gauge-1,4,0,0.0020089716950563107,0,LOW
2024-02-15 08:00:00,Chamoli-Gauge-1,1,0,0.0023492283887773073,0,LOW
2024-02-15 08:00:00,Kolkata-Gauge-1,2,0,0.0020089716950563107,0,LOW
2024-02-15 08:00:00,Guwahati-Gauge-1,3,0,0.0020089716950563107,0,LOW
2024-02-15 08:00:00,Sonapur-Gauge-1,4,0,0.0020089716950563107,0,LOW
2024-02-15 09:00:00,Chamoli-Gauge-1,1,0,0.002071795798789577,0,LOW
2024-02-15 09:00:00,Kolkata-Gauge-1,2,0,0.0020089716950563107,0,LOW
2024-02-15 09:00:00,Guwahati-Gauge-1,3,0,0.0020089716950563107,0,LOW
2024-02-15 09:00:00,Sonapur-Gauge-1,4,0,0.0020089716950563107,0,LOW
2024-02-15 10:00:00,Chamoli-Gauge-1,1,0,0.002071456167688469,0,LOW
2024-02-15 10:00:00,Kolkata-Gauge-1,2,0,0.0020089716950563107,0,LOW
2024-02-15 10:00:00,Guwahati-Gauge-1,3,0,0.0020089716950563107,0,LOW
2024-02-15 10:00:00,Sonapur-Gauge-1,4,0,0.0020089716950563107,0,LOW
2024-02-15 11:00:00,Chamoli-Gauge-1,1,0,0.0020089716950563107,0,LOW
2024-02-15 11:00:00,Kolkata-Gauge-1,2,0,0.0020089716950563107,0,LOW
2024-02-15 11:00:00,Guwahati-Gauge-1,3,0,0.0020089716950563107,0,LOW
2024-02-15 11:00:00,Sonapur-Gauge-1,4,0,0.0020089716950563107,0,LOW
2024-02-15 12:00:00,Chamoli-Gauge-1,1,0,0.0020089716950563107,0,LOW
2024-02-15 12:00:00,Kolkata-Gauge-1,2,0,0.0020089716950563107,0,LOW
2024-02-15 12:00:00,Guwahati-Gauge-1,3,0,0.0020089716950563107,0,LOW
2024-02-15 12:00:00,Sonapur-Gauge-1,4,0,0.0020089716950563107,0,LOW
2024-02-15 13:00:00,Chamoli-Gauge-1,1,0,0.0020089716950563107,0,LOW
2024-02-15 13:00:00,Kolkata-Gauge-1,2,0,0.0020089716950563107,0,LOW
2024-02-15 13:00:00,Guwahati-Gauge-1,3,0,0.0020089716950563107,0,LOW
2024-02-15 13:00:00,Sonapur-Gauge-1,4,0,0.0020089716950563107,0,LOW
2024-02-15 14:00:00,Chamoli-Gauge-1,1,0,0.0020089716950563107,0,LOW
2024-02-15 14:00:00,Kolkata-Gauge-1,2,0,0.0020089716950563107,0,LOW
2024-02-15 14:00:00,Guwahati-Gauge-1,3,0,0.0020089716950563107,0,LOW
2024-02-15 14:00:00,Sonapur-Gauge-1,4,0,0.0020089716950563107,0,LOW
2024-02-15 15:00:00,Chamoli-Gauge-1,1,0,0.0020089716950563107,0,LOW
2024-02-15 15:00:00,Kolkata-Gauge-1,2,0,0.0020601451997240786,0,LOW
2024-02-15 15:00:00,Guwahati-Gauge-1,3,0,0.0020089716950563107,0,LOW
2024-02-15 15:00:00,Sonapur-Gauge-1,4,0,0.0020089716950563107,0,LOW
2024-02-15 16:00:00,Chamoli-Gauge-1,1,0,0.0020089716950563107,0,LOW
2024-02-15 16:00:00,Kolkata-Gauge-1,2,0,0.00207229271315662,0,LOW
2024-02-15 16:00:00,Guwahati-Gauge-1,3,0,0.0020089716950563107,0,LOW
2024-02-15 16:00:00,Sonapur-Gauge-1,4,0,0.0020089716950563107,0,LOW
2024-02-15 17:00:00,Chamoli-Gauge-1,1,0,0.0020089716950563107,0,LOW
2024-02-15 17:00:00,Kolkata-Gauge-1,2,0,0.0021858776087098418,0,LOW
2024-02-15 17:00:00,Guwahati-Gauge-1,3,0,0.0020089716950563107,0,LOW
2024-02-15 17:00:00,Sonapur-Gauge-1,4,0,0.0020089716950563107,0,LOW
2024-02-15 18:00:00,Chamoli-Gauge-1,1,0,0.002170181775043754,0,LOW
2024-02-15 18:00:00,Kolkata-Gauge-1,2,0,0.0023167542411429414,0,LOW
2024-02-15 18:00:00,Guwahati-Gauge-1,3,0,0.0020089716950563107,0,LOW
2024-02-15 18:00:00,Sonapur-Gauge-1,4,0,0.0020089716950563107,0,LOW
2024-02-15 19:00:00,Chamoli-Gauge-1,1,0,0.0020089716950563107,0,LOW
2024-02-15 19:00:00,Kolkata-Gauge-1,2,0,0.0021303242313875466,0,LOW
2024-02-15 19:00:00,Guwahati-Gauge-1,3,0,0.0020089716950563107,0,LOW
2024-02-15 19:00:00,Sonapur-Gauge-1,4,0,0.0020089716950563107,0,LOW
2024-02-15 20:00:00,Chamoli-Gauge-1,1,0,0.002071733927090728,0,LOW
2024-02-15 20:00:00,Kolkata-Gauge-1,2,0,0.0020089716950563107,0,LOW
2024-02-15 20:00:00,Guwahati-Gauge-1,3,0,0.0020089716950563107,0,LOW
2024-02-15 20:00:00,Sonapur-Gauge-1,4,0,0.0020089716950563107,0,LOW
2024-02-15 21:00:00,Chamoli-Gauge-1,1,0,0.002179504219035884,0,LOW
2024-02-15 21:00:00,Kolkata-Gauge-1,2,0,0.002266964178156602,0,LOW
2024-02-15 21:00:00,Guwahati-Gauge-1,3,0,0.0020089716950563107,0,LOW
2024-02-15 21:00:00,Sonapur-Gauge-1,4,0,0.0020089716950563107,0,LOW
2024-02-15 22:00:00,Chamoli-Gauge-1,1,0,0.0020705532766731732,0,LOW
2024-02-15 22:00:00,Kolkata-Gauge-1,2,0,0.00249496808338919,0,LOW
2024-02-15 22:00:00,Guwahati-Gauge-1,3,0,0.0020089716950563107,0,LOW
2024-02-15 22:00:00,Sonapur-Gauge-1,4,0,0.0020089716950563107,0,LOW
2024-02-15 23:00:00,Chamoli-Gauge-1,1,0,0.0022373464207654393,0,LOW
2024-02-15 23:00:00,Kolkata-Gauge-1,2,0,0.002065456422206443,0,LOW
2024-02-15 23:00:00,Guwahati-Gauge-1,3,0,0.0020089716950563107,0,LOW
2024-02-15 23:00:00,Sonapur-Gauge-1,4,0,0.0020089716950563107,0,LOW
2024-02-16 00:00:00,Chamoli-Gauge-1,1,0,0.0021324711911902246,0,LOW
2024-02-16 00:00:00,Kolkata-Gauge-1,2,1,0.9981285832272646,1,EXTREME
2024-02-16 00:00:00,Guwahati-Gauge-1,3,0,0.0020089716950563107,0,LOW
2024-02-16 00:00:00,Sonapur-Gauge-1,4,0,0.0020089716950563107,0,LOW
2024-02-16 01:00:00,Chamoli-Gauge-1,1,0,0.0020596595749531083,0,LOW
2024-02-16 01:00:00,Kolkata-Gauge-1,2,1,0.9994616559017618,1,EXTREME
2024-02-16 01:00:00,Guwahati-Gauge-1,3,0,0.0020089716950563107,0,LOW
2024-02-16 01:00:00,Sonapur-Gauge-1,4,0,0.0020089716950563107,0,LOW
2024-02-16 02:00:00,Chamoli-Gauge-1,1,0,0.002071102824611361,0,LOW
2024-02-16 02:00:00,Kolkata-Gauge-1,2,1,0.9996467373972711,1,EXTREME
2024-02-16 02:00:00,Guwahati-Gauge-1,3,0,0.0020089716950563107,0,LOW
2024-02-16 02:00:00,Sonapur-Gauge-1,4,0,0.0020089716950563107,0,LOW
2024-02-16 03:00:00,Chamoli-Gauge-1,1,0,0.002087643645098961,0,LOW
2024-02-16 03:00:00,Kolkata-Gauge-1,2,1,0.9995938001040955,1,EXTREME
2024-02-16 03:00:00,Guwahati-Gauge-1,3,0,0.0020089716950563107,0,LOW
2024-02-16 03:00:00,Sonapur-Gauge-1,4,0,0.0020089716950563107,0,LOW
2024-02-16 04:00:00,Chamoli-Gauge-1,1,0,0.0020089716950563107,0,LOW
2024-02-16 04:00:00,Kolkata-Gauge-1,2,1,0.9996073941554801,1,EXTREME
2024-02-16 04:00:00,Guwahati-Gauge-1,3,0,0.0020089716950563107,0,LOW
2024-02-16 04:00:00,Sonapur-Gauge-1,4,0,0.0020089716950563107,0,LOW
2024-02-16 05:00:00,Chamoli-Gauge-1,1,0,0.002123376102514987,0,LOW
2024-02-16 05:00:00,Kolkata-Gauge-1,2,1,0.9996478686950243,1,EXTREME
2024-02-16 05:00:00,Guwahati-Gauge-1,3,0,0.0020089716950563107,0,LOW
2024-02-16 05:00:00,Sonapur-Gauge-1,4,0,0.0020089716950563107,0,LOW
2024-02-16 06:00:00,Chamoli-Gauge-1,1,0,0.0020715332144128373,0,LOW
2024-02-16 06:00:00,Kolkata-Gauge-1,2,1,0.9996540904922153,1,EXTREME
2024-02-16 06:00:00,Guwahati-Gauge-1,3,0,0.0020089716950563107,0,LOW
2024-02-16 06:00:00,Sonapur-Gauge-1,4,0,0.0020089716950563107,0,LOW
2024-02-16 07:00:00,Chamoli-Gauge-1,1,0,0.0020721526062335376,0,LOW
2024-02-16 07:00:00,Kolkata-Gauge-1,2,1,0.9996583515098277,1,EXTREME
2024-02-16 07:00:00,Guwahati-Gauge-1,3,0,0.0020089716950563107,0,LOW
2024-02-16 07:00:00,Sonapur-Gauge-1,4,0,0.0020089716950563107,0,LOW
2024-02-16 08:00:00,Chamoli-Gauge-1,1,0,0.0020089716950563107,0,LOW
2024-02-16 08:00:00,Kolkata-Gauge-1,2,1,0.9996600608077871,1,EXTREME
2024-02-16 08:00:00,Guwahati-Gauge-1,3,0,0.0020089716950563107,0,LOW
2024-02-16 08:00:00,Sonapur-Gauge-1,4,0,0.0020089716950563107,0,LOW
2024-02-16 09:00:00,Chamoli-Gauge-1,1,0,0.0020089716950563107,0,LOW
2024-02-16 09:00:00,Kolkata-Gauge-1,2,1,0.9996600608077871,1,EXTREME
2024-02-16 09:00:00,Guwahati-Gauge-1,3,0,0.0020089716950563107,0,LOW
2024-02-16 09:00:00,Sonapur-Gauge-1,4,0,0.0020089716950563107,0,LOW
2024-02-16 10:00:00,Chamoli-Gauge-1,1,0,0.0020089716950563107,0,LOW
2024-02-16 10:00:00,Kolkata-Gauge-1,2,1,0.9996564531586779,1,EXTREME
2024-02-16 10:00:00,Guwahati-Gauge-1,3,0,0.0020089716950563107,0,LOW
2024-02-16 10:00:00,Sonapur-Gauge-1,4,0,0.0020089716950563107,0,LOW
2024-02-16 11:00:00,Chamoli-Gauge-1,1,0,0.0020089716950563107,0,LOW
2024-02-16 11:00:00,Kolkata-Gauge-1,2,1,0.9996561254601937,1,EXTREME
2024-02-16 11:00:00,Guwahati-Gauge-1,3,0,0.0020089716950563107,0,LOW
2024-02-16 11:00:00,Sonapur-Gauge-1,4,0,0.0020089716950563107,0,LOW
2024-02-16 12:00:00,Chamoli-Gauge-1,1,0,0.0020089716950563107,0,LOW
2024-02-16 12:00:00,Kolkata-Gauge-1,2,1,0.999639965521985,1,EXTREME
2024-02-16 12:00:00,Guwahati-Gauge-1,3,0,0.0020089716950563107,0,LOW
2024-02-16 12:00:00,Sonapur-Gauge-1,4,0,0.0020089716950563107,0,LOW
2024-02-16 13:00:00,Chamoli-Gauge-1,1,0,0.0020089716950563107,0,LOW
2024-02-16 13:00:00,Kolkata-Gauge-1,2,1,0.9996600608077871,1,EXTREME
2024-02-16 13:00:00,Guwahati-Gauge-1,3,0,0.0020089716950563107,0,LOW
2024-02-16 13:00:00,Sonapur-Gauge-1,4,0,0.0020089716950563107,0,LOW
2024-02-16 14:00:00,Chamoli-Gauge-1,1,0,0.0020089716950563107,0,LOW
2024-02-16 14:00:00,Kolkata-Gauge-1,2,1,0.9996586870831586,1,EXTREME
2024-02-16 14:00:00,Guwahati-Gauge-1,3,0,0.0020089716950563107,0,LOW
2024-02-16 14:00:00,Sonapur-Gauge-1,4,0,0.0020089716950563107,0,LOW
2024-02-16 15:00:00,Chamoli-Gauge-1,1,0,0.0020089716950563107,0,LOW
2024-02-16 15:00:00,Kolkata-Gauge-1,2,1,0.9996600608077871,1,EXTREME
2024-02-16 15:00:00,Guwahati-Gauge-1,3,0,0.0020089716950563107,0,LOW
2024-02-16 15:00:00,Sonapur-Gauge-1,4,0,0.0020089716950563107,0,LOW
2024-02-16 16:00:00,Chamoli-Gauge-1,1,0,0.0021435526287618134,0,LOW
2024-02-16 16:00:00,Kolkata-Gauge-1,2,1,0.9996400551292771,1,EXTREME
2024-02-16 16:00:00,Guwahati-Gauge-1,3,0,0.0020089716950563107,0,LOW
2024-02-16 16:00:00,Sonapur-Gauge-1,4,0,0.0020089716950563107,0,LOW
2024-02-16 17:00:00,Chamoli-Gauge-1,1,0,0.0021487492557610973,0,LOW
2024-02-16 17:00:00,Kolkata-Gauge-1,2,1,0.9996293118204147,1,EXTREME
2024-02-16 17:00:00,Guwahati-Gauge-1,3,0,0.0020089716950563107,0,LOW
2024-02-16 17:00:00,Sonapur-Gauge-1,4,0,0.0020089716950563107,0,LOW
2024-02-16 18:00:00,Chamoli-Gauge-1,1,0,0.0021435526287618134,0,LOW
2024-02-16 18:00:00,Kolkata-Gauge-1,2,1,0.9996459959083539,1,EXTREME
2024-02-16 18:00:00,Guwahati-Gauge-1,3,0,0.0020089716950563107,0,LOW
2024-02-16 18:00:00,Sonapur-Gauge-1,4,0,0.0020089716950563107,0,LOW
2024-02-16 19:00:00,Chamoli-Gauge-1,1,0,0.0020089716950563107,0,LOW
2024-02-16 19:00:00,Kolkata-Gauge-1,2,1,0.9996596396694314,1,EXTREME
2024-02-16 19:00:00,Guwahati-Gauge-1,3,0,0.0020089716950563107,0,LOW
2024-02-16 19:00:00,Sonapur-Gauge-1,4,0,0.0020089716950563107,0,LOW
2024-02-16 20:00:00,Chamoli-Gauge-1,1,0,0.0020089716950563107,0,LOW
2024-02-16 20:00:00,Kolkata-Gauge-1,2,1,0.9996600608077871,1,EXTREME
2024-02-16 20:00:00,Guwahati-Gauge-1,3,0,0.0020089716950563107,0,LOW
2024-02-16 20:00:00,Sonapur-Gauge-1,4,0,0.0020089716950563107,0,LOW
2024-02-16 21:00:00,Chamoli-Gauge-1,1,0,0.0020089716950563107,0,LOW
2024-02-16 21:00:00,Kolkata-Gauge-1,2,1,0.9996596396694314,1,EXTREME
2024-02-16 21:00:00,Guwahati-Gauge-1,3,0,0.0020089716950563107,0,LOW
2024-02-16 21:00:00,Sonapur-Gauge-1,4,0,0.0020089716950563107,0,LOW
2024-02-16 22:00:00,Chamoli-Gauge-1,1,0,0.0023204358952688083,0,LOW
2024-02-16 22:00:00,Kolkata-Gauge-1,2,1,0.9996600608077871,1,EXTREME
2024-02-16 22:00:00,Guwahati-Gauge-1,3,0,0.0020089716950563107,0,LOW
2024-02-16 22:00:00,Sonapur-Gauge-1,4,0,0.0020089716950563107,0,LOW
2024-02-16 23:00:00,Chamoli-Gauge-1,1,0,0.0021406916626085896,0,LOW
2024-02-16 23:00:00,Kolkata-Gauge-1,2,1,0.9996600608077871,1,EXTREME
2024-02-16 23:00:00,Guwahati-Gauge-1,3,0,0.0020089716950563107,0,LOW
2024-02-16 23:00:00,Sonapur-Gauge-1,4,0,0.0020089716950563107,0,LOW
2024-02-17 00:00:00,Chamoli-Gauge-1,1,0,0.0020089716950563107,0,LOW
2024-02-17 00:00:00,Kolkata-Gauge-1,2,1,0.999655534040887,1,EXTREME
2024-02-17 00:00:00,Guwahati-Gauge-1,3,0,0.0020089716950563107,0,LOW
2024-02-17 00:00:00,Sonapur-Gauge-1,4,0,0.0020089716950563107,0,LOW
2024-02-17 01:00:00,Chamoli-Gauge-1,1,0,0.0020089716950563107,0,LOW
2024-02-17 01:00:00,Kolkata-Gauge-1,2,1,0.9996581192694011,1,EXTREME
2024-02-17 01:00:00,Guwahati-Gauge-1,3,0,0.0020089716950563107,0,LOW
2024-02-17 01:00:00,Sonapur-Gauge-1,4,0,0.0020089716950563107,0,LOW
2024-02-17 02:00:00,Chamoli-Gauge-1,1,0,0.0020089716950563107,0,LOW
2024-02-17 02:00:00,Kolkata-Gauge-1,2,1,0.9996600608077871,1,EXTREME
2024-02-17 02:00:00,Guwahati-Gauge-1,3,0,0.0020089716950563107,0,LOW
2024-02-17 02:00:00,Sonapur-Gauge-1,4,0,0.0020089716950563107,0,LOW
2024-02-17 03:00:00,Chamoli-Gauge-1,1,0,0.0020089716950563107,0,LOW
2024-02-17 03:00:00,Kolkata-Gauge-1,2,1,0.9996582034120932,1,EXTREME
2024-02-17 03:00:00,Guwahati-Gauge-1,3,0,0.0020089716950563107,0,LOW
2024-02-17 03:00:00,Sonapur-Gauge-1,4,0,0.0020089716950563107,0,LOW
2024-02-17 04:00:00,Chamoli-Gauge-1,1,0,0.0020756335064167344,0,LOW
2024-02-17 04:00:00,Kolkata-Gauge-1,2,1,0.9996492179097362,1,EXTREME
2024-02-17 04:00:00,Guwahati-Gauge-1,3,0,0.0020089716950563107,0,LOW
2024-02-17 04:00:00,Sonapur-Gauge-1,4,0,0.0020089716950563107,0,LOW
2024-02-17 05:00:00,Chamoli-Gauge-1,1,0,0.002251181508573092,0,LOW
2024-02-17 05:00:00,Kolkata-Gauge-1,2,1,0.9996600608077871,1,EXTREME
2024-02-17 05:00:00,Guwahati-Gauge-1,3,0,0.0020089716950563107,0,LOW
2024-02-17 05:00:00,Sonapur-Gauge-1,4,0,0.0020089716950563107,0,LOW
2024-02-17 06:00:00,Chamoli-Gauge-1,1,0,0.0020089716950563107,0,LOW
2024-02-17 06:00:00,Kolkata-Gauge-1,2,1,0.9996600608077871,1,EXTREME
2024-02-17 06:00:00,Guwahati-Gauge-1,3,0,0.0020089716950563107,0,LOW
2024-02-17 06:00:00,Sonapur-Gauge-1,4,0,0.0020089716950563107,0,LOW
2024-02-17 07:00:00,Chamoli-Gauge-1,1,0,0.0020089716950563107,0,LOW
2024-02-17 07:00:00,Kolkata-Gauge-1,2,1,0.9996600608077871,1,EXTREME
2024-02-17 07:00:00,Guwahati-Gauge-1,3,0,0.0020089716950563107,0,LOW
2024-02-17 07:00:00,Sonapur-Gauge-1,4,0,0.0020089716950563107,0,LOW
2024-02-17 08:00:00,Chamoli-Gauge-1,1,0,0.0020089716950563107,0,LOW
2024-02-17 08:00:00,Kolkata-Gauge-1,2,1,0.9996600608077871,1,EXTREME
2024-02-17 08:00:00,Guwahati-Gauge-1,3,0,0.0020089716950563107,0,LOW
2024-02-17 08:00:00,Sonapur-Gauge-1,4,0,0.0020089716950563107,0,LOW
2024-02-17 09:00:00,Chamoli-Gauge-1,1,0,0.0020089716950563107,0,LOW
2024-02-17 09:00:00,Kolkata-Gauge-1,2,1,0.9996600608077871,1,EXTREME
2024-02-17 09:00:00,Guwahati-Gauge-1,3,0,0.0020089716950563107,0,LOW
2024-02-17 09:00:00,Sonapur-Gauge-1,4,0,0.0020089716950563107,0,LOW
2024-02-17 10:00:00,Chamoli-Gauge-1,1,0,0.0020089716950563107,0,LOW
2024-02-17 10:00:00,Kolkata-Gauge-1,2,1,0.9996600608077871,1,EXTREME
2024-02-17 10:00:00,Guwahati-Gauge-1,3,0,0.0020089716950563107,0,LOW
2024-02-17 10:00:00,Sonapur-Gauge-1,4,0,0.0020089716950563107,0,LOW
2024-02-17 11:00:00,Chamoli-Gauge-1,1,0,0.0020089716950563107,0,LOW
2024-02-17 11:00:00,Kolkata-Gauge-1,2,1,0.9996600608077871,1,EXTREME
2024-02-17 11:00:00,Guwahati-Gauge-1,3,0,0.0020089716950563107,0,LOW
2024-02-17 11:00:00,Sonapur-Gauge-1,4,0,0.0020089716950563107,0,LOW
2024-02-17 12:00:00,Chamoli-Gauge-1,1,0,0.0020089716950563107,0,LOW
2024-02-17 12:00:00,Kolkata-Gauge-1,2,1,0.9996582182586544,1,EXTREME
2024-02-17 12:00:00,Guwahati-Gauge-1,3,0,0.003501503199358439,0,LOW
2024-02-17 12:00:00,Sonapur-Gauge-1,4,0,0.0020089716950563107,0,LOW
2024-02-17 13:00:00,Chamoli-Gauge-1,1,0,0.0020089716950563107,0,LOW
2024-02-17 13:00:00,Kolkata-Gauge-1,2,1,0.9996597764980086,1,EXTREME
2024-02-17 13:00:00,Guwahati-Gauge-1,3,0,0.0035258958022186095,0,LOW
2024-02-17 13:00:00,Sonapur-Gauge-1,4,0,0.0020089716950563107,0,LOW
2024-02-17 14:00:00,Chamoli-Gauge-1,1,0,0.0020089716950563107,0,LOW
2024-02-17 14:00:00,Kolkata-Gauge-1,2,1,0.9996600608077871,1,EXTREME
2024-02-17 14:00:00,Guwahati-Gauge-1,3,0,0.018188276781249655,0,LOW
2024-02-17 14:00:00,Sonapur-Gauge-1,4,0,0.0020089716950563107,0,LOW
2024-02-17 15:00:00,Chamoli-Gauge-1,1,0,0.0020089716950563107,0,LOW
2024-02-17 15:00:00,Kolkata-Gauge-1,2,1,0.9996600608077871,1,EXTREME
2024-02-17 15:00:00,Guwahati-Gauge-1,3,0,0.04759907637360376,0,LOW
2024-02-17 15:00:00,Sonapur-Gauge-1,4,0,0.0020089716950563107,0,LOW
2024-02-17 16:00:00,Chamoli-Gauge-1,1,0,0.0020089716950563107,0,LOW
2024-02-17 16:00:00,Kolkata-Gauge-1,2,1,0.9996600608077871,1,EXTREME
2024-02-17 16:00:00,Guwahati-Gauge-1,3,0,0.07404379484201584,0,LOW
2024-02-17 16:00:00,Sonapur-Gauge-1,4,0,0.0020089716950563107,0,LOW
2024-02-17 17:00:00,Chamoli-Gauge-1,1,0,0.0020089716950563107,0,LOW
2024-02-17 17:00:00,Kolkata-Gauge-1,2,1,0.9996600608077871,1,EXTREME
2024-02-17 17:00:00,Guwahati-Gauge-1,3,0,0.1682937085235663,0,LOW
2024-02-17 17:00:00,Sonapur-Gauge-1,4,0,0.0020089716950563107,0,LOW
2024-02-17 18:00:00,Chamoli-Gauge-1,1,0,0.0020089716950563107,0,LOW
2024-02-17 18:00:00,Kolkata-Gauge-1,2,1,0.9996600608077871,1,EXTREME
2024-02-17 18:00:00,Guwahati-Gauge-1,3,0,0.02664021576031934,0,LOW
2024-02-17 18:00:00,Sonapur-Gauge-1,4,0,0.0020089716950563107,0,LOW
2024-02-17 19:00:00,Chamoli-Gauge-1,1,0,0.0020089716950563107,0,LOW
2024-02-17 19:00:00,Kolkata-Gauge-1,2,1,0.9996600608077871,1,EXTREME
2024-02-17 19:00:00,Guwahati-Gauge-1,3,0,0.014509177100713887,0,LOW
2024-02-17 19:00:00,Sonapur-Gauge-1,4,0,0.0020089716950563107,0,LOW
2024-02-17 20:00:00,Chamoli-Gauge-1,1,0,0.0020089716950563107,0,LOW
2024-02-17 20:00:00,Kolkata-Gauge-1,2,1,0.9996600608077871,1,EXTREME
2024-02-17 20:00:00,Guwahati-Gauge-1,3,0,0.01463240857368935,0,LOW
2024-02-17 20:00:00,Sonapur-Gauge-1,4,0,0.0020089716950563107,0,LOW
2024-02-17 21:00:00,Chamoli-Gauge-1,1,0,0.0020089716950563107,0,LOW
2024-02-17 21:00:00,Kolkata-Gauge-1,2,1,0.999658111019003,1,EXTREME
2024-02-17 21:00:00,Guwahati-Gauge-1,3,0,0.009575950827317258,0,LOW
2024-02-17 21:00:00,Sonapur-Gauge-1,4,0,0.0020089716950563107,0,LOW
2024-02-17 22:00:00,Chamoli-Gauge-1,1,0,0.0020089716950563107,0,LOW
2024-02-17 22:00:00,Kolkata-Gauge-1,2,1,0.999658111019003,1,EXTREME
2024-02-17 22:00:00,Guwahati-Gauge-1,3,0,0.005813195006173511,0,LOW
2024-02-17 22:00:00,Sonapur-Gauge-1,4,0,0.0020089716950563107,0,LOW
2024-02-17 23:00:00,Chamoli-Gauge-1,1,0,0.0020089716950563107,0,LOW
2024-02-17 23:00:00,Kolkata-Gauge-1,2,1,0.999658111019003,1,EXTREME
2024-02-17 23:00:00,Guwahati-Gauge-1,3,0,0.004140487955608435,0,LOW
2024-02-17 23:00:00,Sonapur-Gauge-1,4,0,0.0020089716950563107,0,LOW
2024-02-18 00:00:00,Chamoli-Gauge-1,1,0,0.0020089716950563107,0,LOW
2024-02-18 00:00:00,Kolkata-Gauge-1,2,1,0.999658111019003,1,EXTREME
2024-02-18 00:00:00,Guwahati-Gauge-1,3,0,0.005224464113630106,0,LOW
2024-02-18 00:00:00,Sonapur-Gauge-1,4,0,0.0020089716950563107,0,LOW
2024-02-18 01:00:00,Chamoli-Gauge-1,1,0,0.0020089716950563107,0,LOW
2024-02-18 01:00:00,Kolkata-Gauge-1,2,1,0.999658111019003,1,EXTREME
2024-02-18 01:00:00,Guwahati-Gauge-1,3,0,0.010847817379799675,0,LOW
2024-02-18 01:00:00,Sonapur-Gauge-1,4,0,0.0020089716950563107,0,LOW
2024-02-18 02:00:00,Chamoli-Gauge-1,1,0,0.0020089716950563107,0,LOW
2024-02-18 02:00:00,Kolkata-Gauge-1,2,1,0.9996600608077871,1,EXTREME
2024-02-18 02:00:00,Guwahati-Gauge-1,3,0,0.007694994609317414,0,LOW
2024-02-18 02:00:00,Sonapur-Gauge-1,4,0,0.0020089716950563107,0,LOW
2024-02-18 03:00:00,Chamoli-Gauge-1,1,0,0.0020089716950563107,0,LOW
2024-02-18 03:00:00,Kolkata-Gauge-1,2,1,0.9996600608077871,1,EXTREME
2024-02-18 03:00:00,Guwahati-Gauge-1,3,0,0.009976039758101407,0,LOW
2024-02-18 03:00:00,Sonapur-Gauge-1,4,0,0.0020089716950563107,0,LOW
2024-02-18 04:00:00,Chamoli-Gauge-1,1,0,0.0020089716950563107,0,LOW
2024-02-18 04:00:00,Kolkata-Gauge-1,2,1,0.9996600608077871,1,EXTREME
2024-02-18 04:00:00,Guwahati-Gauge-1,3,0,0.021857236270751763,0,LOW
2024-02-18 04:00:00,Sonapur-Gauge-1,4,0,0.0020089716950563107,0,LOW
2024-02-18 05:00:00,Chamoli-Gauge-1,1,0,0.0020089716950563107,0,LOW
2024-02-18 05:00:00,Kolkata-Gauge-1,2,1,0.9996600608077871,1,EXTREME
2024-02-18 05:00:00,Guwahati-Gauge-1,3,0,0.04509946027624429,0,LOW
2024-02-18 05:00:00,Sonapur-Gauge-1,4,0,0.0020089716950563107,0,LOW
2024-02-18 06:00:00,Chamoli-Gauge-1,1,0,0.0020089716950563107,0,LOW
2024-02-18 06:00:00,Kolkata-Gauge-1,2,1,0.9996600608077871,1,EXTREME
2024-02-18 06:00:00,Guwahati-Gauge-1,3,1,0.9197221284292123,1,EXTREME
2024-02-18 06:00:00,Sonapur-Gauge-1,4,0,0.0020089716950563107,0,LOW
2024-02-18 07:00:00,Chamoli-Gauge-1,1,0,0.002071548633775303,0,LOW
2024-02-18 07:00:00,Kolkata-Gauge-1,2,1,0.9996600608077871,1,EXTREME
2024-02-18 07:00:00,Guwahati-Gauge-1,3,1,0.9985268610343025,1,EXTREME
2024-02-18 07:00:00,Sonapur-Gauge-1,4,0,0.0020089716950563107,0,LOW
2024-02-18 08:00:00,Chamoli-Gauge-1,1,0,0.0020089716950563107,0,LOW
2024-02-18 08:00:00,Kolkata-Gauge-1,2,1,0.9996600608077871,1,EXTREME
2024-02-18 08:00:00,Guwahati-Gauge-1,3,1,0.9995512698259958,1,EXTREME
2024-02-18 08:00:00,Sonapur-Gauge-1,4,0,0.0020089716950563107,0,LOW
2024-02-18 09:00:00,Chamoli-Gauge-1,1,0,0.0020089716950563107,0,LOW
2024-02-18 09:00:00,Kolkata-Gauge-1,2,1,0.9996593265342992,1,EXTREME
2024-02-18 09:00:00,Guwahati-Gauge-1,3,1,0.9996069030664779,1,EXTREME
2024-02-18 09:00:00,Sonapur-Gauge-1,4,0,0.0020089716950563107,0,LOW
2024-02-18 10:00:00,Chamoli-Gauge-1,1,0,0.0020089716950563107,0,LOW
2024-02-18 10:00:00,Kolkata-Gauge-1,2,1,0.9996593265342992,1,EXTREME
2024-02-18 10:00:00,Guwahati-Gauge-1,3,1,0.9996528738227393,1,EXTREME
2024-02-18 10:00:00,Sonapur-Gauge-1,4,0,0.0020089716950563107,0,LOW
2024-02-18 11:00:00,Chamoli-Gauge-1,1,0,0.0020089716950563107,0,LOW
2024-02-18 11:00:00,Kolkata-Gauge-1,2,1,0.9996593265342992,1,EXTREME
2024-02-18 11:00:00,Guwahati-Gauge-1,3,1,0.999651530045714,1,EXTREME
2024-02-18 11:00:00,Sonapur-Gauge-1,4,0,0.0020089716950563107,0,LOW
2024-02-18 12:00:00,Chamoli-Gauge-1,1,0,0.0020089716950563107,0,LOW
2024-02-18 12:00:00,Kolkata-Gauge-1,2,1,0.9996593265342992,1,EXTREME
2024-02-18 12:00:00,Guwahati-Gauge-1,3,1,0.9995299598687641,1,EXTREME
2024-02-18 12:00:00,Sonapur-Gauge-1,4,0,0.0020089716950563107,0,LOW
2024-02-18 13:00:00,Chamoli-Gauge-1,1,0,0.0020089716950563107,0,LOW
2024-02-18 13:00:00,Kolkata-Gauge-1,2,1,0.9996593265342992,1,EXTREME
2024-02-18 13:00:00,Guwahati-Gauge-1,3,1,0.9996135230454399,1,EXTREME
2024-02-18 13:00:00,Sonapur-Gauge-1,4,0,0.0020089716950563107,0,LOW
2024-02-18 14:00:00,Chamoli-Gauge-1,1,0,0.0020089716950563107,0,LOW
2024-02-18 14:00:00,Kolkata-Gauge-1,2,1,0.9996494158124033,1,EXTREME
2024-02-18 14:00:00,Guwahati-Gauge-1,3,1,0.999625404227717,1,EXTREME
2024-02-18 14:00:00,Sonapur-Gauge-1,4,0,0.0020089716950563107,0,LOW
2024-02-18 15:00:00,Chamoli-Gauge-1,1,0,0.0020089716950563107,0,LOW
2024-02-18 15:00:00,Kolkata-Gauge-1,2,1,0.9996593480416474,1,EXTREME
2024-02-18 15:00:00,Guwahati-Gauge-1,3,1,0.9996328893864419,1,EXTREME
2024-02-18 15:00:00,Sonapur-Gauge-1,4,0,0.0020089716950563107,0,LOW
2024-02-18 16:00:00,Chamoli-Gauge-1,1,0,0.0020089716950563107,0,LOW
2024-02-18 16:00:00,Kolkata-Gauge-1,2,1,0.9996600608077871,1,EXTREME
2024-02-18 16:00:00,Guwahati-Gauge-1,3,1,0.9995941936988098,1,EXTREME
2024-02-18 16:00:00,Sonapur-Gauge-1,4,0,0.0020089716950563107,0,LOW
2024-02-18 17:00:00,Chamoli-Gauge-1,1,0,0.0020089716950563107,0,LOW
2024-02-18 17:00:00,Kolkata-Gauge-1,2,1,0.9996593944545387,1,EXTREME
2024-02-18 17:00:00,Guwahati-Gauge-1,3,1,0.9995781454766028,1,EXTREME
2024-02-18 17:00:00,Sonapur-Gauge-1,4,0,0.0020089716950563107,0,LOW
2024-02-18 18:00:00,Chamoli-Gauge-1,1,0,0.0020089716950563107,0,LOW
2024-02-18 18:00:00,Kolkata-Gauge-1,2,1,0.9996593944545387,1,EXTREME
2024-02-18 18:00:00,Guwahati-Gauge-1,3,1,0.9995855285871549,1,EXTREME
2024-02-18 18:00:00,Sonapur-Gauge-1,4,0,0.0020089716950563107,0,LOW
2024-02-18 19:00:00,Chamoli-Gauge-1,1,0,0.0020089716950563107,0,LOW
2024-02-18 19:00:00,Kolkata-Gauge-1,2,1,0.9996600608077871,1,EXTREME
2024-02-18 19:00:00,Guwahati-Gauge-1,3,1,0.9996038489466391,1,EXTREME
2024-02-18 19:00:00,Sonapur-Gauge-1,4,0,0.0020089716950563107,0,LOW
2024-02-18 20:00:00,Chamoli-Gauge-1,1,0,0.0020089716950563107,0,LOW
2024-02-18 20:00:00,Kolkata-Gauge-1,2,1,0.9996600608077871,1,EXTREME
2024-02-18 20:00:00,Guwahati-Gauge-1,3,1,0.9996238818217494,1,EXTREME
2024-02-18 20:00:00,Sonapur-Gauge-1,4,0,0.0020089716950563107,0,LOW
2024-02-18 21:00:00,Chamoli-Gauge-1,1,0,0.0020089716950563107,0,LOW
2024-02-18 21:00:00,Kolkata-Gauge-1,2,1,0.9996600608077871,1,EXTREME
2024-02-18 21:00:00,Guwahati-Gauge-1,3,1,0.9996414753445937,1,EXTREME
2024-02-18 21:00:00,Sonapur-Gauge-1,4,0,0.0020089716950563107,0,LOW
2024-02-18 22:00:00,Chamoli-Gauge-1,1,0,0.0020089716950563107,0,LOW
2024-02-18 22:00:00,Kolkata-Gauge-1,2,1,0.9996600608077871,1,EXTREME
2024-02-18 22:00:00,Guwahati-Gauge-1,3,1,0.9996544006842136,1,EXTREME
2024-02-18 22:00:00,Sonapur-Gauge-1,4,0,0.0020089716950563107,0,LOW
2024-02-18 23:00:00,Chamoli-Gauge-1,1,0,0.0020591402504951273,0,LOW
2024-02-18 23:00:00,Kolkata-Gauge-1,2,1,0.9996600608077871,1,EXTREME
2024-02-18 23:00:00,Guwahati-Gauge-1,3,1,0.9996432543739746,1,EXTREME
2024-02-18 23:00:00,Sonapur-Gauge-1,4,0,0.0020089716950563107,0,LOW
2024-02-19 00:00:00,Chamoli-Gauge-1,1,0,0.0020089716950563107,0,LOW
2024-02-19 00:00:00,Kolkata-Gauge-1,2,1,0.9996600608077871,1,EXTREME
2024-02-19 00:00:00,Guwahati-Gauge-1,3,1,0.9996551164458316,1,EXTREME
2024-02-19 00:00:00,Sonapur-Gauge-1,4,0,0.0020089716950563107,0,LOW
2024-02-19 01:00:00,Chamoli-Gauge-1,1,0,0.0020089716950563107,0,LOW
2024-02-19 01:00:00,Kolkata-Gauge-1,2,1,0.9996600608077871,1,EXTREME
2024-02-19 01:00:00,Guwahati-Gauge-1,3,1,0.9996570378518449,1,EXTREME
2024-02-19 01:00:00,Sonapur-Gauge-1,4,0,0.0020089716950563107,0,LOW
2024-02-19 02:00:00,Chamoli-Gauge-1,1,0,0.002084270125867038,0,LOW
2024-02-19 02:00:00,Kolkata-Gauge-1,2,1,0.9996600608077871,1,EXTREME
2024-02-19 02:00:00,Guwahati-Gauge-1,3,1,0.9996540654790012,1,EXTREME
2024-02-19 02:00:00,Sonapur-Gauge-1,4,0,0.0020089716950563107,0,LOW
2024-02-19 03:00:00,Chamoli-Gauge-1,1,0,0.002060165565994363,0,LOW
2024-02-19 03:00:00,Kolkata-Gauge-1,2,1,0.9996600608077871,1,EXTREME
2024-02-19 03:00:00,Guwahati-Gauge-1,3,1,0.9996541423422685,1,EXTREME
2024-02-19 03:00:00,Sonapur-Gauge-1,4,0,0.0020089716950563107,0,LOW
2024-02-19 04:00:00,Chamoli-Gauge-1,1,0,0.0020089716950563107,0,LOW
2024-02-19 04:00:00,Kolkata-Gauge-1,2,1,0.9996600608077871,1,EXTREME
2024-02-19 04:00:00,Guwahati-Gauge-1,3,1,0.9996595870698318,1,EXTREME
2024-02-19 04:00:00,Sonapur-Gauge-1,4,0,0.0020089716950563107,0,LOW
2024-02-19 05:00:00,Chamoli-Gauge-1,1,0,0.0020089716950563107,0,LOW
2024-02-19 05:00:00,Kolkata-Gauge-1,2,1,0.9996600608077871,1,EXTREME
2024-02-19 05:00:00,Guwahati-Gauge-1,3,1,0.9996591578731024,1,EXTREME
2024-02-19 05:00:00,Sonapur-Gauge-1,4,0,0.0020089716950563107,0,LOW
2024-02-19 06:00:00,Chamoli-Gauge-1,1,0,0.0020089716950563107,0,LOW
2024-02-19 06:00:00,Kolkata-Gauge-1,2,1,0.9996600608077871,1,EXTREME
2024-02-19 06:00:00,Guwahati-Gauge-1,3,1,0.9996584737079505,1,EXTREME
2024-02-19 06:00:00,Sonapur-Gauge-1,4,0,0.0020089716950563107,0,LOW
2024-02-19 07:00:00,Chamoli-Gauge-1,1,0,0.0020089716950563107,0,LOW
2024-02-19 07:00:00,Kolkata-Gauge-1,2,1,0.9996536102215223,1,EXTREME
2024-02-19 07:00:00,Guwahati-Gauge-1,3,1,0.9996438770166944,1,EXTREME
2024-02-19 07:00:00,Sonapur-Gauge-1,4,0,0.0020089716950563107,0,LOW
2024-02-19 08:00:00,Chamoli-Gauge-1,1,0,0.0020089716950563107,0,LOW
2024-02-19 08:00:00,Kolkata-Gauge-1,2,1,0.9996439348908449,1,EXTREME
2024-02-19 08:00:00,Guwahati-Gauge-1,3,1,0.9996154974621959,1,EXTREME
2024-02-19 08:00:00,Sonapur-Gauge-1,4,0,0.0020089716950563107,0,LOW
2024-02-19 09:00:00,Chamoli-Gauge-1,1,0,0.0020089716950563107,0,LOW
2024-02-19 09:00:00,Kolkata-Gauge-1,2,1,0.9996581938916658,1,EXTREME
2024-02-19 09:00:00,Guwahati-Gauge-1,3,1,0.9996475677998053,1,EXTREME
2024-02-19 09:00:00,Sonapur-Gauge-1,4,0,0.0020089716950563107,0,LOW
2024-02-19 10:00:00,Chamoli-Gauge-1,1,0,0.0020089716950563107,0,LOW
2024-02-19 10:00:00,Kolkata-Gauge-1,2,1,0.9996600608077871,1,EXTREME
2024-02-19 10:00:00,Guwahati-Gauge-1,3,1,0.9996554404593329,1,EXTREME
2024-02-19 10:00:00,Sonapur-Gauge-1,4,0,0.0020089716950563107,0,LOW
2024-02-19 11:00:00,Chamoli-Gauge-1,1,0,0.0020089716950563107,0,LOW
2024-02-19 11:00:00,Kolkata-Gauge-1,2,1,0.9996600608077871,1,EXTREME
2024-02-19 11:00:00,Guwahati-Gauge-1,3,1,0.9996500384774178,1,EXTREME
2024-02-19 11:00:00,Sonapur-Gauge-1,4,0,0.0020089716950563107,0,LOW
2024-02-19 12:00:00,Chamoli-Gauge-1,1,0,0.0020089716950563107,0,LOW
2024-02-19 12:00:00,Kolkata-Gauge-1,2,1,0.9996600608077871,1,EXTREME
2024-02-19 12:00:00,Guwahati-Gauge-1,3,1,0.999495452730387,1,EXTREME
2024-02-19 12:00:00,Sonapur-Gauge-1,4,0,0.0020089716950563107,0,LOW
2024-02-19 13:00:00,Chamoli-Gauge-1,1,0,0.0020089716950563107,0,LOW
2024-02-19 13:00:00,Kolkata-Gauge-1,2,1,0.9996600608077871,1,EXTREME
2024-02-19 13:00:00,Guwahati-Gauge-1,3,1,0.9995388658892547,1,EXTREME
2024-02-19 13:00:00,Sonapur-Gauge-1,4,0,0.0020089716950563107,0,LOW
2024-02-19 14:00:00,Chamoli-Gauge-1,1,0,0.0020089716950563107,0,LOW
2024-02-19 14:00:00,Kolkata-Gauge-1,2,1,0.9996595631385732,1,EXTREME
2024-02-19 14:00:00,Guwahati-Gauge-1,3,1,0.999383396838914,1,EXTREME
2024-02-19 14:00:00,Sonapur-Gauge-1,4,0,0.0020089716950563107,0,LOW
2024-02-19 15:00:00,Chamoli-Gauge-1,1,0,0.0020089716950563107,0,LOW
2024-02-19 15:00:00,Kolkata-Gauge-1,2,1,0.9996447364097922,1,EXTREME
2024-02-19 15:00:00,Guwahati-Gauge-1,3,1,0.9971740163446771,1,EXTREME
2024-02-19 15:00:00,Sonapur-Gauge-1,4,0,0.0020089716950563107,0,LOW
2024-02-19 16:00:00,Chamoli-Gauge-1,1,0,0.0020089716950563107,0,LOW
2024-02-19 16:00:00,Kolkata-Gauge-1,2,1,0.9996563153360635,1,EXTREME
2024-02-19 16:00:00,Guwahati-Gauge-1,3,0,0.8013994407072212,1,EXTREME
2024-02-19 16:00:00,Sonapur-Gauge-1,4,0,0.0020089716950563107,0,LOW
2024-02-19 17:00:00,Chamoli-Gauge-1,1,0,0.0020089716950563107,0,LOW
2024-02-19 17:00:00,Kolkata-Gauge-1,2,1,0.9996560640303785,1,EXTREME
2024-02-19 17:00:00,Guwahati-Gauge-1,3,0,0.42085338299382635,0,MODERATE
2024-02-19 17:00:00,Sonapur-Gauge-1,4,0,0.0020089716950563107,0,LOW
2024-02-19 18:00:00,Chamoli-Gauge-1,1,0,0.0020089716950563107,0,LOW
2024-02-19 18:00:00,Kolkata-Gauge-1,2,1,0.9996568197821702,1,EXTREME
2024-02-19 18:00:00,Guwahati-Gauge-1,3,1,0.8452717790300485,1,EXTREME
2024-02-19 18:00:00,Sonapur-Gauge-1,4,0,0.0020089716950563107,0,LOW
2024-02-19 19:00:00,Chamoli-Gauge-1,1,0,0.0020089716950563107,0,LOW
2024-02-19 19:00:00,Kolkata-Gauge-1,2,1,0.9996542697803095,1,EXTREME
2024-02-19 19:00:00,Guwahati-Gauge-1,3,1,0.9983163387746087,1,EXTREME
2024-02-19 19:00:00,Sonapur-Gauge-1,4,0,0.0020089716950563107,0,LOW
2024-02-19 20:00:00,Chamoli-Gauge-1,1,0,0.0020089716950563107,0,LOW
2024-02-19 20:00:00,Kolkata-Gauge-1,2,1,0.9996531522735213,1,EXTREME
2024-02-19 20:00:00,Guwahati-Gauge-1,3,1,0.9994900165690586,1,EXTREME
2024-02-19 20:00:00,Sonapur-Gauge-1,4,0,0.0020089716950563107,0,LOW
2024-02-19 21:00:00,Chamoli-Gauge-1,1,0,0.0020089716950563107,0,LOW
2024-02-19 21:00:00,Kolkata-Gauge-1,2,1,0.9996431162171662,1,EXTREME
2024-02-19 21:00:00,Guwahati-Gauge-1,3,1,0.9993345255567014,1,EXTREME
2024-02-19 21:00:00,Sonapur-Gauge-1,4,0,0.0020089716950563107,0,LOW
2024-02-19 22:00:00,Chamoli-Gauge-1,1,0,0.0020089716950563107,0,LOW
2024-02-19 22:00:00,Kolkata-Gauge-1,2,1,0.9996600608077871,1,EXTREME
2024-02-19 22:00:00,Guwahati-Gauge-1,3,1,0.9995169916861073,1,EXTREME
2024-02-19 22:00:00,Sonapur-Gauge-1,4,0,0.0020089716950563107,0,LOW
2024-02-19 23:00:00,Chamoli-Gauge-1,1,0,0.0021427072829231972,0,LOW
2024-02-19 23:00:00,Kolkata-Gauge-1,2,1,0.9996515315994374,1,EXTREME
2024-02-19 23:00:00,Guwahati-Gauge-1,3,1,0.9995498828643393,1,EXTREME
2024-02-19 23:00:00,Sonapur-Gauge-1,4,0,0.0020089716950563107,0,LOW
2024-02-20 00:00:00,Chamoli-Gauge-1,1,0,0.0020089716950563107,0,LOW
2024-02-20 00:00:00,Kolkata-Gauge-1,2,1,0.9996574793839974,1,EXTREME
2024-02-20 00:00:00,Guwahati-Gauge-1,3,1,0.9993673868860339,1,EXTREME
2024-02-20 00:00:00,Sonapur-Gauge-1,4,0,0.0020089716950563107,0,LOW
2024-02-20 01:00:00,Chamoli-Gauge-1,1,0,0.0020089716950563107,0,LOW
2024-02-20 01:00:00,Kolkata-Gauge-1,2,1,0.9996139671174195,1,EXTREME
2024-02-20 01:00:00,Guwahati-Gauge-1,3,1,0.9994500121967244,1,EXTREME
2024-02-20 01:00:00,Sonapur-Gauge-1,4,0,0.0020089716950563107,0,LOW
2024-02-20 02:00:00,Chamoli-Gauge-1,1,0,0.0020089716950563107,0,LOW
2024-02-20 02:00:00,Kolkata-Gauge-1,2,1,0.9996022246803639,1,EXTREME
2024-02-20 02:00:00,Guwahati-Gauge-1,3,1,0.9991892318798681,1,EXTREME
2024-02-20 02:00:00,Sonapur-Gauge-1,4,0,0.0020089716950563107,0,LOW
2024-02-20 03:00:00,Chamoli-Gauge-1,1,0,0.0020089716950563107,0,LOW
2024-02-20 03:00:00,Kolkata-Gauge-1,2,1,0.9995883451208932,1,EXTREME
2024-02-20 03:00:00,Guwahati-Gauge-1,3,0,0.9669690076893416,1,EXTREME
2024-02-20 03:00:00,Sonapur-Gauge-1,4,0,0.0020089716950563107,0,LOW
2024-02-20 04:00:00,Chamoli-Gauge-1,1,0,0.0020089716950563107,0,LOW
2024-02-20 04:00:00,Kolkata-Gauge-1,2,1,0.99959297798261,1,EXTREME
2024-02-20 04:00:00,Guwahati-Gauge-1,3,0,0.4214287267386443,0,MODERATE
2024-02-20 04:00:00,Sonapur-Gauge-1,4,0,0.0020089716950563107,0,LOW
2024-02-20 05:00:00,Chamoli-Gauge-1,1,0,0.0020089716950563107,0,LOW
2024-02-20 05:00:00,Kolkata-Gauge-1,2,1,0.9995773117328474,1,EXTREME
2024-02-20 05:00:00,Guwahati-Gauge-1,3,0,0.06501056505865123,0,LOW
2024-02-20 05:00:00,Sonapur-Gauge-1,4,0,0.0020089716950563107,0,LOW
2024-02-20 06:00:00,Chamoli-Gauge-1,1,0,0.0020089716950563107,0,LOW
2024-02-20 06:00:00,Kolkata-Gauge-1,2,1,0.9996416431543187,1,EXTREME
2024-02-20 06:00:00,Guwahati-Gauge-1,3,0,0.03558311084382593,0,LOW
2024-02-20 06:00:00,Sonapur-Gauge-1,4,0,0.0020089716950563107,0,LOW
2024-02-20 07:00:00,Chamoli-Gauge-1,1,0,0.0020089716950563107,0,LOW
2024-02-20 07:00:00,Kolkata-Gauge-1,2,1,0.9996520471579806,1,EXTREME
2024-02-20 07:00:00,Guwahati-Gauge-1,3,0,0.013620399912123179,0,LOW
2024-02-20 07:00:00,Sonapur-Gauge-1,4,0,0.0020089716950563107,0,LOW
2024-02-20 08:00:00,Chamoli-Gauge-1,1,0,0.0020089716950563107,0,LOW
2024-02-20 08:00:00,Kolkata-Gauge-1,2,1,0.9996574780989004,1,EXTREME
2024-02-20 08:00:00,Guwahati-Gauge-1,3,0,0.006826615288215887,0,LOW
2024-02-20 08:00:00,Sonapur-Gauge-1,4,0,0.0020089716950563107,0,LOW
2024-02-20 09:00:00,Chamoli-Gauge-1,1,0,0.0020089716950563107,0,LOW
2024-02-20 09:00:00,Kolkata-Gauge-1,2,1,0.9996539109709507,1,EXTREME
2024-02-20 09:00:00,Guwahati-Gauge-1,3,0,0.0036216706317767043,0,LOW
2024-02-20 09:00:00,Sonapur-Gauge-1,4,0,0.0020089716950563107,0,LOW
2024-02-20 10:00:00,Chamoli-Gauge-1,1,0,0.0020089716950563107,0,LOW
2024-02-20 10:00:00,Kolkata-Gauge-1,2,1,0.9995914173388414,1,EXTREME
2024-02-20 10:00:00,Guwahati-Gauge-1,3,0,0.003226401599518528,0,LOW
2024-02-20 10:00:00,Sonapur-Gauge-1,4,0,0.0020089716950563107,0,LOW
2024-02-20 11:00:00,Chamoli-Gauge-1,1,0,0.0020089716950563107,0,LOW
2024-02-20 11:00:00,Kolkata-Gauge-1,2,1,0.999658203691678,1,EXTREME
2024-02-20 11:00:00,Guwahati-Gauge-1,3,0,0.002301551801968758,0,LOW
2024-02-20 11:00:00,Sonapur-Gauge-1,4,0,0.0020089716950563107,0,LOW
2024-02-20 12:00:00,Chamoli-Gauge-1,1,0,0.0020089716950563107,0,LOW
2024-02-20 12:00:00,Kolkata-Gauge-1,2,1,0.9996593480416474,1,EXTREME
2024-02-20 12:00:00,Guwahati-Gauge-1,3,0,0.002347394802800957,0,LOW
2024-02-20 12:00:00,Sonapur-Gauge-1,4,0,0.0020089716950563107,0,LOW
2024-02-20 13:00:00,Chamoli-Gauge-1,1,0,0.0020089716950563107,0,LOW
2024-02-20 13:00:00,Kolkata-Gauge-1,2,1,0.9996587823696902,1,EXTREME
2024-02-20 13:00:00,Guwahati-Gauge-1,3,0,0.004622584967195064,0,LOW
2024-02-20 13:00:00,Sonapur-Gauge-1,4,0,0.0020089716950563107,0,LOW
2024-02-20 14:00:00,Chamoli-Gauge-1,1,0,0.0020089716950563107,0,LOW
2024-02-20 14:00:00,Kolkata-Gauge-1,2,1,0.9996579302267996,1,EXTREME
2024-02-20 14:00:00,Guwahati-Gauge-1,3,0,0.003387207760573797,0,LOW
2024-02-20 14:00:00,Sonapur-Gauge-1,4,0,0.0020089716950563107,0,LOW
2024-02-20 15:00:00,Chamoli-Gauge-1,1,0,0.0020089716950563107,0,LOW
2024-02-20 15:00:00,Kolkata-Gauge-1,2,1,0.9996600608077871,1,EXTREME
2024-02-20 15:00:00,Guwahati-Gauge-1,3,0,0.002484218864773724,0,LOW
2024-02-20 15:00:00,Sonapur-Gauge-1,4,0,0.0020089716950563107,0,LOW
2024-02-20 16:00:00,Chamoli-Gauge-1,1,0,0.0020089716950563107,0,LOW
2024-02-20 16:00:00,Kolkata-Gauge-1,2,1,0.9996555168451801,1,EXTREME
2024-02-20 16:00:00,Guwahati-Gauge-1,3,0,0.0021431143575760684,0,LOW
2024-02-20 16:00:00,Sonapur-Gauge-1,4,0,0.0020640967733560247,0,LOW
2024-02-20 17:00:00,Chamoli-Gauge-1,1,0,0.0020089716950563107,0,LOW
2024-02-20 17:00:00,Kolkata-Gauge-1,2,1,0.9996555481187372,1,EXTREME
2024-02-20 17:00:00,Guwahati-Gauge-1,3,0,0.002225705544086989,0,LOW
2024-02-20 17:00:00,Sonapur-Gauge-1,4,0,0.0020089716950563107,0,LOW
2024-02-20 18:00:00,Chamoli-Gauge-1,1,0,0.0020089716950563107,0,LOW
2024-02-20 18:00:00,Kolkata-Gauge-1,2,1,0.9996555481187372,1,EXTREME
2024-02-20 18:00:00,Guwahati-Gauge-1,3,0,0.002199899730138206,0,LOW
2024-02-20 18:00:00,Sonapur-Gauge-1,4,0,0.0020089716950563107,0,LOW
2024-02-20 19:00:00,Chamoli-Gauge-1,1,0,0.0020089716950563107,0,LOW
2024-02-20 19:00:00,Kolkata-Gauge-1,2,1,0.9996590541583927,1,EXTREME
2024-02-20 19:00:00,Guwahati-Gauge-1,3,0,0.002407081015225127,0,LOW
2024-02-20 19:00:00,Sonapur-Gauge-1,4,0,0.0026237308167441605,0,LOW
2024-02-20 20:00:00,Chamoli-Gauge-1,1,0,0.0020089716950563107,0,LOW
2024-02-20 20:00:00,Kolkata-Gauge-1,2,1,0.9996595459265005,1,EXTREME
2024-02-20 20:00:00,Guwahati-Gauge-1,3,0,0.0020089716950563107,0,LOW
2024-02-20 20:00:00,Sonapur-Gauge-1,4,0,0.0026395424914661333,0,LOW
2024-02-20 21:00:00,Chamoli-Gauge-1,1,0,0.0020089716950563107,0,LOW
2024-02-20 21:00:00,Kolkata-Gauge-1,2,1,0.9996594987601923,1,EXTREME
2024-02-20 21:00:00,Guwahati-Gauge-1,3,0,0.0020089716950563107,0,LOW
2024-02-20 21:00:00,Sonapur-Gauge-1,4,0,0.0020089716950563107,0,LOW
2024-02-20 22:00:00,Chamoli-Gauge-1,1,0,0.0020089716950563107,0,LOW
2024-02-20 22:00:00,Kolkata-Gauge-1,2,1,0.9996600608077871,1,EXTREME
2024-02-20 22:00:00,Guwahati-Gauge-1,3,0,0.0020089716950563107,0,LOW
2024-02-20 22:00:00,Sonapur-Gauge-1,4,0,0.0020089716950563107,0,LOW
2024-02-20 23:00:00,Chamoli-Gauge-1,1,0,0.0020089716950563107,0,LOW
2024-02-20 23:00:00,Kolkata-Gauge-1,2,1,0.9996394268179918,1,EXTREME
2024-02-20 23:00:00,Guwahati-Gauge-1,3,0,0.0020089716950563107,0,LOW
2024-02-20 23:00:00,Sonapur-Gauge-1,4,0,0.0020089716950563107,0,LOW
2024-02-21 00:00:00,Chamoli-Gauge-1,1,0,0.0020089716950563107,0,LOW
2024-02-21 00:00:00,Kolkata-Gauge-1,2,1,0.9996088424030642,1,EXTREME
2024-02-21 00:00:00,Guwahati-Gauge-1,3,0,0.0020089716950563107,0,LOW
2024-02-21 00:00:00,Sonapur-Gauge-1,4,0,0.0020089716950563107,0,LOW
2024-02-21 01:00:00,Chamoli-Gauge-1,1,0,0.0020089716950563107,0,LOW
2024-02-21 01:00:00,Kolkata-Gauge-1,2,1,0.9995998571999711,1,EXTREME
2024-02-21 01:00:00,Guwahati-Gauge-1,3,0,0.0020648821500696486,0,LOW
2024-02-21 01:00:00,Sonapur-Gauge-1,4,0,0.0020089716950563107,0,LOW
2024-02-21 02:00:00,Chamoli-Gauge-1,1,0,0.0020089716950563107,0,LOW
2024-02-21 02:00:00,Kolkata-Gauge-1,2,1,0.9996119797304478,1,EXTREME
2024-02-21 02:00:00,Guwahati-Gauge-1,3,0,0.0020648821500696486,0,LOW
2024-02-21 02:00:00,Sonapur-Gauge-1,4,0,0.0020089716950563107,0,LOW
2024-02-21 03:00:00,Chamoli-Gauge-1,1,0,0.0020089716950563107,0,LOW
2024-02-21 03:00:00,Kolkata-Gauge-1,2,1,0.9995537197946809,1,EXTREME
2024-02-21 03:00:00,Guwahati-Gauge-1,3,0,0.0020648821500696486,0,LOW
2024-02-21 03:00:00,Sonapur-Gauge-1,4,0,0.0020089716950563107,0,LOW
2024-02-21 04:00:00,Chamoli-Gauge-1,1,0,0.0020089716950563107,0,LOW
2024-02-21 04:00:00,Kolkata-Gauge-1,2,1,0.9995651421100532,1,EXTREME
2024-02-21 04:00:00,Guwahati-Gauge-1,3,0,0.002140614859472918,0,LOW
2024-02-21 04:00:00,Sonapur-Gauge-1,4,0,0.0020089716950563107,0,LOW
2024-02-21 05:00:00,Chamoli-Gauge-1,1,0,0.0020089716950563107,0,LOW
2024-02-21 05:00:00,Kolkata-Gauge-1,2,1,0.9995630705944297,1,EXTREME
2024-02-21 05:00:00,Guwahati-Gauge-1,3,0,0.0020089716950563107,0,LOW
2024-02-21 05:00:00,Sonapur-Gauge-1,4,0,0.0020089716950563107,0,LOW
2024-02-21 06:00:00,Chamoli-Gauge-1,1,0,0.0020089716950563107,0,LOW
2024-02-21 06:00:00,Kolkata-Gauge-1,2,1,0.9995972774936913,1,EXTREME
2024-02-21 06:00:00,Guwahati-Gauge-1,3,0,0.0020089716950563107,0,LOW
2024-02-21 06:00:00,Sonapur-Gauge-1,4,0,0.0020089716950563107,0,LOW
2024-02-21 07:00:00,Chamoli-Gauge-1,1,0,0.0020089716950563107,0,LOW
2024-02-21 07:00:00,Kolkata-Gauge-1,2,1,0.9994996674611842,1,EXTREME
2024-02-21 07:00:00,Guwahati-Gauge-1,3,0,0.0020089716950563107,0,LOW
2024-02-21 07:00:00,Sonapur-Gauge-1,4,0,0.0020089716950563107,0,LOW
2024-02-21 08:00:00,Chamoli-Gauge-1,1,0,0.0020089716950563107,0,LOW
2024-02-21 08:00:00,Kolkata-Gauge-1,2,1,0.9995668608323677,1,EXTREME
2024-02-21 08:00:00,Guwahati-Gauge-1,3,0,0.0020089716950563107,0,LOW
2024-02-21 08:00:00,Sonapur-Gauge-1,4,0,0.0020089716950563107,0,LOW
2024-02-21 09:00:00,Chamoli-Gauge-1,1,0,0.0020089716950563107,0,LOW
2024-02-21 09:00:00,Kolkata-Gauge-1,2,1,0.9994532942534012,1,EXTREME
2024-02-21 09:00:00,Guwahati-Gauge-1,3,0,0.0020089716950563107,0,LOW
2024-02-21 09:00:00,Sonapur-Gauge-1,4,0,0.0020089716950563107,0,LOW
2024-02-21 10:00:00,Chamoli-Gauge-1,1,0,0.0020089716950563107,0,LOW
2024-02-21 10:00:00,Kolkata-Gauge-1,2,1,0.9994579260536018,1,EXTREME
2024-02-21 10:00:00,Guwahati-Gauge-1,3,0,0.0020089716950563107,0,LOW
2024-02-21 10:00:00,Sonapur-Gauge-1,4,0,0.0020089716950563107,0,LOW
2024-02-21 11:00:00,Chamoli-Gauge-1,1,0,0.0020089716950563107,0,LOW
2024-02-21 11:00:00,Kolkata-Gauge-1,2,1,0.9992361440396128,1,EXTREME
2024-02-21 11:00:00,Guwahati-Gauge-1,3,0,0.0020089716950563107,0,LOW
2024-02-21 11:00:00,Sonapur-Gauge-1,4,0,0.0020089716950563107,0,LOW
2024-02-21 12:00:00,Chamoli-Gauge-1,1,0,0.0020089716950563107,0,LOW
2024-02-21 12:00:00,Kolkata-Gauge-1,2,1,0.9991560408972219,1,EXTREME
2024-02-21 12:00:00,Guwahati-Gauge-1,3,0,0.0020089716950563107,0,LOW
2024-02-21 12:00:00,Sonapur-Gauge-1,4,0,0.0020089716950563107,0,LOW
2024-02-21 13:00:00,Chamoli-Gauge-1,1,0,0.0020089716950563107,0,LOW
2024-02-21 13:00:00,Kolkata-Gauge-1,2,1,0.9988431074182145,1,EXTREME
2024-02-21 13:00:00,Guwahati-Gauge-1,3,0,0.0020089716950563107,0,LOW
2024-02-21 13:00:00,Sonapur-Gauge-1,4,0,0.0020089716950563107,0,LOW
2024-02-21 14:00:00,Chamoli-Gauge-1,1,0,0.0020089716950563107,0,LOW
2024-02-21 14:00:00,Kolkata-Gauge-1,2,1,0.9698614162857268,1,EXTREME
2024-02-21 14:00:00,Guwahati-Gauge-1,3,0,0.0020089716950563107,0,LOW
2024-02-21 14:00:00,Sonapur-Gauge-1,4,0,0.0020089716950563107,0,LOW
2024-02-21 15:00:00,Chamoli-Gauge-1,1,0,0.0020089716950563107,0,LOW
2024-02-21 15:00:00,Kolkata-Gauge-1,2,0,0.005980620220221765,0,LOW
2024-02-21 15:00:00,Guwahati-Gauge-1,3,0,0.0020089716950563107,0,LOW
2024-02-21 15:00:00,Sonapur-Gauge-1,4,0,0.0020089716950563107,0,LOW
2024-02-21 16:00:00,Chamoli-Gauge-1,1,0,0.0020089716950563107,0,LOW
2024-02-21 16:00:00,Kolkata-Gauge-1,2,0,0.003555708224467559,0,LOW
2024-02-21 16:00:00,Guwahati-Gauge-1,3,0,0.0020089716950563107,0,LOW
2024-02-21 16:00:00,Sonapur-Gauge-1,4,0,0.0020089716950563107,0,LOW
2024-02-21 17:00:00,Chamoli-Gauge-1,1,0,0.0020089716950563107,0,LOW
2024-02-21 17:00:00,Kolkata-Gauge-1,2,0,0.0021768050399336597,0,LOW
2024-02-21 17:00:00,Guwahati-Gauge-1,3,0,0.0020089716950563107,0,LOW
2024-02-21 17:00:00,Sonapur-Gauge-1,4,0,0.0020089716950563107,0,LOW
2024-02-21 18:00:00,Chamoli-Gauge-1,1,0,0.0020089716950563107,0,LOW
2024-02-21 18:00:00,Kolkata-Gauge-1,2,0,0.0023147763290600923,0,LOW
2024-02-21 18:00:00,Guwahati-Gauge-1,3,0,0.0020089716950563107,0,LOW
2024-02-21 18:00:00,Sonapur-Gauge-1,4,0,0.0020089716950563107,0,LOW
2024-02-21 19:00:00,Chamoli-Gauge-1,1,0,0.0020089716950563107,0,LOW
2024-02-21 19:00:00,Kolkata-Gauge-1,2,0,0.002151273600820887,0,LOW
2024-02-21 19:00:00,Guwahati-Gauge-1,3,0,0.0020089716950563107,0,LOW
2024-02-21 19:00:00,Sonapur-Gauge-1,4,0,0.0020089716950563107,0,LOW
2024-02-21 20:00:00,Chamoli-Gauge-1,1,0,0.0020089716950563107,0,LOW
2024-02-21 20:00:00,Kolkata-Gauge-1,2,0,0.002065159169959548,0,LOW
2024-02-21 20:00:00,Guwahati-Gauge-1,3,0,0.0020089716950563107,0,LOW
2024-02-21 20:00:00,Sonapur-Gauge-1,4,0,0.0020089716950563107,0,LOW
2024-02-21 21:00:00,Chamoli-Gauge-1,1,0,0.0020089716950563107,0,LOW
2024-02-21 21:00:00,Kolkata-Gauge-1,2,0,0.0026511046871612112,0,LOW
2024-02-21 21:00:00,Guwahati-Gauge-1,3,0,0.0020089716950563107,0,LOW
2024-02-21 21:00:00,Sonapur-Gauge-1,4,0,0.0020089716950563107,0,LOW
2024-02-21 22:00:00,Chamoli-Gauge-1,1,0,0.0020089716950563107,0,LOW
2024-02-21 22:00:00,Kolkata-Gauge-1,2,0,0.007332658828493376,0,LOW
2024-02-21 22:00:00,Guwahati-Gauge-1,3,0,0.0020089716950563107,0,LOW
2024-02-21 22:00:00,Sonapur-Gauge-1,4,0,0.0020089716950563107,0,LOW
2024-02-21 23:00:00,Chamoli-Gauge-1,1,0,0.0020089716950563107,0,LOW
2024-02-21 23:00:00,Kolkata-Gauge-1,2,0,0.011313918645684689,0,LOW
2024-02-21 23:00:00,Guwahati-Gauge-1,3,0,0.0021165428979418996,0,LOW
2024-02-21 23:00:00,Sonapur-Gauge-1,4,0,0.0020089716950563107,0,LOW
2024-02-22 00:00:00,Chamoli-Gauge-1,1,0,0.0020089716950563107,0,LOW
2024-02-22 00:00:00,Kolkata-Gauge-1,2,1,0.6149185612979493,0,HIGH
2024-02-22 00:00:00,Guwahati-Gauge-1,3,0,0.002133827201248319,0,LOW
2024-02-22 00:00:00,Sonapur-Gauge-1,4,0,0.0020089716950563107,0,LOW
2024-02-22 01:00:00,Chamoli-Gauge-1,1,0,0.0020089716950563107,0,LOW
2024-02-22 01:00:00,Kolkata-Gauge-1,2,1,0.9994655654941633,1,EXTREME
2024-02-22 01:00:00,Guwahati-Gauge-1,3,0,0.0020725268360863663,0,LOW
2024-02-22 01:00:00,Sonapur-Gauge-1,4,0,0.0020089716950563107,0,LOW
2024-02-22 02:00:00,Chamoli-Gauge-1,1,0,0.0020089716950563107,0,LOW
2024-02-22 02:00:00,Kolkata-Gauge-1,2,1,0.999548749923225,1,EXTREME
2024-02-22 02:00:00,Guwahati-Gauge-1,3,0,0.0031066969185188,0,LOW
2024-02-22 02:00:00,Sonapur-Gauge-1,4,0,0.0020089716950563107,0,LOW
2024-02-22 03:00:00,Chamoli-Gauge-1,1,0,0.0020089716950563107,0,LOW
2024-02-22 03:00:00,Kolkata-Gauge-1,2,1,0.9996082288828136,1,EXTREME
2024-02-22 03:00:00,Guwahati-Gauge-1,3,0,0.0022492012586390175,0,LOW
2024-02-22 03:00:00,Sonapur-Gauge-1,4,0,0.0020089716950563107,0,LOW
2024-02-22 04:00:00,Chamoli-Gauge-1,1,0,0.0020089716950563107,0,LOW
2024-02-22 04:00:00,Kolkata-Gauge-1,2,1,0.9996354301130604,1,EXTREME
2024-02-22 04:00:00,Guwahati-Gauge-1,3,0,0.002123882799648744,0,LOW
2024-02-22 04:00:00,Sonapur-Gauge-1,4,0,0.0020089716950563107,0,LOW
2024-02-22 05:00:00,Chamoli-Gauge-1,1,0,0.0020089716950563107,0,LOW
2024-02-22 05:00:00,Kolkata-Gauge-1,2,1,0.9996590740216929,1,EXTREME
2024-02-22 05:00:00,Guwahati-Gauge-1,3,0,0.0020717803258288522,0,LOW
2024-02-22 05:00:00,Sonapur-Gauge-1,4,0,0.0020089716950563107,0,LOW
2024-02-22 06:00:00,Chamoli-Gauge-1,1,0,0.0020089716950563107,0,LOW
2024-02-22 06:00:00,Kolkata-Gauge-1,2,1,0.9996590740216929,1,EXTREME
2024-02-22 06:00:00,Guwahati-Gauge-1,3,0,0.0020089716950563107,0,LOW
2024-02-22 06:00:00,Sonapur-Gauge-1,4,0,0.0020089716950563107,0,LOW
2024-02-22 07:00:00,Chamoli-Gauge-1,1,0,0.0020089716950563107,0,LOW
2024-02-22 07:00:00,Kolkata-Gauge-1,2,1,0.9996590228344101,1,EXTREME
2024-02-22 07:00:00,Guwahati-Gauge-1,3,0,0.0020089716950563107,0,LOW
2024-02-22 07:00:00,Sonapur-Gauge-1,4,0,0.0020089716950563107,0,LOW
2024-02-22 08:00:00,Chamoli-Gauge-1,1,0,0.0020089716950563107,0,LOW
2024-02-22 08:00:00,Kolkata-Gauge-1,2,1,0.9996595285969498,1,EXTREME
2024-02-22 08:00:00,Guwahati-Gauge-1,3,0,0.0020089716950563107,0,LOW
2024-02-22 08:00:00,Sonapur-Gauge-1,4,0,0.0020089716950563107,0,LOW
2024-02-22 09:00:00,Chamoli-Gauge-1,1,0,0.0020089716950563107,0,LOW
2024-02-22 09:00:00,Kolkata-Gauge-1,2,1,0.9996587823696902,1,EXTREME
2024-02-22 09:00:00,Guwahati-Gauge-1,3,0,0.0020089716950563107,0,LOW
2024-02-22 09:00:00,Sonapur-Gauge-1,4,0,0.0020089716950563107,0,LOW
2024-02-22 10:00:00,Chamoli-Gauge-1,1,0,0.0020089716950563107,0,LOW
2024-02-22 10:00:00,Kolkata-Gauge-1,2,1,0.9996600608077871,1,EXTREME
2024-02-22 10:00:00,Guwahati-Gauge-1,3,0,0.0021247030456970563,0,LOW
2024-02-22 10:00:00,Sonapur-Gauge-1,4,0,0.0020089716950563107,0,LOW
2024-02-22 11:00:00,Chamoli-Gauge-1,1,0,0.0020089716950563107,0,LOW
2024-02-22 11:00:00,Kolkata-Gauge-1,2,1,0.9996589808581893,1,EXTREME
2024-02-22 11:00:00,Guwahati-Gauge-1,3,0,0.0020642964601818585,0,LOW
2024-02-22 11:00:00,Sonapur-Gauge-1,4,0,0.0020089716950563107,0,LOW
2024-02-22 12:00:00,Chamoli-Gauge-1,1,0,0.0020089716950563107,0,LOW
2024-02-22 12:00:00,Kolkata-Gauge-1,2,1,0.999659050368733,1,EXTREME
2024-02-22 12:00:00,Guwahati-Gauge-1,3,0,0.0020089716950563107,0,LOW
2024-02-22 12:00:00,Sonapur-Gauge-1,4,0,0.0020089716950563107,0,LOW
2024-02-22 13:00:00,Chamoli-Gauge-1,1,0,0.0020089716950563107,0,LOW
2024-02-22 13:00:00,Kolkata-Gauge-1,2,1,0.9996600608077871,1,EXTREME
2024-02-22 13:00:00,Guwahati-Gauge-1,3,0,0.0021332406078660624,0,LOW
2024-02-22 13:00:00,Sonapur-Gauge-1,4,0,0.0020089716950563107,0,LOW
2024-02-22 14:00:00,Chamoli-Gauge-1,1,0,0.0020089716950563107,0,LOW
2024-02-22 14:00:00,Kolkata-Gauge-1,2,1,0.9996600608077871,1,EXTREME
2024-02-22 14:00:00,Guwahati-Gauge-1,3,0,0.0020763923434636055,0,LOW
2024-02-22 14:00:00,Sonapur-Gauge-1,4,0,0.0020089716950563107,0,LOW
2024-02-22 15:00:00,Chamoli-Gauge-1,1,0,0.0020089716950563107,0,LOW
2024-02-22 15:00:00,Kolkata-Gauge-1,2,1,0.9996600608077871,1,EXTREME
2024-02-22 15:00:00,Guwahati-Gauge-1,3,0,0.002060165565994363,0,LOW
2024-02-22 15:00:00,Sonapur-Gauge-1,4,0,0.0020089716950563107,0,LOW
2024-02-22 16:00:00,Chamoli-Gauge-1,1,0,0.0020089716950563107,0,LOW
2024-02-22 16:00:00,Kolkata-Gauge-1,2,1,0.9996600608077871,1,EXTREME
2024-02-22 16:00:00,Guwahati-Gauge-1,3,0,0.0020089716950563107,0,LOW
2024-02-22 16:00:00,Sonapur-Gauge-1,4,0,0.0020089716950563107,0,LOW
2024-02-22 17:00:00,Chamoli-Gauge-1,1,0,0.0020089716950563107,0,LOW
2024-02-22 17:00:00,Kolkata-Gauge-1,2,1,0.9996600608077871,1,EXTREME
2024-02-22 17:00:00,Guwahati-Gauge-1,3,0,0.0020089716950563107,0,LOW
2024-02-22 17:00:00,Sonapur-Gauge-1,4,0,0.0020089716950563107,0,LOW
2024-02-22 18:00:00,Chamoli-Gauge-1,1,0,0.0020089716950563107,0,LOW
2024-02-22 18:00:00,Kolkata-Gauge-1,2,1,0.9996600608077871,1,EXTREME
2024-02-22 18:00:00,Guwahati-Gauge-1,3,0,0.0020089716950563107,0,LOW
2024-02-22 18:00:00,Sonapur-Gauge-1,4,0,0.0020089716950563107,0,LOW
2024-02-22 19:00:00,Chamoli-Gauge-1,1,0,0.0020089716950563107,0,LOW
2024-02-22 19:00:00,Kolkata-Gauge-1,2,1,0.9996600608077871,1,EXTREME
2024-02-22 19:00:00,Guwahati-Gauge-1,3,0,0.0020089716950563107,0,LOW
2024-02-22 19:00:00,Sonapur-Gauge-1,4,0,0.0020089716950563107,0,LOW
2024-02-22 20:00:00,Chamoli-Gauge-1,1,0,0.0020089716950563107,0,LOW
2024-02-22 20:00:00,Kolkata-Gauge-1,2,1,0.9996600608077871,1,EXTREME
2024-02-22 20:00:00,Guwahati-Gauge-1,3,0,0.0020089716950563107,0,LOW
2024-02-22 20:00:00,Sonapur-Gauge-1,4,0,0.0020089716950563107,0,LOW
2024-02-22 21:00:00,Chamoli-Gauge-1,1,0,0.0020089716950563107,0,LOW
2024-02-22 21:00:00,Kolkata-Gauge-1,2,1,0.9996600608077871,1,EXTREME
2024-02-22 21:00:00,Guwahati-Gauge-1,3,0,0.0020089716950563107,0,LOW
2024-02-22 21:00:00,Sonapur-Gauge-1,4,0,0.0020089716950563107,0,LOW
2024-02-22 22:00:00,Chamoli-Gauge-1,1,0,0.0020089716950563107,0,LOW
2024-02-22 22:00:00,Kolkata-Gauge-1,2,1,0.9996600608077871,1,EXTREME
2024-02-22 22:00:00,Guwahati-Gauge-1,3,0,0.0020089716950563107,0,LOW
2024-02-22 22:00:00,Sonapur-Gauge-1,4,0,0.0020089716950563107,0,LOW
2024-02-22 23:00:00,Chamoli-Gauge-1,1,0,0.0020089716950563107,0,LOW
2024-02-22 23:00:00,Kolkata-Gauge-1,2,1,0.9996600608077871,1,EXTREME
2024-02-22 23:00:00,Guwahati-Gauge-1,3,0,0.0020089716950563107,0,LOW
2024-02-22 23:00:00,Sonapur-Gauge-1,4,0,0.0020089716950563107,0,LOW
2024-02-23 00:00:00,Chamoli-Gauge-1,1,0,0.0020089716950563107,0,LOW
2024-02-23 00:00:00,Kolkata-Gauge-1,2,1,0.9996600608077871,1,EXTREME
2024-02-23 00:00:00,Guwahati-Gauge-1,3,0,0.0020089716950563107,0,LOW
2024-02-23 00:00:00,Sonapur-Gauge-1,4,0,0.0020089716950563107,0,LOW
2024-02-23 01:00:00,Chamoli-Gauge-1,1,0,0.0020089716950563107,0,LOW
2024-02-23 01:00:00,Kolkata-Gauge-1,2,1,0.9996600608077871,1,EXTREME
2024-02-23 01:00:00,Guwahati-Gauge-1,3,0,0.0020089716950563107,0,LOW
2024-02-23 01:00:00,Sonapur-Gauge-1,4,0,0.0020089716950563107,0,LOW
2024-02-23 02:00:00,Chamoli-Gauge-1,1,0,0.0020089716950563107,0,LOW
2024-02-23 02:00:00,Kolkata-Gauge-1,2,1,0.9996554508704643,1,EXTREME
2024-02-23 02:00:00,Guwahati-Gauge-1,3,0,0.0020089716950563107,0,LOW
2024-02-23 02:00:00,Sonapur-Gauge-1,4,0,0.0020089716950563107,0,LOW
2024-02-23 03:00:00,Chamoli-Gauge-1,1,0,0.0020089716950563107,0,LOW
2024-02-23 03:00:00,Kolkata-Gauge-1,2,1,0.9996576066064428,1,EXTREME
2024-02-23 03:00:00,Guwahati-Gauge-1,3,0,0.0020089716950563107,0,LOW
2024-02-23 03:00:00,Sonapur-Gauge-1,4,0,0.0020089716950563107,0,LOW
2024-02-23 04:00:00,Chamoli-Gauge-1,1,0,0.0020089716950563107,0,LOW
2024-02-23 04:00:00,Kolkata-Gauge-1,2,1,0.9996600608077871,1,EXTREME
2024-02-23 04:00:00,Guwahati-Gauge-1,3,0,0.0020089716950563107,0,LOW
2024-02-23 04:00:00,Sonapur-Gauge-1,4,0,0.0020089716950563107,0,LOW
2024-02-23 05:00:00,Chamoli-Gauge-1,1,0,0.0020089716950563107,0,LOW
2024-02-23 05:00:00,Kolkata-Gauge-1,2,1,0.9996600608077871,1,EXTREME
2024-02-23 05:00:00,Guwahati-Gauge-1,3,0,0.0020089716950563107,0,LOW
2024-02-23 05:00:00,Sonapur-Gauge-1,4,0,0.0020089716950563107,0,LOW
2024-02-23 06:00:00,Chamoli-Gauge-1,1,0,0.0020089716950563107,0,LOW
2024-02-23 06:00:00,Kolkata-Gauge-1,2,1,0.9996595631385732,1,EXTREME
2024-02-23 06:00:00,Guwahati-Gauge-1,3,0,0.0020089716950563107,0,LOW
2024-02-23 06:00:00,Sonapur-Gauge-1,4,0,0.0020089716950563107,0,LOW
2024-02-23 07:00:00,Chamoli-Gauge-1,1,0,0.0020089716950563107,0,LOW
2024-02-23 07:00:00,Kolkata-Gauge-1,2,1,0.9996600608077871,1,EXTREME
2024-02-23 07:00:00,Guwahati-Gauge-1,3,0,0.0020089716950563107,0,LOW
2024-02-23 07:00:00,Sonapur-Gauge-1,4,0,0.0020089716950563107,0,LOW
2024-02-23 08:00:00,Chamoli-Gauge-1,1,0,0.0020089716950563107,0,LOW
2024-02-23 08:00:00,Kolkata-Gauge-1,2,1,0.9996600608077871,1,EXTREME
2024-02-23 08:00:00,Guwahati-Gauge-1,3,0,0.0020089716950563107,0,LOW
2024-02-23 08:00:00,Sonapur-Gauge-1,4,0,0.0020089716950563107,0,LOW
2024-02-23 09:00:00,Chamoli-Gauge-1,1,0,0.0020089716950563107,0,LOW
2024-02-23 09:00:00,Kolkata-Gauge-1,2,1,0.9996600608077871,1,EXTREME
2024-02-23 09:00:00,Guwahati-Gauge-1,3,0,0.0020089716950563107,0,LOW
2024-02-23 09:00:00,Sonapur-Gauge-1,4,0,0.0020089716950563107,0,LOW
2024-02-23 10:00:00,Chamoli-Gauge-1,1,0,0.0020089716950563107,0,LOW
2024-02-23 10:00:00,Kolkata-Gauge-1,2,1,0.999654910716868,1,EXTREME
2024-02-23 10:00:00,Guwahati-Gauge-1,3,0,0.0020089716950563107,0,LOW
2024-02-23 10:00:00,Sonapur-Gauge-1,4,0,0.0020089716950563107,0,LOW
2024-02-23 11:00:00,Chamoli-Gauge-1,1,0,0.0020089716950563107,0,LOW
2024-02-23 11:00:00,Kolkata-Gauge-1,2,1,0.9996600608077871,1,EXTREME
2024-02-23 11:00:00,Guwahati-Gauge-1,3,0,0.0020089716950563107,0,LOW
2024-02-23 11:00:00,Sonapur-Gauge-1,4,0,0.0020089716950563107,0,LOW
2024-02-23 12:00:00,Chamoli-Gauge-1,1,0,0.0020089716950563107,0,LOW
2024-02-23 12:00:00,Kolkata-Gauge-1,2,1,0.9996593500425687,1,EXTREME
2024-02-23 12:00:00,Guwahati-Gauge-1,3,0,0.0020089716950563107,0,LOW
2024-02-23 12:00:00,Sonapur-Gauge-1,4,0,0.0020089716950563107,0,LOW
2024-02-23 13:00:00,Chamoli-Gauge-1,1,0,0.0020089716950563107,0,LOW
2024-02-23 13:00:00,Kolkata-Gauge-1,2,1,0.9996590180765543,1,EXTREME
2024-02-23 13:00:00,Guwahati-Gauge-1,3,0,0.0020089716950563107,0,LOW
2024-02-23 13:00:00,Sonapur-Gauge-1,4,0,0.0020089716950563107,0,LOW
2024-02-23 14:00:00,Chamoli-Gauge-1,1,0,0.0020089716950563107,0,LOW
2024-02-23 14:00:00,Kolkata-Gauge-1,2,1,0.9996600608077871,1,EXTREME
2024-02-23 14:00:00,Guwahati-Gauge-1,3,0,0.0020089716950563107,0,LOW
2024-02-23 14:00:00,Sonapur-Gauge-1,4,0,0.0020089716950563107,0,LOW
2024-02-23 15:00:00,Chamoli-Gauge-1,1,0,0.0020089716950563107,0,LOW
2024-02-23 15:00:00,Kolkata-Gauge-1,2,1,0.9996593064499623,1,EXTREME
2024-02-23 15:00:00,Guwahati-Gauge-1,3,0,0.0020089716950563107,0,LOW
2024-02-23 15:00:00,Sonapur-Gauge-1,4,0,0.0020089716950563107,0,LOW
2024-02-23 16:00:00,Chamoli-Gauge-1,1,0,0.0020089716950563107,0,LOW
2024-02-23 16:00:00,Kolkata-Gauge-1,2,1,0.999659383235486,1,EXTREME
2024-02-23 16:00:00,Guwahati-Gauge-1,3,0,0.0020798278569408865,0,LOW
2024-02-23 16:00:00,Sonapur-Gauge-1,4,0,0.0020089716950563107,0,LOW
2024-02-23 17:00:00,Chamoli-Gauge-1,1,0,0.0020089716950563107,0,LOW
2024-02-23 17:00:00,Kolkata-Gauge-1,2,1,0.9996600608077871,1,EXTREME
2024-02-23 17:00:00,Guwahati-Gauge-1,3,0,0.0020089716950563107,0,LOW
2024-02-23 17:00:00,Sonapur-Gauge-1,4,0,0.0020089716950563107,0,LOW
2024-02-23 18:00:00,Chamoli-Gauge-1,1,0,0.0020089716950563107,0,LOW
2024-02-23 18:00:00,Kolkata-Gauge-1,2,1,0.9996455282770377,1,EXTREME
2024-02-23 18:00:00,Guwahati-Gauge-1,3,0,0.0020089716950563107,0,LOW
2024-02-23 18:00:00,Sonapur-Gauge-1,4,0,0.0020089716950563107,0,LOW
2024-02-23 19:00:00,Chamoli-Gauge-1,1,0,0.0020089716950563107,0,LOW
2024-02-23 19:00:00,Kolkata-Gauge-1,2,1,0.999653685063457,1,EXTREME
2024-02-23 19:00:00,Guwahati-Gauge-1,3,0,0.0020089716950563107,0,LOW
2024-02-23 19:00:00,Sonapur-Gauge-1,4,0,0.0020089716950563107,0,LOW
2024-02-23 20:00:00,Chamoli-Gauge-1,1,0,0.0020089716950563107,0,LOW
2024-02-23 20:00:00,Kolkata-Gauge-1,2,1,0.9996474101682721,1,EXTREME
2024-02-23 20:00:00,Guwahati-Gauge-1,3,0,0.0020089716950563107,0,LOW
2024-02-23 20:00:00,Sonapur-Gauge-1,4,0,0.0020089716950563107,0,LOW
2024-02-23 21:00:00,Chamoli-Gauge-1,1,0,0.0020089716950563107,0,LOW
2024-02-23 21:00:00,Kolkata-Gauge-1,2,1,0.9996593480416474,1,EXTREME
2024-02-23 21:00:00,Guwahati-Gauge-1,3,0,0.0020089716950563107,0,LOW
2024-02-23 21:00:00,Sonapur-Gauge-1,4,0,0.0020089716950563107,0,LOW
2024-02-23 22:00:00,Chamoli-Gauge-1,1,0,0.0020089716950563107,0,LOW
2024-02-23 22:00:00,Kolkata-Gauge-1,2,1,0.9996409857051954,1,EXTREME
2024-02-23 22:00:00,Guwahati-Gauge-1,3,0,0.0020089716950563107,0,LOW
2024-02-23 22:00:00,Sonapur-Gauge-1,4,0,0.0020089716950563107,0,LOW
2024-02-23 23:00:00,Chamoli-Gauge-1,1,0,0.0020089716950563107,0,LOW
2024-02-23 23:00:00,Kolkata-Gauge-1,2,1,0.9996574690539913,1,EXTREME
2024-02-23 23:00:00,Guwahati-Gauge-1,3,0,0.0020089716950563107,0,LOW
2024-02-23 23:00:00,Sonapur-Gauge-1,4,0,0.0020089716950563107,0,LOW
2024-02-24 00:00:00,Chamoli-Gauge-1,1,0,0.0020089716950563107,0,LOW
2024-02-24 00:00:00,Kolkata-Gauge-1,2,1,0.9996600608077871,1,EXTREME
2024-02-24 00:00:00,Guwahati-Gauge-1,3,0,0.0020089716950563107,0,LOW
2024-02-24 00:00:00,Sonapur-Gauge-1,4,0,0.0020089716950563107,0,LOW
2024-02-24 01:00:00,Chamoli-Gauge-1,1,0,0.0020089716950563107,0,LOW
2024-02-24 01:00:00,Kolkata-Gauge-1,2,1,0.9996539170192441,1,EXTREME
2024-02-24 01:00:00,Guwahati-Gauge-1,3,0,0.0020089716950563107,0,LOW
2024-02-24 01:00:00,Sonapur-Gauge-1,4,0,0.0020089716950563107,0,LOW
2024-02-24 02:00:00,Chamoli-Gauge-1,1,0,0.0020089716950563107,0,LOW
2024-02-24 02:00:00,Kolkata-Gauge-1,2,1,0.9996539170192441,1,EXTREME
2024-02-24 02:00:00,Guwahati-Gauge-1,3,0,0.0020089716950563107,0,LOW
2024-02-24 02:00:00,Sonapur-Gauge-1,4,0,0.0020089716950563107,0,LOW
2024-02-24 03:00:00,Chamoli-Gauge-1,1,0,0.0020089716950563107,0,LOW
2024-02-24 03:00:00,Kolkata-Gauge-1,2,1,0.9996587452692742,1,EXTREME
2024-02-24 03:00:00,Guwahati-Gauge-1,3,0,0.0020089716950563107,0,LOW
2024-02-24 03:00:00,Sonapur-Gauge-1,4,0,0.0020089716950563107,0,LOW
2024-02-24 04:00:00,Chamoli-Gauge-1,1,0,0.0020089716950563107,0,LOW
2024-02-24 04:00:00,Kolkata-Gauge-1,2,1,0.9996600608077871,1,EXTREME
2024-02-24 04:00:00,Guwahati-Gauge-1,3,0,0.0020089716950563107,0,LOW
2024-02-24 04:00:00,Sonapur-Gauge-1,4,0,0.0020089716950563107,0,LOW
2024-02-24 05:00:00,Chamoli-Gauge-1,1,0,0.0020089716950563107,0,LOW
2024-02-24 05:00:00,Kolkata-Gauge-1,2,1,0.9996600608077871,1,EXTREME
2024-02-24 05:00:00,Guwahati-Gauge-1,3,0,0.0020089716950563107,0,LOW
2024-02-24 05:00:00,Sonapur-Gauge-1,4,0,0.0020089716950563107,0,LOW
2024-02-24 06:00:00,Chamoli-Gauge-1,1,0,0.0020089716950563107,0,LOW
2024-02-24 06:00:00,Kolkata-Gauge-1,2,1,0.9996600608077871,1,EXTREME
2024-02-24 06:00:00,Guwahati-Gauge-1,3,0,0.0020089716950563107,0,LOW
2024-02-24 06:00:00,Sonapur-Gauge-1,4,0,0.0020089716950563107,0,LOW
2024-02-24 07:00:00,Chamoli-Gauge-1,1,0,0.0020089716950563107,0,LOW
2024-02-24 07:00:00,Kolkata-Gauge-1,2,1,0.9996582182090781,1,EXTREME
2024-02-24 07:00:00,Guwahati-Gauge-1,3,0,0.0020089716950563107,0,LOW
2024-02-24 07:00:00,Sonapur-Gauge-1,4,0,0.0020089716950563107,0,LOW
2024-02-24 08:00:00,Chamoli-Gauge-1,1,0,0.0020089716950563107,0,LOW
2024-02-24 08:00:00,Kolkata-Gauge-1,2,1,0.9996582182090781,1,EXTREME
2024-02-24 08:00:00,Guwahati-Gauge-1,3,0,0.0020089716950563107,0,LOW
2024-02-24 08:00:00,Sonapur-Gauge-1,4,0,0.0020089716950563107,0,LOW
2024-02-24 09:00:00,Chamoli-Gauge-1,1,0,0.0020089716950563107,0,LOW
2024-02-24 09:00:00,Kolkata-Gauge-1,2,1,0.9996600608077871,1,EXTREME
2024-02-24 09:00:00,Guwahati-Gauge-1,3,0,0.0020089716950563107,0,LOW
2024-02-24 09:00:00,Sonapur-Gauge-1,4,0,0.0020089716950563107,0,LOW
2024-02-24 10:00:00,Chamoli-Gauge-1,1,0,0.0020089716950563107,0,LOW
2024-02-24 10:00:00,Kolkata-Gauge-1,2,1,0.9996541593484416,1,EXTREME
2024-02-24 10:00:00,Guwahati-Gauge-1,3,0,0.0020089716950563107,0,LOW
2024-02-24 10:00:00,Sonapur-Gauge-1,4,0,0.0020089716950563107,0,LOW
2024-02-24 11:00:00,Chamoli-Gauge-1,1,0,0.0020089716950563107,0,LOW
2024-02-24 11:00:00,Kolkata-Gauge-1,2,1,0.9996585484292208,1,EXTREME
2024-02-24 11:00:00,Guwahati-Gauge-1,3,0,0.0020089716950563107,0,LOW
2024-02-24 11:00:00,Sonapur-Gauge-1,4,0,0.0020089716950563107,0,LOW
2024-02-24 12:00:00,Chamoli-Gauge-1,1,0,0.0020089716950563107,0,LOW
2024-02-24 12:00:00,Kolkata-Gauge-1,2,1,0.999654698771037,1,EXTREME
2024-02-24 12:00:00,Guwahati-Gauge-1,3,0,0.0020089716950563107,0,LOW
2024-02-24 12:00:00,Sonapur-Gauge-1,4,0,0.0020089716950563107,0,LOW
2024-02-24 13:00:00,Chamoli-Gauge-1,1,0,0.0020089716950563107,0,LOW
2024-02-24 13:00:00,Kolkata-Gauge-1,2,1,0.9996593447044153,1,EXTREME
2024-02-24 13:00:00,Guwahati-Gauge-1,3,0,0.0020089716950563107,0,LOW
2024-02-24 13:00:00,Sonapur-Gauge-1,4,0,0.0020089716950563107,0,LOW
2024-02-24 14:00:00,Chamoli-Gauge-1,1,0,0.0020089716950563107,0,LOW
2024-02-24 14:00:00,Kolkata-Gauge-1,2,1,0.9995939620042865,1,EXTREME
2024-02-24 14:00:00,Guwahati-Gauge-1,3,0,0.0020089716950563107,0,LOW
2024-02-24 14:00:00,Sonapur-Gauge-1,4,0,0.0020089716950563107,0,LOW
2024-02-24 15:00:00,Chamoli-Gauge-1,1,0,0.0020089716950563107,0,LOW
2024-02-24 15:00:00,Kolkata-Gauge-1,2,1,0.9996580681137249,1,EXTREME
2024-02-24 15:00:00,Guwahati-Gauge-1,3,0,0.0020089716950563107,0,LOW
2024-02-24 15:00:00,Sonapur-Gauge-1,4,0,0.0020089716950563107,0,LOW
2024-02-24 16:00:00,Chamoli-Gauge-1,1,0,0.0020089716950563107,0,LOW
2024-02-24 16:00:00,Kolkata-Gauge-1,2,1,0.9996472931789714,1,EXTREME
2024-02-24 16:00:00,Guwahati-Gauge-1,3,0,0.0020089716950563107,0,LOW
2024-02-24 16:00:00,Sonapur-Gauge-1,4,0,0.0020089716950563107,0,LOW
2024-02-24 17:00:00,Chamoli-Gauge-1,1,0,0.0020089716950563107,0,LOW
2024-02-24 17:00:00,Kolkata-Gauge-1,2,1,0.9996358851037719,1,EXTREME
2024-02-24 17:00:00,Guwahati-Gauge-1,3,0,0.0020089716950563107,0,LOW
2024-02-24 17:00:00,Sonapur-Gauge-1,4,0,0.0020089716950563107,0,LOW
2024-02-24 18:00:00,Chamoli-Gauge-1,1,0,0.0020089716950563107,0,LOW
2024-02-24 18:00:00,Kolkata-Gauge-1,2,1,0.9996308238732242,1,EXTREME
2024-02-24 18:00:00,Guwahati-Gauge-1,3,0,0.0020089716950563107,0,LOW
2024-02-24 18:00:00,Sonapur-Gauge-1,4,0,0.0020089716950563107,0,LOW
2024-02-24 19:00:00,Chamoli-Gauge-1,1,0,0.0020089716950563107,0,LOW
2024-02-24 19:00:00,Kolkata-Gauge-1,2,1,0.9996251510006915,1,EXTREME
2024-02-24 19:00:00,Guwahati-Gauge-1,3,0,0.0020089716950563107,0,LOW
2024-02-24 19:00:00,Sonapur-Gauge-1,4,0,0.0020089716950563107,0,LOW
2024-02-24 20:00:00,Chamoli-Gauge-1,1,0,0.0020654005479322623,0,LOW
2024-02-24 20:00:00,Kolkata-Gauge-1,2,1,0.9995796142713999,1,EXTREME
2024-02-24 20:00:00,Guwahati-Gauge-1,3,0,0.0020089716950563107,0,LOW
2024-02-24 20:00:00,Sonapur-Gauge-1,4,0,0.0020089716950563107,0,LOW
2024-02-24 21:00:00,Chamoli-Gauge-1,1,0,0.002599987527967816,0,LOW
2024-02-24 21:00:00,Kolkata-Gauge-1,2,1,0.9996207724633163,1,EXTREME
2024-02-24 21:00:00,Guwahati-Gauge-1,3,0,0.0020089716950563107,0,LOW
2024-02-24 21:00:00,Sonapur-Gauge-1,4,0,0.0020089716950563107,0,LOW
2024-02-24 22:00:00,Chamoli-Gauge-1,1,0,0.0022559623148953704,0,LOW
2024-02-24 22:00:00,Kolkata-Gauge-1,2,1,0.99956175970745,1,EXTREME
2024-02-24 22:00:00,Guwahati-Gauge-1,3,0,0.0020089716950563107,0,LOW
2024-02-24 22:00:00,Sonapur-Gauge-1,4,0,0.0020089716950563107,0,LOW
2024-02-24 23:00:00,Chamoli-Gauge-1,1,0,0.0024752097750905737,0,LOW
2024-02-24 23:00:00,Kolkata-Gauge-1,2,1,0.9995399934761232,1,EXTREME
2024-02-24 23:00:00,Guwahati-Gauge-1,3,0,0.0020089716950563107,0,LOW
2024-02-24 23:00:00,Sonapur-Gauge-1,4,0,0.0020089716950563107,0,LOW
2024-02-25 00:00:00,Chamoli-Gauge-1,1,0,0.002387602353920277,0,LOW
2024-02-25 00:00:00,Kolkata-Gauge-1,2,1,0.9977176067411166,1,EXTREME
2024-02-25 00:00:00,Guwahati-Gauge-1,3,0,0.0020089716950563107,0,LOW
2024-02-25 00:00:00,Sonapur-Gauge-1,4,0,0.0020089716950563107,0,LOW
2024-02-25 01:00:00,Chamoli-Gauge-1,1,0,0.002374223953530815,0,LOW
2024-02-25 01:00:00,Kolkata-Gauge-1,2,0,0.01126670987395272,0,LOW
2024-02-25 01:00:00,Guwahati-Gauge-1,3,0,0.0020089716950563107,0,LOW
2024-02-25 01:00:00,Sonapur-Gauge-1,4,0,0.0020089716950563107,0,LOW
2024-02-25 02:00:00,Chamoli-Gauge-1,1,0,0.4262585815264871,0,MODERATE
2024-02-25 02:00:00,Kolkata-Gauge-1,2,0,0.004545958344884471,0,LOW
2024-02-25 02:00:00,Guwahati-Gauge-1,3,0,0.0020089716950563107,0,LOW
2024-02-25 02:00:00,Sonapur-Gauge-1,4,0,0.0020089716950563107,0,LOW
2024-02-25 03:00:00,Chamoli-Gauge-1,1,1,0.9923901828378989,1,EXTREME
2024-02-25 03:00:00,Kolkata-Gauge-1,2,0,0.002978919834404996,0,LOW
2024-02-25 03:00:00,Guwahati-Gauge-1,3,0,0.0020089716950563107,0,LOW
2024-02-25 03:00:00,Sonapur-Gauge-1,4,0,0.0020089716950563107,0,LOW
2024-02-25 04:00:00,Chamoli-Gauge-1,1,1,0.9989470614227396,1,EXTREME
2024-02-25 04:00:00,Kolkata-Gauge-1,2,0,0.0024015382717459807,0,LOW
2024-02-25 04:00:00,Guwahati-Gauge-1,3,0,0.0020089716950563107,0,LOW
2024-02-25 04:00:00,Sonapur-Gauge-1,4,0,0.0020089716950563107,0,LOW
2024-02-25 05:00:00,Chamoli-Gauge-1,1,1,0.9995447494425107,1,EXTREME
2024-02-25 05:00:00,Kolkata-Gauge-1,2,0,0.002182257675108298,0,LOW
2024-02-25 05:00:00,Guwahati-Gauge-1,3,0,0.0020089716950563107,0,LOW
2024-02-25 05:00:00,Sonapur-Gauge-1,4,0,0.0020089716950563107,0,LOW
2024-02-25 06:00:00,Chamoli-Gauge-1,1,1,0.9996086566060814,1,EXTREME
2024-02-25 06:00:00,Kolkata-Gauge-1,2,0,0.002276989618982648,0,LOW
2024-02-25 06:00:00,Guwahati-Gauge-1,3,0,0.0020089716950563107,0,LOW
2024-02-25 06:00:00,Sonapur-Gauge-1,4,0,0.0020089716950563107,0,LOW
2024-02-25 07:00:00,Chamoli-Gauge-1,1,1,0.9996120722149878,1,EXTREME
2024-02-25 07:00:00,Kolkata-Gauge-1,2,0,0.0032659159152960996,0,LOW
2024-02-25 07:00:00,Guwahati-Gauge-1,3,0,0.0020089716950563107,0,LOW
2024-02-25 07:00:00,Sonapur-Gauge-1,4,0,0.0020089716950563107,0,LOW
2024-02-25 08:00:00,Chamoli-Gauge-1,1,1,0.9995411213498768,1,EXTREME
2024-02-25 08:00:00,Kolkata-Gauge-1,2,0,0.003200248488910989,0,LOW
2024-02-25 08:00:00,Guwahati-Gauge-1,3,0,0.0020089716950563107,0,LOW
2024-02-25 08:00:00,Sonapur-Gauge-1,4,0,0.0020089716950563107,0,LOW
2024-02-25 09:00:00,Chamoli-Gauge-1,1,1,0.9995349936449586,1,EXTREME
2024-02-25 09:00:00,Kolkata-Gauge-1,2,0,0.0023579330915253923,0,LOW
2024-02-25 09:00:00,Guwahati-Gauge-1,3,0,0.0020089716950563107,0,LOW
2024-02-25 09:00:00,Sonapur-Gauge-1,4,0,0.0020089716950563107,0,LOW
2024-02-25 10:00:00,Chamoli-Gauge-1,1,1,0.9993648126490038,1,EXTREME
2024-02-25 10:00:00,Kolkata-Gauge-1,2,0,0.002100385099993095,0,LOW
2024-02-25 10:00:00,Guwahati-Gauge-1,3,0,0.0020089716950563107,0,LOW
2024-02-25 10:00:00,Sonapur-Gauge-1,4,0,0.0020089716950563107,0,LOW
2024-02-25 11:00:00,Chamoli-Gauge-1,1,1,0.9991521674747331,1,EXTREME
2024-02-25 11:00:00,Kolkata-Gauge-1,2,0,0.0020089716950563107,0,LOW
2024-02-25 11:00:00,Guwahati-Gauge-1,3,0,0.0020089716950563107,0,LOW
2024-02-25 11:00:00,Sonapur-Gauge-1,4,0,0.0020089716950563107,0,LOW
2024-02-25 12:00:00,Chamoli-Gauge-1,1,0,0.1488302970162954,0,LOW
2024-02-25 12:00:00,Kolkata-Gauge-1,2,0,0.0020089716950563107,0,LOW
2024-02-25 12:00:00,Guwahati-Gauge-1,3,0,0.0020089716950563107,0,LOW
2024-02-25 12:00:00,Sonapur-Gauge-1,4,0,0.0020089716950563107,0,LOW
2024-02-25 13:00:00,Chamoli-Gauge-1,1,0,0.055144898654085596,0,LOW
2024-02-25 13:00:00,Kolkata-Gauge-1,2,0,0.0020089716950563107,0,LOW
2024-02-25 13:00:00,Guwahati-Gauge-1,3,0,0.0020089716950563107,0,LOW
2024-02-25 13:00:00,Sonapur-Gauge-1,4,0,0.0020089716950563107,0,LOW
2024-02-25 14:00:00,Chamoli-Gauge-1,1,0,0.005616399982043403,0,LOW
2024-02-25 14:00:00,Kolkata-Gauge-1,2,0,0.0020089716950563107,0,LOW
2024-02-25 14:00:00,Guwahati-Gauge-1,3,0,0.0020089716950563107,0,LOW
2024-02-25 14:00:00,Sonapur-Gauge-1,4,0,0.0020089716950563107,0,LOW
2024-02-25 15:00:00,Chamoli-Gauge-1,1,0,0.0045050583366859675,0,LOW
2024-02-25 15:00:00,Kolkata-Gauge-1,2,0,0.0020089716950563107,0,LOW
2024-02-25 15:00:00,Guwahati-Gauge-1,3,0,0.0020089716950563107,0,LOW
2024-02-25 15:00:00,Sonapur-Gauge-1,4,0,0.0020089716950563107,0,LOW
2024-02-25 16:00:00,Chamoli-Gauge-1,1,0,0.004385963928492961,0,LOW
2024-02-25 16:00:00,Kolkata-Gauge-1,2,0,0.002137968092041779,0,LOW
2024-02-25 16:00:00,Guwahati-Gauge-1,3,0,0.0020089716950563107,0,LOW
2024-02-25 16:00:00,Sonapur-Gauge-1,4,0,0.0020089716950563107,0,LOW
2024-02-25 17:00:00,Chamoli-Gauge-1,1,0,0.00251637148993246,0,LOW
2024-02-25 17:00:00,Kolkata-Gauge-1,2,0,0.0020089716950563107,0,LOW
2024-02-25 17:00:00,Guwahati-Gauge-1,3,0,0.0020089716950563107,0,LOW
2024-02-25 17:00:00,Sonapur-Gauge-1,4,0,0.0020089716950563107,0,LOW
2024-02-25 18:00:00,Chamoli-Gauge-1,1,0,0.0025527813039741493,0,LOW
2024-02-25 18:00:00,Kolkata-Gauge-1,2,0,0.0020089716950563107,0,LOW
2024-02-25 18:00:00,Guwahati-Gauge-1,3,0,0.0020089716950563107,0,LOW
2024-02-25 18:00:00,Sonapur-Gauge-1,4,0,0.0020089716950563107,0,LOW
2024-02-25 19:00:00,Chamoli-Gauge-1,1,0,0.002406017319590338,0,LOW
2024-02-25 19:00:00,Kolkata-Gauge-1,2,0,0.0020089716950563107,0,LOW
2024-02-25 19:00:00,Guwahati-Gauge-1,3,0,0.0020089716950563107,0,LOW
2024-02-25 19:00:00,Sonapur-Gauge-1,4,0,0.0020089716950563107,0,LOW
2024-02-25 20:00:00,Chamoli-Gauge-1,1,0,0.00248386278451021,0,LOW
2024-02-25 20:00:00,Kolkata-Gauge-1,2,0,0.0020089716950563107,0,LOW
2024-02-25 20:00:00,Guwahati-Gauge-1,3,0,0.0020089716950563107,0,LOW
2024-02-25 20:00:00,Sonapur-Gauge-1,4,0,0.0020089716950563107,0,LOW
2024-02-25 21:00:00,Chamoli-Gauge-1,1,0,0.002188012690175144,0,LOW
2024-02-25 21:00:00,Kolkata-Gauge-1,2,0,0.0022141245665829963,0,LOW
2024-02-25 21:00:00,Guwahati-Gauge-1,3,0,0.0020089716950563107,0,LOW
2024-02-25 21:00:00,Sonapur-Gauge-1,4,0,0.0020089716950563107,0,LOW
2024-02-25 22:00:00,Chamoli-Gauge-1,1,0,0.002100014313885039,0,LOW
2024-02-25 22:00:00,Kolkata-Gauge-1,2,0,0.0020249417650515284,0,LOW
2024-02-25 22:00:00,Guwahati-Gauge-1,3,0,0.0020089716950563107,0,LOW
2024-02-25 22:00:00,Sonapur-Gauge-1,4,0,0.0020089716950563107,0,LOW
2024-02-25 23:00:00,Chamoli-Gauge-1,1,0,0.002177111584968119,0,LOW
2024-02-25 23:00:00,Kolkata-Gauge-1,2,0,0.0020249417650515284,0,LOW
2024-02-25 23:00:00,Guwahati-Gauge-1,3,0,0.0020089716950563107,0,LOW
2024-02-25 23:00:00,Sonapur-Gauge-1,4,0,0.0020089716950563107,0,LOW
2024-02-26 00:00:00,Chamoli-Gauge-1,1,0,0.0020089716950563107,0,LOW
2024-02-26 00:00:00,Kolkata-Gauge-1,2,0,0.0020249417650515284,0,LOW
2024-02-26 00:00:00,Guwahati-Gauge-1,3,0,0.0020089716950563107,0,LOW
2024-02-26 00:00:00,Sonapur-Gauge-1,4,0,0.0020089716950563107,0,LOW
2024-02-26 01:00:00,Chamoli-Gauge-1,1,0,0.002201918119475115,0,LOW
2024-02-26 01:00:00,Kolkata-Gauge-1,2,0,0.0020249417650515284,0,LOW
2024-02-26 01:00:00,Guwahati-Gauge-1,3,0,0.0020089716950563107,0,LOW
2024-02-26 01:00:00,Sonapur-Gauge-1,4,0,0.0020089716950563107,0,LOW
2024-02-26 02:00:00,Chamoli-Gauge-1,1,0,0.002213967620558248,0,LOW
2024-02-26 02:00:00,Kolkata-Gauge-1,2,0,0.0020249417650515284,0,LOW
2024-02-26 02:00:00,Guwahati-Gauge-1,3,0,0.0020089716950563107,0,LOW
2024-02-26 02:00:00,Sonapur-Gauge-1,4,0,0.0020089716950563107,0,LOW
2024-02-26 03:00:00,Chamoli-Gauge-1,1,0,0.0020647534179479825,0,LOW
2024-02-26 03:00:00,Kolkata-Gauge-1,2,0,0.0020249417650515284,0,LOW
2024-02-26 03:00:00,Guwahati-Gauge-1,3,0,0.0020089716950563107,0,LOW
2024-02-26 03:00:00,Sonapur-Gauge-1,4,0,0.0020089716950563107,0,LOW
2024-02-26 04:00:00,Chamoli-Gauge-1,1,0,0.0021657761438247827,0,LOW
2024-02-26 04:00:00,Kolkata-Gauge-1,2,0,0.0020971681737388453,0,LOW
2024-02-26 04:00:00,Guwahati-Gauge-1,3,0,0.0020089716950563107,0,LOW
2024-02-26 04:00:00,Sonapur-Gauge-1,4,0,0.0020089716950563107,0,LOW
2024-02-26 05:00:00,Chamoli-Gauge-1,1,0,0.002316728650650536,0,LOW
2024-02-26 05:00:00,Kolkata-Gauge-1,2,0,0.0020721526062335376,0,LOW
2024-02-26 05:00:00,Guwahati-Gauge-1,3,0,0.0020089716950563107,0,LOW
2024-02-26 05:00:00,Sonapur-Gauge-1,4,0,0.0020089716950563107,0,LOW
2024-02-26 06:00:00,Chamoli-Gauge-1,1,0,0.0021344724049189977,0,LOW
2024-02-26 06:00:00,Kolkata-Gauge-1,2,0,0.0023744381397700705,0,LOW
2024-02-26 06:00:00,Guwahati-Gauge-1,3,0,0.0020089716950563107,0,LOW
2024-02-26 06:00:00,Sonapur-Gauge-1,4,0,0.0020089716950563107,0,LOW
2024-02-26 07:00:00,Chamoli-Gauge-1,1,0,0.0020089716950563107,0,LOW
2024-02-26 07:00:00,Kolkata-Gauge-1,2,0,0.002796542834653369,0,LOW
2024-02-26 07:00:00,Guwahati-Gauge-1,3,0,0.0020089716950563107,0,LOW
2024-02-26 07:00:00,Sonapur-Gauge-1,4,0,0.0020089716950563107,0,LOW
2024-02-26 08:00:00,Chamoli-Gauge-1,1,0,0.0020089716950563107,0,LOW
2024-02-26 08:00:00,Kolkata-Gauge-1,2,0,0.0025660718007250614,0,LOW
2024-02-26 08:00:00,Guwahati-Gauge-1,3,0,0.0020089716950563107,0,LOW
2024-02-26 08:00:00,Sonapur-Gauge-1,4,0,0.0020089716950563107,0,LOW
2024-02-26 09:00:00,Chamoli-Gauge-1,1,0,0.0020089716950563107,0,LOW
2024-02-26 09:00:00,Kolkata-Gauge-1,2,0,0.003473332557211038,0,LOW
2024-02-26 09:00:00,Guwahati-Gauge-1,3,0,0.0020089716950563107,0,LOW
2024-02-26 09:00:00,Sonapur-Gauge-1,4,0,0.0020089716950563107,0,LOW
2024-02-26 10:00:00,Chamoli-Gauge-1,1,0,0.0020594190201051483,0,LOW
2024-02-26 10:00:00,Kolkata-Gauge-1,2,0,0.0031528866608349906,0,LOW
2024-02-26 10:00:00,Guwahati-Gauge-1,3,0,0.0020089716950563107,0,LOW
2024-02-26 10:00:00,Sonapur-Gauge-1,4,0,0.0020089716950563107,0,LOW
2024-02-26 11:00:00,Chamoli-Gauge-1,1,0,0.009309844021721766,0,LOW
2024-02-26 11:00:00,Kolkata-Gauge-1,2,0,0.00344274613512486,0,LOW
2024-02-26 11:00:00,Guwahati-Gauge-1,3,0,0.002071997253361308,0,LOW
2024-02-26 11:00:00,Sonapur-Gauge-1,4,0,0.0020089716950563107,0,LOW
2024-02-26 12:00:00,Chamoli-Gauge-1,1,0,0.004800426886208321,0,LOW
2024-02-26 12:00:00,Kolkata-Gauge-1,2,0,0.0033426797515117017,0,LOW
2024-02-26 12:00:00,Guwahati-Gauge-1,3,0,0.002071997253361308,0,LOW
2024-02-26 12:00:00,Sonapur-Gauge-1,4,0,0.0020089716950563107,0,LOW
2024-02-26 13:00:00,Chamoli-Gauge-1,1,0,0.004551909681253973,0,LOW
2024-02-26 13:00:00,Kolkata-Gauge-1,2,0,0.0027618272929258655,0,LOW
2024-02-26 13:00:00,Guwahati-Gauge-1,3,0,0.0020089716950563107,0,LOW
2024-02-26 13:00:00,Sonapur-Gauge-1,4,0,0.0020089716950563107,0,LOW
2024-02-26 14:00:00,Chamoli-Gauge-1,1,0,0.0035312987000118683,0,LOW
2024-02-26 14:00:00,Kolkata-Gauge-1,2,0,0.0032698397732976747,0,LOW
2024-02-26 14:00:00,Guwahati-Gauge-1,3,0,0.0020089716950563107,0,LOW
2024-02-26 14:00:00,Sonapur-Gauge-1,4,0,0.0020089716950563107,0,LOW
2024-02-26 15:00:00,Chamoli-Gauge-1,1,0,0.0040170949626747955,0,LOW
2024-02-26 15:00:00,Kolkata-Gauge-1,2,0,0.002215652307893527,0,LOW
2024-02-26 15:00:00,Guwahati-Gauge-1,3,0,0.0020089716950563107,0,LOW
2024-02-26 15:00:00,Sonapur-Gauge-1,4,0,0.0020089716950563107,0,LOW
2024-02-26 16:00:00,Chamoli-Gauge-1,1,0,0.004892922283090146,0,LOW
2024-02-26 16:00:00,Kolkata-Gauge-1,2,0,0.0027231028969254716,0,LOW
2024-02-26 16:00:00,Guwahati-Gauge-1,3,0,0.0020089716950563107,0,LOW
2024-02-26 16:00:00,Sonapur-Gauge-1,4,0,0.0020089716950563107,0,LOW
2024-02-26 17:00:00,Chamoli-Gauge-1,1,0,0.005288388570098874,0,LOW
2024-02-26 17:00:00,Kolkata-Gauge-1,2,0,0.002306118259858255,0,LOW
2024-02-26 17:00:00,Guwahati-Gauge-1,3,0,0.0020089716950563107,0,LOW
2024-02-26 17:00:00,Sonapur-Gauge-1,4,0,0.0020089716950563107,0,LOW
2024-02-26 18:00:00,Chamoli-Gauge-1,1,0,0.003745666839914485,0,LOW
2024-02-26 18:00:00,Kolkata-Gauge-1,2,0,0.0022509364121818024,0,LOW
2024-02-26 18:00:00,Guwahati-Gauge-1,3,0,0.0020089716950563107,0,LOW
2024-02-26 18:00:00,Sonapur-Gauge-1,4,0,0.0020089716950563107,0,LOW
2024-02-26 19:00:00,Chamoli-Gauge-1,1,0,0.0029129132859862642,0,LOW
2024-02-26 19:00:00,Kolkata-Gauge-1,2,0,0.0023635193543379697,0,LOW
2024-02-26 19:00:00,Guwahati-Gauge-1,3,0,0.0020089716950563107,0,LOW
2024-02-26 19:00:00,Sonapur-Gauge-1,4,0,0.0020089716950563107,0,LOW
2024-02-26 20:00:00,Chamoli-Gauge-1,1,0,0.0027000830117124633,0,LOW
2024-02-26 20:00:00,Kolkata-Gauge-1,2,0,0.0020089716950563107,0,LOW
2024-02-26 20:00:00,Guwahati-Gauge-1,3,0,0.0020089716950563107,0,LOW
2024-02-26 20:00:00,Sonapur-Gauge-1,4,0,0.0020089716950563107,0,LOW
2024-02-26 21:00:00,Chamoli-Gauge-1,1,0,0.0020837638836571134,0,LOW
2024-02-26 21:00:00,Kolkata-Gauge-1,2,0,0.0020089716950563107,0,LOW
2024-02-26 21:00:00,Guwahati-Gauge-1,3,0,0.0020089716950563107,0,LOW
2024-02-26 21:00:00,Sonapur-Gauge-1,4,0,0.0020089716950563107,0,LOW
2024-02-26 22:00:00,Chamoli-Gauge-1,1,0,0.002440755892303849,0,LOW
2024-02-26 22:00:00,Kolkata-Gauge-1,2,0,0.0020089716950563107,0,LOW
2024-02-26 22:00:00,Guwahati-Gauge-1,3,0,0.0020089716950563107,0,LOW
2024-02-26 22:00:00,Sonapur-Gauge-1,4,0,0.0020089716950563107,0,LOW
2024-02-26 23:00:00,Chamoli-Gauge-1,1,0,0.002238013032261387,0,LOW
2024-02-26 23:00:00,Kolkata-Gauge-1,2,0,0.0020089716950563107,0,LOW
2024-02-26 23:00:00,Guwahati-Gauge-1,3,0,0.0020089716950563107,0,LOW
2024-02-26 23:00:00,Sonapur-Gauge-1,4,0,0.0020089716950563107,0,LOW
2024-02-27 00:00:00,Chamoli-Gauge-1,1,0,0.0020089716950563107,0,LOW
2024-02-27 00:00:00,Kolkata-Gauge-1,2,0,0.0020089716950563107,0,LOW
2024-02-27 00:00:00,Guwahati-Gauge-1,3,0,0.0020089716950563107,0,LOW
2024-02-27 00:00:00,Sonapur-Gauge-1,4,0,0.0020089716950563107,0,LOW
2024-02-27 01:00:00,Chamoli-Gauge-1,1,0,0.0020089716950563107,0,LOW
2024-02-27 01:00:00,Kolkata-Gauge-1,2,0,0.0020089716950563107,0,LOW
2024-02-27 01:00:00,Guwahati-Gauge-1,3,0,0.0020089716950563107,0,LOW
2024-02-27 01:00:00,Sonapur-Gauge-1,4,0,0.0020089716950563107,0,LOW
2024-02-27 02:00:00,Chamoli-Gauge-1,1,0,0.0020475418642650596,0,LOW
2024-02-27 02:00:00,Kolkata-Gauge-1,2,0,0.0020089716950563107,0,LOW
2024-02-27 02:00:00,Guwahati-Gauge-1,3,0,0.0020089716950563107,0,LOW
2024-02-27 02:00:00,Sonapur-Gauge-1,4,0,0.0020089716950563107,0,LOW
2024-02-27 03:00:00,Chamoli-Gauge-1,1,0,0.0021921639206605383,0,LOW
2024-02-27 03:00:00,Kolkata-Gauge-1,2,0,0.0020089716950563107,0,LOW
2024-02-27 03:00:00,Guwahati-Gauge-1,3,0,0.0020089716950563107,0,LOW
2024-02-27 03:00:00,Sonapur-Gauge-1,4,0,0.0020089716950563107,0,LOW
2024-02-27 04:00:00,Chamoli-Gauge-1,1,0,0.002141345712017606,0,LOW
2024-02-27 04:00:00,Kolkata-Gauge-1,2,0,0.0020089716950563107,0,LOW
2024-02-27 04:00:00,Guwahati-Gauge-1,3,0,0.0020089716950563107,0,LOW
2024-02-27 04:00:00,Sonapur-Gauge-1,4,0,0.0020089716950563107,0,LOW
2024-02-27 05:00:00,Chamoli-Gauge-1,1,0,0.0022072659067653294,0,LOW
2024-02-27 05:00:00,Kolkata-Gauge-1,2,0,0.0020803690433333633,0,LOW
2024-02-27 05:00:00,Guwahati-Gauge-1,3,0,0.0020089716950563107,0,LOW
2024-02-27 05:00:00,Sonapur-Gauge-1,4,0,0.0020089716950563107,0,LOW
2024-02-27 06:00:00,Chamoli-Gauge-1,1,0,0.0020089716950563107,0,LOW
2024-02-27 06:00:00,Kolkata-Gauge-1,2,0,0.002054978223990274,0,LOW
2024-02-27 06:00:00,Guwahati-Gauge-1,3,0,0.0020089716950563107,0,LOW
2024-02-27 06:00:00,Sonapur-Gauge-1,4,0,0.0020089716950563107,0,LOW
2024-02-27 07:00:00,Chamoli-Gauge-1,1,0,0.0020089716950563107,0,LOW
2024-02-27 07:00:00,Kolkata-Gauge-1,2,0,0.0020249417650515284,0,LOW
2024-02-27 07:00:00,Guwahati-Gauge-1,3,0,0.0020089716950563107,0,LOW
2024-02-27 07:00:00,Sonapur-Gauge-1,4,0,0.0020089716950563107,0,LOW
2024-02-27 08:00:00,Chamoli-Gauge-1,1,0,0.0020089716950563107,0,LOW
2024-02-27 08:00:00,Kolkata-Gauge-1,2,0,0.0020249417650515284,0,LOW
2024-02-27 08:00:00,Guwahati-Gauge-1,3,0,0.0020089716950563107,0,LOW
2024-02-27 08:00:00,Sonapur-Gauge-1,4,0,0.0020089716950563107,0,LOW
2024-02-27 09:00:00,Chamoli-Gauge-1,1,0,0.0020542798664214736,0,LOW
2024-02-27 09:00:00,Kolkata-Gauge-1,2,0,0.0020721526062335376,0,LOW
2024-02-27 09:00:00,Guwahati-Gauge-1,3,0,0.0020089716950563107,0,LOW
2024-02-27 09:00:00,Sonapur-Gauge-1,4,0,0.0020089716950563107,0,LOW
2024-02-27 10:00:00,Chamoli-Gauge-1,1,0,0.002160722190591433,0,LOW
2024-02-27 10:00:00,Kolkata-Gauge-1,2,0,0.0020089716950563107,0,LOW
2024-02-27 10:00:00,Guwahati-Gauge-1,3,0,0.0020089716950563107,0,LOW
2024-02-27 10:00:00,Sonapur-Gauge-1,4,0,0.0020089716950563107,0,LOW
2024-02-27 11:00:00,Chamoli-Gauge-1,1,0,0.0020089716950563107,0,LOW
2024-02-27 11:00:00,Kolkata-Gauge-1,2,0,0.0020089716950563107,0,LOW
2024-02-27 11:00:00,Guwahati-Gauge-1,3,0,0.0020089716950563107,0,LOW
2024-02-27 11:00:00,Sonapur-Gauge-1,4,0,0.0020089716950563107,0,LOW
2024-02-27 12:00:00,Chamoli-Gauge-1,1,0,0.002074418098146753,0,LOW
2024-02-27 12:00:00,Kolkata-Gauge-1,2,0,0.0020089716950563107,0,LOW
2024-02-27 12:00:00,Guwahati-Gauge-1,3,0,0.0020089716950563107,0,LOW
2024-02-27 12:00:00,Sonapur-Gauge-1,4,0,0.0020089716950563107,0,LOW
2024-02-27 13:00:00,Chamoli-Gauge-1,1,0,0.002074418098146753,0,LOW
2024-02-27 13:00:00,Kolkata-Gauge-1,2,0,0.0020635205812867007,0,LOW
2024-02-27 13:00:00,Guwahati-Gauge-1,3,0,0.0020089716950563107,0,LOW
2024-02-27 13:00:00,Sonapur-Gauge-1,4,0,0.0020089716950563107,0,LOW
2024-02-27 14:00:00,Chamoli-Gauge-1,1,0,0.002074418098146753,0,LOW
2024-02-27 14:00:00,Kolkata-Gauge-1,2,0,0.002071456167688469,0,LOW
2024-02-27 14:00:00,Guwahati-Gauge-1,3,0,0.0020089716950563107,0,LOW
2024-02-27 14:00:00,Sonapur-Gauge-1,4,0,0.0020089716950563107,0,LOW
2024-02-27 15:00:00,Chamoli-Gauge-1,1,0,0.0020591998176161495,0,LOW
2024-02-27 15:00:00,Kolkata-Gauge-1,2,0,0.002071456167688469,0,LOW
2024-02-27 15:00:00,Guwahati-Gauge-1,3,0,0.0020089716950563107,0,LOW
2024-02-27 15:00:00,Sonapur-Gauge-1,4,0,0.0020089716950563107,0,LOW
2024-02-27 16:00:00,Chamoli-Gauge-1,1,0,0.0020089716950563107,0,LOW
2024-02-27 16:00:00,Kolkata-Gauge-1,2,0,0.0020089716950563107,0,LOW
2024-02-27 16:00:00,Guwahati-Gauge-1,3,0,0.0020089716950563107,0,LOW
2024-02-27 16:00:00,Sonapur-Gauge-1,4,0,0.0020089716950563107,0,LOW
2024-02-27 17:00:00,Chamoli-Gauge-1,1,0,0.0020089716950563107,0,LOW
2024-02-27 17:00:00,Kolkata-Gauge-1,2,0,0.0020089716950563107,0,LOW
2024-02-27 17:00:00,Guwahati-Gauge-1,3,0,0.0020089716950563107,0,LOW
2024-02-27 17:00:00,Sonapur-Gauge-1,4,0,0.0020089716950563107,0,LOW
2024-02-27 18:00:00,Chamoli-Gauge-1,1,0,0.0020089716950563107,0,LOW
2024-02-27 18:00:00,Kolkata-Gauge-1,2,0,0.0020089716950563107,0,LOW
2024-02-27 18:00:00,Guwahati-Gauge-1,3,0,0.0020089716950563107,0,LOW
2024-02-27 18:00:00,Sonapur-Gauge-1,4,0,0.0020089716950563107,0,LOW
2024-02-27 19:00:00,Chamoli-Gauge-1,1,0,0.0020089716950563107,0,LOW
2024-02-27 19:00:00,Kolkata-Gauge-1,2,0,0.0020089716950563107,0,LOW
2024-02-27 19:00:00,Guwahati-Gauge-1,3,0,0.0020089716950563107,0,LOW
2024-02-27 19:00:00,Sonapur-Gauge-1,4,0,0.0020089716950563107,0,LOW
2024-02-27 20:00:00,Chamoli-Gauge-1,1,0,0.0020089716950563107,0,LOW
2024-02-27 20:00:00,Kolkata-Gauge-1,2,0,0.0020089716950563107,0,LOW
2024-02-27 20:00:00,Guwahati-Gauge-1,3,0,0.0020089716950563107,0,LOW
2024-02-27 20:00:00,Sonapur-Gauge-1,4,0,0.0020089716950563107,0,LOW
2024-02-27 21:00:00,Chamoli-Gauge-1,1,0,0.0020089716950563107,0,LOW
2024-02-27 21:00:00,Kolkata-Gauge-1,2,0,0.0020089716950563107,0,LOW
2024-02-27 21:00:00,Guwahati-Gauge-1,3,0,0.0020089716950563107,0,LOW
2024-02-27 21:00:00,Sonapur-Gauge-1,4,0,0.0020089716950563107,0,LOW
2024-02-27 22:00:00,Chamoli-Gauge-1,1,0,0.0020089716950563107,0,LOW
2024-02-27 22:00:00,Kolkata-Gauge-1,2,0,0.0020089716950563107,0,LOW
2024-02-27 22:00:00,Guwahati-Gauge-1,3,0,0.0020089716950563107,0,LOW
2024-02-27 22:00:00,Sonapur-Gauge-1,4,0,0.0020089716950563107,0,LOW
2024-02-27 23:00:00,Chamoli-Gauge-1,1,0,0.0021970024363045736,0,LOW
2024-02-27 23:00:00,Kolkata-Gauge-1,2,0,0.0020089716950563107,0,LOW
2024-02-27 23:00:00,Guwahati-Gauge-1,3,0,0.0020089716950563107,0,LOW
2024-02-27 23:00:00,Sonapur-Gauge-1,4,0,0.0020089716950563107,0,LOW
2024-02-28 00:00:00,Chamoli-Gauge-1,1,0,0.0020089716950563107,0,LOW
2024-02-28 00:00:00,Kolkata-Gauge-1,2,0,0.0020089716950563107,0,LOW
2024-02-28 00:00:00,Guwahati-Gauge-1,3,0,0.0020089716950563107,0,LOW
2024-02-28 00:00:00,Sonapur-Gauge-1,4,0,0.0020089716950563107,0,LOW
2024-02-28 01:00:00,Chamoli-Gauge-1,1,0,0.0020852878658568605,0,LOW
2024-02-28 01:00:00,Kolkata-Gauge-1,2,0,0.0020545656342427143,0,LOW
2024-02-28 01:00:00,Guwahati-Gauge-1,3,0,0.0020089716950563107,0,LOW
2024-02-28 01:00:00,Sonapur-Gauge-1,4,0,0.0020089716950563107,0,LOW
2024-02-28 02:00:00,Chamoli-Gauge-1,1,0,0.00222150310882237,0,LOW
2024-02-28 02:00:00,Kolkata-Gauge-1,2,0,0.0020089716950563107,0,LOW
2024-02-28 02:00:00,Guwahati-Gauge-1,3,0,0.0020089716950563107,0,LOW
2024-02-28 02:00:00,Sonapur-Gauge-1,4,0,0.0020089716950563107,0,LOW
2024-02-28 03:00:00,Chamoli-Gauge-1,1,0,0.002261381967108409,0,LOW
2024-02-28 03:00:00,Kolkata-Gauge-1,2,0,0.0020089716950563107,0,LOW
2024-02-28 03:00:00,Guwahati-Gauge-1,3,0,0.0020089716950563107,0,LOW
2024-02-28 03:00:00,Sonapur-Gauge-1,4,0,0.0020089716950563107,0,LOW
2024-02-28 04:00:00,Chamoli-Gauge-1,1,0,0.0020089716950563107,0,LOW
2024-02-28 04:00:00,Kolkata-Gauge-1,2,0,0.0020089716950563107,0,LOW
2024-02-28 04:00:00,Guwahati-Gauge-1,3,0,0.0020089716950563107,0,LOW
2024-02-28 04:00:00,Sonapur-Gauge-1,4,0,0.0020089716950563107,0,LOW
2024-02-28 05:00:00,Chamoli-Gauge-1,1,0,0.0020089716950563107,0,LOW
2024-02-28 05:00:00,Kolkata-Gauge-1,2,0,0.0020089716950563107,0,LOW
2024-02-28 05:00:00,Guwahati-Gauge-1,3,0,0.0020089716950563107,0,LOW
2024-02-28 05:00:00,Sonapur-Gauge-1,4,0,0.0020089716950563107,0,LOW
2024-02-28 06:00:00,Chamoli-Gauge-1,1,0,0.0020089716950563107,0,LOW
2024-02-28 06:00:00,Kolkata-Gauge-1,2,0,0.0020089716950563107,0,LOW
2024-02-28 06:00:00,Guwahati-Gauge-1,3,0,0.0020089716950563107,0,LOW
2024-02-28 06:00:00,Sonapur-Gauge-1,4,0,0.0020089716950563107,0,LOW
2024-02-28 07:00:00,Chamoli-Gauge-1,1,0,0.0020089716950563107,0,LOW
2024-02-28 07:00:00,Kolkata-Gauge-1,2,0,0.0020089716950563107,0,LOW
2024-02-28 07:00:00,Guwahati-Gauge-1,3,0,0.0020089716950563107,0,LOW
2024-02-28 07:00:00,Sonapur-Gauge-1,4,0,0.0020089716950563107,0,LOW
2024-02-28 08:00:00,Chamoli-Gauge-1,1,0,0.0020089716950563107,0,LOW
2024-02-28 08:00:00,Kolkata-Gauge-1,2,0,0.0020089716950563107,0,LOW
2024-02-28 08:00:00,Guwahati-Gauge-1,3,0,0.0020089716950563107,0,LOW
2024-02-28 08:00:00,Sonapur-Gauge-1,4,0,0.0020089716950563107,0,LOW
2024-02-28 09:00:00,Chamoli-Gauge-1,1,0,0.0020604723395928125,0,LOW
2024-02-28 09:00:00,Kolkata-Gauge-1,2,0,0.0020089716950563107,0,LOW
2024-02-28 09:00:00,Guwahati-Gauge-1,3,0,0.0020089716950563107,0,LOW
2024-02-28 09:00:00,Sonapur-Gauge-1,4,0,0.0020089716950563107,0,LOW
2024-02-28 10:00:00,Chamoli-Gauge-1,1,0,0.0020089716950563107,0,LOW
2024-02-28 10:00:00,Kolkata-Gauge-1,2,0,0.0020089716950563107,0,LOW
2024-02-28 10:00:00,Guwahati-Gauge-1,3,0,0.0020089716950563107,0,LOW
2024-02-28 10:00:00,Sonapur-Gauge-1,4,0,0.0020089716950563107,0,LOW
2024-02-28 11:00:00,Chamoli-Gauge-1,1,0,0.002080840190315951,0,LOW
2024-02-28 11:00:00,Kolkata-Gauge-1,2,0,0.0020542595493491657,0,LOW
2024-02-28 11:00:00,Guwahati-Gauge-1,3,0,0.0020089716950563107,0,LOW
2024-02-28 11:00:00,Sonapur-Gauge-1,4,0,0.0020089716950563107,0,LOW
2024-02-28 12:00:00,Chamoli-Gauge-1,1,0,0.0020089716950563107,0,LOW
2024-02-28 12:00:00,Kolkata-Gauge-1,2,0,0.0020089716950563107,0,LOW
2024-02-28 12:00:00,Guwahati-Gauge-1,3,0,0.0020089716950563107,0,LOW
2024-02-28 12:00:00,Sonapur-Gauge-1,4,0,0.0020089716950563107,0,LOW
2024-02-28 13:00:00,Chamoli-Gauge-1,1,0,0.0020089716950563107,0,LOW
2024-02-28 13:00:00,Kolkata-Gauge-1,2,0,0.0020089716950563107,0,LOW
2024-02-28 13:00:00,Guwahati-Gauge-1,3,0,0.0020089716950563107,0,LOW
2024-02-28 13:00:00,Sonapur-Gauge-1,4,0,0.0020089716950563107,0,LOW
2024-02-28 14:00:00,Chamoli-Gauge-1,1,0,0.0020646433501014566,0,LOW
2024-02-28 14:00:00,Kolkata-Gauge-1,2,0,0.0020089716950563107,0,LOW
2024-02-28 14:00:00,Guwahati-Gauge-1,3,0,0.0020089716950563107,0,LOW
2024-02-28 14:00:00,Sonapur-Gauge-1,4,0,0.0020089716950563107,0,LOW
2024-02-28 15:00:00,Chamoli-Gauge-1,1,0,0.0020089716950563107,0,LOW
2024-02-28 15:00:00,Kolkata-Gauge-1,2,0,0.0020089716950563107,0,LOW
2024-02-28 15:00:00,Guwahati-Gauge-1,3,0,0.0020089716950563107,0,LOW
2024-02-28 15:00:00,Sonapur-Gauge-1,4,0,0.0020089716950563107,0,LOW
2024-02-28 16:00:00,Chamoli-Gauge-1,1,0,0.0020089716950563107,0,LOW
2024-02-28 16:00:00,Kolkata-Gauge-1,2,0,0.0020089716950563107,0,LOW
2024-02-28 16:00:00,Guwahati-Gauge-1,3,0,0.0020089716950563107,0,LOW
2024-02-28 16:00:00,Sonapur-Gauge-1,4,0,0.0020089716950563107,0,LOW
2024-02-28 17:00:00,Chamoli-Gauge-1,1,0,0.0020089716950563107,0,LOW
2024-02-28 17:00:00,Kolkata-Gauge-1,2,0,0.0020089716950563107,0,LOW
2024-02-28 17:00:00,Guwahati-Gauge-1,3,0,0.0020089716950563107,0,LOW
2024-02-28 17:00:00,Sonapur-Gauge-1,4,0,0.0020089716950563107,0,LOW
2024-02-28 18:00:00,Chamoli-Gauge-1,1,0,0.0020089716950563107,0,LOW
2024-02-28 18:00:00,Kolkata-Gauge-1,2,0,0.0020089716950563107,0,LOW
2024-02-28 18:00:00,Guwahati-Gauge-1,3,0,0.0020089716950563107,0,LOW
2024-02-28 18:00:00,Sonapur-Gauge-1,4,0,0.0020089716950563107,0,LOW
2024-02-28 19:00:00,Chamoli-Gauge-1,1,0,0.0020089716950563107,0,LOW
2024-02-28 19:00:00,Kolkata-Gauge-1,2,0,0.0020089716950563107,0,LOW
2024-02-28 19:00:00,Guwahati-Gauge-1,3,0,0.0020089716950563107,0,LOW
2024-02-28 19:00:00,Sonapur-Gauge-1,4,0,0.0020089716950563107,0,LOW
2024-02-28 20:00:00,Chamoli-Gauge-1,1,0,0.0020089716950563107,0,LOW
2024-02-28 20:00:00,Kolkata-Gauge-1,2,0,0.0020089716950563107,0,LOW
2024-02-28 20:00:00,Guwahati-Gauge-1,3,0,0.0020089716950563107,0,LOW
2024-02-28 20:00:00,Sonapur-Gauge-1,4,0,0.0020089716950563107,0,LOW
2024-02-28 21:00:00,Chamoli-Gauge-1,1,0,0.002059219693782324,0,LOW
2024-02-28 21:00:00,Kolkata-Gauge-1,2,0,0.0020089716950563107,0,LOW
2024-02-28 21:00:00,Guwahati-Gauge-1,3,0,0.0020089716950563107,0,LOW
2024-02-28 21:00:00,Sonapur-Gauge-1,4,0,0.0020089716950563107,0,LOW
2024-02-28 22:00:00,Chamoli-Gauge-1,1,0,0.0020089716950563107,0,LOW
2024-02-28 22:00:00,Kolkata-Gauge-1,2,0,0.0020089716950563107,0,LOW
2024-02-28 22:00:00,Guwahati-Gauge-1,3,0,0.0020089716950563107,0,LOW
2024-02-28 22:00:00,Sonapur-Gauge-1,4,0,0.0020089716950563107,0,LOW
2024-02-28 23:00:00,Chamoli-Gauge-1,1,0,0.0023655093916184634,0,LOW
2024-02-28 23:00:00,Kolkata-Gauge-1,2,0,0.0020089716950563107,0,LOW
2024-02-28 23:00:00,Guwahati-Gauge-1,3,0,0.0020089716950563107,0,LOW
2024-02-28 23:00:00,Sonapur-Gauge-1,4,0,0.0020089716950563107,0,LOW
2024-02-29 00:00:00,Chamoli-Gauge-1,1,0,0.0021943661062970308,0,LOW
2024-02-29 00:00:00,Kolkata-Gauge-1,2,0,0.0020089716950563107,0,LOW
2024-02-29 00:00:00,Guwahati-Gauge-1,3,0,0.0020089716950563107,0,LOW
2024-02-29 00:00:00,Sonapur-Gauge-1,4,0,0.0020089716950563107,0,LOW
2024-02-29 01:00:00,Chamoli-Gauge-1,1,0,0.0020089716950563107,0,LOW
2024-02-29 01:00:00,Kolkata-Gauge-1,2,0,0.0020089716950563107,0,LOW
2024-02-29 01:00:00,Guwahati-Gauge-1,3,0,0.0020089716950563107,0,LOW
2024-02-29 01:00:00,Sonapur-Gauge-1,4,0,0.0020089716950563107,0,LOW
2024-02-29 02:00:00,Chamoli-Gauge-1,1,0,0.002171950486540238,0,LOW
2024-02-29 02:00:00,Kolkata-Gauge-1,2,0,0.0020089716950563107,0,LOW
2024-02-29 02:00:00,Guwahati-Gauge-1,3,0,0.0020089716950563107,0,LOW
2024-02-29 02:00:00,Sonapur-Gauge-1,4,0,0.0020089716950563107,0,LOW
2024-02-29 03:00:00,Chamoli-Gauge-1,1,0,0.0020089716950563107,0,LOW
2024-02-29 03:00:00,Kolkata-Gauge-1,2,0,0.0020089716950563107,0,LOW
2024-02-29 03:00:00,Guwahati-Gauge-1,3,0,0.0020089716950563107,0,LOW
2024-02-29 03:00:00,Sonapur-Gauge-1,4,0,0.0020089716950563107,0,LOW
2024-02-29 04:00:00,Chamoli-Gauge-1,1,0,0.0020089716950563107,0,LOW
2024-02-29 04:00:00,Kolkata-Gauge-1,2,0,0.0020089716950563107,0,LOW
2024-02-29 04:00:00,Guwahati-Gauge-1,3,0,0.0020089716950563107,0,LOW
2024-02-29 04:00:00,Sonapur-Gauge-1,4,0,0.0020089716950563107,0,LOW
2024-02-29 05:00:00,Chamoli-Gauge-1,1,0,0.0020089716950563107,0,LOW
2024-02-29 05:00:00,Kolkata-Gauge-1,2,0,0.0020089716950563107,0,LOW
2024-02-29 05:00:00,Guwahati-Gauge-1,3,0,0.0020089716950563107,0,LOW
2024-02-29 05:00:00,Sonapur-Gauge-1,4,0,0.0020089716950563107,0,LOW
2024-02-29 06:00:00,Chamoli-Gauge-1,1,0,0.0020089716950563107,0,LOW
2024-02-29 06:00:00,Kolkata-Gauge-1,2,0,0.0020089716950563107,0,LOW
2024-02-29 06:00:00,Guwahati-Gauge-1,3,0,0.0020089716950563107,0,LOW
2024-02-29 06:00:00,Sonapur-Gauge-1,4,0,0.0020089716950563107,0,LOW
2024-02-29 07:00:00,Chamoli-Gauge-1,1,0,0.0020089716950563107,0,LOW
2024-02-29 07:00:00,Kolkata-Gauge-1,2,0,0.0020089716950563107,0,LOW
2024-02-29 07:00:00,Guwahati-Gauge-1,3,0,0.0020089716950563107,0,LOW
2024-02-29 07:00:00,Sonapur-Gauge-1,4,0,0.0020089716950563107,0,LOW
2024-02-29 08:00:00,Chamoli-Gauge-1,1,0,0.0020089716950563107,0,LOW
2024-02-29 08:00:00,Kolkata-Gauge-1,2,0,0.0020089716950563107,0,LOW
2024-02-29 08:00:00,Guwahati-Gauge-1,3,0,0.0020089716950563107,0,LOW
2024-02-29 08:00:00,Sonapur-Gauge-1,4,0,0.0020089716950563107,0,LOW
2024-02-29 09:00:00,Chamoli-Gauge-1,1,0,0.0020089716950563107,0,LOW
2024-02-29 09:00:00,Kolkata-Gauge-1,2,0,0.0020089716950563107,0,LOW
2024-02-29 09:00:00,Guwahati-Gauge-1,3,0,0.0020089716950563107,0,LOW
2024-02-29 09:00:00,Sonapur-Gauge-1,4,0,0.0020089716950563107,0,LOW
2024-02-29 10:00:00,Chamoli-Gauge-1,1,0,0.0020089716950563107,0,LOW
2024-02-29 10:00:00,Kolkata-Gauge-1,2,0,0.0020089716950563107,0,LOW
2024-02-29 10:00:00,Guwahati-Gauge-1,3,0,0.0020089716950563107,0,LOW
2024-02-29 10:00:00,Sonapur-Gauge-1,4,0,0.0020089716950563107,0,LOW
2024-02-29 11:00:00,Chamoli-Gauge-1,1,0,0.0020089716950563107,0,LOW
2024-02-29 11:00:00,Kolkata-Gauge-1,2,0,0.0020089716950563107,0,LOW
2024-02-29 11:00:00,Guwahati-Gauge-1,3,0,0.0020089716950563107,0,LOW
2024-02-29 11:00:00,Sonapur-Gauge-1,4,0,0.003359933151688394,0,LOW
2024-02-29 12:00:00,Chamoli-Gauge-1,1,0,0.0020089716950563107,0,LOW
2024-02-29 12:00:00,Kolkata-Gauge-1,2,0,0.0020089716950563107,0,LOW
2024-02-29 12:00:00,Guwahati-Gauge-1,3,0,0.0020089716950563107,0,LOW
2024-02-29 12:00:00,Sonapur-Gauge-1,4,0,0.002541523335815312,0,LOW
2024-02-29 13:00:00,Chamoli-Gauge-1,1,0,0.0020089716950563107,0,LOW
2024-02-29 13:00:00,Kolkata-Gauge-1,2,0,0.0020089716950563107,0,LOW
2024-02-29 13:00:00,Guwahati-Gauge-1,3,0,0.0020089716950563107,0,LOW
2024-02-29 13:00:00,Sonapur-Gauge-1,4,0,0.0029384553562944804,0,LOW
2024-02-29 14:00:00,Chamoli-Gauge-1,1,0,0.0020089716950563107,0,LOW
2024-02-29 14:00:00,Kolkata-Gauge-1,2,0,0.0020089716950563107,0,LOW
2024-02-29 14:00:00,Guwahati-Gauge-1,3,0,0.0020089716950563107,0,LOW
2024-02-29 14:00:00,Sonapur-Gauge-1,4,0,0.00208943476187477,0,LOW
2024-02-29 15:00:00,Chamoli-Gauge-1,1,0,0.0020089716950563107,0,LOW
2024-02-29 15:00:00,Kolkata-Gauge-1,2,0,0.0020089716950563107,0,LOW
2024-02-29 15:00:00,Guwahati-Gauge-1,3,0,0.0020089716950563107,0,LOW
2024-02-29 15:00:00,Sonapur-Gauge-1,4,0,0.0020089716950563107,0,LOW
2024-02-29 16:00:00,Chamoli-Gauge-1,1,0,0.0020089716950563107,0,LOW
2024-02-29 16:00:00,Kolkata-Gauge-1,2,0,0.0020089716950563107,0,LOW
2024-02-29 16:00:00,Guwahati-Gauge-1,3,0,0.0020089716950563107,0,LOW
2024-02-29 16:00:00,Sonapur-Gauge-1,4,0,0.0020718422378310964,0,LOW
2024-02-29 17:00:00,Chamoli-Gauge-1,1,0,0.0020089716950563107,0,LOW
2024-02-29 17:00:00,Kolkata-Gauge-1,2,0,0.0020089716950563107,0,LOW
2024-02-29 17:00:00,Guwahati-Gauge-1,3,0,0.0020089716950563107,0,LOW
2024-02-29 17:00:00,Sonapur-Gauge-1,4,0,0.007539323869077257,0,LOW
2024-02-29 18:00:00,Chamoli-Gauge-1,1,0,0.0020089716950563107,0,LOW
2024-02-29 18:00:00,Kolkata-Gauge-1,2,0,0.0020089716950563107,0,LOW
2024-02-29 18:00:00,Guwahati-Gauge-1,3,0,0.0020089716950563107,0,LOW
2024-02-29 18:00:00,Sonapur-Gauge-1,4,0,0.01124299096861005,0,LOW
2024-02-29 19:00:00,Chamoli-Gauge-1,1,0,0.0020089716950563107,0,LOW
2024-02-29 19:00:00,Kolkata-Gauge-1,2,0,0.0020089716950563107,0,LOW
2024-02-29 19:00:00,Guwahati-Gauge-1,3,0,0.0020089716950563107,0,LOW
2024-02-29 19:00:00,Sonapur-Gauge-1,4,0,0.028757661882918752,0,LOW
2024-02-29 20:00:00,Chamoli-Gauge-1,1,0,0.0020089716950563107,0,LOW
2024-02-29 20:00:00,Kolkata-Gauge-1,2,0,0.0020089716950563107,0,LOW
2024-02-29 20:00:00,Guwahati-Gauge-1,3,0,0.0020089716950563107,0,LOW
2024-02-29 20:00:00,Sonapur-Gauge-1,4,0,0.006181841443187893,0,LOW
2024-02-29 21:00:00,Chamoli-Gauge-1,1,0,0.0020089716950563107,0,LOW
2024-02-29 21:00:00,Kolkata-Gauge-1,2,0,0.0020089716950563107,0,LOW
2024-02-29 21:00:00,Guwahati-Gauge-1,3,0,0.0020089716950563107,0,LOW
2024-02-29 21:00:00,Sonapur-Gauge-1,4,0,0.0062585376326848505,0,LOW
2024-02-29 22:00:00,Chamoli-Gauge-1,1,0,0.0020089716950563107,0,LOW
2024-02-29 22:00:00,Kolkata-Gauge-1,2,0,0.0020089716950563107,0,LOW
2024-02-29 22:00:00,Guwahati-Gauge-1,3,0,0.0020089716950563107,0,LOW
2024-02-29 22:00:00,Sonapur-Gauge-1,4,0,0.007856824318609065,0,LOW
2024-02-29 23:00:00,Chamoli-Gauge-1,1,0,0.0020089716950563107,0,LOW
2024-02-29 23:00:00,Kolkata-Gauge-1,2,0,0.0020089716950563107,0,LOW
2024-02-29 23:00:00,Guwahati-Gauge-1,3,0,0.0020089716950563107,0,LOW
2024-02-29 23:00:00,Sonapur-Gauge-1,4,0,0.004205887868839086,0,LOW
2024-03-01 00:00:00,Chamoli-Gauge-1,1,0,0.0020089716950563107,0,LOW
2024-03-01 00:00:00,Kolkata-Gauge-1,2,0,0.0020089716950563107,0,LOW
2024-03-01 00:00:00,Guwahati-Gauge-1,3,0,0.0020089716950563107,0,LOW
2024-03-01 00:00:00,Sonapur-Gauge-1,4,0,0.0028287582514196575,0,LOW
2024-03-01 01:00:00,Chamoli-Gauge-1,1,0,0.0020089716950563107,0,LOW
2024-03-01 01:00:00,Kolkata-Gauge-1,2,0,0.0020089716950563107,0,LOW
2024-03-01 01:00:00,Guwahati-Gauge-1,3,0,0.0020089716950563107,0,LOW
2024-03-01 01:00:00,Sonapur-Gauge-1,4,0,0.003294922727700524,0,LOW
2024-03-01 02:00:00,Chamoli-Gauge-1,1,0,0.0020089716950563107,0,LOW
2024-03-01 02:00:00,Kolkata-Gauge-1,2,0,0.0020089716950563107,0,LOW
2024-03-01 02:00:00,Guwahati-Gauge-1,3,0,0.0020089716950563107,0,LOW
2024-03-01 02:00:00,Sonapur-Gauge-1,4,0,0.002154613336366579,0,LOW
2024-03-01 03:00:00,Chamoli-Gauge-1,1,0,0.0020089716950563107,0,LOW
2024-03-01 03:00:00,Kolkata-Gauge-1,2,0,0.0020089716950563107,0,LOW
2024-03-01 03:00:00,Guwahati-Gauge-1,3,0,0.0020089716950563107,0,LOW
2024-03-01 03:00:00,Sonapur-Gauge-1,4,0,0.002154613336366579,0,LOW
2024-03-01 04:00:00,Chamoli-Gauge-1,1,0,0.0020089716950563107,0,LOW
2024-03-01 04:00:00,Kolkata-Gauge-1,2,0,0.0020089716950563107,0,LOW
2024-03-01 04:00:00,Guwahati-Gauge-1,3,0,0.0020089716950563107,0,LOW
2024-03-01 04:00:00,Sonapur-Gauge-1,4,0,0.0026491247336875093,0,LOW
2024-03-01 05:00:00,Chamoli-Gauge-1,1,0,0.0020089716950563107,0,LOW
2024-03-01 05:00:00,Kolkata-Gauge-1,2,0,0.0020089716950563107,0,LOW
2024-03-01 05:00:00,Guwahati-Gauge-1,3,0,0.0020089716950563107,0,LOW
2024-03-01 05:00:00,Sonapur-Gauge-1,4,0,0.0023351276450742572,0,LOW
2024-03-01 06:00:00,Chamoli-Gauge-1,1,0,0.0020089716950563107,0,LOW
2024-03-01 06:00:00,Kolkata-Gauge-1,2,0,0.0020089716950563107,0,LOW
2024-03-01 06:00:00,Guwahati-Gauge-1,3,0,0.0020089716950563107,0,LOW
2024-03-01 06:00:00,Sonapur-Gauge-1,4,0,0.0022205471864899305,0,LOW
2024-03-01 07:00:00,Chamoli-Gauge-1,1,0,0.0020089716950563107,0,LOW
2024-03-01 07:00:00,Kolkata-Gauge-1,2,0,0.0020089716950563107,0,LOW
2024-03-01 07:00:00,Guwahati-Gauge-1,3,0,0.0020089716950563107,0,LOW
2024-03-01 07:00:00,Sonapur-Gauge-1,4,0,0.0026706277532534007,0,LOW
2024-03-01 08:00:00,Chamoli-Gauge-1,1,0,0.0020089716950563107,0,LOW
2024-03-01 08:00:00,Kolkata-Gauge-1,2,0,0.0020089716950563107,0,LOW
2024-03-01 08:00:00,Guwahati-Gauge-1,3,0,0.0020089716950563107,0,LOW
2024-03-01 08:00:00,Sonapur-Gauge-1,4,0,0.002191551584637787,0,LOW
2024-03-01 09:00:00,Chamoli-Gauge-1,1,0,0.0020089716950563107,0,LOW
2024-03-01 09:00:00,Kolkata-Gauge-1,2,0,0.0020089716950563107,0,LOW
2024-03-01 09:00:00,Guwahati-Gauge-1,3,0,0.0020089716950563107,0,LOW
2024-03-01 09:00:00,Sonapur-Gauge-1,4,0,0.0021541426476965,0,LOW
2024-03-01 10:00:00,Chamoli-Gauge-1,1,0,0.0020089716950563107,0,LOW
2024-03-01 10:00:00,Kolkata-Gauge-1,2,0,0.0020089716950563107,0,LOW
2024-03-01 10:00:00,Guwahati-Gauge-1,3,0,0.0020089716950563107,0,LOW
2024-03-01 10:00:00,Sonapur-Gauge-1,4,0,0.0022874932031824668,0,LOW
2024-03-01 11:00:00,Chamoli-Gauge-1,1,0,0.0020089716950563107,0,LOW
2024-03-01 11:00:00,Kolkata-Gauge-1,2,0,0.0020089716950563107,0,LOW
2024-03-01 11:00:00,Guwahati-Gauge-1,3,0,0.0020089716950563107,0,LOW
2024-03-01 11:00:00,Sonapur-Gauge-1,4,0,0.0020089716950563107,0,LOW
2024-03-01 12:00:00,Chamoli-Gauge-1,1,0,0.0020089716950563107,0,LOW
2024-03-01 12:00:00,Kolkata-Gauge-1,2,0,0.0028506772404819267,0,LOW
2024-03-01 12:00:00,Guwahati-Gauge-1,3,0,0.0020089716950563107,0,LOW
2024-03-01 12:00:00,Sonapur-Gauge-1,4,0,0.002327068480677891,0,LOW
2024-03-01 13:00:00,Chamoli-Gauge-1,1,0,0.0020089716950563107,0,LOW
2024-03-01 13:00:00,Kolkata-Gauge-1,2,0,0.0029365060418056962,0,LOW
2024-03-01 13:00:00,Guwahati-Gauge-1,3,0,0.0020089716950563107,0,LOW
2024-03-01 13:00:00,Sonapur-Gauge-1,4,0,0.0023191790972608827,0,LOW
2024-03-01 14:00:00,Chamoli-Gauge-1,1,0,0.0020089716950563107,0,LOW
2024-03-01 14:00:00,Kolkata-Gauge-1,2,0,0.0032884056538973866,0,LOW
2024-03-01 14:00:00,Guwahati-Gauge-1,3,0,0.0020089716950563107,0,LOW
2024-03-01 14:00:00,Sonapur-Gauge-1,4,0,0.0021303043746667325,0,LOW
2024-03-01 15:00:00,Chamoli-Gauge-1,1,0,0.0020089716950563107,0,LOW
2024-03-01 15:00:00,Kolkata-Gauge-1,2,0,0.007061018802427544,0,LOW
2024-03-01 15:00:00,Guwahati-Gauge-1,3,0,0.0020089716950563107,0,LOW
2024-03-01 15:00:00,Sonapur-Gauge-1,4,0,0.004975421864236271,0,LOW
2024-03-01 16:00:00,Chamoli-Gauge-1,1,0,0.0020089716950563107,0,LOW
2024-03-01 16:00:00,Kolkata-Gauge-1,2,0,0.005414626673261171,0,LOW
2024-03-01 16:00:00,Guwahati-Gauge-1,3,0,0.0020089716950563107,0,LOW
2024-03-01 16:00:00,Sonapur-Gauge-1,4,0,0.014826528395808967,0,LOW
2024-03-01 17:00:00,Chamoli-Gauge-1,1,0,0.0020089716950563107,0,LOW
2024-03-01 17:00:00,Kolkata-Gauge-1,2,0,0.012385846027380373,0,LOW
2024-03-01 17:00:00,Guwahati-Gauge-1,3,0,0.0020089716950563107,0,LOW
2024-03-01 17:00:00,Sonapur-Gauge-1,4,0,0.03668972086105437,0,LOW
2024-03-01 18:00:00,Chamoli-Gauge-1,1,0,0.0020089716950563107,0,LOW
2024-03-01 18:00:00,Kolkata-Gauge-1,2,0,0.013140892842430018,0,LOW
2024-03-01 18:00:00,Guwahati-Gauge-1,3,0,0.0020089716950563107,0,LOW
2024-03-01 18:00:00,Sonapur-Gauge-1,4,0,0.6115487104389328,0,HIGH
2024-03-01 19:00:00,Chamoli-Gauge-1,1,0,0.0020089716950563107,0,LOW
2024-03-01 19:00:00,Kolkata-Gauge-1,2,0,0.00734188954561659,0,LOW
2024-03-01 19:00:00,Guwahati-Gauge-1,3,0,0.0020089716950563107,0,LOW
2024-03-01 19:00:00,Sonapur-Gauge-1,4,1,0.9944595447014031,1,EXTREME
2024-03-01 20:00:00,Chamoli-Gauge-1,1,0,0.0020089716950563107,0,LOW
2024-03-01 20:00:00,Kolkata-Gauge-1,2,0,0.007423597417476125,0,LOW
2024-03-01 20:00:00,Guwahati-Gauge-1,3,0,0.0020089716950563107,0,LOW
2024-03-01 20:00:00,Sonapur-Gauge-1,4,1,0.9985334700974836,1,EXTREME
2024-03-01 21:00:00,Chamoli-Gauge-1,1,0,0.0020089716950563107,0,LOW
2024-03-01 21:00:00,Kolkata-Gauge-1,2,0,0.01137543208026098,0,LOW
2024-03-01 21:00:00,Guwahati-Gauge-1,3,0,0.0020089716950563107,0,LOW
2024-03-01 21:00:00,Sonapur-Gauge-1,4,1,0.9984935721036703,1,EXTREME
2024-03-01 22:00:00,Chamoli-Gauge-1,1,0,0.0020089716950563107,0,LOW
2024-03-01 22:00:00,Kolkata-Gauge-1,2,0,0.00784663607099119,0,LOW
2024-03-01 22:00:00,Guwahati-Gauge-1,3,0,0.0020089716950563107,0,LOW
2024-03-01 22:00:00,Sonapur-Gauge-1,4,1,0.9786132733996686,1,EXTREME
2024-03-01 23:00:00,Chamoli-Gauge-1,1,0,0.0020807098624137047,0,LOW
2024-03-01 23:00:00,Kolkata-Gauge-1,2,0,0.005215676261699828,0,LOW
2024-03-01 23:00:00,Guwahati-Gauge-1,3,0,0.0020089716950563107,0,LOW
2024-03-01 23:00:00,Sonapur-Gauge-1,4,0,0.09847524796918804,0,LOW
2024-03-02 00:00:00,Chamoli-Gauge-1,1,0,0.0020089716950563107,0,LOW
2024-03-02 00:00:00,Kolkata-Gauge-1,2,0,0.0057777869459679655,0,LOW
2024-03-02 00:00:00,Guwahati-Gauge-1,3,0,0.0020089716950563107,0,LOW
2024-03-02 00:00:00,Sonapur-Gauge-1,4,0,0.019545225227650294,0,LOW
2024-03-02 01:00:00,Chamoli-Gauge-1,1,0,0.0020089716950563107,0,LOW
2024-03-02 01:00:00,Kolkata-Gauge-1,2,0,0.0037292544924166105,0,LOW
2024-03-02 01:00:00,Guwahati-Gauge-1,3,0,0.0020089716950563107,0,LOW
2024-03-02 01:00:00,Sonapur-Gauge-1,4,0,0.004898315758575627,0,LOW
2024-03-02 02:00:00,Chamoli-Gauge-1,1,0,0.0020089716950563107,0,LOW
2024-03-02 02:00:00,Kolkata-Gauge-1,2,0,0.0032446195217470685,0,LOW
2024-03-02 02:00:00,Guwahati-Gauge-1,3,0,0.0020089716950563107,0,LOW
2024-03-02 02:00:00,Sonapur-Gauge-1,4,0,0.0029435431793915045,0,LOW
2024-03-02 03:00:00,Chamoli-Gauge-1,1,0,0.0020089716950563107,0,LOW
2024-03-02 03:00:00,Kolkata-Gauge-1,2,0,0.0030826206932805652,0,LOW
2024-03-02 03:00:00,Guwahati-Gauge-1,3,0,0.0020089716950563107,0,LOW
2024-03-02 03:00:00,Sonapur-Gauge-1,4,0,0.0027033626707387787,0,LOW
2024-03-02 04:00:00,Chamoli-Gauge-1,1,0,0.0020089716950563107,0,LOW
2024-03-02 04:00:00,Kolkata-Gauge-1,2,0,0.0025616021794895405,0,LOW
2024-03-02 04:00:00,Guwahati-Gauge-1,3,0,0.0020089716950563107,0,LOW
2024-03-02 04:00:00,Sonapur-Gauge-1,4,0,0.0029291661354978195,0,LOW
2024-03-02 05:00:00,Chamoli-Gauge-1,1,0,0.0020089716950563107,0,LOW
2024-03-02 05:00:00,Kolkata-Gauge-1,2,0,0.002538386321835355,0,LOW
2024-03-02 05:00:00,Guwahati-Gauge-1,3,0,0.0020089716950563107,0,LOW
2024-03-02 05:00:00,Sonapur-Gauge-1,4,0,0.0034391092554658833,0,LOW
2024-03-02 06:00:00,Chamoli-Gauge-1,1,0,0.0020089716950563107,0,LOW
2024-03-02 06:00:00,Kolkata-Gauge-1,2,0,0.00218150663547261,0,LOW
2024-03-02 06:00:00,Guwahati-Gauge-1,3,0,0.0020089716950563107,0,LOW
2024-03-02 06:00:00,Sonapur-Gauge-1,4,0,0.0028589982747343214,0,LOW
2024-03-02 07:00:00,Chamoli-Gauge-1,1,0,0.0020089716950563107,0,LOW
2024-03-02 07:00:00,Kolkata-Gauge-1,2,0,0.002060043527441327,0,LOW
2024-03-02 07:00:00,Guwahati-Gauge-1,3,0,0.0020089716950563107,0,LOW
2024-03-02 07:00:00,Sonapur-Gauge-1,4,0,0.002678156055206934,0,LOW
2024-03-02 08:00:00,Chamoli-Gauge-1,1,0,0.0020089716950563107,0,LOW
2024-03-02 08:00:00,Kolkata-Gauge-1,2,0,0.0022038260891864463,0,LOW
2024-03-02 08:00:00,Guwahati-Gauge-1,3,0,0.0020089716950563107,0,LOW
2024-03-02 08:00:00,Sonapur-Gauge-1,4,0,0.0028804237910832454,0,LOW
2024-03-02 09:00:00,Chamoli-Gauge-1,1,0,0.0020089716950563107,0,LOW
2024-03-02 09:00:00,Kolkata-Gauge-1,2,0,0.0037737398781978963,0,LOW
2024-03-02 09:00:00,Guwahati-Gauge-1,3,0,0.0020089716950563107,0,LOW
2024-03-02 09:00:00,Sonapur-Gauge-1,4,0,0.002765440936097085,0,LOW
2024-03-02 10:00:00,Chamoli-Gauge-1,1,0,0.0020089716950563107,0,LOW
2024-03-02 10:00:00,Kolkata-Gauge-1,2,0,0.0035458502084093385,0,LOW
2024-03-02 10:00:00,Guwahati-Gauge-1,3,0,0.0020089716950563107,0,LOW
2024-03-02 10:00:00,Sonapur-Gauge-1,4,0,0.0020089716950563107,0,LOW
2024-03-02 11:00:00,Chamoli-Gauge-1,1,0,0.0020089716950563107,0,LOW
2024-03-02 11:00:00,Kolkata-Gauge-1,2,0,0.006255735804136982,0,LOW
2024-03-02 11:00:00,Guwahati-Gauge-1,3,0,0.0020089716950563107,0,LOW
2024-03-02 11:00:00,Sonapur-Gauge-1,4,0,0.0020089716950563107,0,LOW
2024-03-02 12:00:00,Chamoli-Gauge-1,1,0,0.0020089716950563107,0,LOW
2024-03-02 12:00:00,Kolkata-Gauge-1,2,0,0.003269156849909167,0,LOW
2024-03-02 12:00:00,Guwahati-Gauge-1,3,0,0.0020089716950563107,0,LOW
2024-03-02 12:00:00,Sonapur-Gauge-1,4,0,0.0020089716950563107,0,LOW
2024-03-02 13:00:00,Chamoli-Gauge-1,1,0,0.0020089716950563107,0,LOW
2024-03-02 13:00:00,Kolkata-Gauge-1,2,0,0.005135480040241243,0,LOW
2024-03-02 13:00:00,Guwahati-Gauge-1,3,0,0.0020089716950563107,0,LOW
2024-03-02 13:00:00,Sonapur-Gauge-1,4,0,0.0020800383016196322,0,LOW
2024-03-02 14:00:00,Chamoli-Gauge-1,1,0,0.0020089716950563107,0,LOW
2024-03-02 14:00:00,Kolkata-Gauge-1,2,0,0.006673455894650449,0,LOW
2024-03-02 14:00:00,Guwahati-Gauge-1,3,0,0.0020089716950563107,0,LOW
2024-03-02 14:00:00,Sonapur-Gauge-1,4,0,0.002123882799648744,0,LOW
2024-03-02 15:00:00,Chamoli-Gauge-1,1,0,0.0020089716950563107,0,LOW
2024-03-02 15:00:00,Kolkata-Gauge-1,2,1,0.6744543814267593,1,HIGH
2024-03-02 15:00:00,Guwahati-Gauge-1,3,0,0.0020089716950563107,0,LOW
2024-03-02 15:00:00,Sonapur-Gauge-1,4,0,0.0020089716950563107,0,LOW
2024-03-02 16:00:00,Chamoli-Gauge-1,1,0,0.0020089716950563107,0,LOW
2024-03-02 16:00:00,Kolkata-Gauge-1,2,1,0.9991797741208999,1,EXTREME
2024-03-02 16:00:00,Guwahati-Gauge-1,3,0,0.0020089716950563107,0,LOW
2024-03-02 16:00:00,Sonapur-Gauge-1,4,0,0.0021991432555459644,0,LOW
2024-03-02 17:00:00,Chamoli-Gauge-1,1,0,0.0020089716950563107,0,LOW
2024-03-02 17:00:00,Kolkata-Gauge-1,2,1,0.9995997970786685,1,EXTREME
2024-03-02 17:00:00,Guwahati-Gauge-1,3,0,0.0020089716950563107,0,LOW
2024-03-02 17:00:00,Sonapur-Gauge-1,4,0,0.0020089716950563107,0,LOW
2024-03-02 18:00:00,Chamoli-Gauge-1,1,0,0.0020089716950563107,0,LOW
2024-03-02 18:00:00,Kolkata-Gauge-1,2,1,0.999615528943611,1,EXTREME
2024-03-02 18:00:00,Guwahati-Gauge-1,3,0,0.0020089716950563107,0,LOW
2024-03-02 18:00:00,Sonapur-Gauge-1,4,0,0.0020089716950563107,0,LOW
2024-03-02 19:00:00,Chamoli-Gauge-1,1,0,0.0020089716950563107,0,LOW
2024-03-02 19:00:00,Kolkata-Gauge-1,2,1,0.999636343209849,1,EXTREME
2024-03-02 19:00:00,Guwahati-Gauge-1,3,0,0.0020089716950563107,0,LOW
2024-03-02 19:00:00,Sonapur-Gauge-1,4,0,0.0020089716950563107,0,LOW
2024-03-02 20:00:00,Chamoli-Gauge-1,1,0,0.0020089716950563107,0,LOW
2024-03-02 20:00:00,Kolkata-Gauge-1,2,1,0.9996436349748402,1,EXTREME
2024-03-02 20:00:00,Guwahati-Gauge-1,3,0,0.0020089716950563107,0,LOW
2024-03-02 20:00:00,Sonapur-Gauge-1,4,0,0.0020089716950563107,0,LOW
2024-03-02 21:00:00,Chamoli-Gauge-1,1,0,0.0020089716950563107,0,LOW
2024-03-02 21:00:00,Kolkata-Gauge-1,2,1,0.9996600608077871,1,EXTREME
2024-03-02 21:00:00,Guwahati-Gauge-1,3,0,0.0020089716950563107,0,LOW
2024-03-02 21:00:00,Sonapur-Gauge-1,4,0,0.002075083467970356,0,LOW
2024-03-02 22:00:00,Chamoli-Gauge-1,1,0,0.0020089716950563107,0,LOW
2024-03-02 22:00:00,Kolkata-Gauge-1,2,1,0.9996584125308631,1,EXTREME
2024-03-02 22:00:00,Guwahati-Gauge-1,3,0,0.0020089716950563107,0,LOW
2024-03-02 22:00:00,Sonapur-Gauge-1,4,0,0.0021892082203377825,0,LOW
2024-03-02 23:00:00,Chamoli-Gauge-1,1,0,0.0020089716950563107,0,LOW
2024-03-02 23:00:00,Kolkata-Gauge-1,2,1,0.9996600608077871,1,EXTREME
2024-03-02 23:00:00,Guwahati-Gauge-1,3,0,0.0020089716950563107,0,LOW
2024-03-02 23:00:00,Sonapur-Gauge-1,4,0,0.0020089716950563107,0,LOW
2024-03-03 00:00:00,Chamoli-Gauge-1,1,0,0.0020089716950563107,0,LOW
2024-03-03 00:00:00,Kolkata-Gauge-1,2,1,0.9996600608077871,1,EXTREME
2024-03-03 00:00:00,Guwahati-Gauge-1,3,0,0.0020089716950563107,0,LOW
2024-03-03 00:00:00,Sonapur-Gauge-1,4,0,0.0020511509825489817,0,LOW
2024-03-03 01:00:00,Chamoli-Gauge-1,1,0,0.0020089716950563107,0,LOW
2024-03-03 01:00:00,Kolkata-Gauge-1,2,1,0.9996600608077871,1,EXTREME
2024-03-03 01:00:00,Guwahati-Gauge-1,3,0,0.0020089716950563107,0,LOW
2024-03-03 01:00:00,Sonapur-Gauge-1,4,0,0.0020511509825489817,0,LOW
2024-03-03 02:00:00,Chamoli-Gauge-1,1,0,0.0020089716950563107,0,LOW
2024-03-03 02:00:00,Kolkata-Gauge-1,2,1,0.9996600608077871,1,EXTREME
2024-03-03 02:00:00,Guwahati-Gauge-1,3,0,0.0020089716950563107,0,LOW
2024-03-03 02:00:00,Sonapur-Gauge-1,4,0,0.0020511509825489817,0,LOW
2024-03-03 03:00:00,Chamoli-Gauge-1,1,0,0.0020089716950563107,0,LOW
2024-03-03 03:00:00,Kolkata-Gauge-1,2,1,0.9996572006901773,1,EXTREME
2024-03-03 03:00:00,Guwahati-Gauge-1,3,0,0.0020089716950563107,0,LOW
2024-03-03 03:00:00,Sonapur-Gauge-1,4,0,0.0020511509825489817,0,LOW
2024-03-03 04:00:00,Chamoli-Gauge-1,1,0,0.0020089716950563107,0,LOW
2024-03-03 04:00:00,Kolkata-Gauge-1,2,1,0.9996600608077871,1,EXTREME
2024-03-03 04:00:00,Guwahati-Gauge-1,3,0,0.0020089716950563107,0,LOW
2024-03-03 04:00:00,Sonapur-Gauge-1,4,0,0.0020511509825489817,0,LOW
2024-03-03 05:00:00,Chamoli-Gauge-1,1,0,0.0020089716950563107,0,LOW
2024-03-03 05:00:00,Kolkata-Gauge-1,2,1,0.9996600608077871,1,EXTREME
2024-03-03 05:00:00,Guwahati-Gauge-1,3,0,0.0020089716950563107,0,LOW
2024-03-03 05:00:00,Sonapur-Gauge-1,4,0,0.0020511509825489817,0,LOW
2024-03-03 06:00:00,Chamoli-Gauge-1,1,0,0.0020089716950563107,0,LOW
2024-03-03 06:00:00,Kolkata-Gauge-1,2,1,0.9996600608077871,1,EXTREME
2024-03-03 06:00:00,Guwahati-Gauge-1,3,0,0.0020089716950563107,0,LOW
2024-03-03 06:00:00,Sonapur-Gauge-1,4,0,0.0020089716950563107,0,LOW
2024-03-03 07:00:00,Chamoli-Gauge-1,1,0,0.0020089716950563107,0,LOW
2024-03-03 07:00:00,Kolkata-Gauge-1,2,1,0.9996600608077871,1,EXTREME
2024-03-03 07:00:00,Guwahati-Gauge-1,3,0,0.0020089716950563107,0,LOW
2024-03-03 07:00:00,Sonapur-Gauge-1,4,0,0.0020089716950563107,0,LOW
2024-03-03 08:00:00,Chamoli-Gauge-1,1,0,0.0020089716950563107,0,LOW
2024-03-03 08:00:00,Kolkata-Gauge-1,2,1,0.9996600608077871,1,EXTREME
2024-03-03 08:00:00,Guwahati-Gauge-1,3,0,0.0020089716950563107,0,LOW
2024-03-03 08:00:00,Sonapur-Gauge-1,4,0,0.0020089716950563107,0,LOW
2024-03-03 09:00:00,Chamoli-Gauge-1,1,0,0.0020089716950563107,0,LOW
2024-03-03 09:00:00,Kolkata-Gauge-1,2,1,0.9996600608077871,1,EXTREME
2024-03-03 09:00:00,Guwahati-Gauge-1,3,0,0.0020089716950563107,0,LOW
2024-03-03 09:00:00,Sonapur-Gauge-1,4,0,0.0020089716950563107,0,LOW
2024-03-03 10:00:00,Chamoli-Gauge-1,1,0,0.0020089716950563107,0,LOW
2024-03-03 10:00:00,Kolkata-Gauge-1,2,1,0.9996600608077871,1,EXTREME
2024-03-03 10:00:00,Guwahati-Gauge-1,3,0,0.0020089716950563107,0,LOW
2024-03-03 10:00:00,Sonapur-Gauge-1,4,0,0.0020089716950563107,0,LOW
2024-03-03 11:00:00,Chamoli-Gauge-1,1,0,0.0020089716950563107,0,LOW
2024-03-03 11:00:00,Kolkata-Gauge-1,2,1,0.9996600608077871,1,EXTREME
2024-03-03 11:00:00,Guwahati-Gauge-1,3,0,0.0020089716950563107,0,LOW
2024-03-03 11:00:00,Sonapur-Gauge-1,4,0,0.0020089716950563107,0,LOW
2024-03-03 12:00:00,Chamoli-Gauge-1,1,0,0.0020089716950563107,0,LOW
2024-03-03 12:00:00,Kolkata-Gauge-1,2,1,0.9996600608077871,1,EXTREME
2024-03-03 12:00:00,Guwahati-Gauge-1,3,0,0.0020089716950563107,0,LOW
2024-03-03 12:00:00,Sonapur-Gauge-1,4,0,0.0020089716950563107,0,LOW
2024-03-03 13:00:00,Chamoli-Gauge-1,1,0,0.0020089716950563107,0,LOW
2024-03-03 13:00:00,Kolkata-Gauge-1,2,1,0.9996562117481986,1,EXTREME
2024-03-03 13:00:00,Guwahati-Gauge-1,3,0,0.0020089716950563107,0,LOW
2024-03-03 13:00:00,Sonapur-Gauge-1,4,0,0.0020089716950563107,0,LOW
2024-03-03 14:00:00,Chamoli-Gauge-1,1,0,0.0020089716950563107,0,LOW
2024-03-03 14:00:00,Kolkata-Gauge-1,2,1,0.9996455269816082,1,EXTREME
2024-03-03 14:00:00,Guwahati-Gauge-1,3,0,0.0020089716950563107,0,LOW
2024-03-03 14:00:00,Sonapur-Gauge-1,4,0,0.0020089716950563107,0,LOW
2024-03-03 15:00:00,Chamoli-Gauge-1,1,0,0.0020089716950563107,0,LOW
2024-03-03 15:00:00,Kolkata-Gauge-1,2,1,0.9996299801761841,1,EXTREME
2024-03-03 15:00:00,Guwahati-Gauge-1,3,0,0.0020089716950563107,0,LOW
2024-03-03 15:00:00,Sonapur-Gauge-1,4,0,0.0020089716950563107,0,LOW
2024-03-03 16:00:00,Chamoli-Gauge-1,1,0,0.0020089716950563107,0,LOW
2024-03-03 16:00:00,Kolkata-Gauge-1,2,1,0.9996567924472889,1,EXTREME
2024-03-03 16:00:00,Guwahati-Gauge-1,3,0,0.0020089716950563107,0,LOW
2024-03-03 16:00:00,Sonapur-Gauge-1,4,0,0.0020089716950563107,0,LOW
2024-03-03 17:00:00,Chamoli-Gauge-1,1,0,0.0020089716950563107,0,LOW
2024-03-03 17:00:00,Kolkata-Gauge-1,2,1,0.9996585006447953,1,EXTREME
2024-03-03 17:00:00,Guwahati-Gauge-1,3,0,0.002080579542657182,0,LOW
2024-03-03 17:00:00,Sonapur-Gauge-1,4,0,0.0020089716950563107,0,LOW
2024-03-03 18:00:00,Chamoli-Gauge-1,1,0,0.0020089716950563107,0,LOW
2024-03-03 18:00:00,Kolkata-Gauge-1,2,1,0.9996574690539913,1,EXTREME
2024-03-03 18:00:00,Guwahati-Gauge-1,3,0,0.002080579542657182,0,LOW
2024-03-03 18:00:00,Sonapur-Gauge-1,4,0,0.0020089716950563107,0,LOW
2024-03-03 19:00:00,Chamoli-Gauge-1,1,0,0.0020089716950563107,0,LOW
2024-03-03 19:00:00,Kolkata-Gauge-1,2,1,0.9996600608077871,1,EXTREME
2024-03-03 19:00:00,Guwahati-Gauge-1,3,0,0.0020089716950563107,0,LOW
2024-03-03 19:00:00,Sonapur-Gauge-1,4,0,0.0020089716950563107,0,LOW
2024-03-03 20:00:00,Chamoli-Gauge-1,1,0,0.0020089716950563107,0,LOW
2024-03-03 20:00:00,Kolkata-Gauge-1,2,1,0.9996600608077871,1,EXTREME
2024-03-03 20:00:00,Guwahati-Gauge-1,3,0,0.0020089716950563107,0,LOW
2024-03-03 20:00:00,Sonapur-Gauge-1,4,0,0.0020089716950563107,0,LOW
2024-03-03 21:00:00,Chamoli-Gauge-1,1,0,0.0020089716950563107,0,LOW
2024-03-03 21:00:00,Kolkata-Gauge-1,2,1,0.9996600608077871,1,EXTREME
2024-03-03 21:00:00,Guwahati-Gauge-1,3,0,0.0020089716950563107,0,LOW
2024-03-03 21:00:00,Sonapur-Gauge-1,4,0,0.0020089716950563107,0,LOW
2024-03-03 22:00:00,Chamoli-Gauge-1,1,0,0.0020089716950563107,0,LOW
2024-03-03 22:00:00,Kolkata-Gauge-1,2,1,0.9996600608077871,1,EXTREME
2024-03-03 22:00:00,Guwahati-Gauge-1,3,0,0.0020089716950563107,0,LOW
2024-03-03 22:00:00,Sonapur-Gauge-1,4,0,0.0020089716950563107,0,LOW
2024-03-03 23:00:00,Chamoli-Gauge-1,1,0,0.0020089716950563107,0,LOW
2024-03-03 23:00:00,Kolkata-Gauge-1,2,1,0.9996582182586544,1,EXTREME
2024-03-03 23:00:00,Guwahati-Gauge-1,3,0,0.0020089716950563107,0,LOW
2024-03-03 23:00:00,Sonapur-Gauge-1,4,0,0.0020089716950563107,0,LOW
2024-03-04 00:00:00,Chamoli-Gauge-1,1,0,0.0020089716950563107,0,LOW
2024-03-04 00:00:00,Kolkata-Gauge-1,2,1,0.9996600608077871,1,EXTREME
2024-03-04 00:00:00,Guwahati-Gauge-1,3,0,0.0020089716950563107,0,LOW
2024-03-04 00:00:00,Sonapur-Gauge-1,4,0,0.0020089716950563107,0,LOW
2024-03-04 01:00:00,Chamoli-Gauge-1,1,0,0.0020089716950563107,0,LOW
2024-03-04 01:00:00,Kolkata-Gauge-1,2,1,0.9996600608077871,1,EXTREME
2024-03-04 01:00:00,Guwahati-Gauge-1,3,0,0.0020089716950563107,0,LOW
2024-03-04 01:00:00,Sonapur-Gauge-1,4,0,0.0020089716950563107,0,LOW
2024-03-04 02:00:00,Chamoli-Gauge-1,1,0,0.0020089716950563107,0,LOW
2024-03-04 02:00:00,Kolkata-Gauge-1,2,1,0.9996600608077871,1,EXTREME
2024-03-04 02:00:00,Guwahati-Gauge-1,3,0,0.0020089716950563107,0,LOW
2024-03-04 02:00:00,Sonapur-Gauge-1,4,0,0.0020089716950563107,0,LOW
2024-03-04 03:00:00,Chamoli-Gauge-1,1,0,0.0020089716950563107,0,LOW
2024-03-04 03:00:00,Kolkata-Gauge-1,2,1,0.9996600608077871,1,EXTREME
2024-03-04 03:00:00,Guwahati-Gauge-1,3,0,0.0020089716950563107,0,LOW
2024-03-04 03:00:00,Sonapur-Gauge-1,4,0,0.0020089716950563107,0,LOW
2024-03-04 04:00:00,Chamoli-Gauge-1,1,0,0.0020089716950563107,0,LOW
2024-03-04 04:00:00,Kolkata-Gauge-1,2,1,0.9996600608077871,1,EXTREME
2024-03-04 04:00:00,Guwahati-Gauge-1,3,0,0.0020089716950563107,0,LOW
2024-03-04 04:00:00,Sonapur-Gauge-1,4,0,0.0020089716950563107,0,LOW
2024-03-04 05:00:00,Chamoli-Gauge-1,1,0,0.0020089716950563107,0,LOW
2024-03-04 05:00:00,Kolkata-Gauge-1,2,1,0.9996600608077871,1,EXTREME
2024-03-04 05:00:00,Guwahati-Gauge-1,3,0,0.0020089716950563107,0,LOW
2024-03-04 05:00:00,Sonapur-Gauge-1,4,0,0.0020089716950563107,0,LOW
2024-03-04 06:00:00,Chamoli-Gauge-1,1,0,0.0020089716950563107,0,LOW
2024-03-04 06:00:00,Kolkata-Gauge-1,2,1,0.9996600608077871,1,EXTREME
2024-03-04 06:00:00,Guwahati-Gauge-1,3,0,0.0020089716950563107,0,LOW
2024-03-04 06:00:00,Sonapur-Gauge-1,4,0,0.0020089716950563107,0,LOW
2024-03-04 07:00:00,Chamoli-Gauge-1,1,0,0.0020089716950563107,0,LOW
2024-03-04 07:00:00,Kolkata-Gauge-1,2,1,0.9996600608077871,1,EXTREME
2024-03-04 07:00:00,Guwahati-Gauge-1,3,0,0.0020089716950563107,0,LOW
2024-03-04 07:00:00,Sonapur-Gauge-1,4,0,0.0020089716950563107,0,LOW
2024-03-04 08:00:00,Chamoli-Gauge-1,1,0,0.0020089716950563107,0,LOW
2024-03-04 08:00:00,Kolkata-Gauge-1,2,1,0.9996600608077871,1,EXTREME
2024-03-04 08:00:00,Guwahati-Gauge-1,3,0,0.0020089716950563107,0,LOW
2024-03-04 08:00:00,Sonapur-Gauge-1,4,0,0.0020089716950563107,0,LOW
2024-03-04 09:00:00,Chamoli-Gauge-1,1,0,0.0020089716950563107,0,LOW
2024-03-04 09:00:00,Kolkata-Gauge-1,2,1,0.9996600608077871,1,EXTREME
2024-03-04 09:00:00,Guwahati-Gauge-1,3,0,0.0020089716950563107,0,LOW
2024-03-04 09:00:00,Sonapur-Gauge-1,4,0,0.0020089716950563107,0,LOW
2024-03-04 10:00:00,Chamoli-Gauge-1,1,0,0.0020089716950563107,0,LOW
2024-03-04 10:00:00,Kolkata-Gauge-1,2,1,0.9996600608077871,1,EXTREME
2024-03-04 10:00:00,Guwahati-Gauge-1,3,0,0.0020089716950563107,0,LOW
2024-03-04 10:00:00,Sonapur-Gauge-1,4,0,0.0020089716950563107,0,LOW
2024-03-04 11:00:00,Chamoli-Gauge-1,1,0,0.0020089716950563107,0,LOW
2024-03-04 11:00:00,Kolkata-Gauge-1,2,1,0.9996523133571664,1,EXTREME
2024-03-04 11:00:00,Guwahati-Gauge-1,3,0,0.0020089716950563107,0,LOW
2024-03-04 11:00:00,Sonapur-Gauge-1,4,0,0.0020089716950563107,0,LOW
2024-03-04 12:00:00,Chamoli-Gauge-1,1,0,0.0020089716950563107,0,LOW
2024-03-04 12:00:00,Kolkata-Gauge-1,2,1,0.9996600608077871,1,EXTREME
2024-03-04 12:00:00,Guwahati-Gauge-1,3,0,0.0020089716950563107,0,LOW
2024-03-04 12:00:00,Sonapur-Gauge-1,4,0,0.0020089716950563107,0,LOW
2024-03-04 13:00:00,Chamoli-Gauge-1,1,0,0.0020089716950563107,0,LOW
2024-03-04 13:00:00,Kolkata-Gauge-1,2,1,0.9996600608077871,1,EXTREME
2024-03-04 13:00:00,Guwahati-Gauge-1,3,0,0.0020089716950563107,0,LOW
2024-03-04 13:00:00,Sonapur-Gauge-1,4,0,0.0020089716950563107,0,LOW
2024-03-04 14:00:00,Chamoli-Gauge-1,1,0,0.0020089716950563107,0,LOW
2024-03-04 14:00:00,Kolkata-Gauge-1,2,1,0.9996582182586544,1,EXTREME
2024-03-04 14:00:00,Guwahati-Gauge-1,3,0,0.0020089716950563107,0,LOW
2024-03-04 14:00:00,Sonapur-Gauge-1,4,0,0.0020089716950563107,0,LOW
2024-03-04 15:00:00,Chamoli-Gauge-1,1,0,0.0020089716950563107,0,LOW
2024-03-04 15:00:00,Kolkata-Gauge-1,2,1,0.9996600608077871,1,EXTREME
2024-03-04 15:00:00,Guwahati-Gauge-1,3,0,0.0020089716950563107,0,LOW
2024-03-04 15:00:00,Sonapur-Gauge-1,4,0,0.0020089716950563107,0,LOW
2024-03-04 16:00:00,Chamoli-Gauge-1,1,0,0.0020089716950563107,0,LOW
2024-03-04 16:00:00,Kolkata-Gauge-1,2,1,0.9996582182586544,1,EXTREME
2024-03-04 16:00:00,Guwahati-Gauge-1,3,0,0.0020089716950563107,0,LOW
2024-03-04 16:00:00,Sonapur-Gauge-1,4,0,0.0020089716950563107,0,LOW
2024-03-04 17:00:00,Chamoli-Gauge-1,1,0,0.0020089716950563107,0,LOW
2024-03-04 17:00:00,Kolkata-Gauge-1,2,1,0.9996600608077871,1,EXTREME
2024-03-04 17:00:00,Guwahati-Gauge-1,3,0,0.0020089716950563107,0,LOW
2024-03-04 17:00:00,Sonapur-Gauge-1,4,0,0.0020089716950563107,0,LOW
2024-03-04 18:00:00,Chamoli-Gauge-1,1,0,0.0020089716950563107,0,LOW
2024-03-04 18:00:00,Kolkata-Gauge-1,2,1,0.9996600608077871,1,EXTREME
2024-03-04 18:00:00,Guwahati-Gauge-1,3,0,0.0020089716950563107,0,LOW
2024-03-04 18:00:00,Sonapur-Gauge-1,4,0,0.0020089716950563107,0,LOW
2024-03-04 19:00:00,Chamoli-Gauge-1,1,0,0.0020089716950563107,0,LOW
2024-03-04 19:00:00,Kolkata-Gauge-1,2,1,0.9996600608077871,1,EXTREME
2024-03-04 19:00:00,Guwahati-Gauge-1,3,0,0.0020089716950563107,0,LOW
2024-03-04 19:00:00,Sonapur-Gauge-1,4,0,0.0020089716950563107,0,LOW
2024-03-04 20:00:00,Chamoli-Gauge-1,1,0,0.0020089716950563107,0,LOW
2024-03-04 20:00:00,Kolkata-Gauge-1,2,1,0.9996600608077871,1,EXTREME
2024-03-04 20:00:00,Guwahati-Gauge-1,3,0,0.0020089716950563107,0,LOW
2024-03-04 20:00:00,Sonapur-Gauge-1,4,0,0.0020089716950563107,0,LOW
2024-03-04 21:00:00,Chamoli-Gauge-1,1,0,0.0020089716950563107,0,LOW
2024-03-04 21:00:00,Kolkata-Gauge-1,2,1,0.9996600608077871,1,EXTREME
2024-03-04 21:00:00,Guwahati-Gauge-1,3,0,0.0020089716950563107,0,LOW
2024-03-04 21:00:00,Sonapur-Gauge-1,4,0,0.0020089716950563107,0,LOW
2024-03-04 22:00:00,Chamoli-Gauge-1,1,0,0.0020089716950563107,0,LOW
2024-03-04 22:00:00,Kolkata-Gauge-1,2,1,0.9996600608077871,1,EXTREME
2024-03-04 22:00:00,Guwahati-Gauge-1,3,0,0.0020089716950563107,0,LOW
2024-03-04 22:00:00,Sonapur-Gauge-1,4,0,0.0020089716950563107,0,LOW
2024-03-04 23:00:00,Chamoli-Gauge-1,1,0,0.0020089716950563107,0,LOW
2024-03-04 23:00:00,Kolkata-Gauge-1,2,1,0.9996600608077871,1,EXTREME
2024-03-04 23:00:00,Guwahati-Gauge-1,3,0,0.0020089716950563107,0,LOW
2024-03-04 23:00:00,Sonapur-Gauge-1,4,0,0.0020089716950563107,0,LOW
2024-03-05 00:00:00,Chamoli-Gauge-1,1,0,0.0020089716950563107,0,LOW
2024-03-05 00:00:00,Kolkata-Gauge-1,2,1,0.9996600608077871,1,EXTREME
2024-03-05 00:00:00,Guwahati-Gauge-1,3,0,0.0020089716950563107,0,LOW
2024-03-05 00:00:00,Sonapur-Gauge-1,4,0,0.0020089716950563107,0,LOW
2024-03-05 01:00:00,Chamoli-Gauge-1,1,0,0.0020089716950563107,0,LOW
2024-03-05 01:00:00,Kolkata-Gauge-1,2,1,0.9996600608077871,1,EXTREME
2024-03-05 01:00:00,Guwahati-Gauge-1,3,0,0.0020089716950563107,0,LOW
2024-03-05 01:00:00,Sonapur-Gauge-1,4,0,0.0020089716950563107,0,LOW
2024-03-05 02:00:00,Chamoli-Gauge-1,1,0,0.0020089716950563107,0,LOW
2024-03-05 02:00:00,Kolkata-Gauge-1,2,1,0.9996600608077871,1,EXTREME
2024-03-05 02:00:00,Guwahati-Gauge-1,3,0,0.0020089716950563107,0,LOW
2024-03-05 02:00:00,Sonapur-Gauge-1,4,0,0.0020089716950563107,0,LOW
2024-03-05 03:00:00,Chamoli-Gauge-1,1,0,0.0020089716950563107,0,LOW
2024-03-05 03:00:00,Kolkata-Gauge-1,2,1,0.9996600608077871,1,EXTREME
2024-03-05 03:00:00,Guwahati-Gauge-1,3,0,0.0020089716950563107,0,LOW
2024-03-05 03:00:00,Sonapur-Gauge-1,4,0,0.002071703011374429,0,LOW
2024-03-05 04:00:00,Chamoli-Gauge-1,1,0,0.0020089716950563107,0,LOW
2024-03-05 04:00:00,Kolkata-Gauge-1,2,1,0.9996600608077871,1,EXTREME
2024-03-05 04:00:00,Guwahati-Gauge-1,3,0,0.0020089716950563107,0,LOW
2024-03-05 04:00:00,Sonapur-Gauge-1,4,0,0.0020089716950563107,0,LOW
2024-03-05 05:00:00,Chamoli-Gauge-1,1,0,0.0020089716950563107,0,LOW
2024-03-05 05:00:00,Kolkata-Gauge-1,2,1,0.9996600608077871,1,EXTREME
2024-03-05 05:00:00,Guwahati-Gauge-1,3,0,0.0020089716950563107,0,LOW
2024-03-05 05:00:00,Sonapur-Gauge-1,4,0,0.0020089716950563107,0,LOW
2024-03-05 06:00:00,Chamoli-Gauge-1,1,0,0.0020089716950563107,0,LOW
2024-03-05 06:00:00,Kolkata-Gauge-1,2,1,0.9996600608077871,1,EXTREME
2024-03-05 06:00:00,Guwahati-Gauge-1,3,0,0.0020089716950563107,0,LOW
2024-03-05 06:00:00,Sonapur-Gauge-1,4,0,0.0020089716950563107,0,LOW
2024-03-05 07:00:00,Chamoli-Gauge-1,1,0,0.0020089716950563107,0,LOW
2024-03-05 07:00:00,Kolkata-Gauge-1,2,1,0.9996600608077871,1,EXTREME
2024-03-05 07:00:00,Guwahati-Gauge-1,3,0,0.0020089716950563107,0,LOW
2024-03-05 07:00:00,Sonapur-Gauge-1,4,0,0.0020089716950563107,0,LOW
2024-03-05 08:00:00,Chamoli-Gauge-1,1,0,0.0020089716950563107,0,LOW
2024-03-05 08:00:00,Kolkata-Gauge-1,2,1,0.9996600608077871,1,EXTREME
2024-03-05 08:00:00,Guwahati-Gauge-1,3,0,0.0020089716950563107,0,LOW
2024-03-05 08:00:00,Sonapur-Gauge-1,4,0,0.0020089716950563107,0,LOW
2024-03-05 09:00:00,Chamoli-Gauge-1,1,0,0.0020089716950563107,0,LOW
2024-03-05 09:00:00,Kolkata-Gauge-1,2,1,0.9996600608077871,1,EXTREME
2024-03-05 09:00:00,Guwahati-Gauge-1,3,0,0.0020089716950563107,0,LOW
2024-03-05 09:00:00,Sonapur-Gauge-1,4,0,0.0020089716950563107,0,LOW
2024-03-05 10:00:00,Chamoli-Gauge-1,1,0,0.0020089716950563107,0,LOW
2024-03-05 10:00:00,Kolkata-Gauge-1,2,1,0.9996600608077871,1,EXTREME
2024-03-05 10:00:00,Guwahati-Gauge-1,3,0,0.0020089716950563107,0,LOW
2024-03-05 10:00:00,Sonapur-Gauge-1,4,0,0.0020089716950563107,0,LOW
2024-03-05 11:00:00,Chamoli-Gauge-1,1,0,0.0020089716950563107,0,LOW
2024-03-05 11:00:00,Kolkata-Gauge-1,2,1,0.9996600608077871,1,EXTREME
2024-03-05 11:00:00,Guwahati-Gauge-1,3,0,0.0020757648688984553,0,LOW
2024-03-05 11:00:00,Sonapur-Gauge-1,4,0,0.0020089716950563107,0,LOW
2024-03-05 12:00:00,Chamoli-Gauge-1,1,0,0.0020089716950563107,0,LOW
2024-03-05 12:00:00,Kolkata-Gauge-1,2,1,0.9996600608077871,1,EXTREME
2024-03-05 12:00:00,Guwahati-Gauge-1,3,0,0.0020089716950563107,0,LOW
2024-03-05 12:00:00,Sonapur-Gauge-1,4,0,0.0020089716950563107,0,LOW
2024-03-05 13:00:00,Chamoli-Gauge-1,1,0,0.0020089716950563107,0,LOW
2024-03-05 13:00:00,Kolkata-Gauge-1,2,1,0.9996580672791708,1,EXTREME
2024-03-05 13:00:00,Guwahati-Gauge-1,3,0,0.0020762390573173797,0,LOW
2024-03-05 13:00:00,Sonapur-Gauge-1,4,0,0.0020089716950563107,0,LOW
2024-03-05 14:00:00,Chamoli-Gauge-1,1,0,0.0020089716950563107,0,LOW
2024-03-05 14:00:00,Kolkata-Gauge-1,2,1,0.9996593944545387,1,EXTREME
2024-03-05 14:00:00,Guwahati-Gauge-1,3,0,0.0020089716950563107,0,LOW
2024-03-05 14:00:00,Sonapur-Gauge-1,4,0,0.0020089716950563107,0,LOW
2024-03-05 15:00:00,Chamoli-Gauge-1,1,0,0.0020089716950563107,0,LOW
2024-03-05 15:00:00,Kolkata-Gauge-1,2,1,0.999652129636277,1,EXTREME
2024-03-05 15:00:00,Guwahati-Gauge-1,3,0,0.0020089716950563107,0,LOW
2024-03-05 15:00:00,Sonapur-Gauge-1,4,0,0.0020089716950563107,0,LOW
2024-03-05 16:00:00,Chamoli-Gauge-1,1,0,0.0020089716950563107,0,LOW
2024-03-05 16:00:00,Kolkata-Gauge-1,2,1,0.9996589760728304,1,EXTREME
2024-03-05 16:00:00,Guwahati-Gauge-1,3,0,0.0020089716950563107,0,LOW
2024-03-05 16:00:00,Sonapur-Gauge-1,4,0,0.0020089716950563107,0,LOW
2024-03-05 17:00:00,Chamoli-Gauge-1,1,0,0.0020089716950563107,0,LOW
2024-03-05 17:00:00,Kolkata-Gauge-1,2,1,0.9996593944545387,1,EXTREME
2024-03-05 17:00:00,Guwahati-Gauge-1,3,0,0.0020089716950563107,0,LOW
2024-03-05 17:00:00,Sonapur-Gauge-1,4,0,0.0020089716950563107,0,LOW
2024-03-05 18:00:00,Chamoli-Gauge-1,1,0,0.0020089716950563107,0,LOW
2024-03-05 18:00:00,Kolkata-Gauge-1,2,1,0.9996593944545387,1,EXTREME
2024-03-05 18:00:00,Guwahati-Gauge-1,3,0,0.0020089716950563107,0,LOW
2024-03-05 18:00:00,Sonapur-Gauge-1,4,0,0.0020089716950563107,0,LOW
2024-03-05 19:00:00,Chamoli-Gauge-1,1,0,0.0020089716950563107,0,LOW
2024-03-05 19:00:00,Kolkata-Gauge-1,2,1,0.9996600608077871,1,EXTREME
2024-03-05 19:00:00,Guwahati-Gauge-1,3,0,0.0020089716950563107,0,LOW
2024-03-05 19:00:00,Sonapur-Gauge-1,4,0,0.0020089716950563107,0,LOW
2024-03-05 20:00:00,Chamoli-Gauge-1,1,0,0.0020089716950563107,0,LOW
2024-03-05 20:00:00,Kolkata-Gauge-1,2,1,0.9996600608077871,1,EXTREME
2024-03-05 20:00:00,Guwahati-Gauge-1,3,0,0.0020089716950563107,0,LOW
2024-03-05 20:00:00,Sonapur-Gauge-1,4,0,0.0020089716950563107,0,LOW
2024-03-05 21:00:00,Chamoli-Gauge-1,1,0,0.0020089716950563107,0,LOW
2024-03-05 21:00:00,Kolkata-Gauge-1,2,1,0.9996600608077871,1,EXTREME
2024-03-05 21:00:00,Guwahati-Gauge-1,3,0,0.0020089716950563107,0,LOW
2024-03-05 21:00:00,Sonapur-Gauge-1,4,0,0.0020089716950563107,0,LOW
2024-03-05 22:00:00,Chamoli-Gauge-1,1,0,0.0020089716950563107,0,LOW
2024-03-05 22:00:00,Kolkata-Gauge-1,2,1,0.9996600608077871,1,EXTREME
2024-03-05 22:00:00,Guwahati-Gauge-1,3,0,0.0020089716950563107,0,LOW
2024-03-05 22:00:00,Sonapur-Gauge-1,4,0,0.0020089716950563107,0,LOW
2024-03-05 23:00:00,Chamoli-Gauge-1,1,0,0.0020089716950563107,0,LOW
2024-03-05 23:00:00,Kolkata-Gauge-1,2,1,0.9996600608077871,1,EXTREME
2024-03-05 23:00:00,Guwahati-Gauge-1,3,0,0.0020089716950563107,0,LOW
2024-03-05 23:00:00,Sonapur-Gauge-1,4,0,0.0020089716950563107,0,LOW
2024-03-06 00:00:00,Chamoli-Gauge-1,1,0,0.0020089716950563107,0,LOW
2024-03-06 00:00:00,Kolkata-Gauge-1,2,1,0.9996600608077871,1,EXTREME
2024-03-06 00:00:00,Guwahati-Gauge-1,3,0,0.0020089716950563107,0,LOW
2024-03-06 00:00:00,Sonapur-Gauge-1,4,0,0.0020089716950563107,0,LOW
2024-03-06 01:00:00,Chamoli-Gauge-1,1,0,0.0020089716950563107,0,LOW
2024-03-06 01:00:00,Kolkata-Gauge-1,2,1,0.9996600608077871,1,EXTREME
2024-03-06 01:00:00,Guwahati-Gauge-1,3,0,0.0020089716950563107,0,LOW
2024-03-06 01:00:00,Sonapur-Gauge-1,4,0,0.0020089716950563107,0,LOW
2024-03-06 02:00:00,Chamoli-Gauge-1,1,0,0.0020089716950563107,0,LOW
2024-03-06 02:00:00,Kolkata-Gauge-1,2,1,0.9996600608077871,1,EXTREME
2024-03-06 02:00:00,Guwahati-Gauge-1,3,0,0.0020089716950563107,0,LOW
2024-03-06 02:00:00,Sonapur-Gauge-1,4,0,0.0020089716950563107,0,LOW
2024-03-06 03:00:00,Chamoli-Gauge-1,1,0,0.0020089716950563107,0,LOW
2024-03-06 03:00:00,Kolkata-Gauge-1,2,1,0.9996550610500623,1,EXTREME
2024-03-06 03:00:00,Guwahati-Gauge-1,3,0,0.0020089716950563107,0,LOW
2024-03-06 03:00:00,Sonapur-Gauge-1,4,0,0.0020089716950563107,0,LOW
2024-03-06 04:00:00,Chamoli-Gauge-1,1,0,0.0020089716950563107,0,LOW
2024-03-06 04:00:00,Kolkata-Gauge-1,2,1,0.9996581938916658,1,EXTREME
2024-03-06 04:00:00,Guwahati-Gauge-1,3,0,0.0020089716950563107,0,LOW
2024-03-06 04:00:00,Sonapur-Gauge-1,4,0,0.0020089716950563107,0,LOW
2024-03-06 05:00:00,Chamoli-Gauge-1,1,0,0.0020089716950563107,0,LOW
2024-03-06 05:00:00,Kolkata-Gauge-1,2,1,0.9996597250689296,1,EXTREME
2024-03-06 05:00:00,Guwahati-Gauge-1,3,0,0.0020089716950563107,0,LOW
2024-03-06 05:00:00,Sonapur-Gauge-1,4,0,0.0020089716950563107,0,LOW
2024-03-06 06:00:00,Chamoli-Gauge-1,1,0,0.0020089716950563107,0,LOW
2024-03-06 06:00:00,Kolkata-Gauge-1,2,1,0.9996600608077871,1,EXTREME
2024-03-06 06:00:00,Guwahati-Gauge-1,3,0,0.0020089716950563107,0,LOW
2024-03-06 06:00:00,Sonapur-Gauge-1,4,0,0.0020089716950563107,0,LOW
2024-03-06 07:00:00,Chamoli-Gauge-1,1,0,0.0020759095464017285,0,LOW
2024-03-06 07:00:00,Kolkata-Gauge-1,2,1,0.9996600608077871,1,EXTREME
2024-03-06 07:00:00,Guwahati-Gauge-1,3,0,0.0020089716950563107,0,LOW
2024-03-06 07:00:00,Sonapur-Gauge-1,4,0,0.0020089716950563107,0,LOW
2024-03-06 08:00:00,Chamoli-Gauge-1,1,0,0.0020089716950563107,0,LOW
2024-03-06 08:00:00,Kolkata-Gauge-1,2,1,0.9996595631385732,1,EXTREME
2024-03-06 08:00:00,Guwahati-Gauge-1,3,0,0.0020089716950563107,0,LOW
2024-03-06 08:00:00,Sonapur-Gauge-1,4,0,0.0020089716950563107,0,LOW
2024-03-06 09:00:00,Chamoli-Gauge-1,1,0,0.002051551877551721,0,LOW
2024-03-06 09:00:00,Kolkata-Gauge-1,2,1,0.9996600608077871,1,EXTREME
2024-03-06 09:00:00,Guwahati-Gauge-1,3,0,0.0020089716950563107,0,LOW
2024-03-06 09:00:00,Sonapur-Gauge-1,4,0,0.0020089716950563107,0,LOW
2024-03-06 10:00:00,Chamoli-Gauge-1,1,0,0.0020089716950563107,0,LOW
2024-03-06 10:00:00,Kolkata-Gauge-1,2,1,0.999658233104571,1,EXTREME
2024-03-06 10:00:00,Guwahati-Gauge-1,3,0,0.0020089716950563107,0,LOW
2024-03-06 10:00:00,Sonapur-Gauge-1,4,0,0.0020089716950563107,0,LOW
2024-03-06 11:00:00,Chamoli-Gauge-1,1,0,0.002071548633775303,0,LOW
2024-03-06 11:00:00,Kolkata-Gauge-1,2,1,0.9996600608077871,1,EXTREME
2024-03-06 11:00:00,Guwahati-Gauge-1,3,0,0.0020089716950563107,0,LOW
2024-03-06 11:00:00,Sonapur-Gauge-1,4,0,0.0020089716950563107,0,LOW
2024-03-06 12:00:00,Chamoli-Gauge-1,1,0,0.0020089716950563107,0,LOW
2024-03-06 12:00:00,Kolkata-Gauge-1,2,1,0.9996600608077871,1,EXTREME
2024-03-06 12:00:00,Guwahati-Gauge-1,3,0,0.0020089716950563107,0,LOW
2024-03-06 12:00:00,Sonapur-Gauge-1,4,0,0.0020089716950563107,0,LOW
2024-03-06 13:00:00,Chamoli-Gauge-1,1,0,0.0020089716950563107,0,LOW
2024-03-06 13:00:00,Kolkata-Gauge-1,2,1,0.999657067424351,1,EXTREME
2024-03-06 13:00:00,Guwahati-Gauge-1,3,0,0.0020089716950563107,0,LOW
2024-03-06 13:00:00,Sonapur-Gauge-1,4,0,0.0020089716950563107,0,LOW
2024-03-06 14:00:00,Chamoli-Gauge-1,1,0,0.0020089716950563107,0,LOW
2024-03-06 14:00:00,Kolkata-Gauge-1,2,1,0.9996568386697877,1,EXTREME
2024-03-06 14:00:00,Guwahati-Gauge-1,3,0,0.0020089716950563107,0,LOW
2024-03-06 14:00:00,Sonapur-Gauge-1,4,0,0.0020089716950563107,0,LOW
2024-03-06 15:00:00,Chamoli-Gauge-1,1,0,0.0020089716950563107,0,LOW
2024-03-06 15:00:00,Kolkata-Gauge-1,2,1,0.9996548144414968,1,EXTREME
2024-03-06 15:00:00,Guwahati-Gauge-1,3,0,0.0020089716950563107,0,LOW
2024-03-06 15:00:00,Sonapur-Gauge-1,4,0,0.0020089716950563107,0,LOW
2024-03-06 16:00:00,Chamoli-Gauge-1,1,0,0.002178326216125507,0,LOW
2024-03-06 16:00:00,Kolkata-Gauge-1,2,1,0.9996558700248814,1,EXTREME
2024-03-06 16:00:00,Guwahati-Gauge-1,3,0,0.0020089716950563107,0,LOW
2024-03-06 16:00:00,Sonapur-Gauge-1,4,0,0.0020089716950563107,0,LOW
2024-03-06 17:00:00,Chamoli-Gauge-1,1,0,0.0020089716950563107,0,LOW
2024-03-06 17:00:00,Kolkata-Gauge-1,2,1,0.9996575105070361,1,EXTREME
2024-03-06 17:00:00,Guwahati-Gauge-1,3,0,0.0020089716950563107,0,LOW
2024-03-06 17:00:00,Sonapur-Gauge-1,4,0,0.0020089716950563107,0,LOW
2024-03-06 18:00:00,Chamoli-Gauge-1,1,0,0.0020089716950563107,0,LOW
2024-03-06 18:00:00,Kolkata-Gauge-1,2,1,0.9996563250759666,1,EXTREME
2024-03-06 18:00:00,Guwahati-Gauge-1,3,0,0.0020089716950563107,0,LOW
2024-03-06 18:00:00,Sonapur-Gauge-1,4,0,0.0020089716950563107,0,LOW
2024-03-06 19:00:00,Chamoli-Gauge-1,1,0,0.0020089716950563107,0,LOW
2024-03-06 19:00:00,Kolkata-Gauge-1,2,1,0.999595305670288,1,EXTREME
2024-03-06 19:00:00,Guwahati-Gauge-1,3,0,0.0020089716950563107,0,LOW
2024-03-06 19:00:00,Sonapur-Gauge-1,4,0,0.0020089716950563107,0,LOW
2024-03-06 20:00:00,Chamoli-Gauge-1,1,0,0.0020089716950563107,0,LOW
2024-03-06 20:00:00,Kolkata-Gauge-1,2,1,0.999645418019693,1,EXTREME
2024-03-06 20:00:00,Guwahati-Gauge-1,3,0,0.0020089716950563107,0,LOW
2024-03-06 20:00:00,Sonapur-Gauge-1,4,0,0.0020089716950563107,0,LOW
2024-03-06 21:00:00,Chamoli-Gauge-1,1,0,0.0020089716950563107,0,LOW
2024-03-06 21:00:00,Kolkata-Gauge-1,2,1,0.9996442844682891,1,EXTREME
2024-03-06 21:00:00,Guwahati-Gauge-1,3,0,0.0020089716950563107,0,LOW
2024-03-06 21:00:00,Sonapur-Gauge-1,4,0,0.0020089716950563107,0,LOW
2024-03-06 22:00:00,Chamoli-Gauge-1,1,0,0.0020089716950563107,0,LOW
2024-03-06 22:00:00,Kolkata-Gauge-1,2,1,0.9996301376580043,1,EXTREME
2024-03-06 22:00:00,Guwahati-Gauge-1,3,0,0.0020089716950563107,0,LOW
2024-03-06 22:00:00,Sonapur-Gauge-1,4,0,0.0020089716950563107,0,LOW
2024-03-06 23:00:00,Chamoli-Gauge-1,1,0,0.0020089716950563107,0,LOW
2024-03-06 23:00:00,Kolkata-Gauge-1,2,1,0.9995681040931109,1,EXTREME
2024-03-06 23:00:00,Guwahati-Gauge-1,3,0,0.0020089716950563107,0,LOW
2024-03-06 23:00:00,Sonapur-Gauge-1,4,0,0.0020089716950563107,0,LOW
2024-03-07 00:00:00,Chamoli-Gauge-1,1,0,0.0020758043078112865,0,LOW
2024-03-07 00:00:00,Kolkata-Gauge-1,2,1,0.99841631629017,1,EXTREME
2024-03-07 00:00:00,Guwahati-Gauge-1,3,0,0.0020089716950563107,0,LOW
2024-03-07 00:00:00,Sonapur-Gauge-1,4,0,0.0020089716950563107,0,LOW
2024-03-07 01:00:00,Chamoli-Gauge-1,1,0,0.0020758043078112865,0,LOW
2024-03-07 01:00:00,Kolkata-Gauge-1,2,0,0.11961318739052425,0,LOW
2024-03-07 01:00:00,Guwahati-Gauge-1,3,0,0.0020089716950563107,0,LOW
2024-03-07 01:00:00,Sonapur-Gauge-1,4,0,0.0020089716950563107,0,LOW
2024-03-07 02:00:00,Chamoli-Gauge-1,1,0,0.0020089716950563107,0,LOW
2024-03-07 02:00:00,Kolkata-Gauge-1,2,0,0.007261207498189449,0,LOW
2024-03-07 02:00:00,Guwahati-Gauge-1,3,0,0.0020089716950563107,0,LOW
2024-03-07 02:00:00,Sonapur-Gauge-1,4,0,0.0020089716950563107,0,LOW
2024-03-07 03:00:00,Chamoli-Gauge-1,1,0,0.0020089716950563107,0,LOW
2024-03-07 03:00:00,Kolkata-Gauge-1,2,0,0.05049594728982463,0,LOW
2024-03-07 03:00:00,Guwahati-Gauge-1,3,0,0.0020089716950563107,0,LOW
2024-03-07 03:00:00,Sonapur-Gauge-1,4,0,0.0020089716950563107,0,LOW
2024-03-07 04:00:00,Chamoli-Gauge-1,1,0,0.0020089716950563107,0,LOW
2024-03-07 04:00:00,Kolkata-Gauge-1,2,0,0.0033362121875519586,0,LOW
2024-03-07 04:00:00,Guwahati-Gauge-1,3,0,0.0020089716950563107,0,LOW
2024-03-07 04:00:00,Sonapur-Gauge-1,4,0,0.0020089716950563107,0,LOW
2024-03-07 05:00:00,Chamoli-Gauge-1,1,0,0.0020089716950563107,0,LOW
2024-03-07 05:00:00,Kolkata-Gauge-1,2,0,0.002313307338276563,0,LOW
2024-03-07 05:00:00,Guwahati-Gauge-1,3,0,0.0020089716950563107,0,LOW
2024-03-07 05:00:00,Sonapur-Gauge-1,4,0,0.0020089716950563107,0,LOW
2024-03-07 06:00:00,Chamoli-Gauge-1,1,0,0.0020089716950563107,0,LOW
2024-03-07 06:00:00,Kolkata-Gauge-1,2,0,0.0032686723202266063,0,LOW
2024-03-07 06:00:00,Guwahati-Gauge-1,3,0,0.0020089716950563107,0,LOW
2024-03-07 06:00:00,Sonapur-Gauge-1,4,0,0.0020089716950563107,0,LOW
2024-03-07 07:00:00,Chamoli-Gauge-1,1,0,0.0020089716950563107,0,LOW
2024-03-07 07:00:00,Kolkata-Gauge-1,2,0,0.0030157069153653546,0,LOW
2024-03-07 07:00:00,Guwahati-Gauge-1,3,0,0.0020089716950563107,0,LOW
2024-03-07 07:00:00,Sonapur-Gauge-1,4,0,0.0020089716950563107,0,LOW
2024-03-07 08:00:00,Chamoli-Gauge-1,1,0,0.0020089716950563107,0,LOW
2024-03-07 08:00:00,Kolkata-Gauge-1,2,0,0.0021827774656684117,0,LOW
2024-03-07 08:00:00,Guwahati-Gauge-1,3,0,0.0020089716950563107,0,LOW
2024-03-07 08:00:00,Sonapur-Gauge-1,4,0,0.0020089716950563107,0,LOW
2024-03-07 09:00:00,Chamoli-Gauge-1,1,0,0.0020089716950563107,0,LOW
2024-03-07 09:00:00,Kolkata-Gauge-1,2,0,0.0022317651703817293,0,LOW
2024-03-07 09:00:00,Guwahati-Gauge-1,3,0,0.0020089716950563107,0,LOW
2024-03-07 09:00:00,Sonapur-Gauge-1,4,0,0.0020089716950563107,0,LOW
2024-03-07 10:00:00,Chamoli-Gauge-1,1,0,0.0020089716950563107,0,LOW
2024-03-07 10:00:00,Kolkata-Gauge-1,2,0,0.0024958884241456382,0,LOW
2024-03-07 10:00:00,Guwahati-Gauge-1,3,0,0.0020089716950563107,0,LOW
2024-03-07 10:00:00,Sonapur-Gauge-1,4,0,0.0020089716950563107,0,LOW
2024-03-07 11:00:00,Chamoli-Gauge-1,1,0,0.0020089716950563107,0,LOW
2024-03-07 11:00:00,Kolkata-Gauge-1,2,0,0.002573593094021077,0,LOW
2024-03-07 11:00:00,Guwahati-Gauge-1,3,0,0.0020089716950563107,0,LOW
2024-03-07 11:00:00,Sonapur-Gauge-1,4,0,0.0020089716950563107,0,LOW
2024-03-07 12:00:00,Chamoli-Gauge-1,1,0,0.0020089716950563107,0,LOW
2024-03-07 12:00:00,Kolkata-Gauge-1,2,0,0.002242499952242298,0,LOW
2024-03-07 12:00:00,Guwahati-Gauge-1,3,0,0.0020089716950563107,0,LOW
2024-03-07 12:00:00,Sonapur-Gauge-1,4,0,0.0020089716950563107,0,LOW
2024-03-07 13:00:00,Chamoli-Gauge-1,1,0,0.0020089716950563107,0,LOW
2024-03-07 13:00:00,Kolkata-Gauge-1,2,0,0.003066067506452697,0,LOW
2024-03-07 13:00:00,Guwahati-Gauge-1,3,0,0.0020089716950563107,0,LOW
2024-03-07 13:00:00,Sonapur-Gauge-1,4,0,0.0020089716950563107,0,LOW
2024-03-07 14:00:00,Chamoli-Gauge-1,1,0,0.0020089716950563107,0,LOW
2024-03-07 14:00:00,Kolkata-Gauge-1,2,0,0.003867752786839002,0,LOW
2024-03-07 14:00:00,Guwahati-Gauge-1,3,0,0.0020089716950563107,0,LOW
2024-03-07 14:00:00,Sonapur-Gauge-1,4,0,0.0020089716950563107,0,LOW
2024-03-07 15:00:00,Chamoli-Gauge-1,1,0,0.0020089716950563107,0,LOW
2024-03-07 15:00:00,Kolkata-Gauge-1,2,0,0.0021933185888399,0,LOW
2024-03-07 15:00:00,Guwahati-Gauge-1,3,0,0.0020089716950563107,0,LOW
2024-03-07 15:00:00,Sonapur-Gauge-1,4,0,0.0020089716950563107,0,LOW
2024-03-07 16:00:00,Chamoli-Gauge-1,1,0,0.0020089716950563107,0,LOW
2024-03-07 16:00:00,Kolkata-Gauge-1,2,0,0.002123233819782065,0,LOW
2024-03-07 16:00:00,Guwahati-Gauge-1,3,0,0.0020089716950563107,0,LOW
2024-03-07 16:00:00,Sonapur-Gauge-1,4,0,0.0020089716950563107,0,LOW
2024-03-07 17:00:00,Chamoli-Gauge-1,1,0,0.0020089716950563107,0,LOW
2024-03-07 17:00:00,Kolkata-Gauge-1,2,0,0.002176061275405777,0,LOW
2024-03-07 17:00:00,Guwahati-Gauge-1,3,0,0.0020089716950563107,0,LOW
2024-03-07 17:00:00,Sonapur-Gauge-1,4,0,0.0020089716950563107,0,LOW
2024-03-07 18:00:00,Chamoli-Gauge-1,1,0,0.0020089716950563107,0,LOW
2024-03-07 18:00:00,Kolkata-Gauge-1,2,0,0.0022498145456173227,0,LOW
2024-03-07 18:00:00,Guwahati-Gauge-1,3,0,0.0020089716950563107,0,LOW
2024-03-07 18:00:00,Sonapur-Gauge-1,4,0,0.0020089716950563107,0,LOW
2024-03-07 19:00:00,Chamoli-Gauge-1,1,0,0.0020089716950563107,0,LOW
2024-03-07 19:00:00,Kolkata-Gauge-1,2,0,0.0020089716950563107,0,LOW
2024-03-07 19:00:00,Guwahati-Gauge-1,3,0,0.0020089716950563107,0,LOW
2024-03-07 19:00:00,Sonapur-Gauge-1,4,0,0.0020089716950563107,0,LOW
2024-03-07 20:00:00,Chamoli-Gauge-1,1,0,0.0020089716950563107,0,LOW
2024-03-07 20:00:00,Kolkata-Gauge-1,2,0,0.0020089716950563107,0,LOW
2024-03-07 20:00:00,Guwahati-Gauge-1,3,0,0.0020089716950563107,0,LOW
2024-03-07 20:00:00,Sonapur-Gauge-1,4,0,0.0020089716950563107,0,LOW
2024-03-07 21:00:00,Chamoli-Gauge-1,1,0,0.0020089716950563107,0,LOW
2024-03-07 21:00:00,Kolkata-Gauge-1,2,0,0.0020089716950563107,0,LOW
2024-03-07 21:00:00,Guwahati-Gauge-1,3,0,0.0020089716950563107,0,LOW
2024-03-07 21:00:00,Sonapur-Gauge-1,4,0,0.0020089716950563107,0,LOW
2024-03-07 22:00:00,Chamoli-Gauge-1,1,0,0.0020089716950563107,0,LOW
2024-03-07 22:00:00,Kolkata-Gauge-1,2,0,0.0020089716950563107,0,LOW
2024-03-07 22:00:00,Guwahati-Gauge-1,3,0,0.0020089716950563107,0,LOW
2024-03-07 22:00:00,Sonapur-Gauge-1,4,0,0.0020089716950563107,0,LOW
2024-03-07 23:00:00,Chamoli-Gauge-1,1,0,0.0020089716950563107,0,LOW
2024-03-07 23:00:00,Kolkata-Gauge-1,2,0,0.0020089716950563107,0,LOW
2024-03-07 23:00:00,Guwahati-Gauge-1,3,0,0.0020089716950563107,0,LOW
2024-03-07 23:00:00,Sonapur-Gauge-1,4,0,0.0020089716950563107,0,LOW
2024-03-08 00:00:00,Chamoli-Gauge-1,1,0,0.0020089716950563107,0,LOW
2024-03-08 00:00:00,Kolkata-Gauge-1,2,0,0.0020089716950563107,0,LOW
2024-03-08 00:00:00,Guwahati-Gauge-1,3,0,0.0020089716950563107,0,LOW
2024-03-08 00:00:00,Sonapur-Gauge-1,4,0,0.0020089716950563107,0,LOW
2024-03-08 01:00:00,Chamoli-Gauge-1,1,0,0.0020089716950563107,0,LOW
2024-03-08 01:00:00,Kolkata-Gauge-1,2,0,0.0020089716950563107,0,LOW
2024-03-08 01:00:00,Guwahati-Gauge-1,3,0,0.0020089716950563107,0,LOW
2024-03-08 01:00:00,Sonapur-Gauge-1,4,0,0.0020089716950563107,0,LOW
2024-03-08 02:00:00,Chamoli-Gauge-1,1,0,0.0020089716950563107,0,LOW
2024-03-08 02:00:00,Kolkata-Gauge-1,2,0,0.0020089716950563107,0,LOW
2024-03-08 02:00:00,Guwahati-Gauge-1,3,0,0.0020089716950563107,0,LOW
2024-03-08 02:00:00,Sonapur-Gauge-1,4,0,0.0020089716950563107,0,LOW
2024-03-08 03:00:00,Chamoli-Gauge-1,1,0,0.0020089716950563107,0,LOW
2024-03-08 03:00:00,Kolkata-Gauge-1,2,0,0.0020089716950563107,0,LOW
2024-03-08 03:00:00,Guwahati-Gauge-1,3,0,0.0020089716950563107,0,LOW
2024-03-08 03:00:00,Sonapur-Gauge-1,4,0,0.0020089716950563107,0,LOW
2024-03-08 04:00:00,Chamoli-Gauge-1,1,0,0.0020089716950563107,0,LOW
2024-03-08 04:00:00,Kolkata-Gauge-1,2,0,0.0020089716950563107,0,LOW
2024-03-08 04:00:00,Guwahati-Gauge-1,3,0,0.0020089716950563107,0,LOW
2024-03-08 04:00:00,Sonapur-Gauge-1,4,0,0.0020089716950563107,0,LOW
2024-03-08 05:00:00,Chamoli-Gauge-1,1,0,0.0020089716950563107,0,LOW
2024-03-08 05:00:00,Kolkata-Gauge-1,2,0,0.0020089716950563107,0,LOW
2024-03-08 05:00:00,Guwahati-Gauge-1,3,0,0.0020089716950563107,0,LOW
2024-03-08 05:00:00,Sonapur-Gauge-1,4,0,0.0020089716950563107,0,LOW
2024-03-08 06:00:00,Chamoli-Gauge-1,1,0,0.0020089716950563107,0,LOW
2024-03-08 06:00:00,Kolkata-Gauge-1,2,0,0.002071950713331346,0,LOW
2024-03-08 06:00:00,Guwahati-Gauge-1,3,0,0.0020089716950563107,0,LOW
2024-03-08 06:00:00,Sonapur-Gauge-1,4,0,0.0020089716950563107,0,LOW
2024-03-08 07:00:00,Chamoli-Gauge-1,1,0,0.0020089716950563107,0,LOW
2024-03-08 07:00:00,Kolkata-Gauge-1,2,0,0.0020089716950563107,0,LOW
2024-03-08 07:00:00,Guwahati-Gauge-1,3,0,0.0020089716950563107,0,LOW
2024-03-08 07:00:00,Sonapur-Gauge-1,4,0,0.0020089716950563107,0,LOW
2024-03-08 08:00:00,Chamoli-Gauge-1,1,0,0.0022032570440790227,0,LOW
2024-03-08 08:00:00,Kolkata-Gauge-1,2,0,0.002072105964885484,0,LOW
2024-03-08 08:00:00,Guwahati-Gauge-1,3,0,0.0020089716950563107,0,LOW
2024-03-08 08:00:00,Sonapur-Gauge-1,4,0,0.0020089716950563107,0,LOW
2024-03-08 09:00:00,Chamoli-Gauge-1,1,0,0.003251166466531425,0,LOW
2024-03-08 09:00:00,Kolkata-Gauge-1,2,0,0.0020089716950563107,0,LOW
2024-03-08 09:00:00,Guwahati-Gauge-1,3,0,0.0020089716950563107,0,LOW
2024-03-08 09:00:00,Sonapur-Gauge-1,4,0,0.0020089716950563107,0,LOW
2024-03-08 10:00:00,Chamoli-Gauge-1,1,0,0.002692982634456424,0,LOW
2024-03-08 10:00:00,Kolkata-Gauge-1,2,0,0.0020089716950563107,0,LOW
2024-03-08 10:00:00,Guwahati-Gauge-1,3,0,0.0020089716950563107,0,LOW
2024-03-08 10:00:00,Sonapur-Gauge-1,4,0,0.0020089716950563107,0,LOW
2024-03-08 11:00:00,Chamoli-Gauge-1,1,0,0.0023455453128231733,0,LOW
2024-03-08 11:00:00,Kolkata-Gauge-1,2,0,0.0020089716950563107,0,LOW
2024-03-08 11:00:00,Guwahati-Gauge-1,3,0,0.0020089716950563107,0,LOW
2024-03-08 11:00:00,Sonapur-Gauge-1,4,0,0.0020089716950563107,0,LOW
2024-03-08 12:00:00,Chamoli-Gauge-1,1,0,0.0024898191714159534,0,LOW
2024-03-08 12:00:00,Kolkata-Gauge-1,2,0,0.0020089716950563107,0,LOW
2024-03-08 12:00:00,Guwahati-Gauge-1,3,0,0.0020089716950563107,0,LOW
2024-03-08 12:00:00,Sonapur-Gauge-1,4,0,0.0020089716950563107,0,LOW
2024-03-08 13:00:00,Chamoli-Gauge-1,1,0,0.0022940336106226757,0,LOW
2024-03-08 13:00:00,Kolkata-Gauge-1,2,0,0.0020089716950563107,0,LOW
2024-03-08 13:00:00,Guwahati-Gauge-1,3,0,0.0020089716950563107,0,LOW
2024-03-08 13:00:00,Sonapur-Gauge-1,4,0,0.0020089716950563107,0,LOW
2024-03-08 14:00:00,Chamoli-Gauge-1,1,0,0.0023488267723665844,0,LOW
2024-03-08 14:00:00,Kolkata-Gauge-1,2,0,0.0020089716950563107,0,LOW
2024-03-08 14:00:00,Guwahati-Gauge-1,3,0,0.0020089716950563107,0,LOW
2024-03-08 14:00:00,Sonapur-Gauge-1,4,0,0.0020089716950563107,0,LOW
2024-03-08 15:00:00,Chamoli-Gauge-1,1,0,0.0021937226647033735,0,LOW
2024-03-08 15:00:00,Kolkata-Gauge-1,2,0,0.0020089716950563107,0,LOW
2024-03-08 15:00:00,Guwahati-Gauge-1,3,0,0.0020089716950563107,0,LOW
2024-03-08 15:00:00,Sonapur-Gauge-1,4,0,0.0020089716950563107,0,LOW
2024-03-08 16:00:00,Chamoli-Gauge-1,1,0,0.0020556704229023116,0,LOW
2024-03-08 16:00:00,Kolkata-Gauge-1,2,0,0.0020089716950563107,0,LOW
2024-03-08 16:00:00,Guwahati-Gauge-1,3,0,0.0020089716950563107,0,LOW
2024-03-08 16:00:00,Sonapur-Gauge-1,4,0,0.0020089716950563107,0,LOW
2024-03-08 17:00:00,Chamoli-Gauge-1,1,0,0.0020089716950563107,0,LOW
2024-03-08 17:00:00,Kolkata-Gauge-1,2,0,0.0020089716950563107,0,LOW
2024-03-08 17:00:00,Guwahati-Gauge-1,3,0,0.0020089716950563107,0,LOW
2024-03-08 17:00:00,Sonapur-Gauge-1,4,0,0.0020089716950563107,0,LOW
2024-03-08 18:00:00,Chamoli-Gauge-1,1,0,0.0020653261492113166,0,LOW
2024-03-08 18:00:00,Kolkata-Gauge-1,2,0,0.0020089716950563107,0,LOW
2024-03-08 18:00:00,Guwahati-Gauge-1,3,0,0.0020089716950563107,0,LOW
2024-03-08 18:00:00,Sonapur-Gauge-1,4,0,0.0020089716950563107,0,LOW
2024-03-08 19:00:00,Chamoli-Gauge-1,1,0,0.0021124926946779455,0,LOW
2024-03-08 19:00:00,Kolkata-Gauge-1,2,0,0.0020089716950563107,0,LOW
2024-03-08 19:00:00,Guwahati-Gauge-1,3,0,0.0020089716950563107,0,LOW
2024-03-08 19:00:00,Sonapur-Gauge-1,4,0,0.0020089716950563107,0,LOW
2024-03-08 20:00:00,Chamoli-Gauge-1,1,0,0.0020089716950563107,0,LOW
2024-03-08 20:00:00,Kolkata-Gauge-1,2,0,0.0020089716950563107,0,LOW
2024-03-08 20:00:00,Guwahati-Gauge-1,3,0,0.0020089716950563107,0,LOW
2024-03-08 20:00:00,Sonapur-Gauge-1,4,0,0.0020089716950563107,0,LOW
2024-03-08 21:00:00,Chamoli-Gauge-1,1,0,0.0021174962139021447,0,LOW
2024-03-08 21:00:00,Kolkata-Gauge-1,2,0,0.0020089716950563107,0,LOW
2024-03-08 21:00:00,Guwahati-Gauge-1,3,0,0.0020089716950563107,0,LOW
2024-03-08 21:00:00,Sonapur-Gauge-1,4,0,0.0020089716950563107,0,LOW
2024-03-08 22:00:00,Chamoli-Gauge-1,1,0,0.00204762422177747,0,LOW
2024-03-08 22:00:00,Kolkata-Gauge-1,2,0,0.0020089716950563107,0,LOW
2024-03-08 22:00:00,Guwahati-Gauge-1,3,0,0.0020089716950563107,0,LOW
2024-03-08 22:00:00,Sonapur-Gauge-1,4,0,0.0020089716950563107,0,LOW
2024-03-08 23:00:00,Chamoli-Gauge-1,1,0,0.0020709956336121206,0,LOW
2024-03-08 23:00:00,Kolkata-Gauge-1,2,0,0.0020089716950563107,0,LOW
2024-03-08 23:00:00,Guwahati-Gauge-1,3,0,0.0020089716950563107,0,LOW
2024-03-08 23:00:00,Sonapur-Gauge-1,4,0,0.0020089716950563107,0,LOW
2024-03-09 00:00:00,Chamoli-Gauge-1,1,0,0.0020089716950563107,0,LOW
2024-03-09 00:00:00,Kolkata-Gauge-1,2,0,0.0020089716950563107,0,LOW
2024-03-09 00:00:00,Guwahati-Gauge-1,3,0,0.0020089716950563107,0,LOW
2024-03-09 00:00:00,Sonapur-Gauge-1,4,0,0.0020089716950563107,0,LOW
2024-03-09 01:00:00,Chamoli-Gauge-1,1,0,0.0020089716950563107,0,LOW
2024-03-09 01:00:00,Kolkata-Gauge-1,2,0,0.0020089716950563107,0,LOW
2024-03-09 01:00:00,Guwahati-Gauge-1,3,0,0.0020089716950563107,0,LOW
2024-03-09 01:00:00,Sonapur-Gauge-1,4,0,0.0020089716950563107,0,LOW
2024-03-09 02:00:00,Chamoli-Gauge-1,1,0,0.0020089716950563107,0,LOW
2024-03-09 02:00:00,Kolkata-Gauge-1,2,0,0.0020089716950563107,0,LOW
2024-03-09 02:00:00,Guwahati-Gauge-1,3,0,0.0020089716950563107,0,LOW
2024-03-09 02:00:00,Sonapur-Gauge-1,4,0,0.0020089716950563107,0,LOW
2024-03-09 03:00:00,Chamoli-Gauge-1,1,0,0.002075515412288661,0,LOW
2024-03-09 03:00:00,Kolkata-Gauge-1,2,0,0.0020089716950563107,0,LOW
2024-03-09 03:00:00,Guwahati-Gauge-1,3,0,0.0020089716950563107,0,LOW
2024-03-09 03:00:00,Sonapur-Gauge-1,4,0,0.0020089716950563107,0,LOW
2024-03-09 04:00:00,Chamoli-Gauge-1,1,0,0.0020089716950563107,0,LOW
2024-03-09 04:00:00,Kolkata-Gauge-1,2,0,0.0020089716950563107,0,LOW
2024-03-09 04:00:00,Guwahati-Gauge-1,3,0,0.0020089716950563107,0,LOW
2024-03-09 04:00:00,Sonapur-Gauge-1,4,0,0.0020089716950563107,0,LOW
2024-03-09 05:00:00,Chamoli-Gauge-1,1,0,0.002075515412288661,0,LOW
2024-03-09 05:00:00,Kolkata-Gauge-1,2,0,0.0020089716950563107,0,LOW
2024-03-09 05:00:00,Guwahati-Gauge-1,3,0,0.0020089716950563107,0,LOW
2024-03-09 05:00:00,Sonapur-Gauge-1,4,0,0.0020089716950563107,0,LOW
2024-03-09 06:00:00,Chamoli-Gauge-1,1,0,0.002120062695680722,0,LOW
2024-03-09 06:00:00,Kolkata-Gauge-1,2,0,0.0020089716950563107,0,LOW
2024-03-09 06:00:00,Guwahati-Gauge-1,3,0,0.0020089716950563107,0,LOW
2024-03-09 06:00:00,Sonapur-Gauge-1,4,0,0.0020089716950563107,0,LOW
2024-03-09 07:00:00,Chamoli-Gauge-1,1,0,0.002071904203632463,0,LOW
2024-03-09 07:00:00,Kolkata-Gauge-1,2,0,0.0020089716950563107,0,LOW
2024-03-09 07:00:00,Guwahati-Gauge-1,3,0,0.0020089716950563107,0,LOW
2024-03-09 07:00:00,Sonapur-Gauge-1,4,0,0.0020089716950563107,0,LOW
2024-03-09 08:00:00,Chamoli-Gauge-1,1,0,0.0020089716950563107,0,LOW
2024-03-09 08:00:00,Kolkata-Gauge-1,2,0,0.0020653633342553896,0,LOW
2024-03-09 08:00:00,Guwahati-Gauge-1,3,0,0.0020089716950563107,0,LOW
2024-03-09 08:00:00,Sonapur-Gauge-1,4,0,0.0020089716950563107,0,LOW
2024-03-09 09:00:00,Chamoli-Gauge-1,1,0,0.0020089716950563107,0,LOW
2024-03-09 09:00:00,Kolkata-Gauge-1,2,0,0.0020803690433333633,0,LOW
2024-03-09 09:00:00,Guwahati-Gauge-1,3,0,0.0020089716950563107,0,LOW
2024-03-09 09:00:00,Sonapur-Gauge-1,4,0,0.0020089716950563107,0,LOW
2024-03-09 10:00:00,Chamoli-Gauge-1,1,0,0.0020089716950563107,0,LOW
2024-03-09 10:00:00,Kolkata-Gauge-1,2,0,0.0020089716950563107,0,LOW
2024-03-09 10:00:00,Guwahati-Gauge-1,3,0,0.0020089716950563107,0,LOW
2024-03-09 10:00:00,Sonapur-Gauge-1,4,0,0.0020089716950563107,0,LOW
2024-03-09 11:00:00,Chamoli-Gauge-1,1,0,0.0020089716950563107,0,LOW
2024-03-09 11:00:00,Kolkata-Gauge-1,2,0,0.0021159136827948385,0,LOW
2024-03-09 11:00:00,Guwahati-Gauge-1,3,0,0.0020089716950563107,0,LOW
2024-03-09 11:00:00,Sonapur-Gauge-1,4,0,0.0020089716950563107,0,LOW
2024-03-09 12:00:00,Chamoli-Gauge-1,1,0,0.0020089716950563107,0,LOW
2024-03-09 12:00:00,Kolkata-Gauge-1,2,0,0.0020089716950563107,0,LOW
2024-03-09 12:00:00,Guwahati-Gauge-1,3,0,0.0020089716950563107,0,LOW
2024-03-09 12:00:00,Sonapur-Gauge-1,4,0,0.0020089716950563107,0,LOW
2024-03-09 13:00:00,Chamoli-Gauge-1,1,0,0.0020089716950563107,0,LOW
2024-03-09 13:00:00,Kolkata-Gauge-1,2,0,0.0020089716950563107,0,LOW
2024-03-09 13:00:00,Guwahati-Gauge-1,3,0,0.0020089716950563107,0,LOW
2024-03-09 13:00:00,Sonapur-Gauge-1,4,0,0.0020089716950563107,0,LOW
2024-03-09 14:00:00,Chamoli-Gauge-1,1,0,0.0020089716950563107,0,LOW
2024-03-09 14:00:00,Kolkata-Gauge-1,2,0,0.0020089716950563107,0,LOW
2024-03-09 14:00:00,Guwahati-Gauge-1,3,0,0.0020089716950563107,0,LOW
2024-03-09 14:00:00,Sonapur-Gauge-1,4,0,0.0020089716950563107,0,LOW
2024-03-09 15:00:00,Chamoli-Gauge-1,1,0,0.0020089716950563107,0,LOW
2024-03-09 15:00:00,Kolkata-Gauge-1,2,0,0.0020089716950563107,0,LOW
2024-03-09 15:00:00,Guwahati-Gauge-1,3,0,0.0020089716950563107,0,LOW
2024-03-09 15:00:00,Sonapur-Gauge-1,4,0,0.0020089716950563107,0,LOW
2024-03-09 16:00:00,Chamoli-Gauge-1,1,0,0.0020089716950563107,0,LOW
2024-03-09 16:00:00,Kolkata-Gauge-1,2,0,0.0020089716950563107,0,LOW
2024-03-09 16:00:00,Guwahati-Gauge-1,3,0,0.0020089716950563107,0,LOW
2024-03-09 16:00:00,Sonapur-Gauge-1,4,0,0.0020089716950563107,0,LOW
2024-03-09 17:00:00,Chamoli-Gauge-1,1,0,0.0020089716950563107,0,LOW
2024-03-09 17:00:00,Kolkata-Gauge-1,2,0,0.0020089716950563107,0,LOW
2024-03-09 17:00:00,Guwahati-Gauge-1,3,0,0.0020089716950563107,0,LOW
2024-03-09 17:00:00,Sonapur-Gauge-1,4,0,0.0020089716950563107,0,LOW
2024-03-09 18:00:00,Chamoli-Gauge-1,1,0,0.0020089716950563107,0,LOW
2024-03-09 18:00:00,Kolkata-Gauge-1,2,0,0.0020089716950563107,0,LOW
2024-03-09 18:00:00,Guwahati-Gauge-1,3,0,0.0020089716950563107,0,LOW
2024-03-09 18:00:00,Sonapur-Gauge-1,4,0,0.0020089716950563107,0,LOW
2024-03-09 19:00:00,Chamoli-Gauge-1,1,0,0.0020089716950563107,0,LOW
2024-03-09 19:00:00,Kolkata-Gauge-1,2,0,0.0020089716950563107,0,LOW
2024-03-09 19:00:00,Guwahati-Gauge-1,3,0,0.0020089716950563107,0,LOW
2024-03-09 19:00:00,Sonapur-Gauge-1,4,0,0.0020089716950563107,0,LOW
2024-03-09 20:00:00,Chamoli-Gauge-1,1,0,0.0020089716950563107,0,LOW
2024-03-09 20:00:00,Kolkata-Gauge-1,2,0,0.0020089716950563107,0,LOW
2024-03-09 20:00:00,Guwahati-Gauge-1,3,0,0.0020089716950563107,0,LOW
2024-03-09 20:00:00,Sonapur-Gauge-1,4,0,0.0020089716950563107,0,LOW
2024-03-09 21:00:00,Chamoli-Gauge-1,1,0,0.0020089716950563107,0,LOW
2024-03-09 21:00:00,Kolkata-Gauge-1,2,0,0.0020089716950563107,0,LOW
2024-03-09 21:00:00,Guwahati-Gauge-1,3,0,0.0020089716950563107,0,LOW
2024-03-09 21:00:00,Sonapur-Gauge-1,4,0,0.0020089716950563107,0,LOW
2024-03-09 22:00:00,Chamoli-Gauge-1,1,0,0.0020089716950563107,0,LOW
2024-03-09 22:00:00,Kolkata-Gauge-1,2,0,0.0020089716950563107,0,LOW
2024-03-09 22:00:00,Guwahati-Gauge-1,3,0,0.0020089716950563107,0,LOW
2024-03-09 22:00:00,Sonapur-Gauge-1,4,0,0.0020089716950563107,0,LOW
2024-03-09 23:00:00,Chamoli-Gauge-1,1,0,0.0021119434313448143,0,LOW
2024-03-09 23:00:00,Kolkata-Gauge-1,2,0,0.0020545656342427143,0,LOW
2024-03-09 23:00:00,Guwahati-Gauge-1,3,0,0.0020089716950563107,0,LOW
2024-03-09 23:00:00,Sonapur-Gauge-1,4,0,0.0020089716950563107,0,LOW
2024-03-10 00:00:00,Chamoli-Gauge-1,1,0,0.0020089716950563107,0,LOW
2024-03-10 00:00:00,Kolkata-Gauge-1,2,0,0.0020089716950563107,0,LOW
2024-03-10 00:00:00,Guwahati-Gauge-1,3,0,0.0020089716950563107,0,LOW
2024-03-10 00:00:00,Sonapur-Gauge-1,4,0,0.0020089716950563107,0,LOW
2024-03-10 01:00:00,Chamoli-Gauge-1,1,0,0.0020089716950563107,0,LOW
2024-03-10 01:00:00,Kolkata-Gauge-1,2,0,0.0020089716950563107,0,LOW
2024-03-10 01:00:00,Guwahati-Gauge-1,3,0,0.0020089716950563107,0,LOW
2024-03-10 01:00:00,Sonapur-Gauge-1,4,0,0.0020089716950563107,0,LOW
2024-03-10 02:00:00,Chamoli-Gauge-1,1,0,0.0020089716950563107,0,LOW
2024-03-10 02:00:00,Kolkata-Gauge-1,2,0,0.0020089716950563107,0,LOW
2024-03-10 02:00:00,Guwahati-Gauge-1,3,0,0.0020089716950563107,0,LOW
2024-03-10 02:00:00,Sonapur-Gauge-1,4,0,0.0020089716950563107,0,LOW
2024-03-10 03:00:00,Chamoli-Gauge-1,1,0,0.0020807098624137047,0,LOW
2024-03-10 03:00:00,Kolkata-Gauge-1,2,0,0.0020089716950563107,0,LOW
2024-03-10 03:00:00,Guwahati-Gauge-1,3,0,0.0020089716950563107,0,LOW
2024-03-10 03:00:00,Sonapur-Gauge-1,4,0,0.0020089716950563107,0,LOW
2024-03-10 04:00:00,Chamoli-Gauge-1,1,0,0.0020089716950563107,0,LOW
2024-03-10 04:00:00,Kolkata-Gauge-1,2,0,0.0020089716950563107,0,LOW
2024-03-10 04:00:00,Guwahati-Gauge-1,3,0,0.0020089716950563107,0,LOW
2024-03-10 04:00:00,Sonapur-Gauge-1,4,0,0.0020089716950563107,0,LOW
2024-03-10 05:00:00,Chamoli-Gauge-1,1,0,0.0020089716950563107,0,LOW
2024-03-10 05:00:00,Kolkata-Gauge-1,2,0,0.0020089716950563107,0,LOW
2024-03-10 05:00:00,Guwahati-Gauge-1,3,0,0.0020089716950563107,0,LOW
2024-03-10 05:00:00,Sonapur-Gauge-1,4,0,0.0020089716950563107,0,LOW
2024-03-10 06:00:00,Chamoli-Gauge-1,1,0,0.0020089716950563107,0,LOW
2024-03-10 06:00:00,Kolkata-Gauge-1,2,0,0.0020089716950563107,0,LOW
2024-03-10 06:00:00,Guwahati-Gauge-1,3,0,0.0020089716950563107,0,LOW
2024-03-10 06:00:00,Sonapur-Gauge-1,4,0,0.0020089716950563107,0,LOW
2024-03-10 07:00:00,Chamoli-Gauge-1,1,0,0.0020089716950563107,0,LOW
2024-03-10 07:00:00,Kolkata-Gauge-1,2,0,0.0020806898126902113,0,LOW
2024-03-10 07:00:00,Guwahati-Gauge-1,3,0,0.0020089716950563107,0,LOW
2024-03-10 07:00:00,Sonapur-Gauge-1,4,0,0.0020089716950563107,0,LOW
2024-03-10 08:00:00,Chamoli-Gauge-1,1,0,0.0020089716950563107,0,LOW
2024-03-10 08:00:00,Kolkata-Gauge-1,2,0,0.0020089716950563107,0,LOW
2024-03-10 08:00:00,Guwahati-Gauge-1,3,0,0.002085654727468616,0,LOW
2024-03-10 08:00:00,Sonapur-Gauge-1,4,0,0.0020089716950563107,0,LOW
2024-03-10 09:00:00,Chamoli-Gauge-1,1,0,0.0020089716950563107,0,LOW
2024-03-10 09:00:00,Kolkata-Gauge-1,2,0,0.0020089716950563107,0,LOW
2024-03-10 09:00:00,Guwahati-Gauge-1,3,0,0.0020089716950563107,0,LOW
2024-03-10 09:00:00,Sonapur-Gauge-1,4,0,0.0020089716950563107,0,LOW
2024-03-10 10:00:00,Chamoli-Gauge-1,1,0,0.0020089716950563107,0,LOW
2024-03-10 10:00:00,Kolkata-Gauge-1,2,0,0.0020601451997240786,0,LOW
2024-03-10 10:00:00,Guwahati-Gauge-1,3,0,0.0020089716950563107,0,LOW
2024-03-10 10:00:00,Sonapur-Gauge-1,4,0,0.0020089716950563107,0,LOW
2024-03-10 11:00:00,Chamoli-Gauge-1,1,0,0.0020089716950563107,0,LOW
2024-03-10 11:00:00,Kolkata-Gauge-1,2,0,0.0020089716950563107,0,LOW
2024-03-10 11:00:00,Guwahati-Gauge-1,3,0,0.00204752131550624,0,LOW
2024-03-10 11:00:00,Sonapur-Gauge-1,4,0,0.0020089716950563107,0,LOW
2024-03-10 12:00:00,Chamoli-Gauge-1,1,0,0.0020089716950563107,0,LOW
2024-03-10 12:00:00,Kolkata-Gauge-1,2,0,0.002089401954161568,0,LOW
2024-03-10 12:00:00,Guwahati-Gauge-1,3,0,0.00204752131550624,0,LOW
2024-03-10 12:00:00,Sonapur-Gauge-1,4,0,0.0020089716950563107,0,LOW
2024-03-10 13:00:00,Chamoli-Gauge-1,1,0,0.0020089716950563107,0,LOW
2024-03-10 13:00:00,Kolkata-Gauge-1,2,0,0.0020089716950563107,0,LOW
2024-03-10 13:00:00,Guwahati-Gauge-1,3,0,0.0021881046505759357,0,LOW
2024-03-10 13:00:00,Sonapur-Gauge-1,4,0,0.0020089716950563107,0,LOW
2024-03-10 14:00:00,Chamoli-Gauge-1,1,0,0.0020089716950563107,0,LOW
2024-03-10 14:00:00,Kolkata-Gauge-1,2,0,0.0020089716950563107,0,LOW
2024-03-10 14:00:00,Guwahati-Gauge-1,3,0,0.0020089716950563107,0,LOW
2024-03-10 14:00:00,Sonapur-Gauge-1,4,0,0.0020089716950563107,0,LOW
2024-03-10 15:00:00,Chamoli-Gauge-1,1,0,0.0020089716950563107,0,LOW
2024-03-10 15:00:00,Kolkata-Gauge-1,2,0,0.0020089716950563107,0,LOW
2024-03-10 15:00:00,Guwahati-Gauge-1,3,0,0.0020089716950563107,0,LOW
2024-03-10 15:00:00,Sonapur-Gauge-1,4,0,0.0020089716950563107,0,LOW
2024-03-10 16:00:00,Chamoli-Gauge-1,1,0,0.0020089716950563107,0,LOW
2024-03-10 16:00:00,Kolkata-Gauge-1,2,0,0.0020089716950563107,0,LOW
2024-03-10 16:00:00,Guwahati-Gauge-1,3,0,0.0020089716950563107,0,LOW
2024-03-10 16:00:00,Sonapur-Gauge-1,4,0,0.0020089716950563107,0,LOW
2024-03-10 17:00:00,Chamoli-Gauge-1,1,0,0.0020089716950563107,0,LOW
2024-03-10 17:00:00,Kolkata-Gauge-1,2,0,0.0020089716950563107,0,LOW
2024-03-10 17:00:00,Guwahati-Gauge-1,3,0,0.0035274616855983485,0,LOW
2024-03-10 17:00:00,Sonapur-Gauge-1,4,0,0.0020089716950563107,0,LOW
2024-03-10 18:00:00,Chamoli-Gauge-1,1,0,0.0020089716950563107,0,LOW
2024-03-10 18:00:00,Kolkata-Gauge-1,2,0,0.0020089716950563107,0,LOW
2024-03-10 18:00:00,Guwahati-Gauge-1,3,0,0.0055302743171900355,0,LOW
2024-03-10 18:00:00,Sonapur-Gauge-1,4,0,0.0020089716950563107,0,LOW
2024-03-10 19:00:00,Chamoli-Gauge-1,1,0,0.0020089716950563107,0,LOW
2024-03-10 19:00:00,Kolkata-Gauge-1,2,0,0.0020089716950563107,0,LOW
2024-03-10 19:00:00,Guwahati-Gauge-1,3,0,0.008211966492100353,0,LOW
2024-03-10 19:00:00,Sonapur-Gauge-1,4,0,0.0020089716950563107,0,LOW
2024-03-10 20:00:00,Chamoli-Gauge-1,1,0,0.0020089716950563107,0,LOW
2024-03-10 20:00:00,Kolkata-Gauge-1,2,0,0.0020089716950563107,0,LOW
2024-03-10 20:00:00,Guwahati-Gauge-1,3,0,0.0031707186480051243,0,LOW
2024-03-10 20:00:00,Sonapur-Gauge-1,4,0,0.0020089716950563107,0,LOW
2024-03-10 21:00:00,Chamoli-Gauge-1,1,0,0.0020089716950563107,0,LOW
2024-03-10 21:00:00,Kolkata-Gauge-1,2,0,0.0020089716950563107,0,LOW
2024-03-10 21:00:00,Guwahati-Gauge-1,3,0,0.0026522050350151582,0,LOW
2024-03-10 21:00:00,Sonapur-Gauge-1,4,0,0.0020089716950563107,0,LOW
2024-03-10 22:00:00,Chamoli-Gauge-1,1,0,0.0020089716950563107,0,LOW
2024-03-10 22:00:00,Kolkata-Gauge-1,2,0,0.0020089716950563107,0,LOW
2024-03-10 22:00:00,Guwahati-Gauge-1,3,0,0.2935998210188491,0,LOW
2024-03-10 22:00:00,Sonapur-Gauge-1,4,0,0.0020089716950563107,0,LOW
2024-03-10 23:00:00,Chamoli-Gauge-1,1,0,0.0020089716950563107,0,LOW
2024-03-10 23:00:00,Kolkata-Gauge-1,2,0,0.0020089716950563107,0,LOW
2024-03-10 23:00:00,Guwahati-Gauge-1,3,0,0.08661970369214142,0,LOW
2024-03-10 23:00:00,Sonapur-Gauge-1,4,0,0.0020089716950563107,0,LOW
2024-03-11 00:00:00,Chamoli-Gauge-1,1,0,0.0020089716950563107,0,LOW
2024-03-11 00:00:00,Kolkata-Gauge-1,2,0,0.0020089716950563107,0,LOW
2024-03-11 00:00:00,Guwahati-Gauge-1,3,0,0.14866226373020894,0,LOW
2024-03-11 00:00:00,Sonapur-Gauge-1,4,0,0.0020089716950563107,0,LOW
2024-03-11 01:00:00,Chamoli-Gauge-1,1,0,0.0020089716950563107,0,LOW
2024-03-11 01:00:00,Kolkata-Gauge-1,2,0,0.0020089716950563107,0,LOW
2024-03-11 01:00:00,Guwahati-Gauge-1,3,0,0.15651288849845402,0,LOW
2024-03-11 01:00:00,Sonapur-Gauge-1,4,0,0.0020089716950563107,0,LOW
2024-03-11 02:00:00,Chamoli-Gauge-1,1,0,0.0020089716950563107,0,LOW
2024-03-11 02:00:00,Kolkata-Gauge-1,2,0,0.0020089716950563107,0,LOW
2024-03-11 02:00:00,Guwahati-Gauge-1,3,0,0.02672180707962302,0,LOW
2024-03-11 02:00:00,Sonapur-Gauge-1,4,0,0.0020089716950563107,0,LOW
2024-03-11 03:00:00,Chamoli-Gauge-1,1,0,0.0020089716950563107,0,LOW
2024-03-11 03:00:00,Kolkata-Gauge-1,2,0,0.0020538558368660385,0,LOW
2024-03-11 03:00:00,Guwahati-Gauge-1,3,0,0.04419222126250165,0,LOW
2024-03-11 03:00:00,Sonapur-Gauge-1,4,0,0.0020089716950563107,0,LOW
2024-03-11 04:00:00,Chamoli-Gauge-1,1,0,0.0020089716950563107,0,LOW
2024-03-11 04:00:00,Kolkata-Gauge-1,2,0,0.0020089716950563107,0,LOW
2024-03-11 04:00:00,Guwahati-Gauge-1,3,0,0.01147064222345494,0,LOW
2024-03-11 04:00:00,Sonapur-Gauge-1,4,0,0.0020089716950563107,0,LOW
2024-03-11 05:00:00,Chamoli-Gauge-1,1,0,0.0020089716950563107,0,LOW
2024-03-11 05:00:00,Kolkata-Gauge-1,2,0,0.0020089716950563107,0,LOW
2024-03-11 05:00:00,Guwahati-Gauge-1,3,0,0.009621890893330098,0,LOW
2024-03-11 05:00:00,Sonapur-Gauge-1,4,0,0.0020089716950563107,0,LOW
2024-03-11 06:00:00,Chamoli-Gauge-1,1,0,0.0020089716950563107,0,LOW
2024-03-11 06:00:00,Kolkata-Gauge-1,2,0,0.0020089716950563107,0,LOW
2024-03-11 06:00:00,Guwahati-Gauge-1,3,0,0.005568772957811392,0,LOW
2024-03-11 06:00:00,Sonapur-Gauge-1,4,0,0.0020089716950563107,0,LOW
2024-03-11 07:00:00,Chamoli-Gauge-1,1,0,0.0020089716950563107,0,LOW
2024-03-11 07:00:00,Kolkata-Gauge-1,2,0,0.0020721526062335376,0,LOW
2024-03-11 07:00:00,Guwahati-Gauge-1,3,0,0.007551280032132899,0,LOW
2024-03-11 07:00:00,Sonapur-Gauge-1,4,0,0.0020089716950563107,0,LOW
2024-03-11 08:00:00,Chamoli-Gauge-1,1,0,0.0020089716950563107,0,LOW
2024-03-11 08:00:00,Kolkata-Gauge-1,2,0,0.013223952257882981,0,LOW
2024-03-11 08:00:00,Guwahati-Gauge-1,3,0,0.0046996362302883996,0,LOW
2024-03-11 08:00:00,Sonapur-Gauge-1,4,0,0.0020089716950563107,0,LOW
2024-03-11 09:00:00,Chamoli-Gauge-1,1,0,0.0020089716950563107,0,LOW
2024-03-11 09:00:00,Kolkata-Gauge-1,2,1,0.8113429537341429,1,EXTREME
2024-03-11 09:00:00,Guwahati-Gauge-1,3,0,0.0031288164155333126,0,LOW
2024-03-11 09:00:00,Sonapur-Gauge-1,4,0,0.0020089716950563107,0,LOW
2024-03-11 10:00:00,Chamoli-Gauge-1,1,0,0.0020089716950563107,0,LOW
2024-03-11 10:00:00,Kolkata-Gauge-1,2,1,0.9976668597793993,1,EXTREME
2024-03-11 10:00:00,Guwahati-Gauge-1,3,0,0.004573620799818298,0,LOW
2024-03-11 10:00:00,Sonapur-Gauge-1,4,0,0.0020089716950563107,0,LOW
2024-03-11 11:00:00,Chamoli-Gauge-1,1,0,0.0020089716950563107,0,LOW
2024-03-11 11:00:00,Kolkata-Gauge-1,2,1,0.9990380407124381,1,EXTREME
2024-03-11 11:00:00,Guwahati-Gauge-1,3,0,0.0028273934994886424,0,LOW
2024-03-11 11:00:00,Sonapur-Gauge-1,4,0,0.0020089716950563107,0,LOW
2024-03-11 12:00:00,Chamoli-Gauge-1,1,0,0.0020089716950563107,0,LOW
2024-03-11 12:00:00,Kolkata-Gauge-1,2,1,0.998940994214939,1,EXTREME
2024-03-11 12:00:00,Guwahati-Gauge-1,3,0,0.0026940094769800616,0,LOW
2024-03-11 12:00:00,Sonapur-Gauge-1,4,0,0.0020089716950563107,0,LOW
2024-03-11 13:00:00,Chamoli-Gauge-1,1,0,0.0020089716950563107,0,LOW
2024-03-11 13:00:00,Kolkata-Gauge-1,2,1,0.9993729199404114,1,EXTREME
2024-03-11 13:00:00,Guwahati-Gauge-1,3,0,0.0022851240808558636,0,LOW
2024-03-11 13:00:00,Sonapur-Gauge-1,4,0,0.0020089716950563107,0,LOW
2024-03-11 14:00:00,Chamoli-Gauge-1,1,0,0.0020089716950563107,0,LOW
2024-03-11 14:00:00,Kolkata-Gauge-1,2,1,0.9993582849960951,1,EXTREME
2024-03-11 14:00:00,Guwahati-Gauge-1,3,0,0.0021030062734638433,0,LOW
2024-03-11 14:00:00,Sonapur-Gauge-1,4,0,0.0020089716950563107,0,LOW
2024-03-11 15:00:00,Chamoli-Gauge-1,1,0,0.0020089716950563107,0,LOW
2024-03-11 15:00:00,Kolkata-Gauge-1,2,1,0.9993380346788296,1,EXTREME
2024-03-11 15:00:00,Guwahati-Gauge-1,3,0,0.0020089716950563107,0,LOW
2024-03-11 15:00:00,Sonapur-Gauge-1,4,0,0.0020089716950563107,0,LOW
2024-03-11 16:00:00,Chamoli-Gauge-1,1,0,0.0020089716950563107,0,LOW
2024-03-11 16:00:00,Kolkata-Gauge-1,2,1,0.9994733551449824,1,EXTREME
2024-03-11 16:00:00,Guwahati-Gauge-1,3,0,0.002087406395530939,0,LOW
2024-03-11 16:00:00,Sonapur-Gauge-1,4,0,0.0020089716950563107,0,LOW
2024-03-11 17:00:00,Chamoli-Gauge-1,1,0,0.0020089716950563107,0,LOW
2024-03-11 17:00:00,Kolkata-Gauge-1,2,1,0.999423683338367,1,EXTREME
2024-03-11 17:00:00,Guwahati-Gauge-1,3,0,0.0020721215086189062,0,LOW
2024-03-11 17:00:00,Sonapur-Gauge-1,4,0,0.0020089716950563107,0,LOW
2024-03-11 18:00:00,Chamoli-Gauge-1,1,0,0.0020089716950563107,0,LOW
2024-03-11 18:00:00,Kolkata-Gauge-1,2,1,0.9995595670757311,1,EXTREME
2024-03-11 18:00:00,Guwahati-Gauge-1,3,0,0.002072168160116955,0,LOW
2024-03-11 18:00:00,Sonapur-Gauge-1,4,0,0.0020089716950563107,0,LOW
2024-03-11 19:00:00,Chamoli-Gauge-1,1,0,0.0020089716950563107,0,LOW
2024-03-11 19:00:00,Kolkata-Gauge-1,2,1,0.9995090146644013,1,EXTREME
2024-03-11 19:00:00,Guwahati-Gauge-1,3,0,0.0020089716950563107,0,LOW
2024-03-11 19:00:00,Sonapur-Gauge-1,4,0,0.0020089716950563107,0,LOW
2024-03-11 20:00:00,Chamoli-Gauge-1,1,0,0.0020089716950563107,0,LOW
2024-03-11 20:00:00,Kolkata-Gauge-1,2,1,0.999416247012746,1,EXTREME
2024-03-11 20:00:00,Guwahati-Gauge-1,3,0,0.002068010785321389,0,LOW
2024-03-11 20:00:00,Sonapur-Gauge-1,4,0,0.0020089716950563107,0,LOW
2024-03-11 21:00:00,Chamoli-Gauge-1,1,0,0.0020089716950563107,0,LOW
2024-03-11 21:00:00,Kolkata-Gauge-1,2,1,0.9994602960039041,1,EXTREME
2024-03-11 21:00:00,Guwahati-Gauge-1,3,0,0.002065214765545886,0,LOW
2024-03-11 21:00:00,Sonapur-Gauge-1,4,0,0.0020089716950563107,0,LOW
2024-03-11 22:00:00,Chamoli-Gauge-1,1,0,0.0020089716950563107,0,LOW
2024-03-11 22:00:00,Kolkata-Gauge-1,2,1,0.9994177986120418,1,EXTREME
2024-03-11 22:00:00,Guwahati-Gauge-1,3,0,0.0020089716950563107,0,LOW
2024-03-11 22:00:00,Sonapur-Gauge-1,4,0,0.0020089716950563107,0,LOW
2024-03-11 23:00:00,Chamoli-Gauge-1,1,0,0.0020089716950563107,0,LOW
2024-03-11 23:00:00,Kolkata-Gauge-1,2,1,0.9904073213631066,1,EXTREME
2024-03-11 23:00:00,Guwahati-Gauge-1,3,0,0.0021376007405543265,0,LOW
2024-03-11 23:00:00,Sonapur-Gauge-1,4,0,0.0020089716950563107,0,LOW
2024-03-12 00:00:00,Chamoli-Gauge-1,1,0,0.0020089716950563107,0,LOW
2024-03-12 00:00:00,Kolkata-Gauge-1,2,0,0.20591590070216403,0,LOW
2024-03-12 00:00:00,Guwahati-Gauge-1,3,0,0.0020089716950563107,0,LOW
2024-03-12 00:00:00,Sonapur-Gauge-1,4,0,0.0020089716950563107,0,LOW
2024-03-12 01:00:00,Chamoli-Gauge-1,1,0,0.0020089716950563107,0,LOW
2024-03-12 01:00:00,Kolkata-Gauge-1,2,0,0.013420187851669579,0,LOW
2024-03-12 01:00:00,Guwahati-Gauge-1,3,0,0.0020089716950563107,0,LOW
2024-03-12 01:00:00,Sonapur-Gauge-1,4,0,0.0020089716950563107,0,LOW
2024-03-12 02:00:00,Chamoli-Gauge-1,1,0,0.0020089716950563107,0,LOW
2024-03-12 02:00:00,Kolkata-Gauge-1,2,0,0.004585374582004997,0,LOW
2024-03-12 02:00:00,Guwahati-Gauge-1,3,0,0.002408063268414919,0,LOW
2024-03-12 02:00:00,Sonapur-Gauge-1,4,0,0.0020089716950563107,0,LOW
2024-03-12 03:00:00,Chamoli-Gauge-1,1,0,0.0020089716950563107,0,LOW
2024-03-12 03:00:00,Kolkata-Gauge-1,2,0,0.002948440146889757,0,LOW
2024-03-12 03:00:00,Guwahati-Gauge-1,3,0,0.0020089716950563107,0,LOW
2024-03-12 03:00:00,Sonapur-Gauge-1,4,0,0.0020089716950563107,0,LOW
2024-03-12 04:00:00,Chamoli-Gauge-1,1,0,0.0020089716950563107,0,LOW
2024-03-12 04:00:00,Kolkata-Gauge-1,2,0,0.0027623154097263345,0,LOW
2024-03-12 04:00:00,Guwahati-Gauge-1,3,0,0.0020751488064864776,0,LOW
2024-03-12 04:00:00,Sonapur-Gauge-1,4,0,0.0020089716950563107,0,LOW
2024-03-12 05:00:00,Chamoli-Gauge-1,1,0,0.0020089716950563107,0,LOW
2024-03-12 05:00:00,Kolkata-Gauge-1,2,0,0.0020800483233248197,0,LOW
2024-03-12 05:00:00,Guwahati-Gauge-1,3,0,0.0020751488064864776,0,LOW
2024-03-12 05:00:00,Sonapur-Gauge-1,4,0,0.0020089716950563107,0,LOW
2024-03-12 06:00:00,Chamoli-Gauge-1,1,0,0.0020089716950563107,0,LOW
2024-03-12 06:00:00,Kolkata-Gauge-1,2,0,0.002303630332746592,0,LOW
2024-03-12 06:00:00,Guwahati-Gauge-1,3,0,0.004222866587336621,0,LOW
2024-03-12 06:00:00,Sonapur-Gauge-1,4,0,0.0020089716950563107,0,LOW
2024-03-12 07:00:00,Chamoli-Gauge-1,1,0,0.0020089716950563107,0,LOW
2024-03-12 07:00:00,Kolkata-Gauge-1,2,0,0.002142643482181767,0,LOW
2024-03-12 07:00:00,Guwahati-Gauge-1,3,0,0.0023414467424621374,0,LOW
2024-03-12 07:00:00,Sonapur-Gauge-1,4,0,0.0020089716950563107,0,LOW
2024-03-12 08:00:00,Chamoli-Gauge-1,1,0,0.0020089716950563107,0,LOW
2024-03-12 08:00:00,Kolkata-Gauge-1,2,0,0.0053507382132056995,0,LOW
2024-03-12 08:00:00,Guwahati-Gauge-1,3,0,0.0030084384641666244,0,LOW
2024-03-12 08:00:00,Sonapur-Gauge-1,4,0,0.0020089716950563107,0,LOW
2024-03-12 09:00:00,Chamoli-Gauge-1,1,0,0.0020089716950563107,0,LOW
2024-03-12 09:00:00,Kolkata-Gauge-1,2,0,0.004278152001649712,0,LOW
2024-03-12 09:00:00,Guwahati-Gauge-1,3,0,0.0038958543876638093,0,LOW
2024-03-12 09:00:00,Sonapur-Gauge-1,4,0,0.0020089716950563107,0,LOW
2024-03-12 10:00:00,Chamoli-Gauge-1,1,0,0.0020089716950563107,0,LOW
2024-03-12 10:00:00,Kolkata-Gauge-1,2,0,0.0043613615190358146,0,LOW
2024-03-12 10:00:00,Guwahati-Gauge-1,3,0,0.004268241353326972,0,LOW
2024-03-12 10:00:00,Sonapur-Gauge-1,4,0,0.0020089716950563107,0,LOW
2024-03-12 11:00:00,Chamoli-Gauge-1,1,0,0.0020089716950563107,0,LOW
2024-03-12 11:00:00,Kolkata-Gauge-1,2,0,0.004142084563546368,0,LOW
2024-03-12 11:00:00,Guwahati-Gauge-1,3,0,0.004036056018982407,0,LOW
2024-03-12 11:00:00,Sonapur-Gauge-1,4,0,0.0020089716950563107,0,LOW
2024-03-12 12:00:00,Chamoli-Gauge-1,1,0,0.0020089716950563107,0,LOW
2024-03-12 12:00:00,Kolkata-Gauge-1,2,0,0.0034060394975523275,0,LOW
2024-03-12 12:00:00,Guwahati-Gauge-1,3,0,0.0031621492366575603,0,LOW
2024-03-12 12:00:00,Sonapur-Gauge-1,4,0,0.0020089716950563107,0,LOW
2024-03-12 13:00:00,Chamoli-Gauge-1,1,0,0.0020089716950563107,0,LOW
2024-03-12 13:00:00,Kolkata-Gauge-1,2,0,0.0035698708748669768,0,LOW
2024-03-12 13:00:00,Guwahati-Gauge-1,3,0,0.0025447331718921754,0,LOW
2024-03-12 13:00:00,Sonapur-Gauge-1,4,0,0.0020089716950563107,0,LOW
2024-03-12 14:00:00,Chamoli-Gauge-1,1,0,0.0020089716950563107,0,LOW
2024-03-12 14:00:00,Kolkata-Gauge-1,2,0,0.002077073584641774,0,LOW
2024-03-12 14:00:00,Guwahati-Gauge-1,3,0,0.0027464924704904857,0,LOW
2024-03-12 14:00:00,Sonapur-Gauge-1,4,0,0.0020089716950563107,0,LOW
2024-03-12 15:00:00,Chamoli-Gauge-1,1,0,0.0020089716950563107,0,LOW
2024-03-12 15:00:00,Kolkata-Gauge-1,2,0,0.002077073584641774,0,LOW
2024-03-12 15:00:00,Guwahati-Gauge-1,3,0,0.002474093181288444,0,LOW
2024-03-12 15:00:00,Sonapur-Gauge-1,4,0,0.0020089716950563107,0,LOW
2024-03-12 16:00:00,Chamoli-Gauge-1,1,0,0.0020089716950563107,0,LOW
2024-03-12 16:00:00,Kolkata-Gauge-1,2,0,0.0020089716950563107,0,LOW
2024-03-12 16:00:00,Guwahati-Gauge-1,3,0,0.0023744877393435814,0,LOW
2024-03-12 16:00:00,Sonapur-Gauge-1,4,0,0.0020089716950563107,0,LOW
2024-03-12 17:00:00,Chamoli-Gauge-1,1,0,0.0020089716950563107,0,LOW
2024-03-12 17:00:00,Kolkata-Gauge-1,2,0,0.0021427072829231972,0,LOW
2024-03-12 17:00:00,Guwahati-Gauge-1,3,0,0.002413398839059992,0,LOW
2024-03-12 17:00:00,Sonapur-Gauge-1,4,0,0.0020089716950563107,0,LOW
2024-03-12 18:00:00,Chamoli-Gauge-1,1,0,0.0020089716950563107,0,LOW
2024-03-12 18:00:00,Kolkata-Gauge-1,2,0,0.0020712869582041886,0,LOW
2024-03-12 18:00:00,Guwahati-Gauge-1,3,0,0.0021743734369643335,0,LOW
2024-03-12 18:00:00,Sonapur-Gauge-1,4,0,0.0020089716950563107,0,LOW
2024-03-12 19:00:00,Chamoli-Gauge-1,1,0,0.0020089716950563107,0,LOW
2024-03-12 19:00:00,Kolkata-Gauge-1,2,0,0.0020089716950563107,0,LOW
2024-03-12 19:00:00,Guwahati-Gauge-1,3,0,0.0022131196178194544,0,LOW
2024-03-12 19:00:00,Sonapur-Gauge-1,4,0,0.0020089716950563107,0,LOW
2024-03-12 20:00:00,Chamoli-Gauge-1,1,0,0.0020089716950563107,0,LOW
2024-03-12 20:00:00,Kolkata-Gauge-1,2,0,0.0020089716950563107,0,LOW
2024-03-12 20:00:00,Guwahati-Gauge-1,3,0,0.002072323885338323,0,LOW
2024-03-12 20:00:00,Sonapur-Gauge-1,4,0,0.0021513440142465323,0,LOW
2024-03-12 21:00:00,Chamoli-Gauge-1,1,0,0.0020089716950563107,0,LOW
2024-03-12 21:00:00,Kolkata-Gauge-1,2,0,0.0020089716950563107,0,LOW
2024-03-12 21:00:00,Guwahati-Gauge-1,3,0,0.002072323885338323,0,LOW
2024-03-12 21:00:00,Sonapur-Gauge-1,4,0,0.0021513440142465323,0,LOW
2024-03-12 22:00:00,Chamoli-Gauge-1,1,0,0.0020089716950563107,0,LOW
2024-03-12 22:00:00,Kolkata-Gauge-1,2,0,0.002054978223990274,0,LOW
2024-03-12 22:00:00,Guwahati-Gauge-1,3,0,0.002072323885338323,0,LOW
2024-03-12 22:00:00,Sonapur-Gauge-1,4,0,0.0020089716950563107,0,LOW
2024-03-12 23:00:00,Chamoli-Gauge-1,1,0,0.002124236601244953,0,LOW
2024-03-12 23:00:00,Kolkata-Gauge-1,2,0,0.0020089716950563107,0,LOW
2024-03-12 23:00:00,Guwahati-Gauge-1,3,0,0.0020680279227081127,0,LOW
2024-03-12 23:00:00,Sonapur-Gauge-1,4,0,0.0020089716950563107,0,LOW
2024-03-13 00:00:00,Chamoli-Gauge-1,1,0,0.0020089716950563107,0,LOW
2024-03-13 00:00:00,Kolkata-Gauge-1,2,0,0.0020089716950563107,0,LOW
2024-03-13 00:00:00,Guwahati-Gauge-1,3,0,0.002569535593862544,0,LOW
2024-03-13 00:00:00,Sonapur-Gauge-1,4,0,0.0020089716950563107,0,LOW
2024-03-13 01:00:00,Chamoli-Gauge-1,1,0,0.0020089716950563107,0,LOW
2024-03-13 01:00:00,Kolkata-Gauge-1,2,0,0.0020089716950563107,0,LOW
2024-03-13 01:00:00,Guwahati-Gauge-1,3,0,0.002479581502029458,0,LOW
2024-03-13 01:00:00,Sonapur-Gauge-1,4,0,0.0020089716950563107,0,LOW
2024-03-13 02:00:00,Chamoli-Gauge-1,1,0,0.0020089716950563107,0,LOW
2024-03-13 02:00:00,Kolkata-Gauge-1,2,0,0.0020089716950563107,0,LOW
2024-03-13 02:00:00,Guwahati-Gauge-1,3,0,0.0020089716950563107,0,LOW
2024-03-13 02:00:00,Sonapur-Gauge-1,4,0,0.0020089716950563107,0,LOW
2024-03-13 03:00:00,Chamoli-Gauge-1,1,0,0.0020089716950563107,0,LOW
2024-03-13 03:00:00,Kolkata-Gauge-1,2,0,0.0020089716950563107,0,LOW
2024-03-13 03:00:00,Guwahati-Gauge-1,3,0,0.0020089716950563107,0,LOW
2024-03-13 03:00:00,Sonapur-Gauge-1,4,0,0.0020089716950563107,0,LOW
2024-03-13 04:00:00,Chamoli-Gauge-1,1,0,0.0020089716950563107,0,LOW
2024-03-13 04:00:00,Kolkata-Gauge-1,2,0,0.0020089716950563107,0,LOW
2024-03-13 04:00:00,Guwahati-Gauge-1,3,0,0.002068010785321389,0,LOW
2024-03-13 04:00:00,Sonapur-Gauge-1,4,0,0.0020089716950563107,0,LOW
2024-03-13 05:00:00,Chamoli-Gauge-1,1,0,0.0020089716950563107,0,LOW
2024-03-13 05:00:00,Kolkata-Gauge-1,2,0,0.0020089716950563107,0,LOW
2024-03-13 05:00:00,Guwahati-Gauge-1,3,0,0.0021837014561222534,0,LOW
2024-03-13 05:00:00,Sonapur-Gauge-1,4,0,0.0020089716950563107,0,LOW
2024-03-13 06:00:00,Chamoli-Gauge-1,1,0,0.0020651036383897226,0,LOW
2024-03-13 06:00:00,Kolkata-Gauge-1,2,0,0.0020089716950563107,0,LOW
2024-03-13 06:00:00,Guwahati-Gauge-1,3,0,0.0020651776947032503,0,LOW
2024-03-13 06:00:00,Sonapur-Gauge-1,4,0,0.0020089716950563107,0,LOW
2024-03-13 07:00:00,Chamoli-Gauge-1,1,0,0.002058102859075478,0,LOW
2024-03-13 07:00:00,Kolkata-Gauge-1,2,0,0.0020089716950563107,0,LOW
2024-03-13 07:00:00,Guwahati-Gauge-1,3,0,0.0020651776947032503,0,LOW
2024-03-13 07:00:00,Sonapur-Gauge-1,4,0,0.0020089716950563107,0,LOW
2024-03-13 08:00:00,Chamoli-Gauge-1,1,0,0.0020089716950563107,0,LOW
2024-03-13 08:00:00,Kolkata-Gauge-1,2,0,0.0020089716950563107,0,LOW
2024-03-13 08:00:00,Guwahati-Gauge-1,3,0,0.0020651776947032503,0,LOW
2024-03-13 08:00:00,Sonapur-Gauge-1,4,0,0.0401576356035354,0,LOW
2024-03-13 09:00:00,Chamoli-Gauge-1,1,0,0.0020089716950563107,0,LOW
2024-03-13 09:00:00,Kolkata-Gauge-1,2,0,0.0020089716950563107,0,LOW
2024-03-13 09:00:00,Guwahati-Gauge-1,3,0,0.0020651776947032503,0,LOW
2024-03-13 09:00:00,Sonapur-Gauge-1,4,1,0.9831478109373458,1,EXTREME
2024-03-13 10:00:00,Chamoli-Gauge-1,1,0,0.0020089716950563107,0,LOW
2024-03-13 10:00:00,Kolkata-Gauge-1,2,0,0.0020089716950563107,0,LOW
2024-03-13 10:00:00,Guwahati-Gauge-1,3,0,0.0020651776947032503,0,LOW
2024-03-13 10:00:00,Sonapur-Gauge-1,4,1,0.9990141257425035,1,EXTREME
2024-03-13 11:00:00,Chamoli-Gauge-1,1,0,0.0020089716950563107,0,LOW
2024-03-13 11:00:00,Kolkata-Gauge-1,2,0,0.0020089716950563107,0,LOW
2024-03-13 11:00:00,Guwahati-Gauge-1,3,0,0.0020089716950563107,0,LOW
2024-03-13 11:00:00,Sonapur-Gauge-1,4,1,0.9994538134722968,1,EXTREME
2024-03-13 12:00:00,Chamoli-Gauge-1,1,0,0.0020089716950563107,0,LOW
2024-03-13 12:00:00,Kolkata-Gauge-1,2,0,0.0020089716950563107,0,LOW
2024-03-13 12:00:00,Guwahati-Gauge-1,3,0,0.0020089716950563107,0,LOW
2024-03-13 12:00:00,Sonapur-Gauge-1,4,1,0.9995041680160518,1,EXTREME
2024-03-13 13:00:00,Chamoli-Gauge-1,1,0,0.0020089716950563107,0,LOW
2024-03-13 13:00:00,Kolkata-Gauge-1,2,0,0.0020089716950563107,0,LOW
2024-03-13 13:00:00,Guwahati-Gauge-1,3,0,0.002060043527441327,0,LOW
2024-03-13 13:00:00,Sonapur-Gauge-1,4,1,0.9994779207980451,1,EXTREME
2024-03-13 14:00:00,Chamoli-Gauge-1,1,0,0.0020089716950563107,0,LOW
2024-03-13 14:00:00,Kolkata-Gauge-1,2,0,0.0020089716950563107,0,LOW
2024-03-13 14:00:00,Guwahati-Gauge-1,3,0,0.0020089716950563107,0,LOW
2024-03-13 14:00:00,Sonapur-Gauge-1,4,1,0.9995841768395727,1,EXTREME
2024-03-13 15:00:00,Chamoli-Gauge-1,1,0,0.0020089716950563107,0,LOW
2024-03-13 15:00:00,Kolkata-Gauge-1,2,0,0.0020089716950563107,0,LOW
2024-03-13 15:00:00,Guwahati-Gauge-1,3,0,0.0020089716950563107,0,LOW
2024-03-13 15:00:00,Sonapur-Gauge-1,4,1,0.9995718614414948,1,EXTREME
2024-03-13 16:00:00,Chamoli-Gauge-1,1,0,0.0020089716950563107,0,LOW
2024-03-13 16:00:00,Kolkata-Gauge-1,2,0,0.0020089716950563107,0,LOW
2024-03-13 16:00:00,Guwahati-Gauge-1,3,0,0.0020089716950563107,0,LOW
2024-03-13 16:00:00,Sonapur-Gauge-1,4,1,0.9996164568941128,1,EXTREME
2024-03-13 17:00:00,Chamoli-Gauge-1,1,0,0.0020089716950563107,0,LOW
2024-03-13 17:00:00,Kolkata-Gauge-1,2,0,0.0020089716950563107,0,LOW
2024-03-13 17:00:00,Guwahati-Gauge-1,3,0,0.0020653075674162582,0,LOW
2024-03-13 17:00:00,Sonapur-Gauge-1,4,1,0.999511579780484,1,EXTREME
2024-03-13 18:00:00,Chamoli-Gauge-1,1,0,0.0020089716950563107,0,LOW
2024-03-13 18:00:00,Kolkata-Gauge-1,2,0,0.0020089716950563107,0,LOW
2024-03-13 18:00:00,Guwahati-Gauge-1,3,0,0.0020089716950563107,0,LOW
2024-03-13 18:00:00,Sonapur-Gauge-1,4,1,0.9994067057854821,1,EXTREME
2024-03-13 19:00:00,Chamoli-Gauge-1,1,0,0.0020089716950563107,0,LOW
2024-03-13 19:00:00,Kolkata-Gauge-1,2,0,0.0020089716950563107,0,LOW
2024-03-13 19:00:00,Guwahati-Gauge-1,3,0,0.0021386171023162343,0,LOW
2024-03-13 19:00:00,Sonapur-Gauge-1,4,1,0.9995095510685508,1,EXTREME
2024-03-13 20:00:00,Chamoli-Gauge-1,1,0,0.0020089716950563107,0,LOW
2024-03-13 20:00:00,Kolkata-Gauge-1,2,0,0.0020089716950563107,0,LOW
2024-03-13 20:00:00,Guwahati-Gauge-1,3,0,0.0020089716950563107,0,LOW
2024-03-13 20:00:00,Sonapur-Gauge-1,4,1,0.9996291368822862,1,EXTREME
2024-03-13 21:00:00,Chamoli-Gauge-1,1,0,0.0020089716950563107,0,LOW
2024-03-13 21:00:00,Kolkata-Gauge-1,2,0,0.0020089716950563107,0,LOW
2024-03-13 21:00:00,Guwahati-Gauge-1,3,0,0.0020089716950563107,0,LOW
2024-03-13 21:00:00,Sonapur-Gauge-1,4,1,0.9995958605016706,1,EXTREME
2024-03-13 22:00:00,Chamoli-Gauge-1,1,0,0.0020089716950563107,0,LOW
2024-03-13 22:00:00,Kolkata-Gauge-1,2,0,0.0020089716950563107,0,LOW
2024-03-13 22:00:00,Guwahati-Gauge-1,3,0,0.0020089716950563107,0,LOW
2024-03-13 22:00:00,Sonapur-Gauge-1,4,1,0.9996397070931159,1,EXTREME
2024-03-13 23:00:00,Chamoli-Gauge-1,1,0,0.0020089716950563107,0,LOW
2024-03-13 23:00:00,Kolkata-Gauge-1,2,0,0.0020089716950563107,0,LOW
2024-03-13 23:00:00,Guwahati-Gauge-1,3,0,0.0020089716950563107,0,LOW
2024-03-13 23:00:00,Sonapur-Gauge-1,4,1,0.9996180763462859,1,EXTREME
2024-03-14 00:00:00,Chamoli-Gauge-1,1,0,0.0020089716950563107,0,LOW
2024-03-14 00:00:00,Kolkata-Gauge-1,2,0,0.0020601451997240786,0,LOW
2024-03-14 00:00:00,Guwahati-Gauge-1,3,0,0.0020089716950563107,0,LOW
2024-03-14 00:00:00,Sonapur-Gauge-1,4,1,0.9996369827495408,1,EXTREME
2024-03-14 01:00:00,Chamoli-Gauge-1,1,0,0.0020089716950563107,0,LOW
2024-03-14 01:00:00,Kolkata-Gauge-1,2,0,0.0020089716950563107,0,LOW
2024-03-14 01:00:00,Guwahati-Gauge-1,3,0,0.0020089716950563107,0,LOW
2024-03-14 01:00:00,Sonapur-Gauge-1,4,1,0.9996457014533752,1,EXTREME
2024-03-14 02:00:00,Chamoli-Gauge-1,1,0,0.0020089716950563107,0,LOW
2024-03-14 02:00:00,Kolkata-Gauge-1,2,0,0.0020089716950563107,0,LOW
2024-03-14 02:00:00,Guwahati-Gauge-1,3,0,0.0020089716950563107,0,LOW
2024-03-14 02:00:00,Sonapur-Gauge-1,4,1,0.9996432464247227,1,EXTREME
2024-03-14 03:00:00,Chamoli-Gauge-1,1,0,0.0020089716950563107,0,LOW
2024-03-14 03:00:00,Kolkata-Gauge-1,2,0,0.0020089716950563107,0,LOW
2024-03-14 03:00:00,Guwahati-Gauge-1,3,0,0.0020089716950563107,0,LOW
2024-03-14 03:00:00,Sonapur-Gauge-1,4,1,0.9996377530833539,1,EXTREME
2024-03-14 04:00:00,Chamoli-Gauge-1,1,0,0.0020089716950563107,0,LOW
2024-03-14 04:00:00,Kolkata-Gauge-1,2,0,0.0020089716950563107,0,LOW
2024-03-14 04:00:00,Guwahati-Gauge-1,3,0,0.0020089716950563107,0,LOW
2024-03-14 04:00:00,Sonapur-Gauge-1,4,1,0.9996454574041084,1,EXTREME
2024-03-14 05:00:00,Chamoli-Gauge-1,1,0,0.0020089716950563107,0,LOW
2024-03-14 05:00:00,Kolkata-Gauge-1,2,0,0.0020089716950563107,0,LOW
2024-03-14 05:00:00,Guwahati-Gauge-1,3,0,0.0020089716950563107,0,LOW
2024-03-14 05:00:00,Sonapur-Gauge-1,4,1,0.9996528976106108,1,EXTREME
2024-03-14 06:00:00,Chamoli-Gauge-1,1,0,0.0020089716950563107,0,LOW
2024-03-14 06:00:00,Kolkata-Gauge-1,2,0,0.0020089716950563107,0,LOW
2024-03-14 06:00:00,Guwahati-Gauge-1,3,0,0.0020089716950563107,0,LOW
2024-03-14 06:00:00,Sonapur-Gauge-1,4,1,0.9996575480396921,1,EXTREME
2024-03-14 07:00:00,Chamoli-Gauge-1,1,0,0.0020089716950563107,0,LOW
2024-03-14 07:00:00,Kolkata-Gauge-1,2,0,0.0020089716950563107,0,LOW
2024-03-14 07:00:00,Guwahati-Gauge-1,3,0,0.0020089716950563107,0,LOW
2024-03-14 07:00:00,Sonapur-Gauge-1,4,1,0.999639256008757,1,EXTREME
2024-03-14 08:00:00,Chamoli-Gauge-1,1,0,0.0020089716950563107,0,LOW
2024-03-14 08:00:00,Kolkata-Gauge-1,2,0,0.0020089716950563107,0,LOW
2024-03-14 08:00:00,Guwahati-Gauge-1,3,0,0.0020089716950563107,0,LOW
2024-03-14 08:00:00,Sonapur-Gauge-1,4,1,0.9996546215442367,1,EXTREME
2024-03-14 09:00:00,Chamoli-Gauge-1,1,0,0.0020089716950563107,0,LOW
2024-03-14 09:00:00,Kolkata-Gauge-1,2,0,0.0020089716950563107,0,LOW
2024-03-14 09:00:00,Guwahati-Gauge-1,3,0,0.0020089716950563107,0,LOW
2024-03-14 09:00:00,Sonapur-Gauge-1,4,1,0.9996440101505095,1,EXTREME
2024-03-14 10:00:00,Chamoli-Gauge-1,1,0,0.0020089716950563107,0,LOW
2024-03-14 10:00:00,Kolkata-Gauge-1,2,0,0.0020089716950563107,0,LOW
2024-03-14 10:00:00,Guwahati-Gauge-1,3,0,0.0020089716950563107,0,LOW
2024-03-14 10:00:00,Sonapur-Gauge-1,4,1,0.9996534922505429,1,EXTREME
2024-03-14 11:00:00,Chamoli-Gauge-1,1,0,0.0020089716950563107,0,LOW
2024-03-14 11:00:00,Kolkata-Gauge-1,2,0,0.0020089716950563107,0,LOW
2024-03-14 11:00:00,Guwahati-Gauge-1,3,0,0.0020089716950563107,0,LOW
2024-03-14 11:00:00,Sonapur-Gauge-1,4,1,0.9996583797725791,1,EXTREME
2024-03-14 12:00:00,Chamoli-Gauge-1,1,0,0.0020089716950563107,0,LOW
2024-03-14 12:00:00,Kolkata-Gauge-1,2,0,0.0020089716950563107,0,LOW
2024-03-14 12:00:00,Guwahati-Gauge-1,3,0,0.0020089716950563107,0,LOW
2024-03-14 12:00:00,Sonapur-Gauge-1,4,1,0.9996558483992434,1,EXTREME
2024-03-14 13:00:00,Chamoli-Gauge-1,1,0,0.0020089716950563107,0,LOW
2024-03-14 13:00:00,Kolkata-Gauge-1,2,0,0.0020089716950563107,0,LOW
2024-03-14 13:00:00,Guwahati-Gauge-1,3,0,0.0020089716950563107,0,LOW
2024-03-14 13:00:00,Sonapur-Gauge-1,4,1,0.9996378524597077,1,EXTREME
2024-03-14 14:00:00,Chamoli-Gauge-1,1,0,0.0020089716950563107,0,LOW
2024-03-14 14:00:00,Kolkata-Gauge-1,2,0,0.0020089716950563107,0,LOW
2024-03-14 14:00:00,Guwahati-Gauge-1,3,0,0.0020089716950563107,0,LOW
2024-03-14 14:00:00,Sonapur-Gauge-1,4,1,0.9996395166659205,1,EXTREME
2024-03-14 15:00:00,Chamoli-Gauge-1,1,0,0.0020089716950563107,0,LOW
2024-03-14 15:00:00,Kolkata-Gauge-1,2,0,0.0020089716950563107,0,LOW
2024-03-14 15:00:00,Guwahati-Gauge-1,3,0,0.0020089716950563107,0,LOW
2024-03-14 15:00:00,Sonapur-Gauge-1,4,1,0.9996228939541363,1,EXTREME
2024-03-14 16:00:00,Chamoli-Gauge-1,1,0,0.0020089716950563107,0,LOW
2024-03-14 16:00:00,Kolkata-Gauge-1,2,0,0.0020089716950563107,0,LOW
2024-03-14 16:00:00,Guwahati-Gauge-1,3,0,0.0020089716950563107,0,LOW
2024-03-14 16:00:00,Sonapur-Gauge-1,4,1,0.9996323625136417,1,EXTREME
2024-03-14 17:00:00,Chamoli-Gauge-1,1,0,0.0020089716950563107,0,LOW
2024-03-14 17:00:00,Kolkata-Gauge-1,2,0,0.0020089716950563107,0,LOW
2024-03-14 17:00:00,Guwahati-Gauge-1,3,0,0.0020089716950563107,0,LOW
2024-03-14 17:00:00,Sonapur-Gauge-1,4,1,0.9996222182802477,1,EXTREME
2024-03-14 18:00:00,Chamoli-Gauge-1,1,0,0.0020089716950563107,0,LOW
2024-03-14 18:00:00,Kolkata-Gauge-1,2,0,0.0020089716950563107,0,LOW
2024-03-14 18:00:00,Guwahati-Gauge-1,3,0,0.0020089716950563107,0,LOW
2024-03-14 18:00:00,Sonapur-Gauge-1,4,1,0.9994947505104306,1,EXTREME
2024-03-14 19:00:00,Chamoli-Gauge-1,1,0,0.0020089716950563107,0,LOW
2024-03-14 19:00:00,Kolkata-Gauge-1,2,0,0.0020089716950563107,0,LOW
2024-03-14 19:00:00,Guwahati-Gauge-1,3,0,0.0020089716950563107,0,LOW
2024-03-14 19:00:00,Sonapur-Gauge-1,4,1,0.9961595826193164,1,EXTREME
2024-03-14 20:00:00,Chamoli-Gauge-1,1,0,0.0020089716950563107,0,LOW
2024-03-14 20:00:00,Kolkata-Gauge-1,2,0,0.0020089716950563107,0,LOW
2024-03-14 20:00:00,Guwahati-Gauge-1,3,0,0.0020089716950563107,0,LOW
2024-03-14 20:00:00,Sonapur-Gauge-1,4,0,0.10240122413691674,0,LOW
2024-03-14 21:00:00,Chamoli-Gauge-1,1,0,0.0020089716950563107,0,LOW
2024-03-14 21:00:00,Kolkata-Gauge-1,2,0,0.0020089716950563107,0,LOW
2024-03-14 21:00:00,Guwahati-Gauge-1,3,0,0.0020089716950563107,0,LOW
2024-03-14 21:00:00,Sonapur-Gauge-1,4,0,0.005342340126370062,0,LOW
2024-03-14 22:00:00,Chamoli-Gauge-1,1,0,0.0020089716950563107,0,LOW
2024-03-14 22:00:00,Kolkata-Gauge-1,2,0,0.0020089716950563107,0,LOW
2024-03-14 22:00:00,Guwahati-Gauge-1,3,0,0.0020089716950563107,0,LOW
2024-03-14 22:00:00,Sonapur-Gauge-1,4,0,0.002596121028801861,0,LOW
2024-03-14 23:00:00,Chamoli-Gauge-1,1,0,0.0020089716950563107,0,LOW
2024-03-14 23:00:00,Kolkata-Gauge-1,2,0,0.0020510255177631056,0,LOW
2024-03-14 23:00:00,Guwahati-Gauge-1,3,0,0.0020089716950563107,0,LOW
2024-03-14 23:00:00,Sonapur-Gauge-1,4,0,0.0025473750800948567,0,LOW
2024-03-15 00:00:00,Chamoli-Gauge-1,1,0,0.0020089716950563107,0,LOW
2024-03-15 00:00:00,Kolkata-Gauge-1,2,0,0.0020975718693008265,0,LOW
2024-03-15 00:00:00,Guwahati-Gauge-1,3,0,0.0020089716950563107,0,LOW
2024-03-15 00:00:00,Sonapur-Gauge-1,4,0,0.0037412377054281917,0,LOW
2024-03-15 01:00:00,Chamoli-Gauge-1,1,0,0.0020089716950563107,0,LOW
2024-03-15 01:00:00,Kolkata-Gauge-1,2,0,0.0020510255177631056,0,LOW
2024-03-15 01:00:00,Guwahati-Gauge-1,3,0,0.0020089716950563107,0,LOW
2024-03-15 01:00:00,Sonapur-Gauge-1,4,0,0.005786863518994334,0,LOW
2024-03-15 02:00:00,Chamoli-Gauge-1,1,0,0.0020089716950563107,0,LOW
2024-03-15 02:00:00,Kolkata-Gauge-1,2,0,0.0020089716950563107,0,LOW
2024-03-15 02:00:00,Guwahati-Gauge-1,3,0,0.0020089716950563107,0,LOW
2024-03-15 02:00:00,Sonapur-Gauge-1,4,1,0.9980445521821886,1,EXTREME
2024-03-15 03:00:00,Chamoli-Gauge-1,1,0,0.0020089716950563107,0,LOW
2024-03-15 03:00:00,Kolkata-Gauge-1,2,0,0.0020089716950563107,0,LOW
2024-03-15 03:00:00,Guwahati-Gauge-1,3,0,0.0020089716950563107,0,LOW
2024-03-15 03:00:00,Sonapur-Gauge-1,4,1,0.9995166020358023,1,EXTREME
2024-03-15 04:00:00,Chamoli-Gauge-1,1,0,0.0020089716950563107,0,LOW
2024-03-15 04:00:00,Kolkata-Gauge-1,2,0,0.0020089716950563107,0,LOW
2024-03-15 04:00:00,Guwahati-Gauge-1,3,0,0.0020089716950563107,0,LOW
2024-03-15 04:00:00,Sonapur-Gauge-1,4,1,0.9995850816452236,1,EXTREME
2024-03-15 05:00:00,Chamoli-Gauge-1,1,0,0.0020089716950563107,0,LOW
2024-03-15 05:00:00,Kolkata-Gauge-1,2,0,0.0020089716950563107,0,LOW
2024-03-15 05:00:00,Guwahati-Gauge-1,3,0,0.0020089716950563107,0,LOW
2024-03-15 05:00:00,Sonapur-Gauge-1,4,1,0.999613420569884,1,EXTREME
2024-03-15 06:00:00,Chamoli-Gauge-1,1,0,0.0020089716950563107,0,LOW
2024-03-15 06:00:00,Kolkata-Gauge-1,2,0,0.0024044939299358737,0,LOW
2024-03-15 06:00:00,Guwahati-Gauge-1,3,0,0.0020089716950563107,0,LOW
2024-03-15 06:00:00,Sonapur-Gauge-1,4,1,0.9996539522447072,1,EXTREME
2024-03-15 07:00:00,Chamoli-Gauge-1,1,0,0.0020089716950563107,0,LOW
2024-03-15 07:00:00,Kolkata-Gauge-1,2,0,0.0024746811923114184,0,LOW
2024-03-15 07:00:00,Guwahati-Gauge-1,3,0,0.0020089716950563107,0,LOW
2024-03-15 07:00:00,Sonapur-Gauge-1,4,1,0.9996412514034952,1,EXTREME
2024-03-15 08:00:00,Chamoli-Gauge-1,1,0,0.0020089716950563107,0,LOW
2024-03-15 08:00:00,Kolkata-Gauge-1,2,0,0.0023070644184688058,0,LOW
2024-03-15 08:00:00,Guwahati-Gauge-1,3,0,0.0020089716950563107,0,LOW
2024-03-15 08:00:00,Sonapur-Gauge-1,4,1,0.9996296948199362,1,EXTREME
2024-03-15 09:00:00,Chamoli-Gauge-1,1,0,0.0020089716950563107,0,LOW
2024-03-15 09:00:00,Kolkata-Gauge-1,2,0,0.0020649558663337125,0,LOW
2024-03-15 09:00:00,Guwahati-Gauge-1,3,0,0.0020089716950563107,0,LOW
2024-03-15 09:00:00,Sonapur-Gauge-1,4,1,0.9996458421861513,1,EXTREME
2024-03-15 10:00:00,Chamoli-Gauge-1,1,0,0.0020089716950563107,0,LOW
2024-03-15 10:00:00,Kolkata-Gauge-1,2,0,0.002368160413103772,0,LOW
2024-03-15 10:00:00,Guwahati-Gauge-1,3,0,0.0020089716950563107,0,LOW
2024-03-15 10:00:00,Sonapur-Gauge-1,4,1,0.9996599131910273,1,EXTREME
2024-03-15 11:00:00,Chamoli-Gauge-1,1,0,0.0020089716950563107,0,LOW
2024-03-15 11:00:00,Kolkata-Gauge-1,2,0,0.002132625454246021,0,LOW
2024-03-15 11:00:00,Guwahati-Gauge-1,3,0,0.0020089716950563107,0,LOW
2024-03-15 11:00:00,Sonapur-Gauge-1,4,1,0.9996514565761496,1,EXTREME
2024-03-15 12:00:00,Chamoli-Gauge-1,1,0,0.0020089716950563107,0,LOW
2024-03-15 12:00:00,Kolkata-Gauge-1,2,0,0.0020089716950563107,0,LOW
2024-03-15 12:00:00,Guwahati-Gauge-1,3,0,0.0020089716950563107,0,LOW
2024-03-15 12:00:00,Sonapur-Gauge-1,4,1,0.999649448846975,1,EXTREME
2024-03-15 13:00:00,Chamoli-Gauge-1,1,0,0.0020089716950563107,0,LOW
2024-03-15 13:00:00,Kolkata-Gauge-1,2,0,0.0020089716950563107,0,LOW
2024-03-15 13:00:00,Guwahati-Gauge-1,3,0,0.0020089716950563107,0,LOW
2024-03-15 13:00:00,Sonapur-Gauge-1,4,1,0.9996428959568404,1,EXTREME
2024-03-15 14:00:00,Chamoli-Gauge-1,1,0,0.0020089716950563107,0,LOW
2024-03-15 14:00:00,Kolkata-Gauge-1,2,0,0.0020089716950563107,0,LOW
2024-03-15 14:00:00,Guwahati-Gauge-1,3,0,0.0020089716950563107,0,LOW
2024-03-15 14:00:00,Sonapur-Gauge-1,4,1,0.9996294547791068,1,EXTREME
2024-03-15 15:00:00,Chamoli-Gauge-1,1,0,0.0020089716950563107,0,LOW
2024-03-15 15:00:00,Kolkata-Gauge-1,2,0,0.0020089716950563107,0,LOW
2024-03-15 15:00:00,Guwahati-Gauge-1,3,0,0.0020089716950563107,0,LOW
2024-03-15 15:00:00,Sonapur-Gauge-1,4,1,0.999653703978709,1,EXTREME
2024-03-15 16:00:00,Chamoli-Gauge-1,1,0,0.0020089716950563107,0,LOW
2024-03-15 16:00:00,Kolkata-Gauge-1,2,0,0.0020089716950563107,0,LOW
2024-03-15 16:00:00,Guwahati-Gauge-1,3,0,0.0020089716950563107,0,LOW
2024-03-15 16:00:00,Sonapur-Gauge-1,4,1,0.999653703978709,1,EXTREME
2024-03-15 17:00:00,Chamoli-Gauge-1,1,0,0.0020089716950563107,0,LOW
2024-03-15 17:00:00,Kolkata-Gauge-1,2,0,0.0020089716950563107,0,LOW
2024-03-15 17:00:00,Guwahati-Gauge-1,3,0,0.0020089716950563107,0,LOW
2024-03-15 17:00:00,Sonapur-Gauge-1,4,1,0.9996479735368142,1,EXTREME
2024-03-15 18:00:00,Chamoli-Gauge-1,1,0,0.0020089716950563107,0,LOW
2024-03-15 18:00:00,Kolkata-Gauge-1,2,0,0.0020089716950563107,0,LOW
2024-03-15 18:00:00,Guwahati-Gauge-1,3,0,0.0020089716950563107,0,LOW
2024-03-15 18:00:00,Sonapur-Gauge-1,4,1,0.9996200813960568,1,EXTREME
2024-03-15 19:00:00,Chamoli-Gauge-1,1,0,0.0020089716950563107,0,LOW
2024-03-15 19:00:00,Kolkata-Gauge-1,2,0,0.0020089716950563107,0,LOW
2024-03-15 19:00:00,Guwahati-Gauge-1,3,0,0.0020089716950563107,0,LOW
2024-03-15 19:00:00,Sonapur-Gauge-1,4,1,0.9996438208615129,1,EXTREME
2024-03-15 20:00:00,Chamoli-Gauge-1,1,0,0.0020089716950563107,0,LOW
2024-03-15 20:00:00,Kolkata-Gauge-1,2,0,0.0020089716950563107,0,LOW
2024-03-15 20:00:00,Guwahati-Gauge-1,3,0,0.0020089716950563107,0,LOW
2024-03-15 20:00:00,Sonapur-Gauge-1,4,1,0.9996050051320375,1,EXTREME
2024-03-15 21:00:00,Chamoli-Gauge-1,1,0,0.0020089716950563107,0,LOW
2024-03-15 21:00:00,Kolkata-Gauge-1,2,0,0.0020089716950563107,0,LOW
2024-03-15 21:00:00,Guwahati-Gauge-1,3,0,0.0020089716950563107,0,LOW
2024-03-15 21:00:00,Sonapur-Gauge-1,4,1,0.9996132000735618,1,EXTREME
2024-03-15 22:00:00,Chamoli-Gauge-1,1,0,0.0020089716950563107,0,LOW
2024-03-15 22:00:00,Kolkata-Gauge-1,2,0,0.0020089716950563107,0,LOW
2024-03-15 22:00:00,Guwahati-Gauge-1,3,0,0.0020089716950563107,0,LOW
2024-03-15 22:00:00,Sonapur-Gauge-1,4,1,0.9996284590066227,1,EXTREME
2024-03-15 23:00:00,Chamoli-Gauge-1,1,0,0.0020089716950563107,0,LOW
2024-03-15 23:00:00,Kolkata-Gauge-1,2,0,0.0020089716950563107,0,LOW
2024-03-15 23:00:00,Guwahati-Gauge-1,3,0,0.0020089716950563107,0,LOW
2024-03-15 23:00:00,Sonapur-Gauge-1,4,1,0.9996360364253842,1,EXTREME
2024-03-16 00:00:00,Chamoli-Gauge-1,1,0,0.0020089716950563107,0,LOW
2024-03-16 00:00:00,Kolkata-Gauge-1,2,0,0.0020089716950563107,0,LOW
2024-03-16 00:00:00,Guwahati-Gauge-1,3,0,0.0020089716950563107,0,LOW
2024-03-16 00:00:00,Sonapur-Gauge-1,4,1,0.9996342129904163,1,EXTREME
2024-03-16 01:00:00,Chamoli-Gauge-1,1,0,0.0020089716950563107,0,LOW
2024-03-16 01:00:00,Kolkata-Gauge-1,2,0,0.0020089716950563107,0,LOW
2024-03-16 01:00:00,Guwahati-Gauge-1,3,0,0.0020089716950563107,0,LOW
2024-03-16 01:00:00,Sonapur-Gauge-1,4,1,0.9996377942134149,1,EXTREME
2024-03-16 02:00:00,Chamoli-Gauge-1,1,0,0.0020089716950563107,0,LOW
2024-03-16 02:00:00,Kolkata-Gauge-1,2,0,0.0020089716950563107,0,LOW
2024-03-16 02:00:00,Guwahati-Gauge-1,3,0,0.0020089716950563107,0,LOW
2024-03-16 02:00:00,Sonapur-Gauge-1,4,1,0.999628178310142,1,EXTREME
2024-03-16 03:00:00,Chamoli-Gauge-1,1,0,0.0020089716950563107,0,LOW
2024-03-16 03:00:00,Kolkata-Gauge-1,2,0,0.0020089716950563107,0,LOW
2024-03-16 03:00:00,Guwahati-Gauge-1,3,0,0.0020089716950563107,0,LOW
2024-03-16 03:00:00,Sonapur-Gauge-1,4,1,0.9996475457352499,1,EXTREME
2024-03-16 04:00:00,Chamoli-Gauge-1,1,0,0.0020089716950563107,0,LOW
2024-03-16 04:00:00,Kolkata-Gauge-1,2,0,0.0020089716950563107,0,LOW
2024-03-16 04:00:00,Guwahati-Gauge-1,3,0,0.0020089716950563107,0,LOW
2024-03-16 04:00:00,Sonapur-Gauge-1,4,1,0.9996563329364168,1,EXTREME
2024-03-16 05:00:00,Chamoli-Gauge-1,1,0,0.0020089716950563107,0,LOW
2024-03-16 05:00:00,Kolkata-Gauge-1,2,0,0.0020089716950563107,0,LOW
2024-03-16 05:00:00,Guwahati-Gauge-1,3,0,0.0020089716950563107,0,LOW
2024-03-16 05:00:00,Sonapur-Gauge-1,4,1,0.9996443683295388,1,EXTREME
2024-03-16 06:00:00,Chamoli-Gauge-1,1,0,0.0020089716950563107,0,LOW
2024-03-16 06:00:00,Kolkata-Gauge-1,2,0,0.0020089716950563107,0,LOW
2024-03-16 06:00:00,Guwahati-Gauge-1,3,0,0.0020089716950563107,0,LOW
2024-03-16 06:00:00,Sonapur-Gauge-1,4,1,0.9995364293682755,1,EXTREME
2024-03-16 07:00:00,Chamoli-Gauge-1,1,0,0.0020089716950563107,0,LOW
2024-03-16 07:00:00,Kolkata-Gauge-1,2,0,0.0020089716950563107,0,LOW
2024-03-16 07:00:00,Guwahati-Gauge-1,3,0,0.0020089716950563107,0,LOW
2024-03-16 07:00:00,Sonapur-Gauge-1,4,1,0.9996050636631759,1,EXTREME
2024-03-16 08:00:00,Chamoli-Gauge-1,1,0,0.0020089716950563107,0,LOW
2024-03-16 08:00:00,Kolkata-Gauge-1,2,0,0.0020089716950563107,0,LOW
2024-03-16 08:00:00,Guwahati-Gauge-1,3,0,0.0020089716950563107,0,LOW
2024-03-16 08:00:00,Sonapur-Gauge-1,4,1,0.9996141531087799,1,EXTREME
2024-03-16 09:00:00,Chamoli-Gauge-1,1,0,0.0020089716950563107,0,LOW
2024-03-16 09:00:00,Kolkata-Gauge-1,2,0,0.0020089716950563107,0,LOW
2024-03-16 09:00:00,Guwahati-Gauge-1,3,0,0.0020089716950563107,0,LOW
2024-03-16 09:00:00,Sonapur-Gauge-1,4,1,0.9996051566764355,1,EXTREME
2024-03-16 10:00:00,Chamoli-Gauge-1,1,0,0.0020089716950563107,0,LOW
2024-03-16 10:00:00,Kolkata-Gauge-1,2,0,0.0020089716950563107,0,LOW
2024-03-16 10:00:00,Guwahati-Gauge-1,3,0,0.0020089716950563107,0,LOW
2024-03-16 10:00:00,Sonapur-Gauge-1,4,1,0.9996597250689296,1,EXTREME
2024-03-16 11:00:00,Chamoli-Gauge-1,1,0,0.0020089716950563107,0,LOW
2024-03-16 11:00:00,Kolkata-Gauge-1,2,0,0.0020089716950563107,0,LOW
2024-03-16 11:00:00,Guwahati-Gauge-1,3,0,0.0020089716950563107,0,LOW
2024-03-16 11:00:00,Sonapur-Gauge-1,4,1,0.9996597250689296,1,EXTREME
2024-03-16 12:00:00,Chamoli-Gauge-1,1,0,0.0020089716950563107,0,LOW
2024-03-16 12:00:00,Kolkata-Gauge-1,2,0,0.0020089716950563107,0,LOW
2024-03-16 12:00:00,Guwahati-Gauge-1,3,0,0.0020089716950563107,0,LOW
2024-03-16 12:00:00,Sonapur-Gauge-1,4,1,0.9996378040730518,1,EXTREME
2024-03-16 13:00:00,Chamoli-Gauge-1,1,0,0.0020089716950563107,0,LOW
2024-03-16 13:00:00,Kolkata-Gauge-1,2,0,0.0020089716950563107,0,LOW
2024-03-16 13:00:00,Guwahati-Gauge-1,3,0,0.0020089716950563107,0,LOW
2024-03-16 13:00:00,Sonapur-Gauge-1,4,1,0.9996582182586544,1,EXTREME
2024-03-16 14:00:00,Chamoli-Gauge-1,1,0,0.0020089716950563107,0,LOW
2024-03-16 14:00:00,Kolkata-Gauge-1,2,0,0.0020089716950563107,0,LOW
2024-03-16 14:00:00,Guwahati-Gauge-1,3,0,0.0020089716950563107,0,LOW
2024-03-16 14:00:00,Sonapur-Gauge-1,4,1,0.9996600608077871,1,EXTREME
2024-03-16 15:00:00,Chamoli-Gauge-1,1,0,0.0020089716950563107,0,LOW
2024-03-16 15:00:00,Kolkata-Gauge-1,2,0,0.0020089716950563107,0,LOW
2024-03-16 15:00:00,Guwahati-Gauge-1,3,0,0.0020089716950563107,0,LOW
2024-03-16 15:00:00,Sonapur-Gauge-1,4,1,0.9996530535557225,1,EXTREME
2024-03-16 16:00:00,Chamoli-Gauge-1,1,0,0.0020089716950563107,0,LOW
2024-03-16 16:00:00,Kolkata-Gauge-1,2,0,0.0020089716950563107,0,LOW
2024-03-16 16:00:00,Guwahati-Gauge-1,3,0,0.0020089716950563107,0,LOW
2024-03-16 16:00:00,Sonapur-Gauge-1,4,1,0.9996597893055942,1,EXTREME
2024-03-16 17:00:00,Chamoli-Gauge-1,1,0,0.0020089716950563107,0,LOW
2024-03-16 17:00:00,Kolkata-Gauge-1,2,0,0.0020089716950563107,0,LOW
2024-03-16 17:00:00,Guwahati-Gauge-1,3,0,0.0020089716950563107,0,LOW
2024-03-16 17:00:00,Sonapur-Gauge-1,4,1,0.9996597893055942,1,EXTREME
2024-03-16 18:00:00,Chamoli-Gauge-1,1,0,0.0020089716950563107,0,LOW
2024-03-16 18:00:00,Kolkata-Gauge-1,2,0,0.0020089716950563107,0,LOW
2024-03-16 18:00:00,Guwahati-Gauge-1,3,0,0.0020089716950563107,0,LOW
2024-03-16 18:00:00,Sonapur-Gauge-1,4,1,0.9996597893055942,1,EXTREME
2024-03-16 19:00:00,Chamoli-Gauge-1,1,0,0.0020089716950563107,0,LOW
2024-03-16 19:00:00,Kolkata-Gauge-1,2,0,0.0020089716950563107,0,LOW
2024-03-16 19:00:00,Guwahati-Gauge-1,3,0,0.0020089716950563107,0,LOW
2024-03-16 19:00:00,Sonapur-Gauge-1,4,1,0.9996600608077871,1,EXTREME
2024-03-16 20:00:00,Chamoli-Gauge-1,1,0,0.0020089716950563107,0,LOW
2024-03-16 20:00:00,Kolkata-Gauge-1,2,0,0.0020089716950563107,0,LOW
2024-03-16 20:00:00,Guwahati-Gauge-1,3,0,0.0020089716950563107,0,LOW
2024-03-16 20:00:00,Sonapur-Gauge-1,4,1,0.9996581269217714,1,EXTREME
2024-03-16 21:00:00,Chamoli-Gauge-1,1,0,0.0020089716950563107,0,LOW
2024-03-16 21:00:00,Kolkata-Gauge-1,2,0,0.0020089716950563107,0,LOW
2024-03-16 21:00:00,Guwahati-Gauge-1,3,0,0.0020089716950563107,0,LOW
2024-03-16 21:00:00,Sonapur-Gauge-1,4,1,0.9996582320946792,1,EXTREME
2024-03-16 22:00:00,Chamoli-Gauge-1,1,0,0.0020089716950563107,0,LOW
2024-03-16 22:00:00,Kolkata-Gauge-1,2,0,0.0020089716950563107,0,LOW
2024-03-16 22:00:00,Guwahati-Gauge-1,3,0,0.0020089716950563107,0,LOW
2024-03-16 22:00:00,Sonapur-Gauge-1,4,1,0.9996586211266734,1,EXTREME
2024-03-16 23:00:00,Chamoli-Gauge-1,1,0,0.0020089716950563107,0,LOW
2024-03-16 23:00:00,Kolkata-Gauge-1,2,0,0.0020089716950563107,0,LOW
2024-03-16 23:00:00,Guwahati-Gauge-1,3,0,0.0020777579507301924,0,LOW
2024-03-16 23:00:00,Sonapur-Gauge-1,4,1,0.9996454923254333,1,EXTREME
2024-03-17 00:00:00,Chamoli-Gauge-1,1,0,0.0020089716950563107,0,LOW
2024-03-17 00:00:00,Kolkata-Gauge-1,2,0,0.0020089716950563107,0,LOW
2024-03-17 00:00:00,Guwahati-Gauge-1,3,0,0.0020089716950563107,0,LOW
2024-03-17 00:00:00,Sonapur-Gauge-1,4,1,0.9996595772258533,1,EXTREME
2024-03-17 01:00:00,Chamoli-Gauge-1,1,0,0.0020089716950563107,0,LOW
2024-03-17 01:00:00,Kolkata-Gauge-1,2,0,0.0020089716950563107,0,LOW
2024-03-17 01:00:00,Guwahati-Gauge-1,3,0,0.0024469530338580596,0,LOW
2024-03-17 01:00:00,Sonapur-Gauge-1,4,1,0.9996590519290167,1,EXTREME
2024-03-17 02:00:00,Chamoli-Gauge-1,1,0,0.0020089716950563107,0,LOW
2024-03-17 02:00:00,Kolkata-Gauge-1,2,0,0.0020089716950563107,0,LOW
2024-03-17 02:00:00,Guwahati-Gauge-1,3,0,0.0020589818535538106,0,LOW
2024-03-17 02:00:00,Sonapur-Gauge-1,4,1,0.9996589760728304,1,EXTREME
2024-03-17 03:00:00,Chamoli-Gauge-1,1,0,0.0020089716950563107,0,LOW
2024-03-17 03:00:00,Kolkata-Gauge-1,2,0,0.0020089716950563107,0,LOW
2024-03-17 03:00:00,Guwahati-Gauge-1,3,0,0.0020589818535538106,0,LOW
2024-03-17 03:00:00,Sonapur-Gauge-1,4,1,0.9996589760728304,1,EXTREME
2024-03-17 04:00:00,Chamoli-Gauge-1,1,0,0.0020089716950563107,0,LOW
2024-03-17 04:00:00,Kolkata-Gauge-1,2,0,0.0020089716950563107,0,LOW
2024-03-17 04:00:00,Guwahati-Gauge-1,3,0,0.0021739108398103908,0,LOW
2024-03-17 04:00:00,Sonapur-Gauge-1,4,1,0.9996530314901062,1,EXTREME
2024-03-17 05:00:00,Chamoli-Gauge-1,1,0,0.0020089716950563107,0,LOW
2024-03-17 05:00:00,Kolkata-Gauge-1,2,0,0.0021700166640198403,0,LOW
2024-03-17 05:00:00,Guwahati-Gauge-1,3,0,0.0020919478884380417,0,LOW
2024-03-17 05:00:00,Sonapur-Gauge-1,4,1,0.9996567485030164,1,EXTREME
2024-03-17 06:00:00,Chamoli-Gauge-1,1,0,0.0020089716950563107,0,LOW
2024-03-17 06:00:00,Kolkata-Gauge-1,2,0,0.0020089716950563107,0,LOW
2024-03-17 06:00:00,Guwahati-Gauge-1,3,0,0.0021167197225555796,0,LOW
2024-03-17 06:00:00,Sonapur-Gauge-1,4,1,0.9996600608077871,1,EXTREME
2024-03-17 07:00:00,Chamoli-Gauge-1,1,0,0.0020089716950563107,0,LOW
2024-03-17 07:00:00,Kolkata-Gauge-1,2,0,0.0020089716950563107,0,LOW
2024-03-17 07:00:00,Guwahati-Gauge-1,3,0,0.002152956541552118,0,LOW
2024-03-17 07:00:00,Sonapur-Gauge-1,4,1,0.9996600608077871,1,EXTREME
2024-03-17 08:00:00,Chamoli-Gauge-1,1,0,0.0020089716950563107,0,LOW
2024-03-17 08:00:00,Kolkata-Gauge-1,2,0,0.0020089716950563107,0,LOW
2024-03-17 08:00:00,Guwahati-Gauge-1,3,0,0.002230568575282226,0,LOW
2024-03-17 08:00:00,Sonapur-Gauge-1,4,1,0.9996600608077871,1,EXTREME
2024-03-17 09:00:00,Chamoli-Gauge-1,1,0,0.0020089716950563107,0,LOW
2024-03-17 09:00:00,Kolkata-Gauge-1,2,0,0.0020089716950563107,0,LOW
2024-03-17 09:00:00,Guwahati-Gauge-1,3,0,0.0024716951921468677,0,LOW
2024-03-17 09:00:00,Sonapur-Gauge-1,4,1,0.9996528795189649,1,EXTREME
2024-03-17 10:00:00,Chamoli-Gauge-1,1,0,0.0020089716950563107,0,LOW
2024-03-17 10:00:00,Kolkata-Gauge-1,2,0,0.0020089716950563107,0,LOW
2024-03-17 10:00:00,Guwahati-Gauge-1,3,0,0.0022994786624325127,0,LOW
2024-03-17 10:00:00,Sonapur-Gauge-1,4,1,0.9996447966911649,1,EXTREME
2024-03-17 11:00:00,Chamoli-Gauge-1,1,0,0.0020089716950563107,0,LOW
2024-03-17 11:00:00,Kolkata-Gauge-1,2,0,0.0020089716950563107,0,LOW
2024-03-17 11:00:00,Guwahati-Gauge-1,3,0,0.002267238946865399,0,LOW
2024-03-17 11:00:00,Sonapur-Gauge-1,4,1,0.9996345135313656,1,EXTREME
2024-03-17 12:00:00,Chamoli-Gauge-1,1,0,0.0020089716950563107,0,LOW
2024-03-17 12:00:00,Kolkata-Gauge-1,2,0,0.0020089716950563107,0,LOW
2024-03-17 12:00:00,Guwahati-Gauge-1,3,0,0.0021512882988499664,0,LOW
2024-03-17 12:00:00,Sonapur-Gauge-1,4,1,0.9996444056059108,1,EXTREME
2024-03-17 13:00:00,Chamoli-Gauge-1,1,0,0.0020089716950563107,0,LOW
2024-03-17 13:00:00,Kolkata-Gauge-1,2,0,0.0020089716950563107,0,LOW
2024-03-17 13:00:00,Guwahati-Gauge-1,3,0,0.0020089716950563107,0,LOW
2024-03-17 13:00:00,Sonapur-Gauge-1,4,1,0.9996363111178879,1,EXTREME
2024-03-17 14:00:00,Chamoli-Gauge-1,1,0,0.0020089716950563107,0,LOW
2024-03-17 14:00:00,Kolkata-Gauge-1,2,0,0.0020089716950563107,0,LOW
2024-03-17 14:00:00,Guwahati-Gauge-1,3,0,0.0021838560848490736,0,LOW
2024-03-17 14:00:00,Sonapur-Gauge-1,4,1,0.9996489717649673,1,EXTREME
2024-03-17 15:00:00,Chamoli-Gauge-1,1,0,0.0020089716950563107,0,LOW
2024-03-17 15:00:00,Kolkata-Gauge-1,2,0,0.0020089716950563107,0,LOW
2024-03-17 15:00:00,Guwahati-Gauge-1,3,0,0.002383905669469009,0,LOW
2024-03-17 15:00:00,Sonapur-Gauge-1,4,1,0.9996473827367667,1,EXTREME
2024-03-17 16:00:00,Chamoli-Gauge-1,1,0,0.0020089716950563107,0,LOW
2024-03-17 16:00:00,Kolkata-Gauge-1,2,0,0.0020089716950563107,0,LOW
2024-03-17 16:00:00,Guwahati-Gauge-1,3,0,0.002135205293703589,0,LOW
2024-03-17 16:00:00,Sonapur-Gauge-1,4,1,0.9996465627396122,1,EXTREME
2024-03-17 17:00:00,Chamoli-Gauge-1,1,0,0.0020089716950563107,0,LOW
2024-03-17 17:00:00,Kolkata-Gauge-1,2,0,0.0020089716950563107,0,LOW
2024-03-17 17:00:00,Guwahati-Gauge-1,3,0,0.0020089716950563107,0,LOW
2024-03-17 17:00:00,Sonapur-Gauge-1,4,1,0.9996583602408012,1,EXTREME
2024-03-17 18:00:00,Chamoli-Gauge-1,1,0,0.0020089716950563107,0,LOW
2024-03-17 18:00:00,Kolkata-Gauge-1,2,0,0.0020089716950563107,0,LOW
2024-03-17 18:00:00,Guwahati-Gauge-1,3,0,0.0020089716950563107,0,LOW
2024-03-17 18:00:00,Sonapur-Gauge-1,4,1,0.9996587414443998,1,EXTREME
2024-03-17 19:00:00,Chamoli-Gauge-1,1,0,0.0020089716950563107,0,LOW
2024-03-17 19:00:00,Kolkata-Gauge-1,2,0,0.0020089716950563107,0,LOW
2024-03-17 19:00:00,Guwahati-Gauge-1,3,0,0.002075817457212297,0,LOW
2024-03-17 19:00:00,Sonapur-Gauge-1,4,1,0.9996587414443998,1,EXTREME
2024-03-17 20:00:00,Chamoli-Gauge-1,1,0,0.0020089716950563107,0,LOW
2024-03-17 20:00:00,Kolkata-Gauge-1,2,0,0.0020089716950563107,0,LOW
2024-03-17 20:00:00,Guwahati-Gauge-1,3,0,0.0020089716950563107,0,LOW
2024-03-17 20:00:00,Sonapur-Gauge-1,4,1,0.99962599015876,1,EXTREME
2024-03-17 21:00:00,Chamoli-Gauge-1,1,0,0.0020089716950563107,0,LOW
2024-03-17 21:00:00,Kolkata-Gauge-1,2,0,0.0020089716950563107,0,LOW
2024-03-17 21:00:00,Guwahati-Gauge-1,3,0,0.0020089716950563107,0,LOW
2024-03-17 21:00:00,Sonapur-Gauge-1,4,1,0.9996558657117068,1,EXTREME
2024-03-17 22:00:00,Chamoli-Gauge-1,1,0,0.0020089716950563107,0,LOW
2024-03-17 22:00:00,Kolkata-Gauge-1,2,0,0.0020089716950563107,0,LOW
2024-03-17 22:00:00,Guwahati-Gauge-1,3,0,0.0020089716950563107,0,LOW
2024-03-17 22:00:00,Sonapur-Gauge-1,4,1,0.9996571877153049,1,EXTREME
2024-03-17 23:00:00,Chamoli-Gauge-1,1,0,0.0020089716950563107,0,LOW
2024-03-17 23:00:00,Kolkata-Gauge-1,2,0,0.0020089716950563107,0,LOW
2024-03-17 23:00:00,Guwahati-Gauge-1,3,0,0.0020089716950563107,0,LOW
2024-03-17 23:00:00,Sonapur-Gauge-1,4,1,0.9996599131910273,1,EXTREME
2024-03-18 00:00:00,Chamoli-Gauge-1,1,0,0.0020089716950563107,0,LOW
2024-03-18 00:00:00,Kolkata-Gauge-1,2,0,0.0020089716950563107,0,LOW
2024-03-18 00:00:00,Guwahati-Gauge-1,3,0,0.0020089716950563107,0,LOW
2024-03-18 00:00:00,Sonapur-Gauge-1,4,1,0.999658636602628,1,EXTREME
2024-03-18 01:00:00,Chamoli-Gauge-1,1,0,0.0020089716950563107,0,LOW
2024-03-18 01:00:00,Kolkata-Gauge-1,2,0,0.0020089716950563107,0,LOW
2024-03-18 01:00:00,Guwahati-Gauge-1,3,0,0.0020089716950563107,0,LOW
2024-03-18 01:00:00,Sonapur-Gauge-1,4,1,0.9996599131910273,1,EXTREME
2024-03-18 02:00:00,Chamoli-Gauge-1,1,0,0.0020089716950563107,0,LOW
2024-03-18 02:00:00,Kolkata-Gauge-1,2,0,0.0020089716950563107,0,LOW
2024-03-18 02:00:00,Guwahati-Gauge-1,3,0,0.0020089716950563107,0,LOW
2024-03-18 02:00:00,Sonapur-Gauge-1,4,1,0.9996571984744406,1,EXTREME
2024-03-18 03:00:00,Chamoli-Gauge-1,1,0,0.0020089716950563107,0,LOW
2024-03-18 03:00:00,Kolkata-Gauge-1,2,0,0.0020089716950563107,0,LOW
2024-03-18 03:00:00,Guwahati-Gauge-1,3,0,0.002210374122581832,0,LOW
2024-03-18 03:00:00,Sonapur-Gauge-1,4,1,0.9996519398854085,1,EXTREME
2024-03-18 04:00:00,Chamoli-Gauge-1,1,0,0.0020089716950563107,0,LOW
2024-03-18 04:00:00,Kolkata-Gauge-1,2,0,0.0020089716950563107,0,LOW
2024-03-18 04:00:00,Guwahati-Gauge-1,3,0,0.0020089716950563107,0,LOW
2024-03-18 04:00:00,Sonapur-Gauge-1,4,1,0.9996378376803013,1,EXTREME
2024-03-18 05:00:00,Chamoli-Gauge-1,1,0,0.0020089716950563107,0,LOW
2024-03-18 05:00:00,Kolkata-Gauge-1,2,0,0.0020089716950563107,0,LOW
2024-03-18 05:00:00,Guwahati-Gauge-1,3,0,0.0020089716950563107,0,LOW
2024-03-18 05:00:00,Sonapur-Gauge-1,4,1,0.9996551826829425,1,EXTREME
2024-03-18 06:00:00,Chamoli-Gauge-1,1,0,0.0020089716950563107,0,LOW
2024-03-18 06:00:00,Kolkata-Gauge-1,2,0,0.0020089716950563107,0,LOW
2024-03-18 06:00:00,Guwahati-Gauge-1,3,0,0.0020089716950563107,0,LOW
2024-03-18 06:00:00,Sonapur-Gauge-1,4,1,0.9996285968050004,1,EXTREME
2024-03-18 07:00:00,Chamoli-Gauge-1,1,0,0.0020089716950563107,0,LOW
2024-03-18 07:00:00,Kolkata-Gauge-1,2,0,0.0020089716950563107,0,LOW
2024-03-18 07:00:00,Guwahati-Gauge-1,3,0,0.0020089716950563107,0,LOW
2024-03-18 07:00:00,Sonapur-Gauge-1,4,1,0.9996335155433324,1,EXTREME
2024-03-18 08:00:00,Chamoli-Gauge-1,1,0,0.0020089716950563107,0,LOW
2024-03-18 08:00:00,Kolkata-Gauge-1,2,0,0.0020089716950563107,0,LOW
2024-03-18 08:00:00,Guwahati-Gauge-1,3,0,0.0020089716950563107,0,LOW
2024-03-18 08:00:00,Sonapur-Gauge-1,4,1,0.9996448349329529,1,EXTREME
2024-03-18 09:00:00,Chamoli-Gauge-1,1,0,0.0020089716950563107,0,LOW
2024-03-18 09:00:00,Kolkata-Gauge-1,2,0,0.0020089716950563107,0,LOW
2024-03-18 09:00:00,Guwahati-Gauge-1,3,0,0.0020089716950563107,0,LOW
2024-03-18 09:00:00,Sonapur-Gauge-1,4,1,0.9996428576827849,1,EXTREME
2024-03-18 10:00:00,Chamoli-Gauge-1,1,0,0.0020089716950563107,0,LOW
2024-03-18 10:00:00,Kolkata-Gauge-1,2,0,0.0020089716950563107,0,LOW
2024-03-18 10:00:00,Guwahati-Gauge-1,3,0,0.0020089716950563107,0,LOW
2024-03-18 10:00:00,Sonapur-Gauge-1,4,1,0.9996299592883345,1,EXTREME
2024-03-18 11:00:00,Chamoli-Gauge-1,1,0,0.0020089716950563107,0,LOW
2024-03-18 11:00:00,Kolkata-Gauge-1,2,0,0.0020089716950563107,0,LOW
2024-03-18 11:00:00,Guwahati-Gauge-1,3,0,0.0020089716950563107,0,LOW
2024-03-18 11:00:00,Sonapur-Gauge-1,4,1,0.9996203648812584,1,EXTREME
2024-03-18 12:00:00,Chamoli-Gauge-1,1,0,0.0020089716950563107,0,LOW
2024-03-18 12:00:00,Kolkata-Gauge-1,2,0,0.0020089716950563107,0,LOW
2024-03-18 12:00:00,Guwahati-Gauge-1,3,0,0.0020089716950563107,0,LOW
2024-03-18 12:00:00,Sonapur-Gauge-1,4,1,0.9995908617599429,1,EXTREME
2024-03-18 13:00:00,Chamoli-Gauge-1,1,0,0.0020089716950563107,0,LOW
2024-03-18 13:00:00,Kolkata-Gauge-1,2,0,0.0020089716950563107,0,LOW
2024-03-18 13:00:00,Guwahati-Gauge-1,3,0,0.0020089716950563107,0,LOW
2024-03-18 13:00:00,Sonapur-Gauge-1,4,1,0.9994641775594254,1,EXTREME
2024-03-18 14:00:00,Chamoli-Gauge-1,1,0,0.0020089716950563107,0,LOW
2024-03-18 14:00:00,Kolkata-Gauge-1,2,0,0.0020089716950563107,0,LOW
2024-03-18 14:00:00,Guwahati-Gauge-1,3,0,0.0020089716950563107,0,LOW
2024-03-18 14:00:00,Sonapur-Gauge-1,4,1,0.9981864739618443,1,EXTREME
2024-03-18 15:00:00,Chamoli-Gauge-1,1,0,0.0020089716950563107,0,LOW
2024-03-18 15:00:00,Kolkata-Gauge-1,2,0,0.0020089716950563107,0,LOW
2024-03-18 15:00:00,Guwahati-Gauge-1,3,0,0.0020089716950563107,0,LOW
2024-03-18 15:00:00,Sonapur-Gauge-1,4,0,0.05115293246987916,0,LOW
2024-03-18 16:00:00,Chamoli-Gauge-1,1,0,0.0020089716950563107,0,LOW
2024-03-18 16:00:00,Kolkata-Gauge-1,2,0,0.0020089716950563107,0,LOW
2024-03-18 16:00:00,Guwahati-Gauge-1,3,0,0.0020089716950563107,0,LOW
2024-03-18 16:00:00,Sonapur-Gauge-1,4,0,0.006516152164454511,0,LOW
2024-03-18 17:00:00,Chamoli-Gauge-1,1,0,0.0020089716950563107,0,LOW
2024-03-18 17:00:00,Kolkata-Gauge-1,2,0,0.0020919478884380417,0,LOW
2024-03-18 17:00:00,Guwahati-Gauge-1,3,0,0.0020089716950563107,0,LOW
2024-03-18 17:00:00,Sonapur-Gauge-1,4,0,0.014925329393338885,0,LOW
2024-03-18 18:00:00,Chamoli-Gauge-1,1,0,0.0020089716950563107,0,LOW
2024-03-18 18:00:00,Kolkata-Gauge-1,2,0,0.0021057655812147798,0,LOW
2024-03-18 18:00:00,Guwahati-Gauge-1,3,0,0.0020089716950563107,0,LOW
2024-03-18 18:00:00,Sonapur-Gauge-1,4,0,0.006042197544274888,0,LOW
2024-03-18 19:00:00,Chamoli-Gauge-1,1,0,0.0020089716950563107,0,LOW
2024-03-18 19:00:00,Kolkata-Gauge-1,2,0,0.0021148888024751077,0,LOW
2024-03-18 19:00:00,Guwahati-Gauge-1,3,0,0.0020089716950563107,0,LOW
2024-03-18 19:00:00,Sonapur-Gauge-1,4,0,0.004203662098796774,0,LOW
2024-03-18 20:00:00,Chamoli-Gauge-1,1,0,0.0020089716950563107,0,LOW
2024-03-18 20:00:00,Kolkata-Gauge-1,2,0,0.0021460428179472966,0,LOW
2024-03-18 20:00:00,Guwahati-Gauge-1,3,0,0.0020089716950563107,0,LOW
2024-03-18 20:00:00,Sonapur-Gauge-1,4,0,0.0025986462313414304,0,LOW
2024-03-18 21:00:00,Chamoli-Gauge-1,1,0,0.0020089716950563107,0,LOW
2024-03-18 21:00:00,Kolkata-Gauge-1,2,0,0.0023263434772360977,0,LOW
2024-03-18 21:00:00,Guwahati-Gauge-1,3,0,0.0020089716950563107,0,LOW
2024-03-18 21:00:00,Sonapur-Gauge-1,4,0,0.002921808875978674,0,LOW
2024-03-18 22:00:00,Chamoli-Gauge-1,1,0,0.0020089716950563107,0,LOW
2024-03-18 22:00:00,Kolkata-Gauge-1,2,0,0.0020089716950563107,0,LOW
2024-03-18 22:00:00,Guwahati-Gauge-1,3,0,0.0020089716950563107,0,LOW
2024-03-18 22:00:00,Sonapur-Gauge-1,4,0,0.0028564942103206483,0,LOW
2024-03-18 23:00:00,Chamoli-Gauge-1,1,0,0.0020089716950563107,0,LOW
2024-03-18 23:00:00,Kolkata-Gauge-1,2,0,0.002314368780305202,0,LOW
2024-03-18 23:00:00,Guwahati-Gauge-1,3,0,0.0020089716950563107,0,LOW
2024-03-18 23:00:00,Sonapur-Gauge-1,4,0,0.0022615252064759547,0,LOW
2024-03-19 00:00:00,Chamoli-Gauge-1,1,0,0.0020089716950563107,0,LOW
2024-03-19 00:00:00,Kolkata-Gauge-1,2,0,0.0020654377902750132,0,LOW
2024-03-19 00:00:00,Guwahati-Gauge-1,3,0,0.0020089716950563107,0,LOW
2024-03-19 00:00:00,Sonapur-Gauge-1,4,0,0.002101364611770644,0,LOW
2024-03-19 01:00:00,Chamoli-Gauge-1,1,0,0.0020089716950563107,0,LOW
2024-03-19 01:00:00,Kolkata-Gauge-1,2,0,0.004682785523481012,0,LOW
2024-03-19 01:00:00,Guwahati-Gauge-1,3,0,0.0020089716950563107,0,LOW
2024-03-19 01:00:00,Sonapur-Gauge-1,4,0,0.002133174901700228,0,LOW
2024-03-19 02:00:00,Chamoli-Gauge-1,1,0,0.0020089716950563107,0,LOW
2024-03-19 02:00:00,Kolkata-Gauge-1,2,0,0.0028799023175157977,0,LOW
2024-03-19 02:00:00,Guwahati-Gauge-1,3,0,0.0020089716950563107,0,LOW
2024-03-19 02:00:00,Sonapur-Gauge-1,4,0,0.0022428032423283607,0,LOW
2024-03-19 03:00:00,Chamoli-Gauge-1,1,0,0.0020089716950563107,0,LOW
2024-03-19 03:00:00,Kolkata-Gauge-1,2,0,0.002655770747807625,0,LOW
2024-03-19 03:00:00,Guwahati-Gauge-1,3,0,0.0020089716950563107,0,LOW
2024-03-19 03:00:00,Sonapur-Gauge-1,4,0,0.0020089716950563107,0,LOW
2024-03-19 04:00:00,Chamoli-Gauge-1,1,0,0.0020089716950563107,0,LOW
2024-03-19 04:00:00,Kolkata-Gauge-1,2,0,0.0026123237126451497,0,LOW
2024-03-19 04:00:00,Guwahati-Gauge-1,3,0,0.0020089716950563107,0,LOW
2024-03-19 04:00:00,Sonapur-Gauge-1,4,0,0.0021133876380180065,0,LOW
2024-03-19 05:00:00,Chamoli-Gauge-1,1,0,0.0020089716950563107,0,LOW
2024-03-19 05:00:00,Kolkata-Gauge-1,2,0,0.002650322460617213,0,LOW
2024-03-19 05:00:00,Guwahati-Gauge-1,3,0,0.0020089716950563107,0,LOW
2024-03-19 05:00:00,Sonapur-Gauge-1,4,0,0.002071795798789577,0,LOW
2024-03-19 06:00:00,Chamoli-Gauge-1,1,0,0.0020089716950563107,0,LOW
2024-03-19 06:00:00,Kolkata-Gauge-1,2,0,0.0026036437829384143,0,LOW
2024-03-19 06:00:00,Guwahati-Gauge-1,3,0,0.0020089716950563107,0,LOW
2024-03-19 06:00:00,Sonapur-Gauge-1,4,0,0.002124582876587118,0,LOW
2024-03-19 07:00:00,Chamoli-Gauge-1,1,0,0.0020089716950563107,0,LOW
2024-03-19 07:00:00,Kolkata-Gauge-1,2,0,0.0029884693245351692,0,LOW
2024-03-19 07:00:00,Guwahati-Gauge-1,3,0,0.0020089716950563107,0,LOW
2024-03-19 07:00:00,Sonapur-Gauge-1,4,0,0.0020089716950563107,0,LOW
2024-03-19 08:00:00,Chamoli-Gauge-1,1,0,0.0020089716950563107,0,LOW
2024-03-19 08:00:00,Kolkata-Gauge-1,2,0,0.0020089716950563107,0,LOW
2024-03-19 08:00:00,Guwahati-Gauge-1,3,0,0.0020089716950563107,0,LOW
2024-03-19 08:00:00,Sonapur-Gauge-1,4,0,0.0020089716950563107,0,LOW
2024-03-19 09:00:00,Chamoli-Gauge-1,1,0,0.0020089716950563107,0,LOW
2024-03-19 09:00:00,Kolkata-Gauge-1,2,0,0.0020089716950563107,0,LOW
2024-03-19 09:00:00,Guwahati-Gauge-1,3,0,0.0020089716950563107,0,LOW
2024-03-19 09:00:00,Sonapur-Gauge-1,4,0,0.0020803189275792815,0,LOW
2024-03-19 10:00:00,Chamoli-Gauge-1,1,0,0.0020089716950563107,0,LOW
2024-03-19 10:00:00,Kolkata-Gauge-1,2,0,0.0020089716950563107,0,LOW
2024-03-19 10:00:00,Guwahati-Gauge-1,3,0,0.0020089716950563107,0,LOW
2024-03-19 10:00:00,Sonapur-Gauge-1,4,0,0.0020089716950563107,0,LOW
2024-03-19 11:00:00,Chamoli-Gauge-1,1,0,0.0020089716950563107,0,LOW
2024-03-19 11:00:00,Kolkata-Gauge-1,2,0,0.0020089716950563107,0,LOW
2024-03-19 11:00:00,Guwahati-Gauge-1,3,0,0.0020089716950563107,0,LOW
2024-03-19 11:00:00,Sonapur-Gauge-1,4,0,0.0020089716950563107,0,LOW
2024-03-19 12:00:00,Chamoli-Gauge-1,1,0,0.0020089716950563107,0,LOW
2024-03-19 12:00:00,Kolkata-Gauge-1,2,0,0.0020089716950563107,0,LOW
2024-03-19 12:00:00,Guwahati-Gauge-1,3,0,0.0020089716950563107,0,LOW
2024-03-19 12:00:00,Sonapur-Gauge-1,4,0,0.0020089716950563107,0,LOW
2024-03-19 13:00:00,Chamoli-Gauge-1,1,0,0.0020089716950563107,0,LOW
2024-03-19 13:00:00,Kolkata-Gauge-1,2,0,0.0020089716950563107,0,LOW
2024-03-19 13:00:00,Guwahati-Gauge-1,3,0,0.0020089716950563107,0,LOW
2024-03-19 13:00:00,Sonapur-Gauge-1,4,0,0.0020089716950563107,0,LOW
2024-03-19 14:00:00,Chamoli-Gauge-1,1,0,0.0020089716950563107,0,LOW
2024-03-19 14:00:00,Kolkata-Gauge-1,2,0,0.0020089716950563107,0,LOW
2024-03-19 14:00:00,Guwahati-Gauge-1,3,0,0.0020089716950563107,0,LOW
2024-03-19 14:00:00,Sonapur-Gauge-1,4,0,0.0020089716950563107,0,LOW
2024-03-19 15:00:00,Chamoli-Gauge-1,1,0,0.0020089716950563107,0,LOW
2024-03-19 15:00:00,Kolkata-Gauge-1,2,0,0.0020089716950563107,0,LOW
2024-03-19 15:00:00,Guwahati-Gauge-1,3,0,0.0020697532585296293,0,LOW
2024-03-19 15:00:00,Sonapur-Gauge-1,4,0,0.0020089716950563107,0,LOW
2024-03-19 16:00:00,Chamoli-Gauge-1,1,0,0.0020089716950563107,0,LOW
2024-03-19 16:00:00,Kolkata-Gauge-1,2,0,0.0020089716950563107,0,LOW
2024-03-19 16:00:00,Guwahati-Gauge-1,3,0,0.0020089716950563107,0,LOW
2024-03-19 16:00:00,Sonapur-Gauge-1,4,0,0.0020089716950563107,0,LOW
2024-03-19 17:00:00,Chamoli-Gauge-1,1,0,0.0020089716950563107,0,LOW
2024-03-19 17:00:00,Kolkata-Gauge-1,2,0,0.0020089716950563107,0,LOW
2024-03-19 17:00:00,Guwahati-Gauge-1,3,0,0.0020089716950563107,0,LOW
2024-03-19 17:00:00,Sonapur-Gauge-1,4,0,0.0020089716950563107,0,LOW
2024-03-19 18:00:00,Chamoli-Gauge-1,1,0,0.0020089716950563107,0,LOW
2024-03-19 18:00:00,Kolkata-Gauge-1,2,0,0.0020089716950563107,0,LOW
2024-03-19 18:00:00,Guwahati-Gauge-1,3,0,0.0020089716950563107,0,LOW
2024-03-19 18:00:00,Sonapur-Gauge-1,4,0,0.002294142579716552,0,LOW
2024-03-19 19:00:00,Chamoli-Gauge-1,1,0,0.0020089716950563107,0,LOW
2024-03-19 19:00:00,Kolkata-Gauge-1,2,0,0.0020089716950563107,0,LOW
2024-03-19 19:00:00,Guwahati-Gauge-1,3,0,0.0020089716950563107,0,LOW
2024-03-19 19:00:00,Sonapur-Gauge-1,4,0,0.0022050418644023965,0,LOW
2024-03-19 20:00:00,Chamoli-Gauge-1,1,0,0.0020089716950563107,0,LOW
2024-03-19 20:00:00,Kolkata-Gauge-1,2,0,0.0020089716950563107,0,LOW
2024-03-19 20:00:00,Guwahati-Gauge-1,3,0,0.0020089716950563107,0,LOW
2024-03-19 20:00:00,Sonapur-Gauge-1,4,0,0.0020089716950563107,0,LOW
2024-03-19 21:00:00,Chamoli-Gauge-1,1,0,0.0020089716950563107,0,LOW
2024-03-19 21:00:00,Kolkata-Gauge-1,2,0,0.0020089716950563107,0,LOW
2024-03-19 21:00:00,Guwahati-Gauge-1,3,0,0.0020089716950563107,0,LOW
2024-03-19 21:00:00,Sonapur-Gauge-1,4,0,0.0020089716950563107,0,LOW
2024-03-19 22:00:00,Chamoli-Gauge-1,1,0,0.0020089716950563107,0,LOW
2024-03-19 22:00:00,Kolkata-Gauge-1,2,0,0.0020089716950563107,0,LOW
2024-03-19 22:00:00,Guwahati-Gauge-1,3,0,0.0020089716950563107,0,LOW
2024-03-19 22:00:00,Sonapur-Gauge-1,4,0,0.0020089716950563107,0,LOW
2024-03-19 23:00:00,Chamoli-Gauge-1,1,0,0.0020089716950563107,0,LOW
2024-03-19 23:00:00,Kolkata-Gauge-1,2,0,0.005111354588492329,0,LOW
2024-03-19 23:00:00,Guwahati-Gauge-1,3,0,0.0020089716950563107,0,LOW
2024-03-19 23:00:00,Sonapur-Gauge-1,4,0,0.0020089716950563107,0,LOW
2024-03-20 00:00:00,Chamoli-Gauge-1,1,0,0.0020089716950563107,0,LOW
2024-03-20 00:00:00,Kolkata-Gauge-1,2,0,0.006122238936092805,0,LOW
2024-03-20 00:00:00,Guwahati-Gauge-1,3,0,0.0020089716950563107,0,LOW
2024-03-20 00:00:00,Sonapur-Gauge-1,4,0,0.0020089716950563107,0,LOW
2024-03-20 01:00:00,Chamoli-Gauge-1,1,0,0.0020089716950563107,0,LOW
2024-03-20 01:00:00,Kolkata-Gauge-1,2,0,0.02909181955585277,0,LOW
2024-03-20 01:00:00,Guwahati-Gauge-1,3,0,0.0020089716950563107,0,LOW
2024-03-20 01:00:00,Sonapur-Gauge-1,4,0,0.0020089716950563107,0,LOW
2024-03-20 02:00:00,Chamoli-Gauge-1,1,0,0.0020089716950563107,0,LOW
2024-03-20 02:00:00,Kolkata-Gauge-1,2,1,0.9927836822475772,1,EXTREME
2024-03-20 02:00:00,Guwahati-Gauge-1,3,0,0.0020089716950563107,0,LOW
2024-03-20 02:00:00,Sonapur-Gauge-1,4,0,0.0020089716950563107,0,LOW
2024-03-20 03:00:00,Chamoli-Gauge-1,1,0,0.0020089716950563107,0,LOW
2024-03-20 03:00:00,Kolkata-Gauge-1,2,1,0.9962542461116174,1,EXTREME
2024-03-20 03:00:00,Guwahati-Gauge-1,3,0,0.0020089716950563107,0,LOW
2024-03-20 03:00:00,Sonapur-Gauge-1,4,0,0.0020089716950563107,0,LOW
2024-03-20 04:00:00,Chamoli-Gauge-1,1,0,0.0020089716950563107,0,LOW
2024-03-20 04:00:00,Kolkata-Gauge-1,2,1,0.9989456388002912,1,EXTREME
2024-03-20 04:00:00,Guwahati-Gauge-1,3,0,0.0020089716950563107,0,LOW
2024-03-20 04:00:00,Sonapur-Gauge-1,4,0,0.0020089716950563107,0,LOW
2024-03-20 05:00:00,Chamoli-Gauge-1,1,0,0.0020089716950563107,0,LOW
2024-03-20 05:00:00,Kolkata-Gauge-1,2,1,0.998633171101205,1,EXTREME
2024-03-20 05:00:00,Guwahati-Gauge-1,3,0,0.0020089716950563107,0,LOW
2024-03-20 05:00:00,Sonapur-Gauge-1,4,0,0.0023526271550269396,0,LOW
2024-03-20 06:00:00,Chamoli-Gauge-1,1,0,0.002071548633775303,0,LOW
2024-03-20 06:00:00,Kolkata-Gauge-1,2,1,0.9975581581052818,1,EXTREME
2024-03-20 06:00:00,Guwahati-Gauge-1,3,0,0.0020089716950563107,0,LOW
2024-03-20 06:00:00,Sonapur-Gauge-1,4,0,0.0020089716950563107,0,LOW
2024-03-20 07:00:00,Chamoli-Gauge-1,1,0,0.0020502026726298907,0,LOW
2024-03-20 07:00:00,Kolkata-Gauge-1,2,0,0.32657911787769606,0,MODERATE
2024-03-20 07:00:00,Guwahati-Gauge-1,3,0,0.0020089716950563107,0,LOW
2024-03-20 07:00:00,Sonapur-Gauge-1,4,0,0.0020089716950563107,0,LOW
2024-03-20 08:00:00,Chamoli-Gauge-1,1,0,0.0020089716950563107,0,LOW
2024-03-20 08:00:00,Kolkata-Gauge-1,2,1,0.9121613695458117,1,EXTREME
2024-03-20 08:00:00,Guwahati-Gauge-1,3,0,0.0020089716950563107,0,LOW
2024-03-20 08:00:00,Sonapur-Gauge-1,4,0,0.0020089716950563107,0,LOW
2024-03-20 09:00:00,Chamoli-Gauge-1,1,0,0.0020089716950563107,0,LOW
2024-03-20 09:00:00,Kolkata-Gauge-1,2,1,0.9994670412747396,1,EXTREME
2024-03-20 09:00:00,Guwahati-Gauge-1,3,0,0.0020089716950563107,0,LOW
2024-03-20 09:00:00,Sonapur-Gauge-1,4,0,0.0020089716950563107,0,LOW
2024-03-20 10:00:00,Chamoli-Gauge-1,1,0,0.002189799032386692,0,LOW
2024-03-20 10:00:00,Kolkata-Gauge-1,2,1,0.9996579949823744,1,EXTREME
2024-03-20 10:00:00,Guwahati-Gauge-1,3,0,0.0020089716950563107,0,LOW
2024-03-20 10:00:00,Sonapur-Gauge-1,4,0,0.0020089716950563107,0,LOW
2024-03-20 11:00:00,Chamoli-Gauge-1,1,0,0.0020089716950563107,0,LOW
2024-03-20 11:00:00,Kolkata-Gauge-1,2,1,0.9996594889888664,1,EXTREME
2024-03-20 11:00:00,Guwahati-Gauge-1,3,0,0.0020089716950563107,0,LOW
2024-03-20 11:00:00,Sonapur-Gauge-1,4,0,0.0020089716950563107,0,LOW
2024-03-20 12:00:00,Chamoli-Gauge-1,1,0,0.002226600302523649,0,LOW
2024-03-20 12:00:00,Kolkata-Gauge-1,2,1,0.9996425876000299,1,EXTREME
2024-03-20 12:00:00,Guwahati-Gauge-1,3,0,0.0020089716950563107,0,LOW
2024-03-20 12:00:00,Sonapur-Gauge-1,4,0,0.0020089716950563107,0,LOW
2024-03-20 13:00:00,Chamoli-Gauge-1,1,0,0.0021139668241787713,0,LOW
2024-03-20 13:00:00,Kolkata-Gauge-1,2,1,0.9996579686435284,1,EXTREME
2024-03-20 13:00:00,Guwahati-Gauge-1,3,0,0.0020089716950563107,0,LOW
2024-03-20 13:00:00,Sonapur-Gauge-1,4,0,0.0020089716950563107,0,LOW
2024-03-20 14:00:00,Chamoli-Gauge-1,1,0,0.2553334824870468,0,LOW
2024-03-20 14:00:00,Kolkata-Gauge-1,2,1,0.9996568008327549,1,EXTREME
2024-03-20 14:00:00,Guwahati-Gauge-1,3,0,0.0021087724179996827,0,LOW
2024-03-20 14:00:00,Sonapur-Gauge-1,4,0,0.0020089716950563107,0,LOW
2024-03-20 15:00:00,Chamoli-Gauge-1,1,1,0.9859007207558554,1,EXTREME
2024-03-20 15:00:00,Kolkata-Gauge-1,2,1,0.9996425676833157,1,EXTREME
2024-03-20 15:00:00,Guwahati-Gauge-1,3,0,0.0020089716950563107,0,LOW
2024-03-20 15:00:00,Sonapur-Gauge-1,4,0,0.0020089716950563107,0,LOW
2024-03-20 16:00:00,Chamoli-Gauge-1,1,1,0.9990489869599394,1,EXTREME
2024-03-20 16:00:00,Kolkata-Gauge-1,2,1,0.999657078778341,1,EXTREME
2024-03-20 16:00:00,Guwahati-Gauge-1,3,0,0.0020089716950563107,0,LOW
2024-03-20 16:00:00,Sonapur-Gauge-1,4,0,0.0020089716950563107,0,LOW
2024-03-20 17:00:00,Chamoli-Gauge-1,1,1,0.9992835509447833,1,EXTREME
2024-03-20 17:00:00,Kolkata-Gauge-1,2,1,0.9996593686667123,1,EXTREME
2024-03-20 17:00:00,Guwahati-Gauge-1,3,0,0.002080579542657182,0,LOW
2024-03-20 17:00:00,Sonapur-Gauge-1,4,0,0.0020089716950563107,0,LOW
2024-03-20 18:00:00,Chamoli-Gauge-1,1,1,0.9995218392455466,1,EXTREME
2024-03-20 18:00:00,Kolkata-Gauge-1,2,1,0.9996590313907143,1,EXTREME
2024-03-20 18:00:00,Guwahati-Gauge-1,3,0,0.0020089716950563107,0,LOW
2024-03-20 18:00:00,Sonapur-Gauge-1,4,0,0.0020089716950563107,0,LOW
2024-03-20 19:00:00,Chamoli-Gauge-1,1,1,0.9994925377463131,1,EXTREME
2024-03-20 19:00:00,Kolkata-Gauge-1,2,1,0.9996600608077871,1,EXTREME
2024-03-20 19:00:00,Guwahati-Gauge-1,3,0,0.0020089716950563107,0,LOW
2024-03-20 19:00:00,Sonapur-Gauge-1,4,0,0.0020089716950563107,0,LOW
2024-03-20 20:00:00,Chamoli-Gauge-1,1,1,0.999585915071836,1,EXTREME
2024-03-20 20:00:00,Kolkata-Gauge-1,2,1,0.9996600608077871,1,EXTREME
2024-03-20 20:00:00,Guwahati-Gauge-1,3,0,0.0020089716950563107,0,LOW
2024-03-20 20:00:00,Sonapur-Gauge-1,4,0,0.0020089716950563107,0,LOW
2024-03-20 21:00:00,Chamoli-Gauge-1,1,1,0.9996383749783248,1,EXTREME
2024-03-20 21:00:00,Kolkata-Gauge-1,2,1,0.9996600608077871,1,EXTREME
2024-03-20 21:00:00,Guwahati-Gauge-1,3,0,0.0020089716950563107,0,LOW
2024-03-20 21:00:00,Sonapur-Gauge-1,4,0,0.0020089716950563107,0,LOW
2024-03-20 22:00:00,Chamoli-Gauge-1,1,1,0.9996264732667537,1,EXTREME
2024-03-20 22:00:00,Kolkata-Gauge-1,2,1,0.9996600608077871,1,EXTREME
2024-03-20 22:00:00,Guwahati-Gauge-1,3,0,0.0020089716950563107,0,LOW
2024-03-20 22:00:00,Sonapur-Gauge-1,4,0,0.0020089716950563107,0,LOW
2024-03-20 23:00:00,Chamoli-Gauge-1,1,1,0.999563509036537,1,EXTREME
2024-03-20 23:00:00,Kolkata-Gauge-1,2,1,0.9996600608077871,1,EXTREME
2024-03-20 23:00:00,Guwahati-Gauge-1,3,0,0.0020089716950563107,0,LOW
2024-03-20 23:00:00,Sonapur-Gauge-1,4,0,0.0020089716950563107,0,LOW
2024-03-21 00:00:00,Chamoli-Gauge-1,1,1,0.9995982481628988,1,EXTREME
2024-03-21 00:00:00,Kolkata-Gauge-1,2,1,0.9996600608077871,1,EXTREME
2024-03-21 00:00:00,Guwahati-Gauge-1,3,0,0.0020089716950563107,0,LOW
2024-03-21 00:00:00,Sonapur-Gauge-1,4,0,0.0020089716950563107,0,LOW
2024-03-21 01:00:00,Chamoli-Gauge-1,1,1,0.9995848474146615,1,EXTREME
2024-03-21 01:00:00,Kolkata-Gauge-1,2,1,0.9996585167187243,1,EXTREME
2024-03-21 01:00:00,Guwahati-Gauge-1,3,0,0.0020089716950563107,0,LOW
2024-03-21 01:00:00,Sonapur-Gauge-1,4,0,0.0020089716950563107,0,LOW
2024-03-21 02:00:00,Chamoli-Gauge-1,1,1,0.9991727493903617,1,EXTREME
2024-03-21 02:00:00,Kolkata-Gauge-1,2,1,0.9996600608077871,1,EXTREME
2024-03-21 02:00:00,Guwahati-Gauge-1,3,0,0.0020089716950563107,0,LOW
2024-03-21 02:00:00,Sonapur-Gauge-1,4,0,0.0020089716950563107,0,LOW
2024-03-21 03:00:00,Chamoli-Gauge-1,1,1,0.9987253453122109,1,EXTREME
2024-03-21 03:00:00,Kolkata-Gauge-1,2,1,0.9996600608077871,1,EXTREME
2024-03-21 03:00:00,Guwahati-Gauge-1,3,0,0.0020089716950563107,0,LOW
2024-03-21 03:00:00,Sonapur-Gauge-1,4,0,0.0020089716950563107,0,LOW
2024-03-21 04:00:00,Chamoli-Gauge-1,1,1,0.9977078203074323,1,EXTREME
2024-03-21 04:00:00,Kolkata-Gauge-1,2,1,0.9996600608077871,1,EXTREME
2024-03-21 04:00:00,Guwahati-Gauge-1,3,0,0.0020089716950563107,0,LOW
2024-03-21 04:00:00,Sonapur-Gauge-1,4,0,0.0020089716950563107,0,LOW
2024-03-21 05:00:00,Chamoli-Gauge-1,1,0,0.3172797936345084,0,MODERATE
2024-03-21 05:00:00,Kolkata-Gauge-1,2,1,0.9996600608077871,1,EXTREME
2024-03-21 05:00:00,Guwahati-Gauge-1,3,0,0.0020089716950563107,0,LOW
2024-03-21 05:00:00,Sonapur-Gauge-1,4,0,0.0020089716950563107,0,LOW
2024-03-21 06:00:00,Chamoli-Gauge-1,1,0,0.027400818830647756,0,LOW
2024-03-21 06:00:00,Kolkata-Gauge-1,2,1,0.9996600608077871,1,EXTREME
2024-03-21 06:00:00,Guwahati-Gauge-1,3,0,0.0020089716950563107,0,LOW
2024-03-21 06:00:00,Sonapur-Gauge-1,4,0,0.0020089716950563107,0,LOW
2024-03-21 07:00:00,Chamoli-Gauge-1,1,0,0.004614412856408137,0,LOW
2024-03-21 07:00:00,Kolkata-Gauge-1,2,1,0.9996595459265005,1,EXTREME
2024-03-21 07:00:00,Guwahati-Gauge-1,3,0,0.0020089716950563107,0,LOW
2024-03-21 07:00:00,Sonapur-Gauge-1,4,0,0.0020089716950563107,0,LOW
2024-03-21 08:00:00,Chamoli-Gauge-1,1,1,0.9978769233831081,1,EXTREME
2024-03-21 08:00:00,Kolkata-Gauge-1,2,1,0.9996459959083539,1,EXTREME
2024-03-21 08:00:00,Guwahati-Gauge-1,3,0,0.0020089716950563107,0,LOW
2024-03-21 08:00:00,Sonapur-Gauge-1,4,0,0.0020089716950563107,0,LOW
2024-03-21 09:00:00,Chamoli-Gauge-1,1,1,0.9994955316514103,1,EXTREME
2024-03-21 09:00:00,Kolkata-Gauge-1,2,1,0.9996600608077871,1,EXTREME
2024-03-21 09:00:00,Guwahati-Gauge-1,3,0,0.0020089716950563107,0,LOW
2024-03-21 09:00:00,Sonapur-Gauge-1,4,0,0.0020089716950563107,0,LOW
2024-03-21 10:00:00,Chamoli-Gauge-1,1,1,0.9995481569697662,1,EXTREME
2024-03-21 10:00:00,Kolkata-Gauge-1,2,1,0.9996549199192672,1,EXTREME
2024-03-21 10:00:00,Guwahati-Gauge-1,3,0,0.0020089716950563107,0,LOW
2024-03-21 10:00:00,Sonapur-Gauge-1,4,0,0.0020089716950563107,0,LOW
2024-03-21 11:00:00,Chamoli-Gauge-1,1,1,0.9993859042470105,1,EXTREME
2024-03-21 11:00:00,Kolkata-Gauge-1,2,1,0.9996555279392925,1,EXTREME
2024-03-21 11:00:00,Guwahati-Gauge-1,3,0,0.0020089716950563107,0,LOW
2024-03-21 11:00:00,Sonapur-Gauge-1,4,0,0.0020089716950563107,0,LOW
2024-03-21 12:00:00,Chamoli-Gauge-1,1,1,0.9995307166962967,1,EXTREME
2024-03-21 12:00:00,Kolkata-Gauge-1,2,1,0.9996502178265688,1,EXTREME
2024-03-21 12:00:00,Guwahati-Gauge-1,3,0,0.0020089716950563107,0,LOW
2024-03-21 12:00:00,Sonapur-Gauge-1,4,0,0.0020089716950563107,0,LOW
2024-03-21 13:00:00,Chamoli-Gauge-1,1,1,0.9995876571003863,1,EXTREME
2024-03-21 13:00:00,Kolkata-Gauge-1,2,1,0.999651607450012,1,EXTREME
2024-03-21 13:00:00,Guwahati-Gauge-1,3,0,0.0020089716950563107,0,LOW
2024-03-21 13:00:00,Sonapur-Gauge-1,4,0,0.0020089716950563107,0,LOW
2024-03-21 14:00:00,Chamoli-Gauge-1,1,1,0.9995512413770895,1,EXTREME
2024-03-21 14:00:00,Kolkata-Gauge-1,2,1,0.9996600608077871,1,EXTREME
2024-03-21 14:00:00,Guwahati-Gauge-1,3,0,0.0020089716950563107,0,LOW
2024-03-21 14:00:00,Sonapur-Gauge-1,4,0,0.0020089716950563107,0,LOW
2024-03-21 15:00:00,Chamoli-Gauge-1,1,1,0.9995918871954917,1,EXTREME
2024-03-21 15:00:00,Kolkata-Gauge-1,2,1,0.9996600608077871,1,EXTREME
2024-03-21 15:00:00,Guwahati-Gauge-1,3,0,0.0020089716950563107,0,LOW
2024-03-21 15:00:00,Sonapur-Gauge-1,4,0,0.0020089716950563107,0,LOW
2024-03-21 16:00:00,Chamoli-Gauge-1,1,1,0.9995689085371015,1,EXTREME
2024-03-21 16:00:00,Kolkata-Gauge-1,2,1,0.999659050368733,1,EXTREME
2024-03-21 16:00:00,Guwahati-Gauge-1,3,0,0.0020089716950563107,0,LOW
2024-03-21 16:00:00,Sonapur-Gauge-1,4,0,0.0020089716950563107,0,LOW
2024-03-21 17:00:00,Chamoli-Gauge-1,1,1,0.9995703669438363,1,EXTREME
2024-03-21 17:00:00,Kolkata-Gauge-1,2,1,0.9996600608077871,1,EXTREME
2024-03-21 17:00:00,Guwahati-Gauge-1,3,0,0.0020089716950563107,0,LOW
2024-03-21 17:00:00,Sonapur-Gauge-1,4,0,0.0020089716950563107,0,LOW
2024-03-21 18:00:00,Chamoli-Gauge-1,1,1,0.9993853767117082,1,EXTREME
2024-03-21 18:00:00,Kolkata-Gauge-1,2,1,0.9996600608077871,1,EXTREME
2024-03-21 18:00:00,Guwahati-Gauge-1,3,0,0.0020089716950563107,0,LOW
2024-03-21 18:00:00,Sonapur-Gauge-1,4,0,0.0020089716950563107,0,LOW
2024-03-21 19:00:00,Chamoli-Gauge-1,1,1,0.9992257406839142,1,EXTREME
2024-03-21 19:00:00,Kolkata-Gauge-1,2,1,0.9996600608077871,1,EXTREME
2024-03-21 19:00:00,Guwahati-Gauge-1,3,0,0.0020089716950563107,0,LOW
2024-03-21 19:00:00,Sonapur-Gauge-1,4,0,0.0020089716950563107,0,LOW
2024-03-21 20:00:00,Chamoli-Gauge-1,1,1,0.9986030103153484,1,EXTREME
2024-03-21 20:00:00,Kolkata-Gauge-1,2,1,0.9996586991892366,1,EXTREME
2024-03-21 20:00:00,Guwahati-Gauge-1,3,0,0.0020089716950563107,0,LOW
2024-03-21 20:00:00,Sonapur-Gauge-1,4,0,0.0020089716950563107,0,LOW
2024-03-21 21:00:00,Chamoli-Gauge-1,1,0,0.2812632592710778,0,LOW
2024-03-21 21:00:00,Kolkata-Gauge-1,2,1,0.9996600608077871,1,EXTREME
2024-03-21 21:00:00,Guwahati-Gauge-1,3,0,0.0020089716950563107,0,LOW
2024-03-21 21:00:00,Sonapur-Gauge-1,4,0,0.0020089716950563107,0,LOW
2024-03-21 22:00:00,Chamoli-Gauge-1,1,0,0.00690409131138242,0,LOW
2024-03-21 22:00:00,Kolkata-Gauge-1,2,1,0.9996600608077871,1,EXTREME
2024-03-21 22:00:00,Guwahati-Gauge-1,3,0,0.0020089716950563107,0,LOW
2024-03-21 22:00:00,Sonapur-Gauge-1,4,0,0.0020089716950563107,0,LOW
2024-03-21 23:00:00,Chamoli-Gauge-1,1,0,0.003133521218520282,0,LOW
2024-03-21 23:00:00,Kolkata-Gauge-1,2,1,0.9996582182586544,1,EXTREME
2024-03-21 23:00:00,Guwahati-Gauge-1,3,0,0.0020089716950563107,0,LOW
2024-03-21 23:00:00,Sonapur-Gauge-1,4,0,0.0020089716950563107,0,LOW
2024-03-22 00:00:00,Chamoli-Gauge-1,1,0,0.003959552523127,0,LOW
2024-03-22 00:00:00,Kolkata-Gauge-1,2,1,0.9996600608077871,1,EXTREME
2024-03-22 00:00:00,Guwahati-Gauge-1,3,0,0.0020089716950563107,0,LOW
2024-03-22 00:00:00,Sonapur-Gauge-1,4,0,0.0020089716950563107,0,LOW
2024-03-22 01:00:00,Chamoli-Gauge-1,1,0,0.0026340347084451115,0,LOW
2024-03-22 01:00:00,Kolkata-Gauge-1,2,1,0.9996600608077871,1,EXTREME
2024-03-22 01:00:00,Guwahati-Gauge-1,3,0,0.0020089716950563107,0,LOW
2024-03-22 01:00:00,Sonapur-Gauge-1,4,0,0.0021512151539654547,0,LOW
2024-03-22 02:00:00,Chamoli-Gauge-1,1,0,0.0030045254257127013,0,LOW
2024-03-22 02:00:00,Kolkata-Gauge-1,2,1,0.9996600608077871,1,EXTREME
2024-03-22 02:00:00,Guwahati-Gauge-1,3,0,0.0020089716950563107,0,LOW
2024-03-22 02:00:00,Sonapur-Gauge-1,4,0,0.0021513440142465323,0,LOW
2024-03-22 03:00:00,Chamoli-Gauge-1,1,0,0.0021181112526930186,0,LOW
2024-03-22 03:00:00,Kolkata-Gauge-1,2,1,0.9996600608077871,1,EXTREME
2024-03-22 03:00:00,Guwahati-Gauge-1,3,0,0.0020089716950563107,0,LOW
2024-03-22 03:00:00,Sonapur-Gauge-1,4,0,0.002190479776756549,0,LOW
2024-03-22 04:00:00,Chamoli-Gauge-1,1,1,0.9983756900487817,1,EXTREME
2024-03-22 04:00:00,Kolkata-Gauge-1,2,1,0.9996600608077871,1,EXTREME
2024-03-22 04:00:00,Guwahati-Gauge-1,3,0,0.0020089716950563107,0,LOW
2024-03-22 04:00:00,Sonapur-Gauge-1,4,0,0.0020089716950563107,0,LOW
2024-03-22 05:00:00,Chamoli-Gauge-1,1,1,0.999520775517522,1,EXTREME
2024-03-22 05:00:00,Kolkata-Gauge-1,2,1,0.9996600608077871,1,EXTREME
2024-03-22 05:00:00,Guwahati-Gauge-1,3,0,0.0020089716950563107,0,LOW
2024-03-22 05:00:00,Sonapur-Gauge-1,4,0,0.0020089716950563107,0,LOW
2024-03-22 06:00:00,Chamoli-Gauge-1,1,1,0.9994529004491162,1,EXTREME
2024-03-22 06:00:00,Kolkata-Gauge-1,2,1,0.9996600608077871,1,EXTREME
2024-03-22 06:00:00,Guwahati-Gauge-1,3,0,0.0020089716950563107,0,LOW
2024-03-22 06:00:00,Sonapur-Gauge-1,4,0,0.0020089716950563107,0,LOW
2024-03-22 07:00:00,Chamoli-Gauge-1,1,1,0.9996371891675528,1,EXTREME
2024-03-22 07:00:00,Kolkata-Gauge-1,2,1,0.9996600608077871,1,EXTREME
2024-03-22 07:00:00,Guwahati-Gauge-1,3,0,0.0020089716950563107,0,LOW
2024-03-22 07:00:00,Sonapur-Gauge-1,4,0,0.0020089716950563107,0,LOW
2024-03-22 08:00:00,Chamoli-Gauge-1,1,1,0.9996520939462268,1,EXTREME
2024-03-22 08:00:00,Kolkata-Gauge-1,2,1,0.9996600608077871,1,EXTREME
2024-03-22 08:00:00,Guwahati-Gauge-1,3,0,0.0020089716950563107,0,LOW
2024-03-22 08:00:00,Sonapur-Gauge-1,4,0,0.0020089716950563107,0,LOW
2024-03-22 09:00:00,Chamoli-Gauge-1,1,1,0.9996520939462268,1,EXTREME
2024-03-22 09:00:00,Kolkata-Gauge-1,2,1,0.9996600608077871,1,EXTREME
2024-03-22 09:00:00,Guwahati-Gauge-1,3,0,0.0020089716950563107,0,LOW
2024-03-22 09:00:00,Sonapur-Gauge-1,4,0,0.0020089716950563107,0,LOW
2024-03-22 10:00:00,Chamoli-Gauge-1,1,1,0.9996353245191513,1,EXTREME
2024-03-22 10:00:00,Kolkata-Gauge-1,2,1,0.9996600608077871,1,EXTREME
2024-03-22 10:00:00,Guwahati-Gauge-1,3,0,0.0020089716950563107,0,LOW
2024-03-22 10:00:00,Sonapur-Gauge-1,4,0,0.0020089716950563107,0,LOW
2024-03-22 11:00:00,Chamoli-Gauge-1,1,1,0.9996547732548964,1,EXTREME
2024-03-22 11:00:00,Kolkata-Gauge-1,2,1,0.9996600608077871,1,EXTREME
2024-03-22 11:00:00,Guwahati-Gauge-1,3,0,0.0020089716950563107,0,LOW
2024-03-22 11:00:00,Sonapur-Gauge-1,4,0,0.0020089716950563107,0,LOW
2024-03-22 12:00:00,Chamoli-Gauge-1,1,1,0.9996545868706029,1,EXTREME
2024-03-22 12:00:00,Kolkata-Gauge-1,2,1,0.9996600608077871,1,EXTREME
2024-03-22 12:00:00,Guwahati-Gauge-1,3,0,0.0020089716950563107,0,LOW
2024-03-22 12:00:00,Sonapur-Gauge-1,4,0,0.0020089716950563107,0,LOW
2024-03-22 13:00:00,Chamoli-Gauge-1,1,1,0.9996600608077871,1,EXTREME
2024-03-22 13:00:00,Kolkata-Gauge-1,2,1,0.9996600608077871,1,EXTREME
2024-03-22 13:00:00,Guwahati-Gauge-1,3,0,0.0020089716950563107,0,LOW
2024-03-22 13:00:00,Sonapur-Gauge-1,4,0,0.0020089716950563107,0,LOW
2024-03-22 14:00:00,Chamoli-Gauge-1,1,1,0.9996600608077871,1,EXTREME
2024-03-22 14:00:00,Kolkata-Gauge-1,2,1,0.9996600608077871,1,EXTREME
2024-03-22 14:00:00,Guwahati-Gauge-1,3,0,0.0020089716950563107,0,LOW
2024-03-22 14:00:00,Sonapur-Gauge-1,4,0,0.0020089716950563107,0,LOW
2024-03-22 15:00:00,Chamoli-Gauge-1,1,1,0.9996600608077871,1,EXTREME
2024-03-22 15:00:00,Kolkata-Gauge-1,2,1,0.9996600608077871,1,EXTREME
2024-03-22 15:00:00,Guwahati-Gauge-1,3,0,0.0020089716950563107,0,LOW
2024-03-22 15:00:00,Sonapur-Gauge-1,4,0,0.0020089716950563107,0,LOW
2024-03-22 16:00:00,Chamoli-Gauge-1,1,1,0.9996600608077871,1,EXTREME
2024-03-22 16:00:00,Kolkata-Gauge-1,2,1,0.9996600608077871,1,EXTREME
2024-03-22 16:00:00,Guwahati-Gauge-1,3,0,0.0020089716950563107,0,LOW
2024-03-22 16:00:00,Sonapur-Gauge-1,4,0,0.0020089716950563107,0,LOW
2024-03-22 17:00:00,Chamoli-Gauge-1,1,1,0.9996600608077871,1,EXTREME
2024-03-22 17:00:00,Kolkata-Gauge-1,2,1,0.9996583722596176,1,EXTREME
2024-03-22 17:00:00,Guwahati-Gauge-1,3,0,0.0020089716950563107,0,LOW
2024-03-22 17:00:00,Sonapur-Gauge-1,4,0,0.0020089716950563107,0,LOW
2024-03-22 18:00:00,Chamoli-Gauge-1,1,1,0.9996600608077871,1,EXTREME
2024-03-22 18:00:00,Kolkata-Gauge-1,2,1,0.9996440517765468,1,EXTREME
2024-03-22 18:00:00,Guwahati-Gauge-1,3,0,0.0020089716950563107,0,LOW
2024-03-22 18:00:00,Sonapur-Gauge-1,4,0,0.0020089716950563107,0,LOW
2024-03-22 19:00:00,Chamoli-Gauge-1,1,1,0.9996564800127934,1,EXTREME
2024-03-22 19:00:00,Kolkata-Gauge-1,2,1,0.9996454776555027,1,EXTREME
2024-03-22 19:00:00,Guwahati-Gauge-1,3,0,0.0020089716950563107,0,LOW
2024-03-22 19:00:00,Sonapur-Gauge-1,4,0,0.0020089716950563107,0,LOW
2024-03-22 20:00:00,Chamoli-Gauge-1,1,1,0.9996581159094987,1,EXTREME
2024-03-22 20:00:00,Kolkata-Gauge-1,2,1,0.9996459959083539,1,EXTREME
2024-03-22 20:00:00,Guwahati-Gauge-1,3,0,0.0020089716950563107,0,LOW
2024-03-22 20:00:00,Sonapur-Gauge-1,4,0,0.0020089716950563107,0,LOW
2024-03-22 21:00:00,Chamoli-Gauge-1,1,1,0.9996553290968225,1,EXTREME
2024-03-22 21:00:00,Kolkata-Gauge-1,2,1,0.9996600608077871,1,EXTREME
2024-03-22 21:00:00,Guwahati-Gauge-1,3,0,0.0020089716950563107,0,LOW
2024-03-22 21:00:00,Sonapur-Gauge-1,4,0,0.0020089716950563107,0,LOW
2024-03-22 22:00:00,Chamoli-Gauge-1,1,1,0.9996600608077871,1,EXTREME
2024-03-22 22:00:00,Kolkata-Gauge-1,2,1,0.9996600608077871,1,EXTREME
2024-03-22 22:00:00,Guwahati-Gauge-1,3,0,0.0020089716950563107,0,LOW
2024-03-22 22:00:00,Sonapur-Gauge-1,4,0,0.0020089716950563107,0,LOW
2024-03-22 23:00:00,Chamoli-Gauge-1,1,1,0.9996600608077871,1,EXTREME
2024-03-22 23:00:00,Kolkata-Gauge-1,2,1,0.9996459959083539,1,EXTREME
2024-03-22 23:00:00,Guwahati-Gauge-1,3,0,0.0020089716950563107,0,LOW
2024-03-22 23:00:00,Sonapur-Gauge-1,4,0,0.0020089716950563107,0,LOW
2024-03-23 00:00:00,Chamoli-Gauge-1,1,1,0.9996582594957198,1,EXTREME
2024-03-23 00:00:00,Kolkata-Gauge-1,2,1,0.9996600608077871,1,EXTREME
2024-03-23 00:00:00,Guwahati-Gauge-1,3,0,0.0020089716950563107,0,LOW
2024-03-23 00:00:00,Sonapur-Gauge-1,4,0,0.0020089716950563107,0,LOW
2024-03-23 01:00:00,Chamoli-Gauge-1,1,1,0.9996600608077871,1,EXTREME
2024-03-23 01:00:00,Kolkata-Gauge-1,2,1,0.9996479850333405,1,EXTREME
2024-03-23 01:00:00,Guwahati-Gauge-1,3,0,0.0020089716950563107,0,LOW
2024-03-23 01:00:00,Sonapur-Gauge-1,4,0,0.0020089716950563107,0,LOW
2024-03-23 02:00:00,Chamoli-Gauge-1,1,1,0.9996600608077871,1,EXTREME
2024-03-23 02:00:00,Kolkata-Gauge-1,2,1,0.9996387713417232,1,EXTREME
2024-03-23 02:00:00,Guwahati-Gauge-1,3,0,0.0020089716950563107,0,LOW
2024-03-23 02:00:00,Sonapur-Gauge-1,4,0,0.0020089716950563107,0,LOW
2024-03-23 03:00:00,Chamoli-Gauge-1,1,1,0.9996573451797791,1,EXTREME
2024-03-23 03:00:00,Kolkata-Gauge-1,2,1,0.9996159323146475,1,EXTREME
2024-03-23 03:00:00,Guwahati-Gauge-1,3,0,0.0020089716950563107,0,LOW
2024-03-23 03:00:00,Sonapur-Gauge-1,4,0,0.0020089716950563107,0,LOW
2024-03-23 04:00:00,Chamoli-Gauge-1,1,1,0.9996585020999591,1,EXTREME
2024-03-23 04:00:00,Kolkata-Gauge-1,2,1,0.9996220593244153,1,EXTREME
2024-03-23 04:00:00,Guwahati-Gauge-1,3,0,0.0020089716950563107,0,LOW
2024-03-23 04:00:00,Sonapur-Gauge-1,4,0,0.0020089716950563107,0,LOW
2024-03-23 05:00:00,Chamoli-Gauge-1,1,1,0.9996578101175803,1,EXTREME
2024-03-23 05:00:00,Kolkata-Gauge-1,2,1,0.9996414001051086,1,EXTREME
2024-03-23 05:00:00,Guwahati-Gauge-1,3,0,0.0020089716950563107,0,LOW
2024-03-23 05:00:00,Sonapur-Gauge-1,4,0,0.0020089716950563107,0,LOW
2024-03-23 06:00:00,Chamoli-Gauge-1,1,1,0.9996452785934814,1,EXTREME
2024-03-23 06:00:00,Kolkata-Gauge-1,2,1,0.9995966697284023,1,EXTREME
2024-03-23 06:00:00,Guwahati-Gauge-1,3,0,0.0020089716950563107,0,LOW
2024-03-23 06:00:00,Sonapur-Gauge-1,4,0,0.0020089716950563107,0,LOW
2024-03-23 07:00:00,Chamoli-Gauge-1,1,1,0.9996600608077871,1,EXTREME
2024-03-23 07:00:00,Kolkata-Gauge-1,2,1,0.9996012705872227,1,EXTREME
2024-03-23 07:00:00,Guwahati-Gauge-1,3,0,0.0020089716950563107,0,LOW
2024-03-23 07:00:00,Sonapur-Gauge-1,4,0,0.0020089716950563107,0,LOW
2024-03-23 08:00:00,Chamoli-Gauge-1,1,1,0.9996567336965991,1,EXTREME
2024-03-23 08:00:00,Kolkata-Gauge-1,2,1,0.9996052110547065,1,EXTREME
2024-03-23 08:00:00,Guwahati-Gauge-1,3,0,0.002071997253361308,0,LOW
2024-03-23 08:00:00,Sonapur-Gauge-1,4,0,0.0020089716950563107,0,LOW
2024-03-23 09:00:00,Chamoli-Gauge-1,1,1,0.9996406928934997,1,EXTREME
2024-03-23 09:00:00,Kolkata-Gauge-1,2,1,0.9996520975514956,1,EXTREME
2024-03-23 09:00:00,Guwahati-Gauge-1,3,0,0.002071997253361308,0,LOW
2024-03-23 09:00:00,Sonapur-Gauge-1,4,0,0.0020089716950563107,0,LOW
2024-03-23 10:00:00,Chamoli-Gauge-1,1,1,0.9996176934220985,1,EXTREME
2024-03-23 10:00:00,Kolkata-Gauge-1,2,1,0.9996451465921581,1,EXTREME
2024-03-23 10:00:00,Guwahati-Gauge-1,3,0,0.002071997253361308,0,LOW
2024-03-23 10:00:00,Sonapur-Gauge-1,4,0,0.0020089716950563107,0,LOW
2024-03-23 11:00:00,Chamoli-Gauge-1,1,1,0.9996456283420284,1,EXTREME
2024-03-23 11:00:00,Kolkata-Gauge-1,2,1,0.9995071319772599,1,EXTREME
2024-03-23 11:00:00,Guwahati-Gauge-1,3,0,0.0020089716950563107,0,LOW
2024-03-23 11:00:00,Sonapur-Gauge-1,4,0,0.0020089716950563107,0,LOW
2024-03-23 12:00:00,Chamoli-Gauge-1,1,1,0.9995788365141102,1,EXTREME
2024-03-23 12:00:00,Kolkata-Gauge-1,2,1,0.9989904903518448,1,EXTREME
2024-03-23 12:00:00,Guwahati-Gauge-1,3,0,0.0020089716950563107,0,LOW
2024-03-23 12:00:00,Sonapur-Gauge-1,4,0,0.0020089716950563107,0,LOW
2024-03-23 13:00:00,Chamoli-Gauge-1,1,1,0.9996139836827996,1,EXTREME
2024-03-23 13:00:00,Kolkata-Gauge-1,2,0,0.06367448167514955,0,LOW
2024-03-23 13:00:00,Guwahati-Gauge-1,3,0,0.0020089716950563107,0,LOW
2024-03-23 13:00:00,Sonapur-Gauge-1,4,0,0.0020089716950563107,0,LOW
2024-03-23 14:00:00,Chamoli-Gauge-1,1,1,0.9996325215053047,1,EXTREME
2024-03-23 14:00:00,Kolkata-Gauge-1,2,0,0.004966546365915153,0,LOW
2024-03-23 14:00:00,Guwahati-Gauge-1,3,0,0.0020089716950563107,0,LOW
2024-03-23 14:00:00,Sonapur-Gauge-1,4,0,0.0020089716950563107,0,LOW
2024-03-23 15:00:00,Chamoli-Gauge-1,1,1,0.9995173408234785,1,EXTREME
2024-03-23 15:00:00,Kolkata-Gauge-1,2,0,0.0022621527809623385,0,LOW
2024-03-23 15:00:00,Guwahati-Gauge-1,3,0,0.0020089716950563107,0,LOW
2024-03-23 15:00:00,Sonapur-Gauge-1,4,0,0.0020089716950563107,0,LOW
2024-03-23 16:00:00,Chamoli-Gauge-1,1,1,0.9991614791864725,1,EXTREME
2024-03-23 16:00:00,Kolkata-Gauge-1,2,0,0.0022163516303043834,0,LOW
2024-03-23 16:00:00,Guwahati-Gauge-1,3,0,0.0020089716950563107,0,LOW
2024-03-23 16:00:00,Sonapur-Gauge-1,4,0,0.0020089716950563107,0,LOW
2024-03-23 17:00:00,Chamoli-Gauge-1,1,0,0.7749719212499698,1,HIGH
2024-03-23 17:00:00,Kolkata-Gauge-1,2,0,0.004496571550786598,0,LOW
2024-03-23 17:00:00,Guwahati-Gauge-1,3,0,0.0020089716950563107,0,LOW
2024-03-23 17:00:00,Sonapur-Gauge-1,4,0,0.0020089716950563107,0,LOW
2024-03-23 18:00:00,Chamoli-Gauge-1,1,0,0.0589552666011693,0,LOW
2024-03-23 18:00:00,Kolkata-Gauge-1,2,0,0.0032352158248345657,0,LOW
2024-03-23 18:00:00,Guwahati-Gauge-1,3,0,0.0020089716950563107,0,LOW
2024-03-23 18:00:00,Sonapur-Gauge-1,4,0,0.0020089716950563107,0,LOW
2024-03-23 19:00:00,Chamoli-Gauge-1,1,0,0.020798816290694987,0,LOW
2024-03-23 19:00:00,Kolkata-Gauge-1,2,0,0.006880735836961683,0,LOW
2024-03-23 19:00:00,Guwahati-Gauge-1,3,0,0.0020089716950563107,0,LOW
2024-03-23 19:00:00,Sonapur-Gauge-1,4,0,0.0020089716950563107,0,LOW
2024-03-23 20:00:00,Chamoli-Gauge-1,1,0,0.003854425722018531,0,LOW
2024-03-23 20:00:00,Kolkata-Gauge-1,2,0,0.0021910049524261296,0,LOW
2024-03-23 20:00:00,Guwahati-Gauge-1,3,0,0.0020089716950563107,0,LOW
2024-03-23 20:00:00,Sonapur-Gauge-1,4,0,0.0020089716950563107,0,LOW
2024-03-23 21:00:00,Chamoli-Gauge-1,1,0,0.0033060704779672156,0,LOW
2024-03-23 21:00:00,Kolkata-Gauge-1,2,0,0.0020518293614628412,0,LOW
2024-03-23 21:00:00,Guwahati-Gauge-1,3,0,0.0020089716950563107,0,LOW
2024-03-23 21:00:00,Sonapur-Gauge-1,4,0,0.0020089716950563107,0,LOW
2024-03-23 22:00:00,Chamoli-Gauge-1,1,0,0.002663561589163018,0,LOW
2024-03-23 22:00:00,Kolkata-Gauge-1,2,0,0.002518300968817794,0,LOW
2024-03-23 22:00:00,Guwahati-Gauge-1,3,0,0.0020089716950563107,0,LOW
2024-03-23 22:00:00,Sonapur-Gauge-1,4,0,0.0020089716950563107,0,LOW
2024-03-23 23:00:00,Chamoli-Gauge-1,1,0,0.0024205789392964874,0,LOW
2024-03-23 23:00:00,Kolkata-Gauge-1,2,0,0.0020518293614628412,0,LOW
2024-03-23 23:00:00,Guwahati-Gauge-1,3,0,0.0020089716950563107,0,LOW
2024-03-23 23:00:00,Sonapur-Gauge-1,4,0,0.0020089716950563107,0,LOW
2024-03-24 00:00:00,Chamoli-Gauge-1,1,0,0.002065999887971425,0,LOW
2024-03-24 00:00:00,Kolkata-Gauge-1,2,0,0.0020089716950563107,0,LOW
2024-03-24 00:00:00,Guwahati-Gauge-1,3,0,0.0020089716950563107,0,LOW
2024-03-24 00:00:00,Sonapur-Gauge-1,4,0,0.0020089716950563107,0,LOW
2024-03-24 01:00:00,Chamoli-Gauge-1,1,0,0.002085701106227316,0,LOW
2024-03-24 01:00:00,Kolkata-Gauge-1,2,0,0.0023249643259964704,0,LOW
2024-03-24 01:00:00,Guwahati-Gauge-1,3,0,0.0020089716950563107,0,LOW
2024-03-24 01:00:00,Sonapur-Gauge-1,4,0,0.0020089716950563107,0,LOW
2024-03-24 02:00:00,Chamoli-Gauge-1,1,0,0.002405610284867416,0,LOW
2024-03-24 02:00:00,Kolkata-Gauge-1,2,0,0.0029186268811487196,0,LOW
2024-03-24 02:00:00,Guwahati-Gauge-1,3,0,0.0020089716950563107,0,LOW
2024-03-24 02:00:00,Sonapur-Gauge-1,4,0,0.0023526271550269396,0,LOW
2024-03-24 03:00:00,Chamoli-Gauge-1,1,0,0.0022256583754013334,0,LOW
2024-03-24 03:00:00,Kolkata-Gauge-1,2,0,0.00874160654674219,0,LOW
2024-03-24 03:00:00,Guwahati-Gauge-1,3,0,0.0020089716950563107,0,LOW
2024-03-24 03:00:00,Sonapur-Gauge-1,4,0,0.0020089716950563107,0,LOW
2024-03-24 04:00:00,Chamoli-Gauge-1,1,0,0.0020089716950563107,0,LOW
2024-03-24 04:00:00,Kolkata-Gauge-1,2,0,0.003210509020441842,0,LOW
2024-03-24 04:00:00,Guwahati-Gauge-1,3,0,0.0020089716950563107,0,LOW
2024-03-24 04:00:00,Sonapur-Gauge-1,4,0,0.0020089716950563107,0,LOW
2024-03-24 05:00:00,Chamoli-Gauge-1,1,0,0.0021506748549130006,0,LOW
2024-03-24 05:00:00,Kolkata-Gauge-1,2,0,0.0036077943403123023,0,LOW
2024-03-24 05:00:00,Guwahati-Gauge-1,3,0,0.0020089716950563107,0,LOW
2024-03-24 05:00:00,Sonapur-Gauge-1,4,0,0.0020089716950563107,0,LOW
2024-03-24 06:00:00,Chamoli-Gauge-1,1,0,0.002077249943531267,0,LOW
2024-03-24 06:00:00,Kolkata-Gauge-1,2,0,0.002195200547461137,0,LOW
2024-03-24 06:00:00,Guwahati-Gauge-1,3,0,0.0020089716950563107,0,LOW
2024-03-24 06:00:00,Sonapur-Gauge-1,4,0,0.0020089716950563107,0,LOW
2024-03-24 07:00:00,Chamoli-Gauge-1,1,0,0.002080429183828591,0,LOW
2024-03-24 07:00:00,Kolkata-Gauge-1,2,0,0.002123233819782065,0,LOW
2024-03-24 07:00:00,Guwahati-Gauge-1,3,0,0.0020089716950563107,0,LOW
2024-03-24 07:00:00,Sonapur-Gauge-1,4,0,0.0020089716950563107,0,LOW
2024-03-24 08:00:00,Chamoli-Gauge-1,1,0,0.0021884401650214685,0,LOW
2024-03-24 08:00:00,Kolkata-Gauge-1,2,0,0.0020089716950563107,0,LOW
2024-03-24 08:00:00,Guwahati-Gauge-1,3,0,0.0020089716950563107,0,LOW
2024-03-24 08:00:00,Sonapur-Gauge-1,4,0,0.0020089716950563107,0,LOW
2024-03-24 09:00:00,Chamoli-Gauge-1,1,0,0.0020089716950563107,0,LOW
2024-03-24 09:00:00,Kolkata-Gauge-1,2,0,0.0020089716950563107,0,LOW
2024-03-24 09:00:00,Guwahati-Gauge-1,3,0,0.002137075862900145,0,LOW
2024-03-24 09:00:00,Sonapur-Gauge-1,4,0,0.0020089716950563107,0,LOW
2024-03-24 10:00:00,Chamoli-Gauge-1,1,0,0.0020578334756916473,0,LOW
2024-03-24 10:00:00,Kolkata-Gauge-1,2,0,0.0020089716950563107,0,LOW
2024-03-24 10:00:00,Guwahati-Gauge-1,3,0,0.0020089716950563107,0,LOW
2024-03-24 10:00:00,Sonapur-Gauge-1,4,0,0.0020089716950563107,0,LOW
2024-03-24 11:00:00,Chamoli-Gauge-1,1,0,0.0020089716950563107,0,LOW
2024-03-24 11:00:00,Kolkata-Gauge-1,2,0,0.0020089716950563107,0,LOW
2024-03-24 11:00:00,Guwahati-Gauge-1,3,0,0.0020089716950563107,0,LOW
2024-03-24 11:00:00,Sonapur-Gauge-1,4,0,0.0020089716950563107,0,LOW
2024-03-24 12:00:00,Chamoli-Gauge-1,1,0,0.0020089716950563107,0,LOW
2024-03-24 12:00:00,Kolkata-Gauge-1,2,0,0.0020089716950563107,0,LOW
2024-03-24 12:00:00,Guwahati-Gauge-1,3,0,0.0020089716950563107,0,LOW
2024-03-24 12:00:00,Sonapur-Gauge-1,4,0,0.002116033146865218,0,LOW
2024-03-24 13:00:00,Chamoli-Gauge-1,1,0,0.0020089716950563107,0,LOW
2024-03-24 13:00:00,Kolkata-Gauge-1,2,0,0.0020089716950563107,0,LOW
2024-03-24 13:00:00,Guwahati-Gauge-1,3,0,0.0020089716950563107,0,LOW
2024-03-24 13:00:00,Sonapur-Gauge-1,4,0,0.002116033146865218,0,LOW
2024-03-24 14:00:00,Chamoli-Gauge-1,1,0,0.0020089716950563107,0,LOW
2024-03-24 14:00:00,Kolkata-Gauge-1,2,0,0.0020089716950563107,0,LOW
2024-03-24 14:00:00,Guwahati-Gauge-1,3,0,0.0020089716950563107,0,LOW
2024-03-24 14:00:00,Sonapur-Gauge-1,4,0,0.002354383159827851,0,LOW
2024-03-24 15:00:00,Chamoli-Gauge-1,1,0,0.002208541415868097,0,LOW
2024-03-24 15:00:00,Kolkata-Gauge-1,2,0,0.0020089716950563107,0,LOW
2024-03-24 15:00:00,Guwahati-Gauge-1,3,0,0.0020089716950563107,0,LOW
2024-03-24 15:00:00,Sonapur-Gauge-1,4,0,0.0020648637386433766,0,LOW
2024-03-24 16:00:00,Chamoli-Gauge-1,1,0,0.0020591998176161495,0,LOW
2024-03-24 16:00:00,Kolkata-Gauge-1,2,0,0.0020089716950563107,0,LOW
2024-03-24 16:00:00,Guwahati-Gauge-1,3,0,0.0020089716950563107,0,LOW
2024-03-24 16:00:00,Sonapur-Gauge-1,4,0,0.0020089716950563107,0,LOW
2024-03-24 17:00:00,Chamoli-Gauge-1,1,0,0.0020594190201051483,0,LOW
2024-03-24 17:00:00,Kolkata-Gauge-1,2,0,0.0020089716950563107,0,LOW
2024-03-24 17:00:00,Guwahati-Gauge-1,3,0,0.0020089716950563107,0,LOW
2024-03-24 17:00:00,Sonapur-Gauge-1,4,0,0.0020089716950563107,0,LOW
2024-03-24 18:00:00,Chamoli-Gauge-1,1,0,0.0020089716950563107,0,LOW
2024-03-24 18:00:00,Kolkata-Gauge-1,2,0,0.0020089716950563107,0,LOW
2024-03-24 18:00:00,Guwahati-Gauge-1,3,0,0.0020089716950563107,0,LOW
2024-03-24 18:00:00,Sonapur-Gauge-1,4,0,0.0020717803258288522,0,LOW
2024-03-24 19:00:00,Chamoli-Gauge-1,1,0,0.002077611036712657,0,LOW
2024-03-24 19:00:00,Kolkata-Gauge-1,2,0,0.0020089716950563107,0,LOW
2024-03-24 19:00:00,Guwahati-Gauge-1,3,0,0.0020089716950563107,0,LOW
2024-03-24 19:00:00,Sonapur-Gauge-1,4,0,0.0020089716950563107,0,LOW
2024-03-24 20:00:00,Chamoli-Gauge-1,1,0,0.002053895984094429,0,LOW
2024-03-24 20:00:00,Kolkata-Gauge-1,2,0,0.0020089716950563107,0,LOW
2024-03-24 20:00:00,Guwahati-Gauge-1,3,0,0.0020089716950563107,0,LOW
2024-03-24 20:00:00,Sonapur-Gauge-1,4,0,0.0020595992961310746,0,LOW
2024-03-24 21:00:00,Chamoli-Gauge-1,1,0,0.002053895984094429,0,LOW
2024-03-24 21:00:00,Kolkata-Gauge-1,2,0,0.0020089716950563107,0,LOW
2024-03-24 21:00:00,Guwahati-Gauge-1,3,0,0.0020089716950563107,0,LOW
2024-03-24 21:00:00,Sonapur-Gauge-1,4,0,0.002243914265096186,0,LOW
2024-03-24 22:00:00,Chamoli-Gauge-1,1,0,0.0020089716950563107,0,LOW
2024-03-24 22:00:00,Kolkata-Gauge-1,2,0,0.0020089716950563107,0,LOW
2024-03-24 22:00:00,Guwahati-Gauge-1,3,0,0.0020089716950563107,0,LOW
2024-03-24 22:00:00,Sonapur-Gauge-1,4,0,0.003458967996042975,0,LOW
2024-03-24 23:00:00,Chamoli-Gauge-1,1,0,0.0020089716950563107,0,LOW
2024-03-24 23:00:00,Kolkata-Gauge-1,2,0,0.0020089716950563107,0,LOW
2024-03-24 23:00:00,Guwahati-Gauge-1,3,0,0.0020089716950563107,0,LOW
2024-03-24 23:00:00,Sonapur-Gauge-1,4,0,0.0020089716950563107,0,LOW
2024-03-25 00:00:00,Chamoli-Gauge-1,1,0,0.0020838006613988947,0,LOW
2024-03-25 00:00:00,Kolkata-Gauge-1,2,0,0.0020089716950563107,0,LOW
2024-03-25 00:00:00,Guwahati-Gauge-1,3,0,0.0020089716950563107,0,LOW
2024-03-25 00:00:00,Sonapur-Gauge-1,4,0,0.0020089716950563107,0,LOW
2024-03-25 01:00:00,Chamoli-Gauge-1,1,0,0.0020727303633078175,0,LOW
2024-03-25 01:00:00,Kolkata-Gauge-1,2,0,0.0020089716950563107,0,LOW
2024-03-25 01:00:00,Guwahati-Gauge-1,3,0,0.0020089716950563107,0,LOW
2024-03-25 01:00:00,Sonapur-Gauge-1,4,0,0.0020089716950563107,0,LOW
2024-03-25 02:00:00,Chamoli-Gauge-1,1,0,0.0020089716950563107,0,LOW
2024-03-25 02:00:00,Kolkata-Gauge-1,2,0,0.0020089716950563107,0,LOW
2024-03-25 02:00:00,Guwahati-Gauge-1,3,0,0.0020089716950563107,0,LOW
2024-03-25 02:00:00,Sonapur-Gauge-1,4,0,0.0020089716950563107,0,LOW
2024-03-25 03:00:00,Chamoli-Gauge-1,1,0,0.0020089716950563107,0,LOW
2024-03-25 03:00:00,Kolkata-Gauge-1,2,0,0.0020089716950563107,0,LOW
2024-03-25 03:00:00,Guwahati-Gauge-1,3,0,0.0020089716950563107,0,LOW
2024-03-25 03:00:00,Sonapur-Gauge-1,4,0,0.0020089716950563107,0,LOW
2024-03-25 04:00:00,Chamoli-Gauge-1,1,0,0.002136932474417559,0,LOW
2024-03-25 04:00:00,Kolkata-Gauge-1,2,0,0.0020089716950563107,0,LOW
2024-03-25 04:00:00,Guwahati-Gauge-1,3,0,0.0020089716950563107,0,LOW
2024-03-25 04:00:00,Sonapur-Gauge-1,4,0,0.0020089716950563107,0,LOW
2024-03-25 05:00:00,Chamoli-Gauge-1,1,0,0.0020089716950563107,0,LOW
2024-03-25 05:00:00,Kolkata-Gauge-1,2,0,0.0020089716950563107,0,LOW
2024-03-25 05:00:00,Guwahati-Gauge-1,3,0,0.0020742362501726752,0,LOW
2024-03-25 05:00:00,Sonapur-Gauge-1,4,0,0.0020089716950563107,0,LOW
2024-03-25 06:00:00,Chamoli-Gauge-1,1,0,0.043416816486893044,0,LOW
2024-03-25 06:00:00,Kolkata-Gauge-1,2,0,0.0020089716950563107,0,LOW
2024-03-25 06:00:00,Guwahati-Gauge-1,3,0,0.0020089716950563107,0,LOW
2024-03-25 06:00:00,Sonapur-Gauge-1,4,0,0.0020089716950563107,0,LOW
2024-03-25 07:00:00,Chamoli-Gauge-1,1,0,0.02089073121451219,0,LOW
2024-03-25 07:00:00,Kolkata-Gauge-1,2,0,0.0020089716950563107,0,LOW
2024-03-25 07:00:00,Guwahati-Gauge-1,3,0,0.0020089716950563107,0,LOW
2024-03-25 07:00:00,Sonapur-Gauge-1,4,0,0.0020089716950563107,0,LOW
2024-03-25 08:00:00,Chamoli-Gauge-1,1,0,0.03140997185655232,0,LOW
2024-03-25 08:00:00,Kolkata-Gauge-1,2,0,0.0020089716950563107,0,LOW
2024-03-25 08:00:00,Guwahati-Gauge-1,3,0,0.0020727303633078175,0,LOW
2024-03-25 08:00:00,Sonapur-Gauge-1,4,0,0.0020089716950563107,0,LOW
2024-03-25 09:00:00,Chamoli-Gauge-1,1,0,0.015453346612478769,0,LOW
2024-03-25 09:00:00,Kolkata-Gauge-1,2,0,0.0020089716950563107,0,LOW
2024-03-25 09:00:00,Guwahati-Gauge-1,3,0,0.0020089716950563107,0,LOW
2024-03-25 09:00:00,Sonapur-Gauge-1,4,0,0.0020089716950563107,0,LOW
2024-03-25 10:00:00,Chamoli-Gauge-1,1,0,0.01053764556149849,0,LOW
2024-03-25 10:00:00,Kolkata-Gauge-1,2,0,0.0020089716950563107,0,LOW
2024-03-25 10:00:00,Guwahati-Gauge-1,3,0,0.0020089716950563107,0,LOW
2024-03-25 10:00:00,Sonapur-Gauge-1,4,0,0.0020089716950563107,0,LOW
2024-03-25 11:00:00,Chamoli-Gauge-1,1,0,0.02677363688389717,0,LOW
2024-03-25 11:00:00,Kolkata-Gauge-1,2,0,0.0020089716950563107,0,LOW
2024-03-25 11:00:00,Guwahati-Gauge-1,3,0,0.0020089716950563107,0,LOW
2024-03-25 11:00:00,Sonapur-Gauge-1,4,0,0.0020089716950563107,0,LOW
2024-03-25 12:00:00,Chamoli-Gauge-1,1,0,0.10265486867599322,0,LOW
2024-03-25 12:00:00,Kolkata-Gauge-1,2,0,0.0020089716950563107,0,LOW
2024-03-25 12:00:00,Guwahati-Gauge-1,3,0,0.0020089716950563107,0,LOW
2024-03-25 12:00:00,Sonapur-Gauge-1,4,0,0.0020089716950563107,0,LOW
2024-03-25 13:00:00,Chamoli-Gauge-1,1,1,0.7152608867484398,1,HIGH
2024-03-25 13:00:00,Kolkata-Gauge-1,2,0,0.002129782686439134,0,LOW
2024-03-25 13:00:00,Guwahati-Gauge-1,3,0,0.0020089716950563107,0,LOW
2024-03-25 13:00:00,Sonapur-Gauge-1,4,0,0.0020089716950563107,0,LOW
2024-03-25 14:00:00,Chamoli-Gauge-1,1,1,0.9993111690927403,1,EXTREME
2024-03-25 14:00:00,Kolkata-Gauge-1,2,0,0.0020089716950563107,0,LOW
2024-03-25 14:00:00,Guwahati-Gauge-1,3,0,0.0020089716950563107,0,LOW
2024-03-25 14:00:00,Sonapur-Gauge-1,4,0,0.0020089716950563107,0,LOW
2024-03-25 15:00:00,Chamoli-Gauge-1,1,1,0.9996421620112468,1,EXTREME
2024-03-25 15:00:00,Kolkata-Gauge-1,2,0,0.0021291976108970254,0,LOW
2024-03-25 15:00:00,Guwahati-Gauge-1,3,0,0.0020089716950563107,0,LOW
2024-03-25 15:00:00,Sonapur-Gauge-1,4,0,0.0025345326347259545,0,LOW
2024-03-25 16:00:00,Chamoli-Gauge-1,1,1,0.9996467279097652,1,EXTREME
2024-03-25 16:00:00,Kolkata-Gauge-1,2,0,0.002124425220087956,0,LOW
2024-03-25 16:00:00,Guwahati-Gauge-1,3,0,0.0020089716950563107,0,LOW
2024-03-25 16:00:00,Sonapur-Gauge-1,4,0,0.002154047264706103,0,LOW
2024-03-25 17:00:00,Chamoli-Gauge-1,1,1,0.9996529588649388,1,EXTREME
2024-03-25 17:00:00,Kolkata-Gauge-1,2,0,0.002448066586617145,0,LOW
2024-03-25 17:00:00,Guwahati-Gauge-1,3,0,0.0020089716950563107,0,LOW
2024-03-25 17:00:00,Sonapur-Gauge-1,4,0,0.0025033350315197054,0,LOW
2024-03-25 18:00:00,Chamoli-Gauge-1,1,1,0.9996242831123038,1,EXTREME
2024-03-25 18:00:00,Kolkata-Gauge-1,2,0,0.0023412959587789115,0,LOW
2024-03-25 18:00:00,Guwahati-Gauge-1,3,0,0.0020089716950563107,0,LOW
2024-03-25 18:00:00,Sonapur-Gauge-1,4,0,0.0028679614978318574,0,LOW
2024-03-25 19:00:00,Chamoli-Gauge-1,1,1,0.9996566156180904,1,EXTREME
2024-03-25 19:00:00,Kolkata-Gauge-1,2,0,0.0028016219706035405,0,LOW
2024-03-25 19:00:00,Guwahati-Gauge-1,3,0,0.002595852679323015,0,LOW
2024-03-25 19:00:00,Sonapur-Gauge-1,4,0,0.002669439622096626,0,LOW
2024-03-25 20:00:00,Chamoli-Gauge-1,1,1,0.9996590285397317,1,EXTREME
2024-03-25 20:00:00,Kolkata-Gauge-1,2,0,0.003147778858703463,0,LOW
2024-03-25 20:00:00,Guwahati-Gauge-1,3,0,0.0030790155298559933,0,LOW
2024-03-25 20:00:00,Sonapur-Gauge-1,4,0,0.004390426910658614,0,LOW
2024-03-25 21:00:00,Chamoli-Gauge-1,1,1,0.9996490140607188,1,EXTREME
2024-03-25 21:00:00,Kolkata-Gauge-1,2,0,0.0038955513909306218,0,LOW
2024-03-25 21:00:00,Guwahati-Gauge-1,3,0,0.009257112263394176,0,LOW
2024-03-25 21:00:00,Sonapur-Gauge-1,4,0,0.002647618673280168,0,LOW
2024-03-25 22:00:00,Chamoli-Gauge-1,1,1,0.9996600608077871,1,EXTREME
2024-03-25 22:00:00,Kolkata-Gauge-1,2,0,0.0025339645274497034,0,LOW
2024-03-25 22:00:00,Guwahati-Gauge-1,3,0,0.004111568511805749,0,LOW
2024-03-25 22:00:00,Sonapur-Gauge-1,4,0,0.0022104427623003283,0,LOW
2024-03-25 23:00:00,Chamoli-Gauge-1,1,1,0.9996459959083539,1,EXTREME
2024-03-25 23:00:00,Kolkata-Gauge-1,2,0,0.0023928756184333007,0,LOW
2024-03-25 23:00:00,Guwahati-Gauge-1,3,0,0.004037212753407696,0,LOW
2024-03-25 23:00:00,Sonapur-Gauge-1,4,0,0.0021372398050955887,0,LOW
2024-03-26 00:00:00,Chamoli-Gauge-1,1,1,0.9996457318432781,1,EXTREME
2024-03-26 00:00:00,Kolkata-Gauge-1,2,0,0.0023991746546904703,0,LOW
2024-03-26 00:00:00,Guwahati-Gauge-1,3,0,0.009606796082242826,0,LOW
2024-03-26 00:00:00,Sonapur-Gauge-1,4,0,0.0020089716950563107,0,LOW
2024-03-26 01:00:00,Chamoli-Gauge-1,1,1,0.9996600608077871,1,EXTREME
2024-03-26 01:00:00,Kolkata-Gauge-1,2,0,0.0023096043397283304,0,LOW
2024-03-26 01:00:00,Guwahati-Gauge-1,3,0,0.004254425675867509,0,LOW
2024-03-26 01:00:00,Sonapur-Gauge-1,4,0,0.0020089716950563107,0,LOW
2024-03-26 02:00:00,Chamoli-Gauge-1,1,1,0.9996600608077871,1,EXTREME
2024-03-26 02:00:00,Kolkata-Gauge-1,2,0,0.002166917483285017,0,LOW
2024-03-26 02:00:00,Guwahati-Gauge-1,3,0,0.0028057413967587557,0,LOW
2024-03-26 02:00:00,Sonapur-Gauge-1,4,0,0.0020089716950563107,0,LOW
2024-03-26 03:00:00,Chamoli-Gauge-1,1,1,0.9996531247086086,1,EXTREME
2024-03-26 03:00:00,Kolkata-Gauge-1,2,0,0.0020646983524729625,0,LOW
2024-03-26 03:00:00,Guwahati-Gauge-1,3,0,0.0032964819127365755,0,LOW
2024-03-26 03:00:00,Sonapur-Gauge-1,4,0,0.002132833167839635,0,LOW
2024-03-26 04:00:00,Chamoli-Gauge-1,1,1,0.9996565258462381,1,EXTREME
2024-03-26 04:00:00,Kolkata-Gauge-1,2,0,0.0021296280925574207,0,LOW
2024-03-26 04:00:00,Guwahati-Gauge-1,3,0,0.0024913601289351444,0,LOW
2024-03-26 04:00:00,Sonapur-Gauge-1,4,0,0.0020089716950563107,0,LOW
2024-03-26 05:00:00,Chamoli-Gauge-1,1,1,0.9996589456625296,1,EXTREME
2024-03-26 05:00:00,Kolkata-Gauge-1,2,0,0.0020089716950563107,0,LOW
2024-03-26 05:00:00,Guwahati-Gauge-1,3,0,0.002140218775737415,0,LOW
2024-03-26 05:00:00,Sonapur-Gauge-1,4,0,0.002555321084510518,0,LOW
2024-03-26 06:00:00,Chamoli-Gauge-1,1,1,0.9996537950817546,1,EXTREME
2024-03-26 06:00:00,Kolkata-Gauge-1,2,0,0.0020089716950563107,0,LOW
2024-03-26 06:00:00,Guwahati-Gauge-1,3,0,0.0021289801173173194,0,LOW
2024-03-26 06:00:00,Sonapur-Gauge-1,4,0,0.0027899758040998424,0,LOW
2024-03-26 07:00:00,Chamoli-Gauge-1,1,1,0.9996570792506002,1,EXTREME
2024-03-26 07:00:00,Kolkata-Gauge-1,2,0,0.0020089716950563107,0,LOW
2024-03-26 07:00:00,Guwahati-Gauge-1,3,0,0.0022268504873631727,0,LOW
2024-03-26 07:00:00,Sonapur-Gauge-1,4,0,0.0023009798554239676,0,LOW
2024-03-26 08:00:00,Chamoli-Gauge-1,1,1,0.9996445936268074,1,EXTREME
2024-03-26 08:00:00,Kolkata-Gauge-1,2,0,0.010446255630044378,0,LOW
2024-03-26 08:00:00,Guwahati-Gauge-1,3,0,0.0021292602479066917,0,LOW
2024-03-26 08:00:00,Sonapur-Gauge-1,4,0,0.0022149538501759695,0,LOW
2024-03-26 09:00:00,Chamoli-Gauge-1,1,1,0.9996556163899086,1,EXTREME
2024-03-26 09:00:00,Kolkata-Gauge-1,2,1,0.9989374859440534,1,EXTREME
2024-03-26 09:00:00,Guwahati-Gauge-1,3,0,0.0021906690662951774,0,LOW
2024-03-26 09:00:00,Sonapur-Gauge-1,4,0,0.0024381753066383717,0,LOW
2024-03-26 10:00:00,Chamoli-Gauge-1,1,1,0.9996574646949485,1,EXTREME
2024-03-26 10:00:00,Kolkata-Gauge-1,2,1,0.9995248791224549,1,EXTREME
2024-03-26 10:00:00,Guwahati-Gauge-1,3,0,0.002134004342934033,0,LOW
2024-03-26 10:00:00,Sonapur-Gauge-1,4,0,0.0021285620561165455,0,LOW
2024-03-26 11:00:00,Chamoli-Gauge-1,1,1,0.9996549254483295,1,EXTREME
2024-03-26 11:00:00,Kolkata-Gauge-1,2,1,0.9995790286793391,1,EXTREME
2024-03-26 11:00:00,Guwahati-Gauge-1,3,0,0.002381219598815741,0,LOW
2024-03-26 11:00:00,Sonapur-Gauge-1,4,0,0.002070690264161425,0,LOW
2024-03-26 12:00:00,Chamoli-Gauge-1,1,1,0.9996586220836248,1,EXTREME
2024-03-26 12:00:00,Kolkata-Gauge-1,2,1,0.9996387927379866,1,EXTREME
2024-03-26 12:00:00,Guwahati-Gauge-1,3,0,0.0022897491067118414,0,LOW
2024-03-26 12:00:00,Sonapur-Gauge-1,4,0,0.0020089716950563107,0,LOW
2024-03-26 13:00:00,Chamoli-Gauge-1,1,1,0.9996586220836248,1,EXTREME
2024-03-26 13:00:00,Kolkata-Gauge-1,2,1,0.9996248748277072,1,EXTREME
2024-03-26 13:00:00,Guwahati-Gauge-1,3,0,0.0022215910585591607,0,LOW
2024-03-26 13:00:00,Sonapur-Gauge-1,4,0,0.0021321124857924473,0,LOW
2024-03-26 14:00:00,Chamoli-Gauge-1,1,1,0.9996600608077871,1,EXTREME
2024-03-26 14:00:00,Kolkata-Gauge-1,2,1,0.9996497729220519,1,EXTREME
2024-03-26 14:00:00,Guwahati-Gauge-1,3,0,0.002071904203632463,0,LOW
2024-03-26 14:00:00,Sonapur-Gauge-1,4,0,0.002182442140872887,0,LOW
2024-03-26 15:00:00,Chamoli-Gauge-1,1,1,0.9996600608077871,1,EXTREME
2024-03-26 15:00:00,Kolkata-Gauge-1,2,1,0.9996413764286759,1,EXTREME
2024-03-26 15:00:00,Guwahati-Gauge-1,3,0,0.0020089716950563107,0,LOW
2024-03-26 15:00:00,Sonapur-Gauge-1,4,0,0.0022174529361428095,0,LOW
2024-03-26 16:00:00,Chamoli-Gauge-1,1,1,0.9996568404028833,1,EXTREME
2024-03-26 16:00:00,Kolkata-Gauge-1,2,1,0.9996552148342455,1,EXTREME
2024-03-26 16:00:00,Guwahati-Gauge-1,3,0,0.0020089716950563107,0,LOW
2024-03-26 16:00:00,Sonapur-Gauge-1,4,0,0.002253653342891261,0,LOW
2024-03-26 17:00:00,Chamoli-Gauge-1,1,1,0.9996600608077871,1,EXTREME
2024-03-26 17:00:00,Kolkata-Gauge-1,2,1,0.9996055652807596,1,EXTREME
2024-03-26 17:00:00,Guwahati-Gauge-1,3,0,0.0020089716950563107,0,LOW
2024-03-26 17:00:00,Sonapur-Gauge-1,4,0,0.0020089716950563107,0,LOW
2024-03-26 18:00:00,Chamoli-Gauge-1,1,1,0.9996597573993604,1,EXTREME
2024-03-26 18:00:00,Kolkata-Gauge-1,2,1,0.9996152880183737,1,EXTREME
2024-03-26 18:00:00,Guwahati-Gauge-1,3,0,0.0020089716950563107,0,LOW
2024-03-26 18:00:00,Sonapur-Gauge-1,4,0,0.0020089716950563107,0,LOW
2024-03-26 19:00:00,Chamoli-Gauge-1,1,1,0.9996593413642256,1,EXTREME
2024-03-26 19:00:00,Kolkata-Gauge-1,2,1,0.9996010063050117,1,EXTREME
2024-03-26 19:00:00,Guwahati-Gauge-1,3,0,0.0020089716950563107,0,LOW
2024-03-26 19:00:00,Sonapur-Gauge-1,4,0,0.0020089716950563107,0,LOW
2024-03-26 20:00:00,Chamoli-Gauge-1,1,1,0.9996600608077871,1,EXTREME
2024-03-26 20:00:00,Kolkata-Gauge-1,2,1,0.9996054990491872,1,EXTREME
2024-03-26 20:00:00,Guwahati-Gauge-1,3,0,0.0020089716950563107,0,LOW
2024-03-26 20:00:00,Sonapur-Gauge-1,4,0,0.002152854494111593,0,LOW
2024-03-26 21:00:00,Chamoli-Gauge-1,1,1,0.9996600608077871,1,EXTREME
2024-03-26 21:00:00,Kolkata-Gauge-1,2,1,0.9996011332278316,1,EXTREME
2024-03-26 21:00:00,Guwahati-Gauge-1,3,0,0.0020089716950563107,0,LOW
2024-03-26 21:00:00,Sonapur-Gauge-1,4,0,0.002071486976364962,0,LOW
2024-03-26 22:00:00,Chamoli-Gauge-1,1,1,0.9996573451797791,1,EXTREME
2024-03-26 22:00:00,Kolkata-Gauge-1,2,1,0.9996213803871445,1,EXTREME
2024-03-26 22:00:00,Guwahati-Gauge-1,3,0,0.0020511509825489817,0,LOW
2024-03-26 22:00:00,Sonapur-Gauge-1,4,0,0.0020089716950563107,0,LOW
2024-03-26 23:00:00,Chamoli-Gauge-1,1,1,0.9996582265064654,1,EXTREME
2024-03-26 23:00:00,Kolkata-Gauge-1,2,1,0.9996058961280507,1,EXTREME
2024-03-26 23:00:00,Guwahati-Gauge-1,3,0,0.0023189545665080018,0,LOW
2024-03-26 23:00:00,Sonapur-Gauge-1,4,0,0.0020089716950563107,0,LOW
2024-03-27 00:00:00,Chamoli-Gauge-1,1,1,0.9996582265064654,1,EXTREME
2024-03-27 00:00:00,Kolkata-Gauge-1,2,1,0.9995654908220734,1,EXTREME
2024-03-27 00:00:00,Guwahati-Gauge-1,3,0,0.002510979609902828,0,LOW
2024-03-27 00:00:00,Sonapur-Gauge-1,4,0,0.0020089716950563107,0,LOW
2024-03-27 01:00:00,Chamoli-Gauge-1,1,1,0.9996600608077871,1,EXTREME
2024-03-27 01:00:00,Kolkata-Gauge-1,2,1,0.9995847623137609,1,EXTREME
2024-03-27 01:00:00,Guwahati-Gauge-1,3,0,0.0022626757983433923,0,LOW
2024-03-27 01:00:00,Sonapur-Gauge-1,4,0,0.0020089716950563107,0,LOW
2024-03-27 02:00:00,Chamoli-Gauge-1,1,1,0.9996600608077871,1,EXTREME
2024-03-27 02:00:00,Kolkata-Gauge-1,2,1,0.999495915160228,1,EXTREME
2024-03-27 02:00:00,Guwahati-Gauge-1,3,0,0.002162427286149472,0,LOW
2024-03-27 02:00:00,Sonapur-Gauge-1,4,0,0.0020089716950563107,0,LOW
2024-03-27 03:00:00,Chamoli-Gauge-1,1,1,0.9996579738714994,1,EXTREME
2024-03-27 03:00:00,Kolkata-Gauge-1,2,1,0.9994941495909744,1,EXTREME
2024-03-27 03:00:00,Guwahati-Gauge-1,3,0,0.0020089716950563107,0,LOW
2024-03-27 03:00:00,Sonapur-Gauge-1,4,0,0.0020089716950563107,0,LOW
2024-03-27 04:00:00,Chamoli-Gauge-1,1,1,0.9996590560524806,1,EXTREME
2024-03-27 04:00:00,Kolkata-Gauge-1,2,1,0.999453782061344,1,EXTREME
2024-03-27 04:00:00,Guwahati-Gauge-1,3,0,0.0020089716950563107,0,LOW
2024-03-27 04:00:00,Sonapur-Gauge-1,4,0,0.0020089716950563107,0,LOW
2024-03-27 05:00:00,Chamoli-Gauge-1,1,1,0.999655410837768,1,EXTREME
2024-03-27 05:00:00,Kolkata-Gauge-1,2,1,0.999167862849241,1,EXTREME
2024-03-27 05:00:00,Guwahati-Gauge-1,3,0,0.002480539228947934,0,LOW
2024-03-27 05:00:00,Sonapur-Gauge-1,4,0,0.0020089716950563107,0,LOW
2024-03-27 06:00:00,Chamoli-Gauge-1,1,1,0.9996600608077871,1,EXTREME
2024-03-27 06:00:00,Kolkata-Gauge-1,2,1,0.9989252001785687,1,EXTREME
2024-03-27 06:00:00,Guwahati-Gauge-1,3,0,0.0020089716950563107,0,LOW
2024-03-27 06:00:00,Sonapur-Gauge-1,4,0,0.0020089716950563107,0,LOW
2024-03-27 07:00:00,Chamoli-Gauge-1,1,1,0.9996600608077871,1,EXTREME
2024-03-27 07:00:00,Kolkata-Gauge-1,2,1,0.9992301823107433,1,EXTREME
2024-03-27 07:00:00,Guwahati-Gauge-1,3,0,0.0020089716950563107,0,LOW
2024-03-27 07:00:00,Sonapur-Gauge-1,4,0,0.0020089716950563107,0,LOW
2024-03-27 08:00:00,Chamoli-Gauge-1,1,1,0.999659695512085,1,EXTREME
2024-03-27 08:00:00,Kolkata-Gauge-1,2,0,0.7652358515385318,1,HIGH
2024-03-27 08:00:00,Guwahati-Gauge-1,3,0,0.0020089716950563107,0,LOW
2024-03-27 08:00:00,Sonapur-Gauge-1,4,0,0.0020089716950563107,0,LOW
2024-03-27 09:00:00,Chamoli-Gauge-1,1,1,0.9996547997458769,1,EXTREME
2024-03-27 09:00:00,Kolkata-Gauge-1,2,0,0.12310011940356594,0,LOW
2024-03-27 09:00:00,Guwahati-Gauge-1,3,0,0.0020089716950563107,0,LOW
2024-03-27 09:00:00,Sonapur-Gauge-1,4,0,0.0020089716950563107,0,LOW
2024-03-27 10:00:00,Chamoli-Gauge-1,1,1,0.9996600608077871,1,EXTREME
2024-03-27 10:00:00,Kolkata-Gauge-1,2,0,0.07233154304224046,0,LOW
2024-03-27 10:00:00,Guwahati-Gauge-1,3,0,0.0020089716950563107,0,LOW
2024-03-27 10:00:00,Sonapur-Gauge-1,4,0,0.0020089716950563107,0,LOW
2024-03-27 11:00:00,Chamoli-Gauge-1,1,1,0.9996489794013694,1,EXTREME
2024-03-27 11:00:00,Kolkata-Gauge-1,2,0,0.10232567418005027,0,LOW
2024-03-27 11:00:00,Guwahati-Gauge-1,3,0,0.0020089716950563107,0,LOW
2024-03-27 11:00:00,Sonapur-Gauge-1,4,0,0.0020089716950563107,0,LOW
2024-03-27 12:00:00,Chamoli-Gauge-1,1,1,0.9996482714826274,1,EXTREME
2024-03-27 12:00:00,Kolkata-Gauge-1,2,1,0.7541414631184281,1,HIGH
2024-03-27 12:00:00,Guwahati-Gauge-1,3,0,0.0020089716950563107,0,LOW
2024-03-27 12:00:00,Sonapur-Gauge-1,4,0,0.0020089716950563107,0,LOW
2024-03-27 13:00:00,Chamoli-Gauge-1,1,1,0.9996556615427532,1,EXTREME
2024-03-27 13:00:00,Kolkata-Gauge-1,2,1,0.9995124594003579,1,EXTREME
2024-03-27 13:00:00,Guwahati-Gauge-1,3,0,0.0020089716950563107,0,LOW
2024-03-27 13:00:00,Sonapur-Gauge-1,4,0,0.0020089716950563107,0,LOW
2024-03-27 14:00:00,Chamoli-Gauge-1,1,1,0.9996548807901673,1,EXTREME
2024-03-27 14:00:00,Kolkata-Gauge-1,2,1,0.9996349280406385,1,EXTREME
2024-03-27 14:00:00,Guwahati-Gauge-1,3,0,0.0020089716950563107,0,LOW
2024-03-27 14:00:00,Sonapur-Gauge-1,4,0,0.0020089716950563107,0,LOW
2024-03-27 15:00:00,Chamoli-Gauge-1,1,1,0.9996567510375003,1,EXTREME
2024-03-27 15:00:00,Kolkata-Gauge-1,2,1,0.9996496263413216,1,EXTREME
2024-03-27 15:00:00,Guwahati-Gauge-1,3,0,0.0020089716950563107,0,LOW
2024-03-27 15:00:00,Sonapur-Gauge-1,4,0,0.0020089716950563107,0,LOW
2024-03-27 16:00:00,Chamoli-Gauge-1,1,1,0.9996600608077871,1,EXTREME
2024-03-27 16:00:00,Kolkata-Gauge-1,2,1,0.9996440668443511,1,EXTREME
2024-03-27 16:00:00,Guwahati-Gauge-1,3,0,0.0020089716950563107,0,LOW
2024-03-27 16:00:00,Sonapur-Gauge-1,4,0,0.0020089716950563107,0,LOW
2024-03-27 17:00:00,Chamoli-Gauge-1,1,1,0.9996593819133869,1,EXTREME
2024-03-27 17:00:00,Kolkata-Gauge-1,2,1,0.9996582182586544,1,EXTREME
2024-03-27 17:00:00,Guwahati-Gauge-1,3,0,0.0020089716950563107,0,LOW
2024-03-27 17:00:00,Sonapur-Gauge-1,4,0,0.0020089716950563107,0,LOW
2024-03-27 18:00:00,Chamoli-Gauge-1,1,1,0.9996565363397221,1,EXTREME
2024-03-27 18:00:00,Kolkata-Gauge-1,2,1,0.9996553635785566,1,EXTREME
2024-03-27 18:00:00,Guwahati-Gauge-1,3,0,0.0020089716950563107,0,LOW
2024-03-27 18:00:00,Sonapur-Gauge-1,4,0,0.0020089716950563107,0,LOW
2024-03-27 19:00:00,Chamoli-Gauge-1,1,1,0.9996430173332924,1,EXTREME
2024-03-27 19:00:00,Kolkata-Gauge-1,2,1,0.9996576944516444,1,EXTREME
2024-03-27 19:00:00,Guwahati-Gauge-1,3,0,0.0020089716950563107,0,LOW
2024-03-27 19:00:00,Sonapur-Gauge-1,4,0,0.0020089716950563107,0,LOW
2024-03-27 20:00:00,Chamoli-Gauge-1,1,1,0.9996564925212207,1,EXTREME
2024-03-27 20:00:00,Kolkata-Gauge-1,2,1,0.9996600608077871,1,EXTREME
2024-03-27 20:00:00,Guwahati-Gauge-1,3,0,0.0020089716950563107,0,LOW
2024-03-27 20:00:00,Sonapur-Gauge-1,4,0,0.0020089716950563107,0,LOW
2024-03-27 21:00:00,Chamoli-Gauge-1,1,1,0.9996547160089894,1,EXTREME
2024-03-27 21:00:00,Kolkata-Gauge-1,2,1,0.9996600608077871,1,EXTREME
2024-03-27 21:00:00,Guwahati-Gauge-1,3,0,0.0020089716950563107,0,LOW
2024-03-27 21:00:00,Sonapur-Gauge-1,4,0,0.0020089716950563107,0,LOW
2024-03-27 22:00:00,Chamoli-Gauge-1,1,1,0.9996564024776406,1,EXTREME
2024-03-27 22:00:00,Kolkata-Gauge-1,2,1,0.9996600608077871,1,EXTREME
2024-03-27 22:00:00,Guwahati-Gauge-1,3,0,0.0020089716950563107,0,LOW
2024-03-27 22:00:00,Sonapur-Gauge-1,4,0,0.0020089716950563107,0,LOW
2024-03-27 23:00:00,Chamoli-Gauge-1,1,1,0.999657364299295,1,EXTREME
2024-03-27 23:00:00,Kolkata-Gauge-1,2,1,0.9996595023797085,1,EXTREME
2024-03-27 23:00:00,Guwahati-Gauge-1,3,0,0.0020089716950563107,0,LOW
2024-03-27 23:00:00,Sonapur-Gauge-1,4,0,0.0020089716950563107,0,LOW
2024-03-28 00:00:00,Chamoli-Gauge-1,1,1,0.999641808772111,1,EXTREME
2024-03-28 00:00:00,Kolkata-Gauge-1,2,1,0.9996600608077871,1,EXTREME
2024-03-28 00:00:00,Guwahati-Gauge-1,3,0,0.0020089716950563107,0,LOW
2024-03-28 00:00:00,Sonapur-Gauge-1,4,0,0.0020089716950563107,0,LOW
2024-03-28 01:00:00,Chamoli-Gauge-1,1,1,0.9996504585881446,1,EXTREME
2024-03-28 01:00:00,Kolkata-Gauge-1,2,1,0.9996600608077871,1,EXTREME
2024-03-28 01:00:00,Guwahati-Gauge-1,3,0,0.0020089716950563107,0,LOW
2024-03-28 01:00:00,Sonapur-Gauge-1,4,0,0.0020089716950563107,0,LOW
2024-03-28 02:00:00,Chamoli-Gauge-1,1,1,0.9996465600668119,1,EXTREME
2024-03-28 02:00:00,Kolkata-Gauge-1,2,1,0.9996595459265005,1,EXTREME
2024-03-28 02:00:00,Guwahati-Gauge-1,3,0,0.0020089716950563107,0,LOW
2024-03-28 02:00:00,Sonapur-Gauge-1,4,0,0.0020089716950563107,0,LOW
2024-03-28 03:00:00,Chamoli-Gauge-1,1,1,0.9996098599189245,1,EXTREME
2024-03-28 03:00:00,Kolkata-Gauge-1,2,1,0.9996595459265005,1,EXTREME
2024-03-28 03:00:00,Guwahati-Gauge-1,3,0,0.0020089716950563107,0,LOW
2024-03-28 03:00:00,Sonapur-Gauge-1,4,0,0.0020089716950563107,0,LOW
2024-03-28 04:00:00,Chamoli-Gauge-1,1,1,0.9996340796759141,1,EXTREME
2024-03-28 04:00:00,Kolkata-Gauge-1,2,1,0.9996600608077871,1,EXTREME
2024-03-28 04:00:00,Guwahati-Gauge-1,3,0,0.0020089716950563107,0,LOW
2024-03-28 04:00:00,Sonapur-Gauge-1,4,0,0.0020089716950563107,0,LOW
2024-03-28 05:00:00,Chamoli-Gauge-1,1,1,0.9996210142096373,1,EXTREME
2024-03-28 05:00:00,Kolkata-Gauge-1,2,1,0.9996600608077871,1,EXTREME
2024-03-28 05:00:00,Guwahati-Gauge-1,3,0,0.0020089716950563107,0,LOW
2024-03-28 05:00:00,Sonapur-Gauge-1,4,0,0.0020089716950563107,0,LOW
2024-03-28 06:00:00,Chamoli-Gauge-1,1,1,0.9996600608077871,1,EXTREME
2024-03-28 06:00:00,Kolkata-Gauge-1,2,1,0.9996600608077871,1,EXTREME
2024-03-28 06:00:00,Guwahati-Gauge-1,3,0,0.0020089716950563107,0,LOW
2024-03-28 06:00:00,Sonapur-Gauge-1,4,0,0.0020089716950563107,0,LOW
2024-03-28 07:00:00,Chamoli-Gauge-1,1,1,0.999657606468355,1,EXTREME
2024-03-28 07:00:00,Kolkata-Gauge-1,2,1,0.9996600608077871,1,EXTREME
2024-03-28 07:00:00,Guwahati-Gauge-1,3,0,0.0020089716950563107,0,LOW
2024-03-28 07:00:00,Sonapur-Gauge-1,4,0,0.0020089716950563107,0,LOW
2024-03-28 08:00:00,Chamoli-Gauge-1,1,1,0.9996341575865113,1,EXTREME
2024-03-28 08:00:00,Kolkata-Gauge-1,2,1,0.9996600608077871,1,EXTREME
2024-03-28 08:00:00,Guwahati-Gauge-1,3,0,0.0020089716950563107,0,LOW
2024-03-28 08:00:00,Sonapur-Gauge-1,4,0,0.0020089716950563107,0,LOW
2024-03-28 09:00:00,Chamoli-Gauge-1,1,1,0.9996373250503848,1,EXTREME
2024-03-28 09:00:00,Kolkata-Gauge-1,2,1,0.9996600608077871,1,EXTREME
2024-03-28 09:00:00,Guwahati-Gauge-1,3,0,0.0020089716950563107,0,LOW
2024-03-28 09:00:00,Sonapur-Gauge-1,4,0,0.0020089716950563107,0,LOW
2024-03-28 10:00:00,Chamoli-Gauge-1,1,1,0.999592768480869,1,EXTREME
2024-03-28 10:00:00,Kolkata-Gauge-1,2,1,0.9996600608077871,1,EXTREME
2024-03-28 10:00:00,Guwahati-Gauge-1,3,0,0.0020089716950563107,0,LOW
2024-03-28 10:00:00,Sonapur-Gauge-1,4,0,0.0020089716950563107,0,LOW
2024-03-28 11:00:00,Chamoli-Gauge-1,1,1,0.9995645777180366,1,EXTREME
2024-03-28 11:00:00,Kolkata-Gauge-1,2,1,0.9996600608077871,1,EXTREME
2024-03-28 11:00:00,Guwahati-Gauge-1,3,0,0.0020089716950563107,0,LOW
2024-03-28 11:00:00,Sonapur-Gauge-1,4,0,0.0020089716950563107,0,LOW
